epoch,z_bias,z_std_ratio,ks,cond_chi2,panel_median,panel_frac_gt_0.1,panel_null_median,panel_null_frac_gt_0.1,gen_z_le_0,gen_z_ge_1,gen_z_gt_0.99,gen_z_gt_0.999,gen_z_max,g4_z_le_0,g4_z_ge_1,g4_z_gt_0.99,g4_z_gt_0.999,g4_z_max,phys_reg,n_rows
99,-0.019087910652160645,0.9085391163825989,0.133056,408.2925667230249,0.2961699762518316,0.7404063205417607,0.05599227799227797,0.2746425884123401,0.133056,0.0,0.0,0.0,0.745804488658905,0.0,0.0,0.002054,0.0001995,0.9999992847442627,0.17099682986736298,2000000
199,-0.011693984270095825,0.9336676597595215,0.0405915,167.95545676141643,0.19444444444444448,0.6933784800601956,0.05599227799227797,0.2746425884123401,0.040518,0.0,0.0,0.0,0.8360613584518433,0.0,0.0,0.002054,0.0001995,0.9999992847442627,0.13259556889533997,2000000
299,-0.004698395729064941,0.9750593900680542,0.036308,70.95067693199478,0.13160464854838255,0.5974416854778029,0.05599227799227797,0.2746425884123401,0.0363075,0.0,0.0,0.0,0.9295873045921326,0.0,0.0,0.002054,0.0001995,0.9999992847442627,0.0633215680718422,2000000
399,-0.0033590197563171387,1.001451015472412,0.0260735,11.735623175696745,0.08997354497354498,0.4567343867569601,0.05599227799227797,0.2746425884123401,0.0260735,0.0,0.0021265,0.0002215,0.999998152256012,0.0,0.0,0.002054,0.0001995,0.9999992847442627,0.029104378074407578,2000000
499,0.00026789307594299316,1.0008325576782227,0.0153205,5.617451298323189,0.07142857142857142,0.3709556057185854,0.05599227799227797,0.2746425884123401,0.0153205,0.0,0.0015805,0.000136,0.9999943971633911,0.0,0.0,0.002054,0.0001995,0.9999992847442627,0.019340626895427704,2000000
599,0.00015944242477416992,1.0004421472549438,0.0097255,4.37183614083712,0.06418702078201434,0.31753197893152746,0.05599227799227797,0.2746425884123401,0.0097255,0.0,0.0016905,0.000168,0.9999922513961792,0.0,0.0,0.002054,0.0001995,0.9999992847442627,0.01485002227127552,2000000
699,0.00034183263778686523,1.001116394996643,0.009306,3.3661630853620235,0.059873600913472394,0.29683972911963885,0.05599227799227797,0.2746425884123401,0.009306,0.0,0.0028045,0.000312,0.9999992847442627,0.0,0.0,0.002054,0.0001995,0.9999992847442627,0.011994941160082817,2000000
799,0.00018069148063659668,1.0026181936264038,0.0082765,2.6974355282516287,0.05925048271019838,0.30248306997742663,0.05599227799227797,0.2746425884123401,0.008276,0.0,0.0014985,9.95e-05,0.9999966621398926,0.0,0.0,0.002054,0.0001995,0.9999992847442627,0.011023575440049171,2000000
899,0.00023344159126281738,1.0022419691085815,0.0078095,3.058769150306977,0.06060606060606065,0.2942061700526712,0.05599227799227797,0.2746425884123401,0.0078095,0.0,0.002872,0.0003265,0.9999959468841553,0.0,0.0,0.002054,0.0001995,0.9999992847442627,0.012095130048692226,2000000
999,0.00039574503898620605,1.0044916868209839,0.0081185,2.829441863153419,0.062385809107518675,0.2942061700526712,0.05599227799227797,0.2746425884123401,0.0081175,0.0,0.0020575,0.000224,0.999997615814209,0.0,0.0,0.002054,0.0001995,0.9999992847442627,0.011778620071709156,2000000
1099,0.0008386671543121338,1.0029330253601074,0.007553,2.3649298048217675,0.05976527618318668,0.2949586155003762,0.05599227799227797,0.2746425884123401,0.0075525,0.0,0.001813,0.000189,0.999998927116394,0.0,0.0,0.002054,0.0001995,0.9999992847442627,0.011156990192830563,2000000
1199,0.0009435713291168213,1.004186987876892,0.007166,2.294015622852797,0.05954913880445794,0.2908201655379985,0.05599227799227797,0.2746425884123401,0.007166,0.0,0.002187,0.0002465,0.9999913573265076,0.0,0.0,0.002054,0.0001995,0.9999992847442627,0.010763050056993961,2000000
1299,9.891390800476074e-05,1.0031839609146118,0.0048925,2.091566691037277,0.06217415630324769,0.291196388261851,0.05599227799227797,0.2746425884123401,0.0048925,0.0,0.0016605,0.000154,0.9999945163726807,0.0,0.0,0.002054,0.0001995,0.9999992847442627,0.012343359179794788,2000000
1399,0.00010329484939575195,1.0022262334823608,0.005680500000000001,1.8746874248154228,0.06099033816425124,0.28592927012791575,0.05599227799227797,0.2746425884123401,0.0056805,0.0,0.0016245,0.0001545,0.9999984502792358,0.0,0.0,0.002054,0.0001995,0.9999992847442627,0.011283856816589832,2000000
1499,0.00011864304542541504,1.0019837617874146,0.005751,1.6307468375698566,0.059558416389811755,0.29194883370955604,0.05599227799227797,0.2746425884123401,0.005751,0.0,0.001773,0.0001795,0.9999963045120239,0.0,0.0,0.002054,0.0001995,0.9999992847442627,0.010120679624378681,2000000
1599,0.0001977980136871338,0.9997973442077637,0.0060625,1.6657208709628544,0.058355463327093404,0.28893905191873587,0.05599227799227797,0.2746425884123401,0.0060625,0.0,0.0014745,0.000131,0.999997079372406,0.0,0.0,0.002054,0.0001995,0.9999992847442627,0.009708982892334461,2000000
1699,0.0004888474941253662,1.0014704465866089,0.0044405,1.6092259705355196,0.05999999999999996,0.290443942814146,0.05599227799227797,0.2746425884123401,0.0044405,0.0,0.001564,0.000138,0.9999979138374329,0.0,0.0,0.002054,0.0001995,0.9999992847442627,0.009837440215051174,2000000
1799,0.0009236931800842285,1.0020779371261597,0.0063625,2.300403297041521,0.06125575868754039,0.290443942814146,0.05599227799227797,0.2746425884123401,0.0062615,0.0,0.0016125,0.000156,0.9999967813491821,0.0,0.0,0.002054,0.0001995,0.9999992847442627,0.010613799095153809,2000000
1899,-0.00024068355560302734,1.0017318725585938,0.0063735,1.9168606358894338,0.06039002152716224,0.2964635063957863,0.05599227799227797,0.2746425884123401,0.0063735,0.0,0.001645,0.0001655,0.9999916553497314,0.0,0.0,0.002054,0.0001995,0.9999992847442627,0.010476350784301758,2000000
1999,-0.0012586712837219238,0.9936079382896423,0.0049605,1.7888160002437437,0.05938333559383332,0.2866817155756208,0.05599227799227797,0.2746425884123401,0.0049605,0.0,0.0014405,0.00014,0.9999958276748657,0.0,0.0,0.002054,0.0001995,0.9999992847442627,0.011301075108349323,2000000
2099,-0.0003215670585632324,0.998509407043457,0.0046715,1.557279543757487,0.058451548451548416,0.27727614747930773,0.05599227799227797,0.2746425884123401,0.0046715,0.0,0.001489,0.0001475,0.9999895691871643,0.0,0.0,0.002054,0.0001995,0.9999992847442627,0.010383383370935917,2000000
2199,0.0007567107677459717,1.0028862953186035,0.003948,2.0504479090049768,0.05714285714285717,0.2836719337848006,0.05599227799227797,0.2746425884123401,0.003948,0.0,0.0030985,0.0003435,0.9999980926513672,0.0,0.0,0.002054,0.0001995,0.9999992847442627,0.01085189264267683,2000000
2299,0.00033608078956604004,1.006512999534607,0.005605,1.803071982670019,0.05882352941176465,0.29157261098570353,0.05599227799227797,0.2746425884123401,0.005605,0.0,0.0026115,0.000274,0.9999984502792358,0.0,0.0,0.002054,0.0001995,0.9999992847442627,0.00979418121278286,2000000
2399,-0.0009059309959411621,1.000533103942871,0.0050765,1.5079221389515436,0.05989403681117035,0.28818660647103084,0.05599227799227797,0.2746425884123401,0.0050765,5e-07,0.002159,0.0002385,1.0,0.0,0.0,0.002054,0.0001995,0.9999992847442627,0.009684600867331028,2000000
2499,0.0005806088447570801,0.9991046190261841,0.003694,1.4766117593370982,0.056924126430682905,0.27125658389766744,0.05599227799227797,0.2746425884123401,0.003694,0.0,0.001477,0.000138,0.999998927116394,0.0,0.0,0.002054,0.0001995,0.9999992847442627,0.009070885367691517,2000000
2599,9.733438491821289e-05,1.0006786584854126,0.004999,1.4944411447579848,0.05902848944455832,0.28893905191873587,0.05599227799227797,0.2746425884123401,0.004999,0.0,0.002518,0.00026,0.9999994039535522,0.0,0.0,0.002054,0.0001995,0.9999992847442627,0.010136013850569725,2000000
2699,5.370378494262695e-05,1.0000598430633545,0.004343,1.9829005646258273,0.05939047029702973,0.28555304740406323,0.05599227799227797,0.2746425884123401,0.004343,0.0,0.0031965,0.0003285,0.9999978542327881,0.0,0.0,0.002054,0.0001995,0.9999992847442627,0.009402134455740452,2000000
2799,-9.351968765258789e-05,0.9971141219139099,0.0037645,1.7076360213294086,0.058070610922438204,0.28555304740406323,0.05599227799227797,0.2746425884123401,0.0037645,0.0,0.001404,0.0001435,0.9999985098838806,0.0,0.0,0.002054,0.0001995,0.9999992847442627,0.010311703197658062,2000000
2899,4.839897155761719e-05,0.9992154240608215,0.0033215,1.928320767241637,0.05714285714285705,0.28291948833709557,0.05599227799227797,0.2746425884123401,0.0033215,0.0,0.0031635,0.000314,0.9999942779541016,0.0,0.0,0.002054,0.0001995,0.9999992847442627,0.009237612597644329,2000000
2999,1.0788440704345703e-05,1.0011152029037476,0.0033645,1.9429149771965268,0.058417859512750046,0.2874341610233258,0.05599227799227797,0.2746425884123401,0.0033645,0.0,0.002908,0.000302,0.9999991655349731,0.0,0.0,0.002054,0.0001995,0.9999992847442627,0.01000202540308237,2000000
3099,-0.0008500814437866211,0.9994742274284363,0.0030645000000000255,1.6303725606379225,0.05724548281800183,0.2757712565838977,0.05599227799227797,0.2746425884123401,0.003061,0.0,0.002284,0.0002525,0.9999995231628418,0.0,0.0,0.002054,0.0001995,0.9999992847442627,0.009905477985739708,2000000
3199,-4.172325134277344e-07,1.000617265701294,0.0030525,1.6304974495497235,0.05616192153875452,0.2735139202407825,0.05599227799227797,0.2746425884123401,0.0030525,0.0,0.0022935,0.0002535,0.9999870657920837,0.0,0.0,0.002054,0.0001995,0.9999992847442627,0.00962293241173029,2000000
3299,0.0005893707275390625,1.0003583431243896,0.00429,1.7031578097656763,0.059445492003631584,0.290443942814146,0.05599227799227797,0.2746425884123401,0.003136,0.0,0.001792,0.0001885,0.9999996423721313,0.0,0.0,0.002054,0.0001995,0.9999992847442627,0.009731640107929707,2000000
3399,0.0008606612682342529,1.0015203952789307,0.0032315,1.449217577025104,0.05714285714285699,0.2840481565086531,0.05599227799227797,0.2746425884123401,0.0032315,0.0,0.0020835,0.000208,0.9999997615814209,0.0,0.0,0.002054,0.0001995,0.9999992847442627,0.00947529636323452,2000000
3499,0.0008116364479064941,1.001199722290039,0.003378,1.861432241562303,0.06182671145604072,0.2987208427389014,0.05599227799227797,0.2746425884123401,0.003378,0.0,0.0020295,0.0002125,0.9999955892562866,0.0,0.0,0.002054,0.0001995,0.9999992847442627,0.00997086614370346,2000000
3599,0.0002256929874420166,1.0016793012619019,0.003917,1.5594273324659478,0.056708724419141356,0.27501881113619264,0.05599227799227797,0.2746425884123401,0.0039165,0.0,0.003049,0.0003195,0.9999957084655762,0.0,0.0,0.002054,0.0001995,0.9999992847442627,0.009099717251956463,2000000
3699,-0.0006456971168518066,1.0004433393478394,0.0037805,1.285429155439773,0.0562589017249564,0.2761474793077502,0.05599227799227797,0.2746425884123401,0.0037805,0.0,0.0013695,0.000131,0.999997615814209,0.0,0.0,0.002054,0.0001995,0.9999992847442627,0.009248943068087101,2000000
3799,0.00046437978744506836,1.001474380493164,0.003918,1.4380065905745745,0.05797101449275366,0.27200902934537247,0.05599227799227797,0.2746425884123401,0.003918,0.0,0.001162,4.9e-05,0.9999790191650391,0.0,0.0,0.002054,0.0001995,0.9999992847442627,0.009526282548904419,2000000
3899,-0.0006337761878967285,1.000767469406128,0.004858,1.8329996040478487,0.05714285714285704,0.2761474793077502,0.05599227799227797,0.2746425884123401,0.004858,0.0,0.000898,6e-06,0.9999655485153198,0.0,0.0,0.002054,0.0001995,0.9999992847442627,0.009372900240123272,2000000
3999,0.00038549304008483887,1.000616192817688,0.0034265,1.2617473818843452,0.05677788523533203,0.27765237020316025,0.05599227799227797,0.2746425884123401,0.0034265,0.0,0.002468,0.0002545,0.9999995231628418,0.0,0.0,0.002054,0.0001995,0.9999992847442627,0.009119415655732155,2000000
4099,0.0005807280540466309,1.0008190870285034,0.003859,1.4305306058909117,0.057004502591113726,0.27389014296463504,0.05599227799227797,0.2746425884123401,0.003859,0.0,0.001029,3.35e-05,0.9999994039535522,0.0,0.0,0.002054,0.0001995,0.9999992847442627,0.008795492351055145,2000000
4199,-0.00023624300956726074,0.999772310256958,0.0042855,1.4855277233230124,0.05609860766736599,0.2746425884123401,0.05599227799227797,0.2746425884123401,0.0042855,0.0,0.000956,1.65e-05,0.9999997615814209,0.0,0.0,0.002054,0.0001995,0.9999992847442627,0.009201613254845142,2000000
4299,-0.00023758411407470703,1.0013819932937622,0.0041455,1.1873993120978723,0.056724360447642466,0.2659894657637321,0.05599227799227797,0.2746425884123401,0.0041455,0.0,0.0016545,0.0001735,0.999999463558197,0.0,0.0,0.002054,0.0001995,0.9999992847442627,0.008803020231425762,2000000
4399,0.00026801228523254395,1.00209641456604,0.0043655,1.3361552401957304,0.057398052566073596,0.26749435665914223,0.05599227799227797,0.2746425884123401,0.0043655,0.0,0.0025915,0.0002825,0.9999958276748657,0.0,0.0,0.002054,0.0001995,0.9999992847442627,0.00919059757143259,2000000
4499,0.000187605619430542,1.0034148693084717,0.005022,1.415754894023065,0.058823529411764705,0.27539503386004516,0.05599227799227797,0.2746425884123401,0.005022,0.0,0.002569,0.0002855,0.9999988079071045,0.0,0.0,0.002054,0.0001995,0.9999992847442627,0.00927682127803564,2000000
4599,0.00010070204734802246,1.0006641149520874,0.0048005,1.4693966315376674,0.05772153378536367,0.28103837471783294,0.05599227799227797,0.2746425884123401,0.0048005,0.0,0.000967,0.0,0.9986987709999084,0.0,0.0,0.002054,0.0001995,0.9999992847442627,0.00903803575783968,2000000
4699,-0.0003649294376373291,1.0000499486923218,0.0051945,1.225144843946504,0.05774788795020007,0.2742663656884876,0.05599227799227797,0.2746425884123401,0.0051945,0.0,0.001792,0.000193,0.9999948740005493,0.0,0.0,0.002054,0.0001995,0.9999992847442627,0.009132912382483482,2000000
4799,-0.0004302859306335449,1.000239372253418,0.004627,1.1313963145093233,0.05714772950310652,0.27163280662151995,0.05599227799227797,0.2746425884123401,0.004627,0.0,0.0019365,0.00022,0.9999980926513672,0.0,0.0,0.002054,0.0001995,0.9999992847442627,0.008904639631509781,2000000
4899,-0.000543445348739624,0.9987808465957642,0.005062,1.3286652592621004,0.057308253715498934,0.27915726109857036,0.05599227799227797,0.2746425884123401,0.005062,0.0,0.001346,8e-05,0.9999967217445374,0.0,0.0,0.002054,0.0001995,0.9999992847442627,0.009355040267109871,2000000
4999,-0.0006612837314605713,1.0001639127731323,0.005514,1.379967604930256,0.05687638592982301,0.272385252069225,0.05599227799227797,0.2746425884123401,0.005514,0.0,0.0016915,0.000181,0.9999977350234985,0.0,0.0,0.002054,0.0001995,0.9999992847442627,0.00937944371253252,2000000
5099,0.0004941821098327637,1.0013737678527832,0.0040985,1.2575635669659464,0.05882352941176473,0.2870579382994733,0.05599227799227797,0.2746425884123401,0.0040985,0.0,0.001695,0.0001755,0.999998927116394,0.0,0.0,0.002054,0.0001995,0.9999992847442627,0.009508740156888962,2000000
5199,0.0001983046531677246,0.9995830059051514,0.003473,1.2516578306879,0.05846334873180514,0.2765237020316027,0.05599227799227797,0.2746425884123401,0.003473,0.0,0.002074,0.0002475,0.9999920129776001,0.0,0.0,0.002054,0.0001995,0.9999992847442627,0.009183108806610107,2000000
5299,-0.0011028945446014404,0.9980789422988892,0.0036065,1.1880346339440369,0.057559873154108196,0.27125658389766744,0.05599227799227797,0.2746425884123401,0.0036045,0.0,0.001882,0.000204,0.9999980926513672,0.0,0.0,0.002054,0.0001995,0.9999992847442627,0.00890413299202919,2000000
5399,0.000362396240234375,1.0008039474487305,0.0039205,1.31577002452421,0.05678472562022861,0.27765237020316025,0.05599227799227797,0.2746425884123401,0.00392,0.0,0.001547,0.0001485,0.9999964237213135,0.0,0.0,0.002054,0.0001995,0.9999992847442627,0.009303262457251549,2000000
5499,-0.0007200539112091064,0.9988288879394531,0.0030125,1.1876680178371812,0.057451848400124225,0.27915726109857036,0.05599227799227797,0.2746425884123401,0.0030125,0.0,0.002289,0.0002585,0.999997615814209,0.0,0.0,0.002054,0.0001995,0.9999992847442627,0.008912019431591034,2000000
5599,0.0002894103527069092,1.0007610321044922,0.004706500000000001,1.4471293711169828,0.055995626792086944,0.2780285929270128,0.05599227799227797,0.2746425884123401,0.0028855,0.0,0.001357,0.000101,0.9999909996986389,0.0,0.0,0.002054,0.0001995,0.9999992847442627,0.009227732196450233,2000000
5699,5.7816505432128906e-05,0.9991140365600586,0.0031645,1.723448864080787,0.05882352941176472,0.29157261098570353,0.05599227799227797,0.2746425884123401,0.0031645,0.0,0.0007745,0.0,0.9976568222045898,0.0,0.0,0.002054,0.0001995,0.9999992847442627,0.00879049301147461,2000000
5799,-0.0005551278591156006,1.0000098943710327,0.0052525,1.9236217614886746,0.05928594892009525,0.3051166290443943,0.05599227799227797,0.2746425884123401,0.0052525,0.0,0.000683,0.0,0.9972689747810364,0.0,0.0,0.002054,0.0001995,0.9999992847442627,0.009517008438706398,2000000
5899,0.0004665553569793701,1.0004944801330566,0.0034645,1.168028609290329,0.05751261060117415,0.26824680210684726,0.05599227799227797,0.2746425884123401,0.0034645,0.0,0.0014835,0.000127,0.9999833106994629,0.0,0.0,0.002054,0.0001995,0.9999992847442627,0.008936331607401371,2000000
5999,0.0006300210952758789,1.0014615058898926,0.003079,1.3686735602555484,0.05765273820829378,0.2757712565838977,0.05599227799227797,0.2746425884123401,0.003079,0.0,0.0021005,0.0002175,0.9999985694885254,0.0,0.0,0.002054,0.0001995,0.9999992847442627,0.009388684295117855,2000000
6099,-0.0002516806125640869,1.0011621713638306,0.004262500000000001,1.4848126531033596,0.058240137642865925,0.2768999247554552,0.05599227799227797,0.2746425884123401,0.0042625,0.0,0.002431,0.000269,0.9999983310699463,0.0,0.0,0.002054,0.0001995,0.9999992847442627,0.009473935700953007,2000000
6199,0.00016820430755615234,1.0004905462265015,0.0034389999999999998,1.5769897126520256,0.05955465087589442,0.2836719337848006,0.05599227799227797,0.2746425884123401,0.003438,0.0,0.0008725,2.5e-06,0.9991217851638794,0.0,0.0,0.002054,0.0001995,0.9999992847442627,0.008987815119326115,2000000
6299,-4.628300666809082e-05,1.000726342201233,0.0026695,1.4645092290190702,0.05752262301656938,0.28291948833709557,0.05599227799227797,0.2746425884123401,0.002669,0.0,0.002951,0.0003115,0.9999988675117493,0.0,0.0,0.002054,0.0001995,0.9999992847442627,0.009240378625690937,2000000
6399,0.0009459257125854492,1.0014034509658813,0.003091,1.2457689793236648,0.05743320392783738,0.2697516930022573,0.05599227799227797,0.2746425884123401,0.0030905,0.0,0.0018815,0.0002105,0.9999935626983643,0.0,0.0,0.002054,0.0001995,0.9999992847442627,0.00918206013739109,2000000
6499,0.0009402632713317871,1.0001230239868164,0.003470000000000001,1.39098931890676,0.05839416058394164,0.28856282919488335,0.05599227799227797,0.2746425884123401,0.0027325,0.0,0.0014675,0.000133,0.9999998807907104,0.0,0.0,0.002054,0.0001995,0.9999992847442627,0.009265142492949963,2000000
6599,-0.0008529424667358398,0.9954136610031128,0.0030095,3.0525157813301003,0.05805011520737326,0.28216704288939054,0.05599227799227797,0.2746425884123401,0.0030095,0.0,0.000261,0.0,0.9959372282028198,0.0,0.0,0.002054,0.0001995,0.9999992847442627,0.009337887167930603,2000000
6699,0.0002459287643432617,0.9977947473526001,0.0030425,2.0236942666051356,0.06097560975609759,0.2938299473288187,0.05599227799227797,0.2746425884123401,0.002038,0.0,0.000714,0.0,0.9989790916442871,0.0,0.0,0.002054,0.0001995,0.9999992847442627,0.009263520129024982,2000000
6799,-0.00020009279251098633,0.9992188811302185,0.004710499999999999,1.7675025962981281,0.05948218448218444,0.2840481565086531,0.05599227799227797,0.2746425884123401,0.00207,0.0,0.000918,2.55e-05,0.9999710321426392,0.0,0.0,0.002054,0.0001995,0.9999992847442627,0.009523685090243816,2000000
6899,0.00035858154296875,1.0001691579818726,0.003293,2.5969778543543005,0.060402684563758406,0.3058690744920993,0.05599227799227797,0.2746425884123401,0.003293,0.0,0.0005315,0.0,0.9983679056167603,0.0,0.0,0.002054,0.0001995,0.9999992847442627,0.009845195338129997,2000000
6999,0.00015941262245178223,1.0029480457305908,0.005225,1.8234176730796656,0.058349546044098574,0.27727614747930773,0.05599227799227797,0.2746425884123401,0.0052245,0.0,0.001136,7.05e-05,0.9999969005584717,0.0,0.0,0.002054,0.0001995,0.9999992847442627,0.009365365840494633,2000000
7099,-0.00013428926467895508,1.0015079975128174,0.003613,1.2694037277078387,0.057291666666666644,0.27200902934537247,0.05599227799227797,0.2746425884123401,0.0036125,0.0,0.001945,0.000177,0.9999984502792358,0.0,0.0,0.002054,0.0001995,0.9999992847442627,0.00891039241105318,2000000
7199,1.704692840576172e-05,1.0003602504730225,0.00334,1.2939041385116457,0.05630200641187273,0.2659894657637321,0.05599227799227797,0.2746425884123401,0.00334,0.0,0.0020625,0.000199,0.9999996423721313,0.0,0.0,0.002054,0.0001995,0.9999992847442627,0.009054673835635185,2000000
7299,0.00012555718421936035,0.99974524974823,0.0029295,1.4619353317581247,0.05690650023551577,0.2840481565086531,0.05599227799227797,0.2746425884123401,0.0029295,0.0,0.0010915,8.75e-05,0.9999994039535522,0.0,0.0,0.002054,0.0001995,0.9999992847442627,0.009117372334003448,2000000
7399,-6.48796558380127e-05,0.999706506729126,0.002678,1.274445466883999,0.05587584247389979,0.27012791572610984,0.05599227799227797,0.2746425884123401,0.002678,0.0,0.0013535,0.0001325,0.9999997615814209,0.0,0.0,0.002054,0.0001995,0.9999992847442627,0.008880925364792347,2000000
7499,-7.230043411254883e-05,1.000470519065857,0.0058375,1.205727832607807,0.058170296542389546,0.2870579382994733,0.05599227799227797,0.2746425884123401,0.0058365,0.0,0.001558,0.000151,0.9999982118606567,0.0,0.0,0.002054,0.0001995,0.9999992847442627,0.008980197831988335,2000000
7599,-0.0006892681121826172,0.9995446801185608,0.004008500000000005,1.3060091679448285,0.05882352941176474,0.2761474793077502,0.05599227799227797,0.2746425884123401,0.00349,0.0,0.001831,0.000165,0.9999960660934448,0.0,0.0,0.002054,0.0001995,0.9999992847442627,0.009449774399399757,2000000
7699,-0.0003949403762817383,1.0010483264923096,0.0053145,1.278078823114513,0.05763200312606845,0.2795334838224229,0.05599227799227797,0.2746425884123401,0.0053145,0.0,0.001408,0.0001325,0.9999972581863403,0.0,0.0,0.002054,0.0001995,0.9999992847442627,0.0090715903788805,2000000
7799,-0.000802457332611084,1.0014777183532715,0.00480549999999999,1.5848791679219694,0.05677644710578835,0.27501881113619264,0.05599227799227797,0.2746425884123401,0.003656,0.0,0.0025885,0.0002635,0.9999959468841553,0.0,0.0,0.002054,0.0001995,0.9999992847442627,0.00945116113871336,2000000
7899,-0.0003056824207305908,1.0005228519439697,0.003318,1.9163422010528055,0.05922611623846347,0.2832957110609481,0.05599227799227797,0.2746425884123401,0.003318,5e-07,0.003231,0.0003475,1.0,0.0,0.0,0.002054,0.0001995,0.9999992847442627,0.009438405744731426,2000000
7999,-0.0005851387977600098,0.9993230700492859,0.0037365,1.8785522861178736,0.05812316715542524,0.28969149736644095,0.05599227799227797,0.2746425884123401,0.0037365,0.0,0.003192,0.0003425,0.9999997615814209,0.0,0.0,0.002054,0.0001995,0.9999992847442627,0.009336002171039581,2000000
8099,-0.001129448413848877,0.9999681115150452,0.004274,1.3659641392462913,0.05797101449275362,0.2802859292701279,0.05599227799227797,0.2746425884123401,0.004274,0.0,0.001508,0.000147,0.999998927116394,0.0,0.0,0.002054,0.0001995,0.9999992847442627,0.00946707185357809,2000000
8199,0.000253826379776001,0.9988111853599548,0.0039355,1.3399311711997646,0.05832697219002393,0.2765237020316027,0.05599227799227797,0.2746425884123401,0.0039355,0.0,0.0012445,0.0001145,0.9999927282333374,0.0,0.0,0.002054,0.0001995,0.9999992847442627,0.00917053408920765,2000000
8299,-0.00032395124435424805,0.9989464282989502,0.0037655,1.5662410902293735,0.0591057574520212,0.2727614747930775,0.05599227799227797,0.2746425884123401,0.0037655,0.0,0.002296,0.000251,0.9999994039535522,0.0,0.0,0.002054,0.0001995,0.9999992847442627,0.009821676649153233,2000000
8399,0.0007183849811553955,0.9981002807617188,0.00418,1.338809698970902,0.05876399142653005,0.28254326561324306,0.05599227799227797,0.2746425884123401,0.0041795,0.0,0.001632,0.0001645,0.9999946355819702,0.0,0.0,0.002054,0.0001995,0.9999992847442627,0.009608161635696888,2000000
8499,-0.0003362596035003662,1.0004254579544067,0.003494,1.8494190807697115,0.057874396135265696,0.2780285929270128,0.05599227799227797,0.2746425884123401,0.003494,0.0,0.0032015,0.0003365,0.9999994039535522,0.0,0.0,0.002054,0.0001995,0.9999992847442627,0.00920118112117052,2000000
8599,0.0013963282108306885,1.0036284923553467,0.005046499999999999,2.081869009799917,0.05968029172320222,0.27878103837471785,0.05599227799227797,0.2746425884123401,0.0029205,0.0,0.003329,0.0003425,0.9999959468841553,0.0,0.0,0.002054,0.0001995,0.9999992847442627,0.00901874527335167,2000000
8699,-0.0006576776504516602,0.9998088479042053,0.004185,1.383504613319668,0.057266539375300636,0.28254326561324306,0.05599227799227797,0.2746425884123401,0.0041845,0.0,0.0022955,0.000231,0.9999978542327881,0.0,0.0,0.002054,0.0001995,0.9999992847442627,0.009397911839187145,2000000
8799,0.0002460181713104248,1.0029484033584595,0.006209,2.203651420708985,0.0602544104991394,0.28630549285176826,0.05599227799227797,0.2746425884123401,0.0062085,0.0,0.003398,0.0003485,0.9999996423721313,0.0,0.0,0.002054,0.0001995,0.9999992847442627,0.009515589103102684,2000000
8899,-0.0009133517742156982,0.998729407787323,0.003369,1.405857583432797,0.05785084783578757,0.2622272385252069,0.05599227799227797,0.2746425884123401,0.003369,0.0,0.00184,0.000169,0.9999978542327881,0.0,0.0,0.002054,0.0001995,0.9999992847442627,0.009576807729899883,2000000
8999,-0.0005438923835754395,0.9993858933448792,0.0049915,1.4352129762451924,0.058657722348198604,0.2697516930022573,0.05599227799227797,0.2746425884123401,0.0049905,0.0,0.0027825,0.0002975,0.999998927116394,0.0,0.0,0.002054,0.0001995,0.9999992847442627,0.009091628715395927,2000000
9099,-0.00038817524909973145,1.0003694295883179,0.0047055,1.4883750311124373,0.056544413305714594,0.27915726109857036,0.05599227799227797,0.2746425884123401,0.0047055,0.0,0.002838,0.000321,0.9999988079071045,0.0,0.0,0.002054,0.0001995,0.9999992847442627,0.009077571332454681,2000000
9199,-7.587671279907227e-05,1.002462387084961,0.004096499999999998,1.6111603611382925,0.058536740132831354,0.28630549285176826,0.05599227799227797,0.2746425884123401,0.0038,5e-07,0.0027485,0.000291,1.0,0.0,0.0,0.002054,0.0001995,0.9999992847442627,0.00925085786730051,2000000
9299,-0.001311570405960083,0.998399555683136,0.004415,1.2603010908871153,0.05866636011481757,0.28517682468021066,0.05599227799227797,0.2746425884123401,0.004415,0.0,0.0017305,0.000171,0.9999991059303284,0.0,0.0,0.002054,0.0001995,0.9999992847442627,0.009934092871844769,2000000
9399,-0.00017020106315612793,1.0017962455749512,0.0046945,1.3731392226994625,0.05809763092111114,0.27313769751693,0.05599227799227797,0.2746425884123401,0.004694,0.0,0.0017205,0.0001695,0.9999995231628418,0.0,0.0,0.002054,0.0001995,0.9999992847442627,0.009466334246098995,2000000
9499,-0.00048109889030456543,1.0037267208099365,0.0040925,2.557431684808486,0.058902381327866286,0.28254326561324306,0.05599227799227797,0.2746425884123401,0.0040925,0.0,0.0036655,0.000385,0.9999971389770508,0.0,0.0,0.002054,0.0001995,0.9999992847442627,0.009128616191446781,2000000
9599,-0.00026351213455200195,0.9981982111930847,0.0024455000000000015,1.1720417357952408,0.05683406760992971,0.27125658389766744,0.05599227799227797,0.2746425884123401,0.0023855,0.0,0.0018655,0.0001875,0.9999995231628418,0.0,0.0,0.002054,0.0001995,0.9999992847442627,0.009594974108040333,2000000
9699,-0.00037351250648498535,0.9991399049758911,0.0035585,1.3003154450179204,0.055883271452860914,0.2768999247554552,0.05599227799227797,0.2746425884123401,0.0035585,0.0,0.0014115,0.000134,0.9999891519546509,0.0,0.0,0.002054,0.0001995,0.9999992847442627,0.009076308459043503,2000000
9799,-0.0017615854740142822,0.9969897270202637,0.003735,1.3024901647368257,0.05671930979015857,0.2735139202407825,0.05599227799227797,0.2746425884123401,0.0037345,0.0,0.0015475,0.0001565,0.9999991655349731,0.0,0.0,0.002054,0.0001995,0.9999992847442627,0.009235546924173832,2000000
9899,-0.0003027021884918213,1.0001369714736938,0.004502499999999998,1.2925895345472247,0.05636450280631154,0.27313769751693,0.05599227799227797,0.2746425884123401,0.002852,0.0,0.0017525,0.0001715,0.9999985694885254,0.0,0.0,0.002054,0.0001995,0.9999992847442627,0.008811036124825478,2000000
9999,0.0010707974433898926,1.003156065940857,0.0032785,1.29997077840214,0.05702089925931073,0.26486079759217457,0.05599227799227797,0.2746425884123401,0.003278,0.0,0.0026695,0.000276,0.9999998807907104,0.0,0.0,0.002054,0.0001995,0.9999992847442627,0.009116989560425282,2000000
10099,-0.0006535649299621582,0.9997098445892334,0.003272,1.1386047647353823,0.05734216632938781,0.27915726109857036,0.05599227799227797,0.2746425884123401,0.003272,0.0,0.0019775,0.0001955,0.9999998807907104,0.0,0.0,0.002054,0.0001995,0.9999992847442627,0.00902357418090105,2000000
10199,-5.549192428588867e-05,1.0029809474945068,0.003469,1.3818825518418083,0.057142857142857134,0.2727614747930775,0.05599227799227797,0.2746425884123401,0.003469,0.0,0.0018015,0.0001755,0.9999947547912598,0.0,0.0,0.002054,0.0001995,0.9999992847442627,0.009271943010389805,2000000
10299,0.0002897679805755615,1.0009433031082153,0.00372,1.229342705824033,0.056202337439646255,0.2659894657637321,0.05599227799227797,0.2746425884123401,0.00372,0.0,0.0019635,0.0002015,0.999997615814209,0.0,0.0,0.002054,0.0001995,0.9999992847442627,0.008860895410180092,2000000
10399,-0.0005949139595031738,0.9998816251754761,0.0038335,1.3806852222831771,0.0580068247321769,0.28592927012791575,0.05599227799227797,0.2746425884123401,0.0038335,0.0,0.0018775,0.000202,0.9999996423721313,0.0,0.0,0.002054,0.0001995,0.9999992847442627,0.009122457355260849,2000000
10499,0.0012111961841583252,1.0015565156936646,0.0028535,1.6063390620176101,0.059151422054647865,0.27727614747930773,0.05599227799227797,0.2746425884123401,0.0028535,0.0,0.002392,0.0002595,0.9999990463256836,0.0,0.0,0.002054,0.0001995,0.9999992847442627,0.010285056196153164,2000000
10599,-0.0005376636981964111,0.9996265172958374,0.0036875,1.5802428753255675,0.05574644572920689,0.27313769751693,0.05599227799227797,0.2746425884123401,0.0036875,0.0,0.002155,0.0002505,0.9999992847442627,0.0,0.0,0.002054,0.0001995,0.9999992847442627,0.009738942608237267,2000000
10699,0.0003434419631958008,0.9996338486671448,0.0029875,1.4456675263890544,0.06034482758620696,0.28254326561324306,0.05599227799227797,0.2746425884123401,0.0029875,0.0,0.0027805,0.000296,0.9999994039535522,0.0,0.0,0.002054,0.0001995,0.9999992847442627,0.009059996344149113,2000000
10799,0.0001354515552520752,0.9995283484458923,0.002904500000000001,1.1770424369308699,0.05736235971561193,0.27840481565086533,0.05599227799227797,0.2746425884123401,0.002863,0.0,0.001892,0.0001885,0.999999463558197,0.0,0.0,0.002054,0.0001995,0.9999992847442627,0.009064284153282642,2000000
10899,-0.00015142560005187988,0.9999139904975891,0.00303,1.1949904747696227,0.05882352941176478,0.26824680210684726,0.05599227799227797,0.2746425884123401,0.0030295,0.0,0.0016765,0.0001745,0.9999979734420776,0.0,0.0,0.002054,0.0001995,0.9999992847442627,0.009021777659654617,2000000
10999,-0.0003082454204559326,1.0005908012390137,0.003229,1.21257813720586,0.058777465567276206,0.2671181339352897,0.05599227799227797,0.2746425884123401,0.003229,0.0,0.0016875,0.0001775,0.9999995231628418,0.0,0.0,0.002054,0.0001995,0.9999992847442627,0.008964909240603447,2000000
11099,0.00040987133979797363,1.0012719631195068,0.002767,1.2629943143611708,0.058441558441558454,0.26636568848758463,0.05599227799227797,0.2746425884123401,0.0027665,0.0,0.001479,0.000148,0.9999967813491821,0.0,0.0,0.002054,0.0001995,0.9999992847442627,0.009160181507468224,2000000
11199,0.00037479400634765625,1.0000289678573608,0.002834,1.3597947568912667,0.0597014925373134,0.27765237020316025,0.05599227799227797,0.2746425884123401,0.002834,0.0,0.0012325,0.000112,0.9999990463256836,0.0,0.0,0.002054,0.0001995,0.9999992847442627,0.009043073281645775,2000000
11299,-0.0007860362529754639,0.9980948567390442,0.0033855,1.1915393148372482,0.05699880041985303,0.26749435665914223,0.05599227799227797,0.2746425884123401,0.0033855,0.0,0.00182,0.0001795,0.9999992847442627,0.0,0.0,0.002054,0.0001995,0.9999992847442627,0.009024498984217644,2000000
11399,-0.0004699230194091797,1.0003324747085571,0.0036575,1.3881129225588449,0.057142857142857044,0.2656132430398796,0.05599227799227797,0.2746425884123401,0.0036575,0.0,0.001285,0.0001155,0.9999957084655762,0.0,0.0,0.002054,0.0001995,0.9999992847442627,0.009070120751857758,2000000
11499,0.00031319260597229004,1.0005816221237183,0.0026955,1.4244773624406315,0.05787298825576334,0.2689992475545523,0.05599227799227797,0.2746425884123401,0.0026955,0.0,0.001108,8.5e-05,0.9999971985816956,0.0,0.0,0.002054,0.0001995,0.9999992847442627,0.008746008388698101,2000000
11599,0.0006341934204101562,1.0010995864868164,0.002549,1.2296701358575595,0.05598769373657632,0.27313769751693,0.05599227799227797,0.2746425884123401,0.002549,0.0,0.001422,0.0001385,0.9999938011169434,0.0,0.0,0.002054,0.0001995,0.9999992847442627,0.008963248692452908,2000000
11699,-1.1920928955078125e-07,0.9997158050537109,0.002715,1.1587918128856485,0.0565171388073706,0.26109857035364936,0.05599227799227797,0.2746425884123401,0.002715,0.0,0.0016265,0.000161,0.9999967217445374,0.0,0.0,0.002054,0.0001995,0.9999992847442627,0.008907675743103027,2000000
11799,4.887580871582031e-06,1.001699686050415,0.003519,1.2131807628384113,0.055879004716214015,0.26410835214446954,0.05599227799227797,0.2746425884123401,0.003519,0.0,0.002011,0.0002095,0.9999974966049194,0.0,0.0,0.002054,0.0001995,0.9999992847442627,0.008695495314896107,2000000
11899,-4.589557647705078e-05,0.9996485114097595,0.0026915,1.445665886160882,0.05668804695006362,0.2799097065462754,0.05599227799227797,0.2746425884123401,0.0026915,0.0,0.001072,7.25e-05,0.9999898672103882,0.0,0.0,0.002054,0.0001995,0.9999992847442627,0.008758957497775555,2000000
11999,-0.00025770068168640137,1.0004210472106934,0.002763,1.205218481179226,0.05656453391935466,0.2659894657637321,0.05599227799227797,0.2746425884123401,0.002763,0.0,0.001567,0.0001525,0.9999959468841553,0.0,0.0,0.002054,0.0001995,0.9999992847442627,0.008961630053818226,2000000
12099,0.0004955530166625977,0.9986298680305481,0.0025040000000000617,1.2671228302109705,0.05850780759328599,0.2870579382994733,0.05599227799227797,0.2746425884123401,0.0024925,0.0,0.001355,0.0001245,0.9999992847442627,0.0,0.0,0.002054,0.0001995,0.9999992847442627,0.00866556353867054,2000000
12199,-2.1457672119140625e-06,0.9989649653434753,0.0026915,1.1651106529929902,0.058533985947738246,0.26674191121143714,0.05599227799227797,0.2746425884123401,0.0026915,0.0,0.0017195,0.000171,0.9999973773956299,0.0,0.0,0.002054,0.0001995,0.9999992847442627,0.009004645980894566,2000000
12299,-0.000969618558883667,0.998409628868103,0.0029119999999999997,1.189329364108765,0.058087624584717584,0.27915726109857036,0.05599227799227797,0.2746425884123401,0.0026455,0.0,0.001716,0.0001675,0.9999980926513672,0.0,0.0,0.002054,0.0001995,0.9999992847442627,0.008929247967898846,2000000
12399,-0.00038483738899230957,0.9976903200149536,0.002569,1.136950786432076,0.05819598103409348,0.28103837471783294,0.05599227799227797,0.2746425884123401,0.002569,0.0,0.0018785,0.00017,0.9999997615814209,0.0,0.0,0.002054,0.0001995,0.9999992847442627,0.00857357494533062,2000000
12499,0.00044995546340942383,1.0002471208572388,0.0022855,1.1194430688222277,0.057515055557126285,0.27501881113619264,0.05599227799227797,0.2746425884123401,0.0022855,0.0,0.0018485,0.000165,0.9999994039535522,0.0,0.0,0.002054,0.0001995,0.9999992847442627,0.008855356834828854,2000000
12599,-0.0007547438144683838,0.9978949427604675,0.0024775,1.1408919633986816,0.058007066118681956,0.2806621519939804,0.05599227799227797,0.2746425884123401,0.0024775,0.0,0.0019255,0.0001685,0.9999954700469971,0.0,0.0,0.002054,0.0001995,0.9999992847442627,0.008782335557043552,2000000
12699,-2.7298927307128906e-05,1.000015377998352,0.0023855,1.1347865173239595,0.06060606060606065,0.2780285929270128,0.05599227799227797,0.2746425884123401,0.0023855,0.0,0.002086,0.0002115,0.999997615814209,0.0,0.0,0.002054,0.0001995,0.9999992847442627,0.008908308111131191,2000000
12799,-0.00018006563186645508,0.9997853636741638,0.002828,1.185534216488358,0.05823224269826208,0.28442437923250563,0.05599227799227797,0.2746425884123401,0.002828,0.0,0.0018965,0.000177,0.999998927116394,0.0,0.0,0.002054,0.0001995,0.9999992847442627,0.008739118464291096,2000000
12899,-0.0005368292331695557,1.0001999139785767,0.002299,1.166354309086262,0.05879810869896793,0.26787057938299474,0.05599227799227797,0.2746425884123401,0.0022985,0.0,0.0021735,0.000213,0.9999980926513672,0.0,0.0,0.002054,0.0001995,0.9999992847442627,0.009065331891179085,2000000
12999,-0.0003745555877685547,0.9998476505279541,0.002594,1.2388924560604806,0.05943604199418154,0.2727614747930775,0.05599227799227797,0.2746425884123401,0.0025935,0.0,0.0023935,0.000257,0.9999946355819702,0.0,0.0,0.002054,0.0001995,0.9999992847442627,0.008915610611438751,2000000
13099,0.0005376935005187988,1.0005463361740112,0.0028924999999999992,1.2363498545036957,0.058957219251336956,0.2780285929270128,0.05599227799227797,0.2746425884123401,0.0021105,0.0,0.0023575,0.000248,0.9999998211860657,0.0,0.0,0.002054,0.0001995,0.9999992847442627,0.008744822815060616,2000000
13199,-0.0002707540988922119,0.9990406632423401,0.002297,1.4890093312752348,0.05866182746916685,0.28216704288939054,0.05599227799227797,0.2746425884123401,0.002297,0.0,0.002826,0.0002955,0.9999990463256836,0.0,0.0,0.002054,0.0001995,0.9999992847442627,0.008846281096339226,2000000
13299,7.75456428527832e-05,0.9996532797813416,0.00268,1.1633988438612726,0.05854766253640715,0.27313769751693,0.05599227799227797,0.2746425884123401,0.00268,0.0,0.0017285,0.0001885,0.9999877214431763,0.0,0.0,0.002054,0.0001995,0.9999992847442627,0.009041563607752323,2000000
13399,-0.0006010830402374268,0.9991781115531921,0.003122,1.1815150831901888,0.05852361183186298,0.26034612490594433,0.05599227799227797,0.2746425884123401,0.003122,0.0,0.001867,0.000179,0.9999969005584717,0.0,0.0,0.002054,0.0001995,0.9999992847442627,0.008994659408926964,2000000
13499,-0.0005061924457550049,0.9983609318733215,0.002394,1.1183734346426342,0.05714285714285721,0.26674191121143714,0.05599227799227797,0.2746425884123401,0.002394,0.0,0.001919,0.000183,0.9999984502792358,0.0,0.0,0.002054,0.0001995,0.9999992847442627,0.008507026359438896,2000000
13599,-0.00022917985916137695,0.9991445541381836,0.003106,1.2716145712512597,0.056901905434015465,0.2727614747930775,0.05599227799227797,0.2746425884123401,0.003105,0.0,0.002278,0.0002385,0.9999983310699463,0.0,0.0,0.002054,0.0001995,0.9999992847442627,0.008838408626616001,2000000
13699,0.0004343688488006592,1.0006685256958008,0.0030235,1.1855508100436616,0.055603864734299596,0.24755455229495862,0.05599227799227797,0.2746425884123401,0.0030235,0.0,0.002163,0.000219,0.9999996423721313,0.0,0.0,0.002054,0.0001995,0.9999992847442627,0.008928857743740082,2000000
13799,-0.0002955198287963867,0.9997191429138184,0.0032945,1.312256319966014,0.05724021107414906,0.2524454477050414,0.05599227799227797,0.2746425884123401,0.0032945,0.0,0.0014145,0.000137,0.9999982118606567,0.0,0.0,0.002054,0.0001995,0.9999992847442627,0.008838907815515995,2000000
13899,-7.256865501403809e-05,0.9994762539863586,0.0035945,1.3525263764584687,0.056910569105691006,0.2693754702784048,0.05599227799227797,0.2746425884123401,0.0035935,0.0,0.001347,0.000128,0.9999996423721313,0.0,0.0,0.002054,0.0001995,0.9999992847442627,0.008677331730723381,2000000
13999,0.0003350973129272461,1.000450849533081,0.0030985,1.174047020164516,0.05649126539488926,0.2686230248306998,0.05599227799227797,0.2746425884123401,0.0030985,0.0,0.001955,0.000184,0.9999998807907104,0.0,0.0,0.002054,0.0001995,0.9999992847442627,0.008876662701368332,2000000
14099,-0.0002836883068084717,0.9981954097747803,0.0038805,1.1772171894469563,0.05629401408450697,0.27915726109857036,0.05599227799227797,0.2746425884123401,0.00388,0.0,0.0019785,0.000182,0.9999984502792358,0.0,0.0,0.002054,0.0001995,0.9999992847442627,0.009017687290906906,2000000
14199,0.0008962750434875488,1.0000659227371216,0.0029315,1.1592602944723027,0.05707928723549757,0.2697516930022573,0.05599227799227797,0.2746425884123401,0.0029315,0.0,0.002,0.0001885,0.999998152256012,0.0,0.0,0.002054,0.0001995,0.9999992847442627,0.00887308269739151,2000000
14299,0.0004495382308959961,1.0005147457122803,0.0034025,1.1945590991001918,0.059523809523809465,0.2757712565838977,0.05599227799227797,0.2746425884123401,0.0034025,0.0,0.0022205,0.0002255,0.9999954700469971,0.0,0.0,0.002054,0.0001995,0.9999992847442627,0.008830602280795574,2000000
14399,4.76837158203125e-05,1.0001298189163208,0.0035415,1.2196652106436905,0.057827353938757056,0.2746425884123401,0.05599227799227797,0.2746425884123401,0.003541,0.0,0.002053,0.0002005,0.9999932646751404,0.0,0.0,0.002054,0.0001995,0.9999992847442627,0.00881881918758154,2000000
14499,0.0001875162124633789,0.9999412894248962,0.0037635,1.2856899888991273,0.057827353938757015,0.27313769751693,0.05599227799227797,0.2746425884123401,0.003763,0.0,0.0019855,0.0001875,0.9999960660934448,0.0,0.0,0.002054,0.0001995,0.9999992847442627,0.008944983594119549,2000000
14599,-9.962916374206543e-05,0.9988184571266174,0.002929,1.2173905101705143,0.05714285714285712,0.2746425884123401,0.05599227799227797,0.2746425884123401,0.002929,0.0,0.002248,0.000234,0.9999954700469971,0.0,0.0,0.002054,0.0001995,0.9999992847442627,0.008625024929642677,2000000
14699,-0.000356823205947876,0.9989221692085266,0.003843,1.4270342299968204,0.05781739675464863,0.28103837471783294,0.05599227799227797,0.2746425884123401,0.0038425,0.0,0.002601,0.000293,0.9999960660934448,0.0,0.0,0.002054,0.0001995,0.9999992847442627,0.00913374125957489,2000000
14799,-0.0002620220184326172,1.000569224357605,0.003294,1.3444809194826701,0.05534413822647445,0.26448457486832205,0.05599227799227797,0.2746425884123401,0.003294,0.0,0.002035,0.0001875,0.999992847442627,0.0,0.0,0.002054,0.0001995,0.9999992847442627,0.0090034743770957,2000000
14899,0.0004743337631225586,0.9992128014564514,0.0028185,1.1609973954449873,0.057769755314881724,0.27765237020316025,0.05599227799227797,0.2746425884123401,0.0028185,0.0,0.002228,0.0002245,0.999998927116394,0.0,0.0,0.002054,0.0001995,0.9999992847442627,0.008828394114971161,2000000
14999,-0.0003590881824493408,0.9996951222419739,0.003332,1.1757099124145058,0.05862888682441654,0.28216704288939054,0.05599227799227797,0.2746425884123401,0.0033315,0.0,0.0023815,0.0002375,0.9999992847442627,0.0,0.0,0.002054,0.0001995,0.9999992847442627,0.00882476195693016,2000000
15099,0.00047406554222106934,1.0002650022506714,0.003562,1.1942158707676034,0.05581892856876648,0.27012791572610984,0.05599227799227797,0.2746425884123401,0.003562,0.0,0.0022255,0.000214,0.9999987483024597,0.0,0.0,0.002054,0.0001995,0.9999992847442627,0.009118743240833282,2000000
15199,-0.0010262131690979004,0.9983620047569275,0.0048505,1.2566457382241387,0.05667932096554694,0.2802859292701279,0.05599227799227797,0.2746425884123401,0.0048505,0.0,0.0024355,0.000252,0.9999993443489075,0.0,0.0,0.002054,0.0001995,0.9999992847442627,0.008969086222350597,2000000
15299,-0.00021332502365112305,0.9990395307540894,0.002844,1.254955524201753,0.05598053527980533,0.26824680210684726,0.05599227799227797,0.2746425884123401,0.002844,0.0,0.002469,0.0002595,0.9999987483024597,0.0,0.0,0.002054,0.0001995,0.9999992847442627,0.008921248838305473,2000000
15399,3.120303153991699e-05,1.0014288425445557,0.0035635,1.2436928032068333,0.05578588993153458,0.27200902934537247,0.05599227799227797,0.2746425884123401,0.003563,0.0,0.0023985,0.0002385,0.999997615814209,0.0,0.0,0.002054,0.0001995,0.9999992847442627,0.008874357677996159,2000000
15499,-6.586313247680664e-05,0.999186635017395,0.003199,1.1982567684244785,0.055555555555555636,0.26486079759217457,0.05599227799227797,0.2746425884123401,0.003199,0.0,0.002269,0.000213,0.9999996423721313,0.0,0.0,0.002054,0.0001995,0.9999992847442627,0.009121325798332691,2000000
15599,0.00012439489364624023,1.0000685453414917,0.0033725,1.2555595031554116,0.05631470944874534,0.26674191121143714,0.05599227799227797,0.2746425884123401,0.0033725,0.0,0.0024315,0.000246,0.9999991059303284,0.0,0.0,0.002054,0.0001995,0.9999992847442627,0.008719239383935928,2000000
15699,-0.0004177689552307129,1.001043677330017,0.0031385,1.237377601327302,0.05461647727272739,0.26674191121143714,0.05599227799227797,0.2746425884123401,0.0031385,5e-07,0.0021075,0.0001985,1.0,0.0,0.0,0.002054,0.0001995,0.9999992847442627,0.008663822896778584,2000000
15799,-0.00011757016181945801,0.9999325275421143,0.003714,1.2029014179216921,0.05572871091851052,0.2727614747930775,0.05599227799227797,0.2746425884123401,0.003714,0.0,0.001881,0.0001735,0.9999946355819702,0.0,0.0,0.002054,0.0001995,0.9999992847442627,0.009186875075101852,2000000
15899,-0.00024056434631347656,0.9989624619483948,0.0031215,1.1900361511461655,0.05609574456926482,0.27125658389766744,0.05599227799227797,0.2746425884123401,0.0031215,0.0,0.002159,0.0002025,0.9999997615814209,0.0,0.0,0.002054,0.0001995,0.9999992847442627,0.008927197195589542,2000000
15999,0.00011742115020751953,1.0005956888198853,0.003156,1.1386841440013005,0.05574423584482835,0.27313769751693,0.05599227799227797,0.2746425884123401,0.0031555,0.0,0.002063,0.0001945,0.9999942779541016,0.0,0.0,0.002054,0.0001995,0.9999992847442627,0.008891847915947437,2000000
16099,0.00017768144607543945,1.0004208087921143,0.002876,1.135365855893295,0.05609860766736599,0.2708803611738149,0.05599227799227797,0.2746425884123401,0.0028755,0.0,0.0020455,0.000196,0.9999996423721313,0.0,0.0,0.002054,0.0001995,0.9999992847442627,0.008817240595817566,2000000
16199,-0.0004450678825378418,0.9992153644561768,0.0023655,1.1471875419303008,0.057583562779406156,0.2832957110609481,0.05599227799227797,0.2746425884123401,0.0023655,0.0,0.002067,0.0002015,0.9999903440475464,0.0,0.0,0.002054,0.0001995,0.9999992847442627,0.008854125626385212,2000000
16299,0.00048592686653137207,1.0007106065750122,0.002337,1.107948173101929,0.05517818014069893,0.2656132430398796,0.05599227799227797,0.2746425884123401,0.002337,0.0,0.002215,0.000196,0.9999990463256836,0.0,0.0,0.002054,0.0001995,0.9999992847442627,0.008964631706476212,2000000
16399,0.0003909170627593994,1.0006229877471924,0.003071,1.1814402016269612,0.05413546076196681,0.25921745673438673,0.05599227799227797,0.2746425884123401,0.003071,0.0,0.0018435,0.0001895,0.9999963045120239,0.0,0.0,0.002054,0.0001995,0.9999992847442627,0.009146264754235744,2000000
16499,5.632638931274414e-05,0.9997714757919312,0.003221,1.1768186236407354,0.05449477457771296,0.2554552294958615,0.05599227799227797,0.2746425884123401,0.0032205,0.0,0.0021795,0.0002125,0.9999959468841553,0.0,0.0,0.002054,0.0001995,0.9999992847442627,0.00867962185293436,2000000
16599,-0.00043776631355285645,1.000386118888855,0.004021,1.208299854542839,0.05491155186277138,0.2562076749435666,0.05599227799227797,0.2746425884123401,0.00402,0.0,0.002104,0.000201,0.9999988079071045,0.0,0.0,0.002054,0.0001995,0.9999992847442627,0.00889178179204464,2000000
16699,-2.193450927734375e-05,1.0005285739898682,0.002789,1.1261122179197656,0.05698743781645335,0.2595936794582393,0.05599227799227797,0.2746425884123401,0.002789,0.0,0.00196,0.00019,0.9999977350234985,0.0,0.0,0.002054,0.0001995,0.9999992847442627,0.008650214411318302,2000000
16799,-0.000844419002532959,0.9976820945739746,0.0028865,1.2022572003002512,0.05405405405405399,0.2524454477050414,0.05599227799227797,0.2746425884123401,0.0028865,0.0,0.0019845,0.000191,0.9999980926513672,0.0,0.0,0.002054,0.0001995,0.9999992847442627,0.00864844024181366,2000000
16899,-0.00020003318786621094,0.997422993183136,0.002916,1.2141079973497677,0.05459513164431201,0.2652370203160271,0.05599227799227797,0.2746425884123401,0.002916,0.0,0.0016475,0.0001655,0.9999909400939941,0.0,0.0,0.002054,0.0001995,0.9999992847442627,0.00878770463168621,2000000
16999,0.0003661215305328369,0.9992122054100037,0.0027595,1.1951757284124955,0.05605839893939146,0.2671181339352897,0.05599227799227797,0.2746425884123401,0.0027585,0.0,0.0018535,0.0001825,0.9999992847442627,0.0,0.0,0.002054,0.0001995,0.9999992847442627,0.008680284954607487,2000000
17099,-2.7745962142944336e-05,1.0000532865524292,0.0031025,1.175179897885764,0.05387725482065103,0.2524454477050414,0.05599227799227797,0.2746425884123401,0.0031025,0.0,0.0021865,0.000211,0.9999960660934448,0.0,0.0,0.002054,0.0001995,0.9999992847442627,0.009010212495923042,2000000
17199,-0.00029519200325012207,0.9989467859268188,0.0024665,1.151824059378275,0.05629386794435341,0.26034612490594433,0.05599227799227797,0.2746425884123401,0.0024665,0.0,0.0021295,0.000215,0.999998927116394,0.0,0.0,0.002054,0.0001995,0.9999992847442627,0.008819381706416607,2000000
17299,0.00038632750511169434,1.0006730556488037,0.0027195,1.1203748952277923,0.05578544192329396,0.26636568848758463,0.05599227799227797,0.2746425884123401,0.0027195,0.0,0.001944,0.000182,0.9999971985816956,0.0,0.0,0.002054,0.0001995,0.9999992847442627,0.008776151575148106,2000000
17399,0.00044783949851989746,1.0000907182693481,0.0022695,1.1271346285624104,0.05582310974411155,0.27050413844996235,0.05599227799227797,0.2746425884123401,0.002269,0.0,0.0016925,0.0001675,0.9999988079071045,0.0,0.0,0.002054,0.0001995,0.9999992847442627,0.008778441697359085,2000000
17499,-0.0002517998218536377,0.9990339875221252,0.0027775,1.2904012817475101,0.0549346486846487,0.26824680210684726,0.05599227799227797,0.2746425884123401,0.0027775,0.0,0.0013515,0.0001165,0.999996542930603,0.0,0.0,0.002054,0.0001995,0.9999992847442627,0.008889766409993172,2000000
17599,0.00022917985916137695,0.9999872446060181,0.002664,1.1869811902407577,0.05541196180890752,0.26486079759217457,0.05599227799227797,0.2746425884123401,0.002664,0.0,0.0017655,0.000173,0.9999991655349731,0.0,0.0,0.002054,0.0001995,0.9999992847442627,0.009096495807170868,2000000
17699,0.0011126399040222168,1.0000855922698975,0.003107500000000041,1.3363961266267301,0.05882352941176469,0.2836719337848006,0.05599227799227797,0.2746425884123401,0.0019765,0.0,0.0014845,0.0001405,0.9999979734420776,0.0,0.0,0.002054,0.0001995,0.9999992847442627,0.008858010172843933,2000000
17799,-0.00022101402282714844,0.9989455342292786,0.0025225,1.44642506318359,0.05494068033876953,0.26824680210684726,0.05599227799227797,0.2746425884123401,0.002522,0.0,0.001272,0.000129,0.9999951124191284,0.0,0.0,0.002054,0.0001995,0.9999992847442627,0.008509653620421886,2000000
17899,-0.00013530254364013672,0.9982845783233643,0.0019675000000000005,1.3207329917033115,0.05657569631626237,0.27765237020316025,0.05599227799227797,0.2746425884123401,0.0018875,0.0,0.001448,0.000136,0.999998927116394,0.0,0.0,0.002054,0.0001995,0.9999992847442627,0.008826610632240772,2000000
17999,0.0003324449062347412,0.9988031983375549,0.0036025,1.3272828212041379,0.05674248843120641,0.27727614747930773,0.05599227799227797,0.2746425884123401,0.0017685,0.0,0.0015665,0.00015,0.9999969601631165,0.0,0.0,0.002054,0.0001995,0.9999992847442627,0.008874726481735706,2000000
18099,-0.0006153285503387451,0.9995579719543457,0.002218,1.2404075470105997,0.05621488764044935,0.26297968397291194,0.05599227799227797,0.2746425884123401,0.002218,5e-07,0.0015165,0.000146,1.0,0.0,0.0,0.002054,0.0001995,0.9999992847442627,0.009045216254889965,2000000
18199,0.00033804774284362793,0.9983791708946228,0.001971,1.3103221334971078,0.05733625550761366,0.2746425884123401,0.05599227799227797,0.2746425884123401,0.001971,0.0,0.0014785,0.000138,0.9999964237213135,0.0,0.0,0.002054,0.0001995,0.9999992847442627,0.008829722180962563,2000000
18299,0.00016224384307861328,0.9988535046577454,0.0023914999999999995,1.2532840268041783,0.056465009109420206,0.272385252069225,0.05599227799227797,0.2746425884123401,0.001904,0.0,0.001546,0.0001435,0.9999955892562866,0.0,0.0,0.002054,0.0001995,0.9999992847442627,0.008885527960956097,2000000
18399,3.701448440551758e-05,1.0003911256790161,0.002244,1.1893535781653943,0.05714285714285715,0.26410835214446954,0.05599227799227797,0.2746425884123401,0.002244,0.0,0.0018235,0.000175,0.9999998807907104,0.0,0.0,0.002054,0.0001995,0.9999992847442627,0.008846198208630085,2000000
18499,0.00033468008041381836,1.0008010864257812,0.0023715,1.154278807940113,0.05555555555555559,0.263732129420617,0.05599227799227797,0.2746425884123401,0.0023715,0.0,0.001837,0.0001815,0.9999983310699463,0.0,0.0,0.002054,0.0001995,0.9999992847442627,0.00875027384608984,2000000
18599,0.0008650720119476318,1.0000767707824707,0.0023294999999999844,1.1737432899825908,0.056818181818181816,0.2689992475545523,0.05599227799227797,0.2746425884123401,0.0020845,0.0,0.0019545,0.000203,0.9999995231628418,0.0,0.0,0.002054,0.0001995,0.9999992847442627,0.008850965648889542,2000000
18699,0.0003381967544555664,0.9997022151947021,0.0020575,1.1399560401260984,0.05626352813852813,0.26674191121143714,0.05599227799227797,0.2746425884123401,0.0020575,0.0,0.0018365,0.0001915,0.9999991655349731,0.0,0.0,0.002054,0.0001995,0.9999992847442627,0.009086793288588524,2000000
18799,0.0006102919578552246,1.001928448677063,0.002354,1.1616362371815607,0.05650775389455641,0.2686230248306998,0.05599227799227797,0.2746425884123401,0.002354,0.0,0.0019025,0.0002005,0.9999970197677612,0.0,0.0,0.002054,0.0001995,0.9999992847442627,0.008836116641759872,2000000
18899,0.000447005033493042,1.0002117156982422,0.0021025,1.1597273979189495,0.05654433841038224,0.26824680210684726,0.05599227799227797,0.2746425884123401,0.002102,0.0,0.0018135,0.0001835,0.999996542930603,0.0,0.0,0.002054,0.0001995,0.9999992847442627,0.008902081288397312,2000000
18999,0.0006172358989715576,1.0002249479293823,0.002768,1.1676401902005171,0.05663522012578612,0.26787057938299474,0.05599227799227797,0.2746425884123401,0.002768,5e-07,0.001784,0.0001735,1.0,0.0,0.0,0.002054,0.0001995,0.9999992847442627,0.008903729729354382,2000000
19099,0.00070151686668396,0.9999171495437622,0.002672,1.168291430574964,0.05839416058394164,0.2780285929270128,0.05599227799227797,0.2746425884123401,0.0026715,0.0,0.0017945,0.000184,0.9999960660934448,0.0,0.0,0.002054,0.0001995,0.9999992847442627,0.008821296505630016,2000000
19199,0.0011591315269470215,1.0010786056518555,0.0036019999999999993,1.1920236779499274,0.05904974554318239,0.28254326561324306,0.05599227799227797,0.2746425884123401,0.002059,0.0,0.0019935,0.0002055,0.9999988079071045,0.0,0.0,0.002054,0.0001995,0.9999992847442627,0.008711853995919228,2000000
19299,0.0008393824100494385,0.9998716711997986,0.0022345000000000004,1.1890364468984658,0.05686437546193639,0.2757712565838977,0.05599227799227797,0.2746425884123401,0.002069,0.0,0.0018255,0.0001885,0.9999990463256836,0.0,0.0,0.002054,0.0001995,0.9999992847442627,0.00892527773976326,2000000
19399,0.0005871057510375977,1.0001918077468872,0.002451499999999999,1.147479838786524,0.055555555555555566,0.27915726109857036,0.05599227799227797,0.2746425884123401,0.0021455,0.0,0.0018625,0.000184,0.9999910593032837,0.0,0.0,0.002054,0.0001995,0.9999992847442627,0.008873489685356617,2000000
19499,0.0008069276809692383,0.9999486207962036,0.002394,1.160762893329106,0.056067686207873134,0.27878103837471785,0.05599227799227797,0.2746425884123401,0.0023935,0.0,0.0017175,0.000163,0.9999971389770508,0.0,0.0,0.002054,0.0001995,0.9999992847442627,0.008925579488277435,2000000
19599,-9.810924530029297e-05,0.9990792274475098,0.00242,1.138828387681259,0.05765273820829375,0.2780285929270128,0.05599227799227797,0.2746425884123401,0.00242,0.0,0.00176,0.0001585,0.9999926090240479,0.0,0.0,0.002054,0.0001995,0.9999992847442627,0.00877770408987999,2000000
19699,6.4849853515625e-05,0.9994685053825378,0.0025865,1.0629396819105317,0.05568317409629771,0.2659894657637321,0.05599227799227797,0.2746425884123401,0.0025865,0.0,0.001901,0.0001875,0.9999995231628418,0.0,0.0,0.002054,0.0001995,0.9999992847442627,0.008738964796066284,2000000
19799,0.0008544623851776123,1.0005521774291992,0.002502,1.0864738092575197,0.0564591737142472,0.2735139202407825,0.05599227799227797,0.2746425884123401,0.002502,0.0,0.0018165,0.000183,0.999996542930603,0.0,0.0,0.002054,0.0001995,0.9999992847442627,0.008856590837240219,2000000
19899,-6.330013275146484e-05,0.9998255372047424,0.0027585,1.0830950113977817,0.05580339711050376,0.27050413844996235,0.05599227799227797,0.2746425884123401,0.0027585,0.0,0.0019895,0.000191,0.9999983310699463,0.0,0.0,0.002054,0.0001995,0.9999992847442627,0.009098579175770283,2000000
19999,-0.00015157461166381836,1.0004417896270752,0.003481,1.092511232789162,0.0570647161485307,0.26674191121143714,0.05599227799227797,0.2746425884123401,0.003481,0.0,0.0017925,0.000177,0.9999986886978149,0.0,0.0,0.002054,0.0001995,0.9999992847442627,0.008936606347560883,2000000
20099,-0.00045803189277648926,0.9986057877540588,0.0028775,1.1997524509017004,0.05692412643068299,0.2633559066967645,0.05599227799227797,0.2746425884123401,0.0028775,0.0,0.0014905,0.000133,0.9999974966049194,0.0,0.0,0.002054,0.0001995,0.9999992847442627,0.008802167139947414,2000000
20199,-0.0004443526268005371,0.9971423149108887,0.002691,1.112935819938883,0.05659216969528183,0.27313769751693,0.05599227799227797,0.2746425884123401,0.002691,0.0,0.0017095,0.0001705,0.9999994039535522,0.0,0.0,0.002054,0.0001995,0.9999992847442627,0.008676153607666492,2000000
20299,0.0003425776958465576,1.0004764795303345,0.0031595,1.1135249333345625,0.05657043802920195,0.2656132430398796,0.05599227799227797,0.2746425884123401,0.0031595,0.0,0.0016295,0.000152,0.9999980926513672,0.0,0.0,0.002054,0.0001995,0.9999992847442627,0.008765148930251598,2000000
20399,0.00013783574104309082,0.9985595345497131,0.0027765,1.1544532853948077,0.057355191256830626,0.2765237020316027,0.05599227799227797,0.2746425884123401,0.0027765,0.0,0.0017245,0.0001695,0.9999996423721313,0.0,0.0,0.002054,0.0001995,0.9999992847442627,0.008606189861893654,2000000
20499,4.0531158447265625e-06,0.9997639656066895,0.0029005,1.1473722223967504,0.05774788795020014,0.26749435665914223,0.05599227799227797,0.2746425884123401,0.0029005,0.0,0.001588,0.0001475,0.9999984502792358,0.0,0.0,0.002054,0.0001995,0.9999992847442627,0.00896272249519825,2000000
20599,0.0004151463508605957,1.0007554292678833,0.0024755,1.166717338221243,0.05760239588046455,0.28216704288939054,0.05599227799227797,0.2746425884123401,0.0024755,0.0,0.001754,0.00017,0.9999997615814209,0.0,0.0,0.002054,0.0001995,0.9999992847442627,0.008629844523966312,2000000
20699,0.00017696619033813477,1.0002907514572144,0.002863,1.0586774789781743,0.05882352941176473,0.27840481565086533,0.05599227799227797,0.2746425884123401,0.002863,0.0,0.0018825,0.000187,0.9999955892562866,0.0,0.0,0.002054,0.0001995,0.9999992847442627,0.00891287624835968,2000000
20799,0.0008214116096496582,1.0001369714736938,0.002371,1.165605552232867,0.057142857142857065,0.27163280662151995,0.05599227799227797,0.2746425884123401,0.00237,0.0,0.001835,0.000175,0.9999996423721313,0.0,0.0,0.002054,0.0001995,0.9999992847442627,0.008834357373416424,2000000
20899,-3.802776336669922e-05,1.0006011724472046,0.0025525,1.0733688829070054,0.05686437546193647,0.2689992475545523,0.05599227799227797,0.2746425884123401,0.0025525,0.0,0.0019365,0.0001895,0.9999926090240479,0.0,0.0,0.002054,0.0001995,0.9999992847442627,0.008891016244888306,2000000
20999,0.00015673041343688965,0.9997532367706299,0.0024975,1.132465713919268,0.058035714285714246,0.27878103837471785,0.05599227799227797,0.2746425884123401,0.0024975,0.0,0.001802,0.000172,0.9999966621398926,0.0,0.0,0.002054,0.0001995,0.9999992847442627,0.008980788290500641,2000000
21099,-0.0005519092082977295,0.998300313949585,0.0024805,1.1404622677292349,0.05828220858895714,0.2746425884123401,0.05599227799227797,0.2746425884123401,0.0024805,0.0,0.001595,0.0001495,0.9999991655349731,0.0,0.0,0.002054,0.0001995,0.9999992847442627,0.008977471850812435,2000000
21199,2.041459083557129e-05,0.9990881681442261,0.002599,1.1366791830928156,0.05825347478513253,0.2795334838224229,0.05599227799227797,0.2746425884123401,0.002599,0.0,0.0018285,0.0001695,0.9999936819076538,0.0,0.0,0.002054,0.0001995,0.9999992847442627,0.008599170483648777,2000000
21299,0.0009075701236724854,1.002428650856018,0.002879,1.103421484260265,0.05665240225637033,0.2746425884123401,0.05599227799227797,0.2746425884123401,0.0028785,0.0,0.001802,0.0001665,0.9999982118606567,0.0,0.0,0.002054,0.0001995,0.9999992847442627,0.008979717269539833,2000000
21399,0.00022041797637939453,0.9997714757919312,0.0028755,1.0727256533798033,0.05665240225637033,0.27125658389766744,0.05599227799227797,0.2746425884123401,0.0028755,0.0,0.0017955,0.000171,0.9999979138374329,0.0,0.0,0.002054,0.0001995,0.9999992847442627,0.008863826282322407,2000000
21499,-2.86102294921875e-05,0.9989132881164551,0.00304,1.0969691255105118,0.05836059821032311,0.26410835214446954,0.05599227799227797,0.2746425884123401,0.00304,0.0,0.001709,0.0001675,0.9999970197677612,0.0,0.0,0.002054,0.0001995,0.9999992847442627,0.00888323038816452,2000000
21599,-0.00018638372421264648,0.9999100565910339,0.0029335,1.0932803926612162,0.056603773584905676,0.27125658389766744,0.05599227799227797,0.2746425884123401,0.0029335,0.0,0.001759,0.000169,0.9999986886978149,0.0,0.0,0.002054,0.0001995,0.9999992847442627,0.00892549380660057,2000000
21699,-0.0010239779949188232,0.9996731281280518,0.0036235,1.2120940527428141,0.05919952210274792,0.27163280662151995,0.05599227799227797,0.2746425884123401,0.0036235,0.0,0.0021115,0.0002155,0.9999991059303284,0.0,0.0,0.002054,0.0001995,0.9999992847442627,0.008918672800064087,2000000
21799,0.0003091394901275635,0.9986648559570312,0.002113,1.2176583676043435,0.05779906656841069,0.27200902934537247,0.05599227799227797,0.2746425884123401,0.002113,0.0,0.001979,0.0002025,0.9999910593032837,0.0,0.0,0.002054,0.0001995,0.9999992847442627,0.008836572989821434,2000000
21899,-0.0006950199604034424,0.9991411566734314,0.003134,1.2307587850668742,0.05782735393875696,0.2742663656884876,0.05599227799227797,0.2746425884123401,0.003134,0.0,0.001964,0.0001905,0.9999940395355225,0.0,0.0,0.002054,0.0001995,0.9999992847442627,0.008781515061855316,2000000
21999,-0.0004305839538574219,1.0011106729507446,0.0055000000000000005,1.702825113683784,0.058823529411764684,0.27389014296463504,0.05599227799227797,0.2746425884123401,0.0055,0.0,0.0019185,0.0001925,0.9999978542327881,0.0,0.0,0.002054,0.0001995,0.9999992847442627,0.009127494879066944,2000000
22099,-0.0006052851676940918,0.9992780089378357,0.0048025,1.3425102308305408,0.0595745112354993,0.28517682468021066,0.05599227799227797,0.2746425884123401,0.004802,0.0,0.001623,0.000157,0.9999998807907104,0.0,0.0,0.002054,0.0001995,0.9999992847442627,0.008705622516572475,2000000
22199,0.000496208667755127,1.00034499168396,0.0040195,1.159193436571606,0.05638656154874262,0.2708803611738149,0.05599227799227797,0.2746425884123401,0.0040195,0.0,0.0020575,0.0002265,0.9999959468841553,0.0,0.0,0.002054,0.0001995,0.9999992847442627,0.009082984179258347,2000000
22299,0.0005502700805664062,1.0016754865646362,0.003593,1.0858044763356958,0.05755395683453228,0.2656132430398796,0.05599227799227797,0.2746425884123401,0.003593,0.0,0.0018905,0.0001885,0.9999911785125732,0.0,0.0,0.002054,0.0001995,0.9999992847442627,0.008688785135746002,2000000
22399,1.4543533325195312e-05,1.0010504722595215,0.004021,1.1232659669604834,0.05589805633728728,0.2622272385252069,0.05599227799227797,0.2746425884123401,0.004021,0.0,0.001712,0.0001685,0.9999977350234985,0.0,0.0,0.002054,0.0001995,0.9999992847442627,0.008892880752682686,2000000
22499,-0.0002899765968322754,1.0005335807800293,0.0047645,1.14415591296143,0.05568174752854868,0.26448457486832205,0.05599227799227797,0.2746425884123401,0.0047645,0.0,0.001822,0.0001855,0.9999902844429016,0.0,0.0,0.002054,0.0001995,0.9999992847442627,0.009155144914984703,2000000
22599,-0.0005424022674560547,0.9997950792312622,0.0043495,1.1065726379039227,0.058102025506376595,0.2735139202407825,0.05599227799227797,0.2746425884123401,0.0043495,0.0,0.001813,0.0001845,0.999997615814209,0.0,0.0,0.002054,0.0001995,0.9999992847442627,0.008681760169565678,2000000
22699,-0.00022414326667785645,0.9999556541442871,0.0037805,1.1538144653720117,0.055625879043600585,0.26448457486832205,0.05599227799227797,0.2746425884123401,0.00378,0.0,0.001674,0.0001705,0.9999991655349731,0.0,0.0,0.002054,0.0001995,0.9999992847442627,0.008893857710063457,2000000
22799,-0.00039836764335632324,0.9999690651893616,0.00363,1.1272664069933902,0.0567088752979011,0.2686230248306998,0.05599227799227797,0.2746425884123401,0.00363,0.0,0.001747,0.0001735,0.9999982118606567,0.0,0.0,0.002054,0.0001995,0.9999992847442627,0.008779585361480713,2000000
22899,0.0008268058300018311,1.0013785362243652,0.0031865,0.9951120145351101,0.05793287566742941,0.2727614747930775,0.05599227799227797,0.2746425884123401,0.003186,0.0,0.002109,0.000232,0.9999980926513672,0.0,0.0,0.002054,0.0001995,0.9999992847442627,0.008863469585776329,2000000
22999,-0.0001798570156097412,0.9992806911468506,0.003932,1.17186706696392,0.058611379754996765,0.27313769751693,0.05599227799227797,0.2746425884123401,0.003932,0.0,0.0015575,0.0001615,0.9999998807907104,0.0,0.0,0.002054,0.0001995,0.9999992847442627,0.008897011168301105,2000000
23099,0.0007897019386291504,1.0024142265319824,0.003369,1.0794338502633647,0.05613735258111828,0.2584650112866817,0.05599227799227797,0.2746425884123401,0.003369,0.0,0.002106,0.000223,0.9999997615814209,0.0,0.0,0.002054,0.0001995,0.9999992847442627,0.008851622231304646,2000000
23199,0.00022712349891662598,1.0013819932937622,0.003801,1.162333107593134,0.05722481205475854,0.26410835214446954,0.05599227799227797,0.2746425884123401,0.0038005,0.0,0.0017295,0.0001735,0.9999958276748657,0.0,0.0,0.002054,0.0001995,0.9999992847442627,0.008978084661066532,2000000
23299,0.0002447068691253662,1.002333641052246,0.0034935,1.1723684350890802,0.05435624337300596,0.26824680210684726,0.05599227799227797,0.2746425884123401,0.0034935,0.0,0.001895,0.0001905,0.9999986886978149,0.0,0.0,0.002054,0.0001995,0.9999992847442627,0.00861588679254055,2000000
23399,-0.0004621148109436035,0.9985494613647461,0.003134,1.136294465074998,0.05762284929168449,0.26824680210684726,0.05599227799227797,0.2746425884123401,0.0031335,0.0,0.001654,0.0001655,0.99998939037323,0.0,0.0,0.002054,0.0001995,0.9999992847442627,0.008628365583717823,2000000
23499,0.00048479437828063965,1.0000386238098145,0.0030275,1.0641749196692958,0.05663190667316851,0.2689992475545523,0.05599227799227797,0.2746425884123401,0.0030275,0.0,0.001891,0.000192,0.9999992847442627,0.0,0.0,0.002054,0.0001995,0.9999992847442627,0.00905731413513422,2000000
23599,-5.27501106262207e-06,1.0001972913742065,0.003645,1.2268980908614262,0.05602175080558535,0.263732129420617,0.05599227799227797,0.2746425884123401,0.0036445,0.0,0.0014305,0.000136,0.99998939037323,0.0,0.0,0.002054,0.0001995,0.9999992847442627,0.008803164586424828,2000000
23699,0.00029265880584716797,1.0015642642974854,0.003793,1.1595909282080246,0.05734513992890787,0.2595936794582393,0.05599227799227797,0.2746425884123401,0.0037925,0.0,0.0021335,0.000226,0.999992847442627,0.0,0.0,0.002054,0.0001995,0.9999992847442627,0.008996259421110153,2000000
23799,0.00021204352378845215,1.0000239610671997,0.0032095,1.0644683555439893,0.05636450280631154,0.26410835214446954,0.05599227799227797,0.2746425884123401,0.0032095,0.0,0.002183,0.0002375,0.9999988079071045,0.0,0.0,0.002054,0.0001995,0.9999992847442627,0.00851405318826437,2000000
23899,0.000904083251953125,1.0027347803115845,0.003522,1.0704969237180875,0.056579521753892456,0.2735139202407825,0.05599227799227797,0.2746425884123401,0.003522,0.0,0.0020145,0.0002035,0.9999991655349731,0.0,0.0,0.002054,0.0001995,0.9999992847442627,0.008678349666297436,2000000
23999,0.00034227967262268066,1.0001356601715088,0.0027495,1.073121555528504,0.05836597967410438,0.2708803611738149,0.05599227799227797,0.2746425884123401,0.0027495,0.0,0.002375,0.0002525,0.9999972581863403,0.0,0.0,0.002054,0.0001995,0.9999992847442627,0.008825746364891529,2000000
24099,1.2010335922241211e-05,1.0003056526184082,0.0032235,1.0458137999678048,0.05767413116184375,0.2697516930022573,0.05599227799227797,0.2746425884123401,0.0032235,0.0,0.0020615,0.000226,0.9999996423721313,0.0,0.0,0.002054,0.0001995,0.9999992847442627,0.008889743126928806,2000000
24199,0.00019910931587219238,1.0007996559143066,0.0028645,1.0510194960410448,0.05769230769230768,0.26674191121143714,0.05599227799227797,0.2746425884123401,0.002864,0.0,0.002228,0.0002375,0.9999978542327881,0.0,0.0,0.002054,0.0001995,0.9999992847442627,0.008939018473029137,2000000
24299,0.001033872365951538,1.0015686750411987,0.002753,1.1499479024801722,0.05677934120437759,0.26824680210684726,0.05599227799227797,0.2746425884123401,0.002753,0.0,0.002087,0.000224,0.999997615814209,0.0,0.0,0.002054,0.0001995,0.9999992847442627,0.008796841837465763,2000000
24399,-0.0007974207401275635,0.9996652603149414,0.0035785,1.1776541992535088,0.05751261060117415,0.2656132430398796,0.05599227799227797,0.2746425884123401,0.0035785,0.0,0.002121,0.0002345,0.9999964237213135,0.0,0.0,0.002054,0.0001995,0.9999992847442627,0.008694091811776161,2000000
24499,0.00044083595275878906,1.0015723705291748,0.0024865,1.064694076283476,0.05493464868464863,0.2735139202407825,0.05599227799227797,0.2746425884123401,0.0024865,0.0,0.0020825,0.000235,0.999998927116394,0.0,0.0,0.002054,0.0001995,0.9999992847442627,0.00882696732878685,2000000
24599,5.558133125305176e-05,0.9998486638069153,0.0022235,1.031761283384413,0.058422645459303216,0.2689992475545523,0.05599227799227797,0.2746425884123401,0.0022235,0.0,0.002139,0.000223,0.9999985694885254,0.0,0.0,0.002054,0.0001995,0.9999992847442627,0.008954411372542381,2000000
24699,0.0005343854427337646,1.0017499923706055,0.003211,1.066571583515518,0.05754328921204668,0.27163280662151995,0.05599227799227797,0.2746425884123401,0.003211,0.0,0.002059,0.00023,0.9999991655349731,0.0,0.0,0.002054,0.0001995,0.9999992847442627,0.00905133318156004,2000000
24799,-0.0005365312099456787,0.9986931085586548,0.00318,1.0368424535481362,0.05590817117488946,0.2742663656884876,0.05599227799227797,0.2746425884123401,0.00318,0.0,0.0019835,0.0002225,0.9999977350234985,0.0,0.0,0.002054,0.0001995,0.9999992847442627,0.008851628750562668,2000000
24899,0.0002009570598602295,0.9993060827255249,0.0031565,1.0443962458974385,0.055406326291623356,0.27389014296463504,0.05599227799227797,0.2746425884123401,0.0031565,0.0,0.0018285,0.0001975,0.9999955892562866,0.0,0.0,0.002054,0.0001995,0.9999992847442627,0.008665948174893856,2000000
24999,0.0006219744682312012,1.0007981061935425,0.003268,1.0490831584095468,0.05674917188075081,0.27200902934537247,0.05599227799227797,0.2746425884123401,0.003268,0.0,0.001897,0.00021,0.9999983310699463,0.0,0.0,0.002054,0.0001995,0.9999992847442627,0.008650405332446098,2000000
25099,0.0010132193565368652,1.0008689165115356,0.002668,1.1135999759227087,0.05753097202748976,0.2795334838224229,0.05599227799227797,0.2746425884123401,0.002668,0.0,0.00214,0.00023,0.9999970197677612,0.0,0.0,0.002054,0.0001995,0.9999992847442627,0.008543640375137329,2000000
25199,-1.800060272216797e-05,1.0011866092681885,0.002807,1.1005670737578963,0.05555555555555562,0.26787057938299474,0.05599227799227797,0.2746425884123401,0.002807,0.0,0.0020915,0.0002215,0.9999983310699463,0.0,0.0,0.002054,0.0001995,0.9999992847442627,0.009005222469568253,2000000
25299,7.706880569458008e-05,1.0014324188232422,0.0030835,1.1282974413593414,0.056978522819504274,0.2765237020316027,0.05599227799227797,0.2746425884123401,0.0030835,0.0,0.001902,0.0002115,0.9999964237213135,0.0,0.0,0.002054,0.0001995,0.9999992847442627,0.009047320112586021,2000000
25399,-0.00032445788383483887,1.0001752376556396,0.0028465,1.084898640475167,0.057717544922269375,0.27163280662151995,0.05599227799227797,0.2746425884123401,0.0028465,0.0,0.001952,0.000219,0.9999984502792358,0.0,0.0,0.002054,0.0001995,0.9999992847442627,0.008672415278851986,2000000
25499,-2.250075340270996e-05,0.9998804330825806,0.0025465,1.1362131820903556,0.0577175449222694,0.2584650112866817,0.05599227799227797,0.2746425884123401,0.0025465,0.0,0.0020405,0.00023,0.9999924898147583,0.0,0.0,0.002054,0.0001995,0.9999992847442627,0.008905239403247833,2000000
25599,0.0005104243755340576,1.001184344291687,0.0028395,1.0582942323807583,0.05683406760992961,0.2659894657637321,0.05599227799227797,0.2746425884123401,0.0028395,0.0,0.0019135,0.0002115,0.9999986290931702,0.0,0.0,0.002054,0.0001995,0.9999992847442627,0.008580920286476612,2000000
25699,0.00012406706809997559,0.9998804926872253,0.0028105,1.0912354472930943,0.05631470944874552,0.26787057938299474,0.05599227799227797,0.2746425884123401,0.0028105,0.0,0.002052,0.000219,0.9999997615814209,0.0,0.0,0.002054,0.0001995,0.9999992847442627,0.00857602246105671,2000000
25799,0.00017470121383666992,0.9989073276519775,0.002509,1.117710047317458,0.057872988255763445,0.2708803611738149,0.05599227799227797,0.2746425884123401,0.002509,5e-07,0.002255,0.0002345,1.0,0.0,0.0,0.002054,0.0001995,0.9999992847442627,0.009041042067110538,2000000
25899,0.0003769099712371826,1.0019961595535278,0.002889,1.047830342638925,0.05555555555555559,0.26824680210684726,0.05599227799227797,0.2746425884123401,0.002889,0.0,0.001909,0.000195,0.999996542930603,0.0,0.0,0.002054,0.0001995,0.9999992847442627,0.008643769659101963,2000000
25999,0.0003172457218170166,0.9999405145645142,0.002627,1.0752733686713,0.05718178279486182,0.2671181339352897,0.05599227799227797,0.2746425884123401,0.002627,0.0,0.001952,0.000205,0.9999964237213135,0.0,0.0,0.002054,0.0001995,0.9999992847442627,0.008930020034313202,2000000
26099,0.0005093216896057129,1.000765085220337,0.00291,1.105968210617837,0.05639503918435672,0.26109857035364936,0.05599227799227797,0.2746425884123401,0.00291,0.0,0.001938,0.000202,0.9999982118606567,0.0,0.0,0.002054,0.0001995,0.9999992847442627,0.00900981854647398,2000000
26199,0.00029900670051574707,1.0012283325195312,0.0030555,1.0818973946139177,0.05613139992839242,0.2671181339352897,0.05599227799227797,0.2746425884123401,0.003055,0.0,0.0017365,0.00019,0.9999963045120239,0.0,0.0,0.002054,0.0001995,0.9999992847442627,0.008895071223378181,2000000
26299,0.00021383166313171387,1.0010244846343994,0.0025715,1.0950495303006875,0.05882352941176474,0.27389014296463504,0.05599227799227797,0.2746425884123401,0.0025715,0.0,0.001777,0.0001875,0.9999935030937195,0.0,0.0,0.002054,0.0001995,0.9999992847442627,0.0086505813524127,2000000
26399,0.00028458237648010254,1.0003904104232788,0.0035045,1.129214530672426,0.057841840782861614,0.27389014296463504,0.05599227799227797,0.2746425884123401,0.0035045,0.0,0.0017355,0.000196,0.9999951124191284,0.0,0.0,0.002054,0.0001995,0.9999992847442627,0.008808823302388191,2000000
26499,5.4776668548583984e-05,1.001227617263794,0.0030835,1.1358342959790781,0.055111259294444326,0.2595936794582393,0.05599227799227797,0.2746425884123401,0.0030835,0.0,0.001707,0.0001795,0.9999925494194031,0.0,0.0,0.002054,0.0001995,0.9999992847442627,0.008813953027129173,2000000
26599,0.0007140934467315674,1.001628041267395,0.0024705,1.1262539990788856,0.05655047436307427,0.27501881113619264,0.05599227799227797,0.2746425884123401,0.0024705,0.0,0.0021885,0.000223,0.9999955892562866,0.0,0.0,0.002054,0.0001995,0.9999992847442627,0.008939904160797596,2000000
26699,0.00048670172691345215,0.999904453754425,0.002828,1.095766302964874,0.05749893351209699,0.2735139202407825,0.05599227799227797,0.2746425884123401,0.002828,0.0,0.002045,0.0002245,0.9999988079071045,0.0,0.0,0.002054,0.0001995,0.9999992847442627,0.008950996212661266,2000000
26799,0.00019624829292297363,0.9992009997367859,0.002437,1.105119282700303,0.058823529411764656,0.28216704288939054,0.05599227799227797,0.2746425884123401,0.002437,0.0,0.001923,0.0002135,0.9999996423721313,0.0,0.0,0.002054,0.0001995,0.9999992847442627,0.008920849300920963,2000000
26899,0.0005249381065368652,1.0011110305786133,0.0027915,1.0547115340745385,0.055829000994833275,0.272385252069225,0.05599227799227797,0.2746425884123401,0.0027915,0.0,0.0018365,0.0002075,0.9999967813491821,0.0,0.0,0.002054,0.0001995,0.9999992847442627,0.008771120570600033,2000000
26999,-2.905726432800293e-05,1.001969814300537,0.0034925,1.107179116237316,0.05714285714285724,0.2768999247554552,0.05599227799227797,0.2746425884123401,0.0034925,0.0,0.001944,0.000215,0.9999980926513672,0.0,0.0,0.002054,0.0001995,0.9999992847442627,0.008565865457057953,2000000
27099,-1.6391277313232422e-06,0.9996259808540344,0.002815,1.0587094207014973,0.05571843153134916,0.27765237020316025,0.05599227799227797,0.2746425884123401,0.002815,0.0,0.0021365,0.0002275,0.9999966621398926,0.0,0.0,0.002054,0.0001995,0.9999992847442627,0.008825045078992844,2000000
27199,0.00030881166458129883,0.9997749328613281,0.0030895,1.102038907647169,0.055498516997490296,0.26297968397291194,0.05599227799227797,0.2746425884123401,0.0030895,0.0,0.0021895,0.000235,0.9999978542327881,0.0,0.0,0.002054,0.0001995,0.9999992847442627,0.008820309303700924,2000000
27299,0.0005586445331573486,1.0000309944152832,0.0030295,1.0726949378169897,0.056281463883703794,0.263732129420617,0.05599227799227797,0.2746425884123401,0.003029,0.0,0.002154,0.0002335,0.9999961853027344,0.0,0.0,0.002054,0.0001995,0.9999992847442627,0.008976097218692303,2000000
27399,-7.891654968261719e-05,1.0002845525741577,0.002567,1.1472100760109605,0.05633802816901399,0.27163280662151995,0.05599227799227797,0.2746425884123401,0.002567,0.0,0.001557,0.000163,0.9999994039535522,0.0,0.0,0.002054,0.0001995,0.9999992847442627,0.008671499788761139,2000000
27499,-0.0001360774040222168,1.0015650987625122,0.002999,1.0767803529451956,0.05588771353012649,0.2708803611738149,0.05599227799227797,0.2746425884123401,0.002999,0.0,0.0016565,0.00018,0.9999939799308777,0.0,0.0,0.002054,0.0001995,0.9999992847442627,0.009082973934710026,2000000
27599,-1.8775463104248047e-05,0.9989768266677856,0.0029295,1.0573895720515174,0.05758178603006183,0.2742663656884876,0.05599227799227797,0.2746425884123401,0.0029295,0.0,0.0019575,0.000212,0.9999983310699463,0.0,0.0,0.002054,0.0001995,0.9999992847442627,0.008635269477963448,2000000
27699,-9.834766387939453e-05,1.0003324747085571,0.003436,1.0245581888017425,0.05698978458805239,0.272385252069225,0.05599227799227797,0.2746425884123401,0.003436,0.0,0.002064,0.000214,0.9999998807907104,0.0,0.0,0.002054,0.0001995,0.9999992847442627,0.008776090107858181,2000000
27799,3.045797348022461e-05,1.000126838684082,0.002777,1.0177029558471609,0.05628146388370378,0.2622272385252069,0.05599227799227797,0.2746425884123401,0.002777,0.0,0.002145,0.0002255,0.9999959468841553,0.0,0.0,0.002054,0.0001995,0.9999992847442627,0.008838504552841187,2000000
27899,0.0008751749992370605,1.0015335083007812,0.0027025,1.033810105323571,0.05454545454545458,0.2614747930775019,0.05599227799227797,0.2746425884123401,0.0027025,0.0,0.001691,0.000189,0.9999985694885254,0.0,0.0,0.002054,0.0001995,0.9999992847442627,0.00911641400307417,2000000
27999,0.00013065338134765625,1.0011811256408691,0.003094,0.9833281463264918,0.05528134853262182,0.26749435665914223,0.05599227799227797,0.2746425884123401,0.003094,0.0,0.0020445,0.000227,0.9999990463256836,0.0,0.0,0.002054,0.0001995,0.9999992847442627,0.008848841302096844,2000000
28099,0.0010991692543029785,1.001470685005188,0.002797500000000064,1.0320055903478997,0.05595690034483814,0.27200902934537247,0.05599227799227797,0.2746425884123401,0.0026175,0.0,0.0022375,0.000229,0.9999914169311523,0.0,0.0,0.002054,0.0001995,0.9999992847442627,0.008702020160853863,2000000
28199,-4.076957702636719e-05,0.9992254376411438,0.0033025,1.0188981389776175,0.0553846153846154,0.2742663656884876,0.05599227799227797,0.2746425884123401,0.003301,0.0,0.001872,0.000226,0.9999980926513672,0.0,0.0,0.002054,0.0001995,0.9999992847442627,0.008718189783394337,2000000
28299,-9.295344352722168e-05,0.999709963798523,0.0030915,1.013724503685117,0.0559049888658827,0.24830699774266365,0.05599227799227797,0.2746425884123401,0.0030915,0.0,0.001873,0.0002125,0.9999998807907104,0.0,0.0,0.002054,0.0001995,0.9999992847442627,0.008859382942318916,2000000
28399,0.0004234611988067627,1.0003513097763062,0.0026095,1.0732877854107274,0.05496601798424014,0.2547027840481565,0.05599227799227797,0.2746425884123401,0.002609,0.0,0.001719,0.000199,0.9999953508377075,0.0,0.0,0.002054,0.0001995,0.9999992847442627,0.008514456450939178,2000000
28499,-9.47117805480957e-05,0.9999924898147583,0.0026165,1.0260395754556417,0.05479452054794524,0.2633559066967645,0.05599227799227797,0.2746425884123401,0.0026165,0.0,0.001988,0.0002225,0.9999974966049194,0.0,0.0,0.002054,0.0001995,0.9999992847442627,0.008778581395745277,2000000
28599,0.0006947219371795654,1.0015144348144531,0.0027865,0.9997827674968935,0.05603738317757011,0.2516930022573363,0.05599227799227797,0.2746425884123401,0.0027865,0.0,0.0020465,0.0002195,0.9999991655349731,0.0,0.0,0.002054,0.0001995,0.9999992847442627,0.00866260752081871,2000000
28699,0.0003871321678161621,0.9998822808265686,0.0027115,1.0146584783509651,0.056346472118080075,0.2622272385252069,0.05599227799227797,0.2746425884123401,0.0027115,0.0,0.0018955,0.000204,0.9999978542327881,0.0,0.0,0.002054,0.0001995,0.9999992847442627,0.008759692311286926,2000000
28799,0.00032132863998413086,1.0007388591766357,0.002473,1.0415798872338808,0.0547604443535746,0.2580887885628292,0.05599227799227797,0.2746425884123401,0.002473,0.0,0.0021145,0.0002075,0.9999980926513672,0.0,0.0,0.002054,0.0001995,0.9999992847442627,0.008904920890927315,2000000
28899,-0.0005521476268768311,0.998813807964325,0.003033,0.985784825149467,0.054616477272727296,0.26486079759217457,0.05599227799227797,0.2746425884123401,0.003033,0.0,0.0021815,0.000219,0.9999996423721313,0.0,0.0,0.002054,0.0001995,0.9999992847442627,0.009002252481877804,2000000
28999,0.0008109211921691895,1.001326322555542,0.0023695,1.0104663475158173,0.056001577724204984,0.2547027840481565,0.05599227799227797,0.2746425884123401,0.0023695,0.0,0.002305,0.000241,0.9999972581863403,0.0,0.0,0.002054,0.0001995,0.9999992847442627,0.00884753093123436,2000000
29099,0.00011485815048217773,1.0003987550735474,0.002504,1.0061436311852312,0.05607486631016049,0.26072234762979685,0.05599227799227797,0.2746425884123401,0.002504,0.0,0.001982,0.0002105,0.9999954700469971,0.0,0.0,0.002054,0.0001995,0.9999992847442627,0.008672529831528664,2000000
29199,0.0008240044116973877,1.0024720430374146,0.0023145,1.0408963619639076,0.05612727081801952,0.2656132430398796,0.05599227799227797,0.2746425884123401,0.0023145,0.0,0.002163,0.0002275,0.9999996423721313,0.0,0.0,0.002054,0.0001995,0.9999992847442627,0.008731859736144543,2000000
29299,0.00027185678482055664,1.0015907287597656,0.0024875,1.0841538438054936,0.0548482406661294,0.2580887885628292,0.05599227799227797,0.2746425884123401,0.0024875,0.0,0.001889,0.000202,0.9999995231628418,0.0,0.0,0.002054,0.0001995,0.9999992847442627,0.00859989132732153,2000000
29399,-0.000528872013092041,0.9984599351882935,0.0025845,1.028663942447701,0.05578225695872751,0.26486079759217457,0.05599227799227797,0.2746425884123401,0.0025845,0.0,0.001974,0.0001995,0.999998927116394,0.0,0.0,0.002054,0.0001995,0.9999992847442627,0.008866457268595695,2000000
29499,0.00035631656646728516,1.0006178617477417,0.00345,1.0688362712799218,0.05539784715242563,0.26749435665914223,0.05599227799227797,0.2746425884123401,0.0034495,0.0,0.0017205,0.0001915,0.9999995231628418,0.0,0.0,0.002054,0.0001995,0.9999992847442627,0.008776767179369926,2000000
29599,-0.0005764961242675781,0.999238133430481,0.0036365,1.0483293979621657,0.05663154094992155,0.27313769751693,0.05599227799227797,0.2746425884123401,0.003636,0.0,0.001874,0.0002115,0.9999992847442627,0.0,0.0,0.002054,0.0001995,0.9999992847442627,0.008731978945434093,2000000
29699,-0.00045949220657348633,0.9994016885757446,0.0025865,0.9802643310784067,0.054758473994785214,0.2633559066967645,0.05599227799227797,0.2746425884123401,0.0025865,0.0,0.002033,0.000203,0.9999983310699463,0.0,0.0,0.002054,0.0001995,0.9999992847442627,0.008904795162379742,2000000
29799,0.00043699145317077637,1.0005913972854614,0.002625,1.0540749227776145,0.05555555555555567,0.2697516930022573,0.05599227799227797,0.2746425884123401,0.002625,0.0,0.001925,0.0002055,0.9999949932098389,0.0,0.0,0.002054,0.0001995,0.9999992847442627,0.00841466523706913,2000000
29899,-0.00028136372566223145,1.0002697706222534,0.002644,0.9802499372717078,0.05780459541658384,0.25696012039127164,0.05599227799227797,0.2746425884123401,0.002644,0.0,0.0021255,0.000212,0.9999990463256836,0.0,0.0,0.002054,0.0001995,0.9999992847442627,0.009170464240014553,2000000
29999,7.024407386779785e-05,1.0004849433898926,0.0022845,0.9920677307033291,0.05769230769230768,0.26636568848758463,0.05599227799227797,0.2746425884123401,0.0022845,0.0,0.002012,0.0002205,0.9999992847442627,0.0,0.0,0.002054,0.0001995,0.9999992847442627,0.00872928649187088,2000000
30099,0.0003643929958343506,1.0013346672058105,0.002328,0.9947840393915357,0.056394820536119994,0.2626034612490594,0.05599227799227797,0.2746425884123401,0.002328,0.0,0.001932,0.0002165,0.9999978542327881,0.0,0.0,0.002054,0.0001995,0.9999992847442627,0.008950945921242237,2000000
30199,0.000352323055267334,1.0001022815704346,0.0021855,1.0084823295554097,0.05643761200716847,0.26636568848758463,0.05599227799227797,0.2746425884123401,0.0021855,0.0,0.0018175,0.000208,0.9999942779541016,0.0,0.0,0.002054,0.0001995,0.9999992847442627,0.008536765351891518,2000000
30299,5.942583084106445e-05,0.9988746047019958,0.0023165,1.0692454332100596,0.05499107925852007,0.26448457486832205,0.05599227799227797,0.2746425884123401,0.0023165,0.0,0.00176,0.00019,0.9999998807907104,0.0,0.0,0.002054,0.0001995,0.9999992847442627,0.008551687002182007,2000000
30399,-0.00020965933799743652,0.9997721314430237,0.002375,1.0614547080734074,0.0552003357780813,0.26674191121143714,0.05599227799227797,0.2746425884123401,0.002375,0.0,0.002057,0.0002155,0.9999994039535522,0.0,0.0,0.002054,0.0001995,0.9999992847442627,0.008961435407400131,2000000
30499,0.0002719461917877197,1.0012075901031494,0.0022665,1.1521539960131402,0.05750275547157928,0.27389014296463504,0.05599227799227797,0.2746425884123401,0.002266,0.0,0.001901,0.0002,0.9999997615814209,0.0,0.0,0.002054,0.0001995,0.9999992847442627,0.008722251281142235,2000000
30599,-0.0003765225410461426,0.9985079765319824,0.002535,1.1101820373385618,0.053986727515494486,0.2547027840481565,0.05599227799227797,0.2746425884123401,0.002535,0.0,0.001721,0.000182,0.9999982118606567,0.0,0.0,0.002054,0.0001995,0.9999992847442627,0.008694550022482872,2000000
30699,0.0005346834659576416,0.9994720816612244,0.0022325,1.1252986926794242,0.0586526956059297,0.26636568848758463,0.05599227799227797,0.2746425884123401,0.0022325,0.0,0.0018705,0.0002175,0.9999957084655762,0.0,0.0,0.002054,0.0001995,0.9999992847442627,0.008785173296928406,2000000
30799,-4.222989082336426e-05,0.9980630278587341,0.0026530000000000026,1.1811717835739006,0.05832570089567149,0.28103837471783294,0.05599227799227797,0.2746425884123401,0.0023395,0.0,0.002288,0.000243,0.9999974966049194,0.0,0.0,0.002054,0.0001995,0.9999992847442627,0.009114023298025131,2000000
30899,0.0007662475109100342,1.0012390613555908,0.0021435,1.3679927486088974,0.05669828992688376,0.2671181339352897,0.05599227799227797,0.2746425884123401,0.0021435,0.0,0.001314,0.000129,0.9999946355819702,0.0,0.0,0.002054,0.0001995,0.9999992847442627,0.009162884205579758,2000000
30999,-6.949901580810547e-05,1.0016818046569824,0.0025625,1.1274080859703495,0.05689839832530058,0.26824680210684726,0.05599227799227797,0.2746425884123401,0.0025625,0.0,0.0018335,0.000187,0.9999985694885254,0.0,0.0,0.002054,0.0001995,0.9999992847442627,0.008988491259515285,2000000
31099,7.638335227966309e-05,1.000124216079712,0.002365,1.075767522341272,0.05697365971705138,0.2614747930775019,0.05599227799227797,0.2746425884123401,0.002365,0.0,0.001879,0.000195,0.9999904632568359,0.0,0.0,0.002054,0.0001995,0.9999992847442627,0.008736681193113327,2000000
31199,0.0002956390380859375,1.0015143156051636,0.0024305,1.0937352620949061,0.055891487029594414,0.25696012039127164,0.05599227799227797,0.2746425884123401,0.0024305,0.0,0.0020525,0.000232,0.9999984502792358,0.0,0.0,0.002054,0.0001995,0.9999992847442627,0.008919310756027699,2000000
31299,1.773238182067871e-05,1.0017961263656616,0.0022875,1.1331243462588052,0.05734767025089609,0.2727614747930775,0.05599227799227797,0.2746425884123401,0.002287,0.0,0.001892,0.0002065,0.9999997615814209,0.0,0.0,0.002054,0.0001995,0.9999992847442627,0.008585833944380283,2000000
31399,0.00016298890113830566,0.9999537467956543,0.0024805,1.1070503306923012,0.05714285714285705,0.27012791572610984,0.05599227799227797,0.2746425884123401,0.0024805,0.0,0.001914,0.000194,0.9999953508377075,0.0,0.0,0.002054,0.0001995,0.9999992847442627,0.0090476144105196,2000000
31499,0.00017720460891723633,1.0004262924194336,0.002854,1.1682968528200937,0.05817185674576006,0.27050413844996235,0.05599227799227797,0.2746425884123401,0.002854,0.0,0.001602,0.0001715,0.9999991655349731,0.0,0.0,0.002054,0.0001995,0.9999992847442627,0.008754498325288296,2000000
31599,0.00044977664947509766,0.9994470477104187,0.0027185,1.0144158477831442,0.0557079804365979,0.2633559066967645,0.05599227799227797,0.2746425884123401,0.0027185,0.0,0.001969,0.0002005,0.9999998807907104,0.0,0.0,0.002054,0.0001995,0.9999992847442627,0.008663447573781013,2000000
31699,0.0011820495128631592,1.000773549079895,0.0023675000000000224,1.1295185603698776,0.05612244897959182,0.2686230248306998,0.05599227799227797,0.2746425884123401,0.0019315,0.0,0.00194,0.0002145,0.999997615814209,0.0,0.0,0.002054,0.0001995,0.9999992847442627,0.008643798530101776,2000000
31799,0.00020313262939453125,0.9998911023139954,0.0031265,1.127585441394372,0.05903575577642957,0.2832957110609481,0.05599227799227797,0.2746425884123401,0.003126,0.0,0.0018025,0.000194,0.9999978542327881,0.0,0.0,0.002054,0.0001995,0.9999992847442627,0.008667205460369587,2000000
31899,0.0005989968776702881,1.000302791595459,0.002104,1.1249569603473049,0.055914516375560976,0.27765237020316025,0.05599227799227797,0.2746425884123401,0.002104,0.0,0.001847,0.000196,0.9999997615814209,0.0,0.0,0.002054,0.0001995,0.9999992847442627,0.008672315627336502,2000000
31999,-2.1845102310180664e-05,1.0008020401000977,0.0022795,1.0761616373366265,0.05609860766736599,0.272385252069225,0.05599227799227797,0.2746425884123401,0.0022795,0.0,0.0019245,0.0002015,0.9999984502792358,0.0,0.0,0.002054,0.0001995,0.9999992847442627,0.008842331357300282,2000000
32099,0.0007564425468444824,1.0011945962905884,0.0021775,1.0954749814408322,0.05800336438923395,0.27501881113619264,0.05599227799227797,0.2746425884123401,0.0021775,0.0,0.0020255,0.0002145,0.9999940395355225,0.0,0.0,0.002054,0.0001995,0.9999992847442627,0.008943538181483746,2000000
32199,-0.00012636184692382812,1.0006043910980225,0.0035045,1.115315776080627,0.05700638236355344,0.27125658389766744,0.05599227799227797,0.2746425884123401,0.0035045,0.0,0.0019075,0.000205,0.9999988079071045,0.0,0.0,0.002054,0.0001995,0.9999992847442627,0.008656011894345284,2000000
32299,0.0003198683261871338,1.0019423961639404,0.002216,1.0852730121614376,0.05626525057752983,0.2742663656884876,0.05599227799227797,0.2746425884123401,0.002216,0.0,0.0019695,0.000199,0.9999984502792358,0.0,0.0,0.002054,0.0001995,0.9999992847442627,0.008884485810995102,2000000
32399,-0.000606238842010498,0.9989268779754639,0.0027315,1.1297307849295488,0.05660377358490563,0.26072234762979685,0.05599227799227797,0.2746425884123401,0.0027315,0.0,0.0016475,0.000182,0.9999961853027344,0.0,0.0,0.002054,0.0001995,0.9999992847442627,0.00884931068867445,2000000
32499,3.74913215637207e-05,1.0008761882781982,0.0025545,1.179042172135478,0.05714285714285712,0.27163280662151995,0.05599227799227797,0.2746425884123401,0.0025535,0.0,0.0016095,0.00017,0.9999957084655762,0.0,0.0,0.002054,0.0001995,0.9999992847442627,0.008585379458963871,2000000
32599,0.0005072653293609619,1.0004570484161377,0.0019225,1.0901553391253667,0.05638694638694637,0.2652370203160271,0.05599227799227797,0.2746425884123401,0.0019225,0.0,0.001881,0.0002055,0.9999985694885254,0.0,0.0,0.002054,0.0001995,0.9999992847442627,0.008778820745646954,2000000
32699,-0.0002950727939605713,0.9998862743377686,0.002253,1.229136615002183,0.054707424697832054,0.26824680210684726,0.05599227799227797,0.2746425884123401,0.002253,0.0,0.0014745,0.000152,0.9999974966049194,0.0,0.0,0.002054,0.0001995,0.9999992847442627,0.009174793027341366,2000000
32799,-0.0004096031188964844,0.9993268847465515,0.0020235,1.02743407177392,0.05640061692693268,0.2652370203160271,0.05599227799227797,0.2746425884123401,0.0020235,0.0,0.0018975,0.0002035,0.9999961853027344,0.0,0.0,0.002054,0.0001995,0.9999992847442627,0.008865495212376118,2000000
32899,2.9653310775756836e-05,1.0003482103347778,0.0017485,1.1181799264149794,0.05617977528089895,0.2686230248306998,0.05599227799227797,0.2746425884123401,0.0017485,0.0,0.0016755,0.0001825,0.9999994039535522,0.0,0.0,0.002054,0.0001995,0.9999992847442627,0.009141504764556885,2000000
32999,-0.00020945072174072266,1.0005288124084473,0.0020125000000000004,1.1357279764823827,0.05780072236180902,0.2765237020316027,0.05599227799227797,0.2746425884123401,0.001985,0.0,0.001607,0.0001665,0.9999998807907104,0.0,0.0,0.002054,0.0001995,0.9999992847442627,0.008904010988771915,2000000
33099,0.0005834400653839111,1.0001660585403442,0.0018205,1.0510842018798385,0.055180025881099194,0.26448457486832205,0.05599227799227797,0.2746425884123401,0.0018205,0.0,0.001703,0.000193,0.9999982118606567,0.0,0.0,0.002054,0.0001995,0.9999992847442627,0.008885540068149567,2000000
33199,0.0005016624927520752,1.0012868642807007,0.0019025,1.0450200048469873,0.05765971316818776,0.27200902934537247,0.05599227799227797,0.2746425884123401,0.0019025,0.0,0.0017285,0.0001905,0.9999990463256836,0.0,0.0,0.002054,0.0001995,0.9999992847442627,0.008882318623363972,2000000
33299,0.0005716681480407715,1.0019840002059937,0.001798,1.0428054674765574,0.056421301274767105,0.27125658389766744,0.05599227799227797,0.2746425884123401,0.001798,0.0,0.001962,0.0002275,0.9999994039535522,0.0,0.0,0.002054,0.0001995,0.9999992847442627,0.008712892420589924,2000000
33399,0.00039273500442504883,1.000434160232544,0.0019575,1.1118244543702451,0.05797101449275369,0.2761474793077502,0.05599227799227797,0.2746425884123401,0.001957,0.0,0.001599,0.000168,0.9999990463256836,0.0,0.0,0.002054,0.0001995,0.9999992847442627,0.008937429636716843,2000000
33499,9.563565254211426e-05,0.9992018938064575,0.0028840000000000003,1.0506519657672575,0.058574512778620594,0.27389014296463504,0.05599227799227797,0.2746425884123401,0.0018535,0.0,0.001929,0.0002055,0.9999980926513672,0.0,0.0,0.002054,0.0001995,0.9999992847442627,0.008711571805179119,2000000
33599,0.0003968179225921631,1.0012321472167969,0.001983,1.0055876145960303,0.0565610859728507,0.2689992475545523,0.05599227799227797,0.2746425884123401,0.001983,0.0,0.0018885,0.000212,0.9999990463256836,0.0,0.0,0.002054,0.0001995,0.9999992847442627,0.008960858918726444,2000000
33699,0.00021797418594360352,0.9989089965820312,0.0037155,1.2406763612463547,0.05823272098120358,0.2768999247554552,0.05599227799227797,0.2746425884123401,0.0020045,0.0,0.001447,0.0001465,0.999997615814209,0.0,0.0,0.002054,0.0001995,0.9999992847442627,0.008793452754616737,2000000
33799,-7.677078247070312e-05,1.0000967979431152,0.003442500000000001,1.0347984318288193,0.05944801278994756,0.2870579382994733,0.05599227799227797,0.2746425884123401,0.002241,0.0,0.0017065,0.000193,0.9999974966049194,0.0,0.0,0.002054,0.0001995,0.9999992847442627,0.008793423883616924,2000000
33899,0.0004214644432067871,1.000293254852295,0.0028945000000000004,1.078118167158919,0.05799103210825535,0.27389014296463504,0.05599227799227797,0.2746425884123401,0.002254,0.0,0.001694,0.000188,0.9999996423721313,0.0,0.0,0.002054,0.0001995,0.9999992847442627,0.008634564466774464,2000000
33999,-6.562471389770508e-05,0.9994816184043884,0.0022375,1.0906459392017014,0.058035714285714246,0.2659894657637321,0.05599227799227797,0.2746425884123401,0.0022375,0.0,0.0016205,0.0001755,0.9999986886978149,0.0,0.0,0.002054,0.0001995,0.9999992847442627,0.008996249176561832,2000000
34099,5.9723854064941406e-05,1.00077223777771,0.002288,1.0259973339002382,0.05788217975075515,0.2802859292701279,0.05599227799227797,0.2746425884123401,0.002288,0.0,0.001832,0.000185,0.9999971389770508,0.0,0.0,0.002054,0.0001995,0.9999992847442627,0.008734957315027714,2000000
34199,0.00037041306495666504,1.0005226135253906,0.0029325,0.9994377508287122,0.05952380952380952,0.2832957110609481,0.05599227799227797,0.2746425884123401,0.0023675,0.0,0.001653,0.000179,0.9999978542327881,0.0,0.0,0.002054,0.0001995,0.9999992847442627,0.008961781859397888,2000000
34299,-6.526708602905273e-05,1.0002872943878174,0.002408,0.9948482955061928,0.056933142262483624,0.26448457486832205,0.05599227799227797,0.2746425884123401,0.002408,0.0,0.001815,0.000196,0.9999991655349731,0.0,0.0,0.002054,0.0001995,0.9999992847442627,0.009042727760970592,2000000
34399,7.37309455871582e-05,0.9992653131484985,0.002088,1.028926632286316,0.057481276783211216,0.27501881113619264,0.05599227799227797,0.2746425884123401,0.002088,0.0,0.0017995,0.0001765,0.9999995231628418,0.0,0.0,0.002054,0.0001995,0.9999992847442627,0.00880147609859705,2000000
34499,0.0002833902835845947,1.001103401184082,0.0025989999999999997,1.0610438078532667,0.05810202550637658,0.26448457486832205,0.05599227799227797,0.2746425884123401,0.002225,0.0,0.00179,0.0001715,0.9999994039535522,0.0,0.0,0.002054,0.0001995,0.9999992847442627,0.00913850124925375,2000000
34599,0.00016292929649353027,0.9998506903648376,0.0021415,0.9955688197280327,0.0560086734469246,0.26072234762979685,0.05599227799227797,0.2746425884123401,0.0021415,0.0,0.0021925,0.000227,0.9999964237213135,0.0,0.0,0.002054,0.0001995,0.9999992847442627,0.008654143661260605,2000000
34699,0.00016319751739501953,1.0013272762298584,0.002341,1.0637672744251951,0.05687203791469191,0.26674191121143714,0.05599227799227797,0.2746425884123401,0.002341,0.0,0.0017295,0.0001795,0.9999996423721313,0.0,0.0,0.002054,0.0001995,0.9999992847442627,0.008890083059668541,2000000
34799,3.7610530853271484e-05,1.0004926919937134,0.0029275000000000004,1.0195681931811558,0.05623744979919668,0.27163280662151995,0.05599227799227797,0.2746425884123401,0.0023225,0.0,0.001934,0.0001945,0.9999969005584717,0.0,0.0,0.002054,0.0001995,0.9999992847442627,0.008727245032787323,2000000
34899,-0.00017240643501281738,0.9998964071273804,0.002616,1.0746101883894659,0.05660377358490563,0.26749435665914223,0.05599227799227797,0.2746425884123401,0.0026155,0.0,0.001773,0.000183,0.9999995827674866,0.0,0.0,0.002054,0.0001995,0.9999992847442627,0.00891021452844143,2000000
34999,0.00044405460357666016,0.999787449836731,0.002649,1.1085277198881913,0.058566452860340144,0.2622272385252069,0.05599227799227797,0.2746425884123401,0.0026485,0.0,0.001772,0.000181,0.9999948740005493,0.0,0.0,0.002054,0.0001995,0.9999992847442627,0.008993294090032578,2000000
35099,-0.00039499998092651367,1.0010501146316528,0.002933,1.0417896074969104,0.05714285714285724,0.2614747930775019,0.05599227799227797,0.2746425884123401,0.002933,0.0,0.0019365,0.0001975,0.999998927116394,0.0,0.0,0.002054,0.0001995,0.9999992847442627,0.008687426336109638,2000000
35199,-0.0005024075508117676,1.0002524852752686,0.002752,1.0261089596757254,0.05817185674576006,0.2727614747930775,0.05599227799227797,0.2746425884123401,0.002752,0.0,0.002088,0.000217,0.9999980926513672,0.0,0.0,0.002054,0.0001995,0.9999992847442627,0.008802756667137146,2000000
35299,0.00029221177101135254,1.001373052597046,0.0027025,1.0231408902590744,0.05798782743199167,0.26636568848758463,0.05599227799227797,0.2746425884123401,0.0027025,0.0,0.0018625,0.0002085,0.9999902248382568,0.0,0.0,0.002054,0.0001995,0.9999992847442627,0.008970414288341999,2000000
35399,0.0004343688488006592,1.0013247728347778,0.0025405,1.0266728052941005,0.058240137642865925,0.2633559066967645,0.05599227799227797,0.2746425884123401,0.0025405,0.0,0.0021365,0.000239,0.999998927116394,0.0,0.0,0.002054,0.0001995,0.9999992847442627,0.008849832229316235,2000000
35499,-0.0003357827663421631,0.9993505477905273,0.002654,1.044219095634212,0.05697365971705138,0.2584650112866817,0.05599227799227797,0.2746425884123401,0.002654,0.0,0.0018935,0.000205,0.9999961853027344,0.0,0.0,0.002054,0.0001995,0.9999992847442627,0.008639605715870857,2000000
35599,-0.0006625652313232422,1.0003130435943604,0.002686,1.0297709151548236,0.055128579777907555,0.2558314522197141,0.05599227799227797,0.2746425884123401,0.002686,0.0,0.0017985,0.000189,0.9999916553497314,0.0,0.0,0.002054,0.0001995,0.9999992847442627,0.0089115584269166,2000000
35699,-0.0004919767379760742,0.9999633431434631,0.002474,1.0414918158961026,0.05769230769230782,0.26636568848758463,0.05599227799227797,0.2746425884123401,0.0024735,0.0,0.0017965,0.000193,0.9999957084655762,0.0,0.0,0.002054,0.0001995,0.9999992847442627,0.00875327829271555,2000000
35799,0.0006142854690551758,1.0002084970474243,0.002245,1.0175205726598502,0.05822674269276222,0.2671181339352897,0.05599227799227797,0.2746425884123401,0.002245,0.0,0.001817,0.000191,0.9999933242797852,0.0,0.0,0.002054,0.0001995,0.9999992847442627,0.00866718403995037,2000000
35899,-0.0006031990051269531,0.999655544757843,0.0024275,1.0329629309506425,0.053333333333333344,0.24567343867569602,0.05599227799227797,0.2746425884123401,0.002427,0.0,0.001972,0.000205,0.9999984502792358,0.0,0.0,0.002054,0.0001995,0.9999992847442627,0.009120962582528591,2000000
35999,0.0010299980640411377,1.000751256942749,0.002284,1.0373659947142246,0.05714285714285719,0.26486079759217457,0.05599227799227797,0.2746425884123401,0.0022835,0.0,0.0019655,0.0001925,0.9999996423721313,0.0,0.0,0.002054,0.0001995,0.9999992847442627,0.008954541757702827,2000000
36099,-0.000183790922164917,0.9999197721481323,0.002492,1.002236716245683,0.05716839014426152,0.25921745673438673,0.05599227799227797,0.2746425884123401,0.002492,0.0,0.0021645,0.000191,0.9999988079071045,0.0,0.0,0.002054,0.0001995,0.9999992847442627,0.008654017001390457,2000000
36199,-0.00012230873107910156,1.0007846355438232,0.0024705,1.0594064185459982,0.0563613855604605,0.26636568848758463,0.05599227799227797,0.2746425884123401,0.0024705,0.0,0.001844,0.000185,0.999997615814209,0.0,0.0,0.002054,0.0001995,0.9999992847442627,0.008594573475420475,2000000
36299,-0.0004438161849975586,0.999778151512146,0.002636,1.1191847467181772,0.0552047645605927,0.26109857035364936,0.05599227799227797,0.2746425884123401,0.002636,0.0,0.00167,0.0001855,0.9999983310699463,0.0,0.0,0.002054,0.0001995,0.9999992847442627,0.00880479160696268,2000000
36399,-0.00020942091941833496,1.000493049621582,0.0028465,1.1251957247880846,0.05706883789785348,0.2689992475545523,0.05599227799227797,0.2746425884123401,0.002846,0.0,0.001688,0.000186,0.9999995231628418,0.0,0.0,0.002054,0.0001995,0.9999992847442627,0.008465603925287724,2000000
36499,-0.0005313456058502197,1.0006828308105469,0.002472,1.111317644699011,0.05637594049987034,0.2671181339352897,0.05599227799227797,0.2746425884123401,0.002472,0.0,0.0017215,0.000178,0.9999977946281433,0.0,0.0,0.002054,0.0001995,0.9999992847442627,0.008865293115377426,2000000
36599,-3.528594970703125e-05,1.0002294778823853,0.0024155,1.1040140653807498,0.0561498329767669,0.2633559066967645,0.05599227799227797,0.2746425884123401,0.0024155,0.0,0.0017895,0.000189,0.9999977350234985,0.0,0.0,0.002054,0.0001995,0.9999992847442627,0.008686971850693226,2000000
36699,-6.982684135437012e-05,1.0001355409622192,0.002597,1.1419587583439104,0.05803778292639462,0.27840481565086533,0.05599227799227797,0.2746425884123401,0.002597,0.0,0.0017035,0.0001765,0.9999973773956299,0.0,0.0,0.002054,0.0001995,0.9999992847442627,0.00877160020172596,2000000
36799,-0.0009368062019348145,0.99969482421875,0.0026645,1.197514746242366,0.05692750677506768,0.2686230248306998,0.05599227799227797,0.2746425884123401,0.0026645,5e-07,0.001549,0.0001615,1.0,0.0,0.0,0.002054,0.0001995,0.9999992847442627,0.008969556540250778,2000000
36899,0.00026723742485046387,1.0010831356048584,0.0025610000000000008,1.1423904964702558,0.05699210030342315,0.2735139202407825,0.05599227799227797,0.2746425884123401,0.002527,0.0,0.0017635,0.000191,0.9999971985816956,0.0,0.0,0.002054,0.0001995,0.9999992847442627,0.008861904963850975,2000000
36999,-8.51750373840332e-05,0.9992994666099548,0.0034705000000000005,1.1419425221942379,0.056670681118693986,0.27012791572610984,0.05599227799227797,0.2746425884123401,0.0025465,0.0,0.0017265,0.000181,0.9999971389770508,0.0,0.0,0.002054,0.0001995,0.9999992847442627,0.008772501721978188,2000000
37099,1.3083219528198242e-05,0.9989222288131714,0.0033030000000000004,1.1552750341103668,0.05714285714285712,0.27501881113619264,0.05599227799227797,0.2746425884123401,0.0025195,0.0,0.001865,0.0001875,0.9999983310699463,0.0,0.0,0.002054,0.0001995,0.9999992847442627,0.008947615511715412,2000000
37199,-6.67870044708252e-05,1.0002893209457397,0.0028325,1.1303330370979259,0.05748717414516007,0.27125658389766744,0.05599227799227797,0.2746425884123401,0.002832,0.0,0.002037,0.0002085,0.9999983310699463,0.0,0.0,0.002054,0.0001995,0.9999992847442627,0.008795916102826595,2000000
37299,0.0006733536720275879,1.0018237829208374,0.002804,1.1787894957044023,0.05662219929245281,0.2746425884123401,0.05599227799227797,0.2746425884123401,0.002804,0.0,0.001816,0.000181,0.999995231628418,0.0,0.0,0.002054,0.0001995,0.9999992847442627,0.008530394174158573,2000000
37399,0.00047320127487182617,1.0024527311325073,0.002577,1.1413610897773105,0.058788263506841555,0.26636568848758463,0.05599227799227797,0.2746425884123401,0.002577,0.0,0.0020145,0.000205,0.9999985694885254,0.0,0.0,0.002054,0.0001995,0.9999992847442627,0.008725904859602451,2000000
37499,-0.0002891421318054199,0.998953104019165,0.0025615,1.179376623875096,0.05798782743199169,0.28254326561324306,0.05599227799227797,0.2746425884123401,0.0025615,0.0,0.002026,0.0002015,0.9999979734420776,0.0,0.0,0.002054,0.0001995,0.9999992847442627,0.00883862841874361,2000000
37599,-0.0003700852394104004,0.9986597299575806,0.0029575,1.2066588839561025,0.059156491600612676,0.2942061700526712,0.05599227799227797,0.2746425884123401,0.0029575,0.0,0.001953,0.0002,0.9999995231628418,0.0,0.0,0.002054,0.0001995,0.9999992847442627,0.008960378356277943,2000000
37699,-0.0007103979587554932,0.9995542764663696,0.0030415,1.2178880469103843,0.05753097202748976,0.2836719337848006,0.05599227799227797,0.2746425884123401,0.0030415,0.0,0.001864,0.000194,0.999992847442627,0.0,0.0,0.002054,0.0001995,0.9999992847442627,0.00886827427893877,2000000
37799,-0.00031745433807373047,0.9992136359214783,0.002655,1.1576770926965363,0.059125558360846694,0.2874341610233258,0.05599227799227797,0.2746425884123401,0.002655,0.0,0.002123,0.000207,0.9999939203262329,0.0,0.0,0.002054,0.0001995,0.9999992847442627,0.00905072595924139,2000000
37899,0.0005775392055511475,1.0008798837661743,0.0038850000000000004,1.179288743483113,0.056410349129436446,0.27765237020316025,0.05599227799227797,0.2746425884123401,0.002475,0.0,0.002134,0.0002135,0.9999994039535522,0.0,0.0,0.002054,0.0001995,0.9999992847442627,0.008832455612719059,2000000
37999,-0.00020188093185424805,0.999259889125824,0.002795500000000001,1.1160931208553824,0.05806451612903227,0.28480060195635815,0.05599227799227797,0.2746425884123401,0.0023095,0.0,0.0019055,0.0001935,0.9999995231628418,0.0,0.0,0.002054,0.0001995,0.9999992847442627,0.008874275721609592,2000000
38099,-0.00010064244270324707,1.0011074542999268,0.0027485,1.1115273772949534,0.05472964211618264,0.27163280662151995,0.05599227799227797,0.2746425884123401,0.0027485,0.0,0.00187,0.0001835,0.9999991059303284,0.0,0.0,0.002054,0.0001995,0.9999992847442627,0.008964654058218002,2000000
38199,4.556775093078613e-05,0.9999439120292664,0.0028235,1.0309088819494547,0.05792069243156196,0.2761474793077502,0.05599227799227797,0.2746425884123401,0.0028235,0.0,0.0019065,0.0001855,0.9999854564666748,0.0,0.0,0.002054,0.0001995,0.9999992847442627,0.00882695708423853,2000000
38299,-5.558133125305176e-05,0.9999178647994995,0.0027645,1.0902839869331684,0.05657952175389246,0.2735139202407825,0.05599227799227797,0.2746425884123401,0.0027645,0.0,0.001914,0.0001775,0.9999991655349731,0.0,0.0,0.002054,0.0001995,0.9999992847442627,0.008778061717748642,2000000
38399,0.00037428736686706543,0.9994422793388367,0.002727,1.1262776903988714,0.05882352941176465,0.28442437923250563,0.05599227799227797,0.2746425884123401,0.002727,0.0,0.001871,0.0001845,0.9999986886978149,0.0,0.0,0.002054,0.0001995,0.9999992847442627,0.008779242634773254,2000000
38499,0.0006048083305358887,0.9994282126426697,0.0033760000000000005,1.1642403629795133,0.054968909527520274,0.26824680210684726,0.05599227799227797,0.2746425884123401,0.0024005,0.0,0.002158,0.0002085,0.9999983310699463,0.0,0.0,0.002054,0.0001995,0.9999992847442627,0.008709073998034,2000000
38599,-0.00019741058349609375,0.9986337423324585,0.0028085000000000002,1.1378985174331773,0.05749893351209699,0.27125658389766744,0.05599227799227797,0.2746425884123401,0.002258,0.0,0.0018295,0.0001905,0.9999982118606567,0.0,0.0,0.002054,0.0001995,0.9999992847442627,0.008988975547254086,2000000
38699,0.0001373887062072754,0.9993796348571777,0.002830000000000001,1.1611493419978844,0.057580682609705114,0.27163280662151995,0.05599227799227797,0.2746425884123401,0.0024295,0.0,0.002193,0.000219,0.9999887347221375,0.0,0.0,0.002054,0.0001995,0.9999992847442627,0.008901272900402546,2000000
38799,0.000590205192565918,0.9992669224739075,0.0024195,1.150251893066684,0.05670103092783503,0.2689992475545523,0.05599227799227797,0.2746425884123401,0.002419,5e-07,0.00203,0.000197,1.0,0.0,0.0,0.002054,0.0001995,0.9999992847442627,0.008895515464246273,2000000
38899,0.0004260838031768799,1.0007286071777344,0.002486,1.1780871040309264,0.05814407073509012,0.27727614747930773,0.05599227799227797,0.2746425884123401,0.002486,0.0,0.002126,0.0001965,0.9999970197677612,0.0,0.0,0.002054,0.0001995,0.9999992847442627,0.00879202876240015,2000000
38999,-0.0007221698760986328,0.9971906542778015,0.002425,1.179067719058401,0.0557587387339199,0.2708803611738149,0.05599227799227797,0.2746425884123401,0.0024245,0.0,0.00179,0.000199,0.9999960660934448,0.0,0.0,0.002054,0.0001995,0.9999992847442627,0.008787253871560097,2000000
39099,0.0005582869052886963,0.9999918937683105,0.002473,1.1649844462759598,0.056151112130245345,0.26749435665914223,0.05599227799227797,0.2746425884123401,0.002473,0.0,0.001828,0.000197,0.9999999403953552,0.0,0.0,0.002054,0.0001995,0.9999992847442627,0.008670520968735218,2000000
39199,0.0002611875534057617,1.0004312992095947,0.002255,1.1295413835900017,0.057271787531806576,0.27539503386004516,0.05599227799227797,0.2746425884123401,0.002255,0.0,0.0018565,0.000198,0.9999996423721313,0.0,0.0,0.002054,0.0001995,0.9999992847442627,0.009064019657671452,2000000
39299,-0.00024583935737609863,1.0000314712524414,0.0023115,1.1431572584372975,0.05681818181818183,0.27012791572610984,0.05599227799227797,0.2746425884123401,0.0023115,0.0,0.002015,0.0001915,0.9999979734420776,0.0,0.0,0.002054,0.0001995,0.9999992847442627,0.0088833998888731,2000000
39399,0.00027939677238464355,0.9988548755645752,0.003169,1.1747038136183112,0.05739554957155232,0.28216704288939054,0.05599227799227797,0.2746425884123401,0.002352,0.0,0.0019925,0.0001935,0.9999986886978149,0.0,0.0,0.002054,0.0001995,0.9999992847442627,0.008672838099300861,2000000
39499,5.739927291870117e-05,0.9990836977958679,0.0024105,1.145403642155414,0.05732484076433117,0.27765237020316025,0.05599227799227797,0.2746425884123401,0.00241,0.0,0.002046,0.0002015,0.9999967813491821,0.0,0.0,0.002054,0.0001995,0.9999992847442627,0.009257454425096512,2000000
39599,2.8908252716064453e-06,1.0000345706939697,0.0027795,1.1488246824497192,0.057197382769901974,0.27012791572610984,0.05599227799227797,0.2746425884123401,0.0027795,0.0,0.001828,0.0002065,0.9999980926513672,0.0,0.0,0.002054,0.0001995,0.9999992847442627,0.00869154091924429,2000000
39699,0.0001653730869293213,1.0002861022949219,0.0028360000000000017,1.153880702478344,0.057971014492753645,0.2727614747930775,0.05599227799227797,0.2746425884123401,0.0025855,0.0,0.0019175,0.000201,0.9999986886978149,0.0,0.0,0.002054,0.0001995,0.9999992847442627,0.008899694308638573,2000000
39799,0.0002847909927368164,1.0003812313079834,0.002942,1.2365891480084978,0.05807790121804314,0.27765237020316025,0.05599227799227797,0.2746425884123401,0.002942,0.0,0.0016435,0.000184,0.9999969005584717,0.0,0.0,0.002054,0.0001995,0.9999992847442627,0.008952995762228966,2000000
39899,-6.857514381408691e-05,0.9985137581825256,0.002641,1.1890129260628457,0.056982675548852016,0.2795334838224229,0.05599227799227797,0.2746425884123401,0.002641,0.0,0.0017545,0.0002,0.9999985694885254,0.0,0.0,0.002054,0.0001995,0.9999992847442627,0.008713946677744389,2000000
39999,-0.000321120023727417,0.9994780421257019,0.00276,1.1859488756006005,0.058863355768847866,0.2761474793077502,0.05599227799227797,0.2746425884123401,0.00276,0.0,0.001822,0.0001915,0.9999934434890747,0.0,0.0,0.002054,0.0001995,0.9999992847442627,0.008894157595932484,2000000
40099,-0.0004635751247406006,0.9986074566841125,0.003058,1.1293300905393717,0.05780648626070352,0.2626034612490594,0.05599227799227797,0.2746425884123401,0.003058,0.0,0.001843,0.000193,0.9999997615814209,0.0,0.0,0.002054,0.0001995,0.9999992847442627,0.008906371891498566,2000000
40199,0.0009460747241973877,1.0004088878631592,0.0026155,1.1604539096636708,0.05882352941176467,0.28141459744168545,0.05599227799227797,0.2746425884123401,0.0026155,0.0,0.00167,0.0001895,0.9999997615814209,0.0,0.0,0.002054,0.0001995,0.9999992847442627,0.008986367844045162,2000000
40299,6.616115570068359e-06,1.0003043413162231,0.002564,1.1094083424533543,0.05793505232495419,0.28291948833709557,0.05599227799227797,0.2746425884123401,0.002564,0.0,0.001699,0.0001955,0.9999991655349731,0.0,0.0,0.002054,0.0001995,0.9999992847442627,0.008887482807040215,2000000
40399,0.0003860294818878174,1.000862956047058,0.002477,1.1056325319135123,0.05653891673628512,0.2768999247554552,0.05599227799227797,0.2746425884123401,0.002477,0.0,0.001824,0.0002115,0.9999980926513672,0.0,0.0,0.002054,0.0001995,0.9999992847442627,0.008641866967082024,2000000
40499,0.0004115104675292969,0.9991443753242493,0.002726,1.1896864348307898,0.057274865591397876,0.27915726109857036,0.05599227799227797,0.2746425884123401,0.002726,0.0,0.0018335,0.000213,0.9999995231628418,0.0,0.0,0.002054,0.0001995,0.9999992847442627,0.00887808483093977,2000000
40599,-0.0002569854259490967,0.9984528422355652,0.00275,1.2056861857535703,0.05607476635514016,0.27727614747930773,0.05599227799227797,0.2746425884123401,0.00275,0.0,0.001478,0.00016,0.9999989867210388,0.0,0.0,0.002054,0.0001995,0.9999992847442627,0.008809615857899189,2000000
40699,-0.0005627572536468506,0.9990558624267578,0.002663,1.1280755096169597,0.05882352941176472,0.2806621519939804,0.05599227799227797,0.2746425884123401,0.002663,0.0,0.0016355,0.000195,0.9999966621398926,0.0,0.0,0.002054,0.0001995,0.9999992847442627,0.008789468556642532,2000000
40799,0.00020739436149597168,0.9994421005249023,0.002975,1.175461518060341,0.059715871509504484,0.2761474793077502,0.05599227799227797,0.2746425884123401,0.0025085,0.0,0.0015565,0.000176,0.9999986886978149,0.0,0.0,0.002054,0.0001995,0.9999992847442627,0.008874275721609592,2000000
40899,-0.00036594271659851074,0.9980847239494324,0.0025705,1.1411317911012648,0.059211740314999955,0.2832957110609481,0.05599227799227797,0.2746425884123401,0.0025705,0.0,0.0016355,0.0001765,0.999998927116394,0.0,0.0,0.002054,0.0001995,0.9999992847442627,0.008789261803030968,2000000
40999,-0.00116807222366333,0.9990510940551758,0.0032890000000000003,1.2599147636575148,0.056038842395471355,0.2742663656884876,0.05599227799227797,0.2746425884123401,0.002997,0.0,0.0016495,0.0001825,0.9999961853027344,0.0,0.0,0.002054,0.0001995,0.9999992847442627,0.008642093278467655,2000000
41099,0.00021830201148986816,0.9993114471435547,0.003188,1.1587427093888079,0.05586178079360245,0.27727614747930773,0.05599227799227797,0.2746425884123401,0.0023075,0.0,0.0016025,0.000173,0.9999961853027344,0.0,0.0,0.002054,0.0001995,0.9999992847442627,0.008995993994176388,2000000
41199,-7.009506225585938e-05,0.999127209186554,0.002797000000000001,1.1285948834646056,0.05721726190476194,0.272385252069225,0.05599227799227797,0.2746425884123401,0.0023725,0.0,0.00175,0.000198,0.9999982714653015,0.0,0.0,0.002054,0.0001995,0.9999992847442627,0.008701746352016926,2000000
41299,-0.0008274316787719727,0.9994226694107056,0.0027925,1.1676590027218166,0.05682429734562434,0.2727614747930775,0.05599227799227797,0.2746425884123401,0.002792,0.0,0.0022395,0.0002245,0.9999969005584717,0.0,0.0,0.002054,0.0001995,0.9999992847442627,0.00889801885932684,2000000
41399,0.00017786026000976562,1.0002297163009644,0.0025415,1.1193498123409034,0.05616321295134505,0.27200902934537247,0.05599227799227797,0.2746425884123401,0.002541,0.0,0.001869,0.0002025,0.9999999403953552,0.0,0.0,0.002054,0.0001995,0.9999992847442627,0.008820630609989166,2000000
41499,0.0005619823932647705,1.0001217126846313,0.0025445,1.1454606598070523,0.05555555555555552,0.2742663656884876,0.05599227799227797,0.2746425884123401,0.0025445,0.0,0.001778,0.0002075,0.9999991655349731,0.0,0.0,0.002054,0.0001995,0.9999992847442627,0.008883647620677948,2000000
41599,6.99162483215332e-05,1.000569224357605,0.0028545,1.1419570305982043,0.05559324589175342,0.2780285929270128,0.05599227799227797,0.2746425884123401,0.0028545,0.0,0.001879,0.000194,0.9999994039535522,0.0,0.0,0.002054,0.0001995,0.9999992847442627,0.008972573094069958,2000000
41699,-0.00014340877532958984,0.9989049434661865,0.002299,1.1321200701306111,0.05667295555106347,0.2761474793077502,0.05599227799227797,0.2746425884123401,0.002299,0.0,0.0019305,0.0001975,0.9999970197677612,0.0,0.0,0.002054,0.0001995,0.9999992847442627,0.008646219968795776,2000000
41799,-6.434321403503418e-05,0.9984143376350403,0.003044,1.1469354852011566,0.05709995709995706,0.2746425884123401,0.05599227799227797,0.2746425884123401,0.0018605,0.0,0.0019695,0.000193,0.9999984502792358,0.0,0.0,0.002054,0.0001995,0.9999992847442627,0.008614295162260532,2000000
41899,-0.0001507401466369629,0.9992557764053345,0.002292,1.1194101890974013,0.05684356294112394,0.27727614747930773,0.05599227799227797,0.2746425884123401,0.002292,0.0,0.0019025,0.00019,0.999998927116394,0.0,0.0,0.002054,0.0001995,0.9999992847442627,0.008880827575922012,2000000
41999,0.0006348490715026855,0.9998059868812561,0.0031495000000000013,1.2499241480813204,0.054895671789087885,0.28555304740406323,0.05599227799227797,0.2746425884123401,0.002009,0.0,0.0020125,0.000195,0.9999971389770508,0.0,0.0,0.002054,0.0001995,0.9999992847442627,0.008956082165241241,2000000
42099,-6.258487701416016e-07,0.999232292175293,0.002449,1.1296213401546165,0.05577803660034787,0.2742663656884876,0.05599227799227797,0.2746425884123401,0.0024485,0.0,0.0019425,0.0001915,0.9999997615814209,0.0,0.0,0.002054,0.0001995,0.9999992847442627,0.008833915926516056,2000000
42199,0.00025328993797302246,1.0002813339233398,0.0025065,1.1643000079159702,0.05641760165512849,0.2735139202407825,0.05599227799227797,0.2746425884123401,0.002119,0.0,0.002026,0.000202,0.9999994039535522,0.0,0.0,0.002054,0.0001995,0.9999992847442627,0.008952630683779716,2000000
42299,-0.0004112124443054199,0.9979578852653503,0.002453,1.1703348505848326,0.05714285714285699,0.272385252069225,0.05599227799227797,0.2746425884123401,0.002453,0.0,0.001708,0.000188,0.9999884366989136,0.0,0.0,0.002054,0.0001995,0.9999992847442627,0.008669705130159855,2000000
42399,0.0004885196685791016,1.0004541873931885,0.0027355,1.1935481271091013,0.05541865193772572,0.26486079759217457,0.05599227799227797,0.2746425884123401,0.0027355,0.0,0.001847,0.000201,0.999993085861206,0.0,0.0,0.002054,0.0001995,0.9999992847442627,0.00887281820178032,2000000
42499,-4.392862319946289e-05,0.9981829524040222,0.002624,1.1473263773127753,0.05555555555555558,0.25921745673438673,0.05599227799227797,0.2746425884123401,0.002624,5e-07,0.0019525,0.0001945,1.0,0.0,0.0,0.002054,0.0001995,0.9999992847442627,0.008797818794846535,2000000
42599,0.0008106827735900879,1.0010756254196167,0.003097,1.1648199772126937,0.05882352941176472,0.27313769751693,0.05599227799227797,0.2746425884123401,0.003097,0.0,0.0019915,0.0001885,0.9999926090240479,0.0,0.0,0.002054,0.0001995,0.9999992847442627,0.008768584579229355,2000000
42699,0.0005256235599517822,1.000588297843933,0.0030915,1.122081319019346,0.05689010356731873,0.27313769751693,0.05599227799227797,0.2746425884123401,0.0030915,0.0,0.0020555,0.0002,0.999995231628418,0.0,0.0,0.002054,0.0001995,0.9999992847442627,0.008964805863797665,2000000
42799,0.0007258057594299316,1.0001312494277954,0.002719,1.18231146661452,0.05853661379238011,0.281790820165538,0.05599227799227797,0.2746425884123401,0.0027185,0.0,0.002022,0.0002025,0.9999991655349731,0.0,0.0,0.002054,0.0001995,0.9999992847442627,0.008704100735485554,2000000
42899,-0.00038677453994750977,0.9985173344612122,0.0030845,1.0946892361568665,0.05674206040442517,0.27125658389766744,0.05599227799227797,0.2746425884123401,0.0030845,0.0,0.0019735,0.000198,0.9999994039535522,0.0,0.0,0.002054,0.0001995,0.9999992847442627,0.00884100329130888,2000000
42999,0.0005073249340057373,0.999107837677002,0.0027485,1.1066811938180086,0.05657239677027983,0.27915726109857036,0.05599227799227797,0.2746425884123401,0.0027485,0.0,0.0019295,0.000186,0.9999947547912598,0.0,0.0,0.002054,0.0001995,0.9999992847442627,0.008889737538993359,2000000
43099,6.109476089477539e-05,0.9988663792610168,0.0030515,1.0682444870797903,0.05769230769230775,0.2799097065462754,0.05599227799227797,0.2746425884123401,0.003051,0.0,0.0017565,0.000187,0.9999978542327881,0.0,0.0,0.002054,0.0001995,0.9999992847442627,0.008624718524515629,2000000
43199,-0.0001188814640045166,0.9997263550758362,0.0030765,1.0532758008121805,0.05814617225405616,0.2768999247554552,0.05599227799227797,0.2746425884123401,0.0030765,0.0,0.00217,0.000225,0.999997615814209,0.0,0.0,0.002054,0.0001995,0.9999992847442627,0.008806767873466015,2000000
43299,0.00012949109077453613,0.9995683431625366,0.003393,1.0758883367681547,0.05714285714285724,0.26749435665914223,0.05599227799227797,0.2746425884123401,0.0033925,0.0,0.0022755,0.000241,0.9999990463256836,0.0,0.0,0.002054,0.0001995,0.9999992847442627,0.009150244295597076,2000000
43399,0.0003018975257873535,1.0002524852752686,0.003213,1.0362961489766158,0.05759765483629696,0.27050413844996235,0.05599227799227797,0.2746425884123401,0.0032125,0.0,0.0020855,0.0002125,0.9999986886978149,0.0,0.0,0.002054,0.0001995,0.9999992847442627,0.008948872797191143,2000000
43499,0.0015408098697662354,1.0025752782821655,0.0028759999999999897,1.1073844126718484,0.057249732810830026,0.27727614747930773,0.05599227799227797,0.2746425884123401,0.002717,0.0,0.0020125,0.0001995,0.999998927116394,0.0,0.0,0.002054,0.0001995,0.9999992847442627,0.008494348265230656,2000000
43599,0.00028228759765625,1.0006426572799683,0.0027945,1.1314867624412903,0.05640061692693278,0.2806621519939804,0.05599227799227797,0.2746425884123401,0.0027945,0.0,0.0019395,0.0002035,0.9999949932098389,0.0,0.0,0.002054,0.0001995,0.9999992847442627,0.008797948248684406,2000000
43699,-0.00017133355140686035,0.9986108541488647,0.0030655,1.0400185473725883,0.05721726190476194,0.27050413844996235,0.05599227799227797,0.2746425884123401,0.0030655,0.0,0.002015,0.0002105,0.9999988079071045,0.0,0.0,0.002054,0.0001995,0.9999992847442627,0.008859055116772652,2000000
43799,0.0008023381233215332,1.000369668006897,0.0036305000000000018,1.1052202203871953,0.06077889719423685,0.28103837471783294,0.05599227799227797,0.2746425884123401,0.0023615,0.0,0.0021315,0.000205,0.9999969005584717,0.0,0.0,0.002054,0.0001995,0.9999992847442627,0.008934838697314262,2000000
43899,0.00033408403396606445,0.9997343420982361,0.0024375,1.0605402899219951,0.05866257154823389,0.2768999247554552,0.05599227799227797,0.2746425884123401,0.0024375,0.0,0.0019555,0.000209,0.9999988079071045,0.0,0.0,0.002054,0.0001995,0.9999992847442627,0.00876537337899208,2000000
43999,-0.00015306472778320312,0.9999950528144836,0.0031715,1.0411194145117413,0.05882352941176466,0.2659894657637321,0.05599227799227797,0.2746425884123401,0.003171,0.0,0.002035,0.000221,0.9999983310699463,0.0,0.0,0.002054,0.0001995,0.9999992847442627,0.008790179155766964,2000000
44099,-0.00036135315895080566,0.9984253644943237,0.0026005,1.0758180642319721,0.057911127081087546,0.27501881113619264,0.05599227799227797,0.2746425884123401,0.0026005,0.0,0.001932,0.000197,0.9999974966049194,0.0,0.0,0.002054,0.0001995,0.9999992847442627,0.009141458198428154,2000000
44199,-0.0004987120628356934,0.9993830323219299,0.002493,1.0549192164718093,0.058823529411764684,0.27765237020316025,0.05599227799227797,0.2746425884123401,0.002493,0.0,0.0022135,0.0002365,0.999998927116394,0.0,0.0,0.002054,0.0001995,0.9999992847442627,0.008654463104903698,2000000
44299,0.0006312727928161621,1.0012019872665405,0.002531,1.0716694550171826,0.05837213059378177,0.2742663656884876,0.05599227799227797,0.2746425884123401,0.0025305,0.0,0.002198,0.000238,0.9999998807907104,0.0,0.0,0.002054,0.0001995,0.9999992847442627,0.009007448330521584,2000000
44399,0.00040012598037719727,1.0007561445236206,0.0027055,0.9876608650679428,0.05707035251766264,0.272385252069225,0.05599227799227797,0.2746425884123401,0.0027055,0.0,0.0020975,0.000224,0.9999982118606567,0.0,0.0,0.002054,0.0001995,0.9999992847442627,0.008973054587841034,2000000
44499,-1.7881393432617188e-05,0.9991625547409058,0.0026415,1.0129559791146296,0.05671104031554586,0.27012791572610984,0.05599227799227797,0.2746425884123401,0.002641,0.0,0.002238,0.000239,0.9999990463256836,0.0,0.0,0.002054,0.0001995,0.9999992847442627,0.008779567666351795,2000000
44599,-0.0005539953708648682,0.9992431998252869,0.00273,1.0243300431747648,0.05764196536447843,0.2693754702784048,0.05599227799227797,0.2746425884123401,0.00273,0.0,0.002002,0.000211,0.9999992251396179,0.0,0.0,0.002054,0.0001995,0.9999992847442627,0.008895129896700382,2000000
44699,0.0009236931800842285,1.0001940727233887,0.0036565,1.1036847060001336,0.05916816540589516,0.2840481565086531,0.05599227799227797,0.2746425884123401,0.002317,0.0,0.001809,0.000188,0.9999985098838806,0.0,0.0,0.002054,0.0001995,0.9999992847442627,0.00876626092940569,2000000
44799,0.0005595684051513672,1.0000205039978027,0.0027655,1.0061805811509423,0.057609370840358554,0.2742663656884876,0.05599227799227797,0.2746425884123401,0.0027655,0.0,0.0018305,0.000194,0.9999991655349731,0.0,0.0,0.002054,0.0001995,0.9999992847442627,0.008980765007436275,2000000
44899,0.00027939677238464355,0.9995244145393372,0.0026845,1.0385954329356621,0.05710740872031195,0.2626034612490594,0.05599227799227797,0.2746425884123401,0.0026845,0.0,0.001824,0.000197,0.9999969005584717,0.0,0.0,0.002054,0.0001995,0.9999992847442627,0.008709298446774483,2000000
44999,-0.0001500546932220459,0.9995369911193848,0.0030125,0.9984064720133132,0.058022471513325145,0.28555304740406323,0.05599227799227797,0.2746425884123401,0.003012,0.0,0.0019195,0.000202,0.9999991059303284,0.0,0.0,0.002054,0.0001995,0.9999992847442627,0.008577823638916016,2000000
45099,0.00010791420936584473,1.0014933347702026,0.0031875,1.059457681103224,0.05748306544879514,0.2614747930775019,0.05599227799227797,0.2746425884123401,0.0031875,0.0,0.0018635,0.000196,0.9999997615814209,0.0,0.0,0.002054,0.0001995,0.9999992847442627,0.009180431254208088,2000000
45199,0.00024187564849853516,0.9998858571052551,0.0024075,1.0551325732854855,0.05864650085080188,0.2768999247554552,0.05599227799227797,0.2746425884123401,0.0024075,0.0,0.0017705,0.000191,0.9999936819076538,0.0,0.0,0.002054,0.0001995,0.9999992847442627,0.008806220255792141,2000000
45299,4.482269287109375e-05,1.0003639459609985,0.003134,0.9945005194489359,0.05787298825576334,0.27125658389766744,0.05599227799227797,0.2746425884123401,0.003134,0.0,0.0018765,0.0001995,0.9999910593032837,0.0,0.0,0.002054,0.0001995,0.9999992847442627,0.008680694736540318,2000000
45399,-0.0010263621807098389,0.9980413913726807,0.0032905,1.0596791914050525,0.05886118852150339,0.2795334838224229,0.05599227799227797,0.2746425884123401,0.0032905,0.0,0.0019535,0.0002035,0.9999953508377075,0.0,0.0,0.002054,0.0001995,0.9999992847442627,0.008775362744927406,2000000
45499,0.0007331967353820801,1.001102328300476,0.00255,1.03347336250016,0.05729678161564579,0.27915726109857036,0.05599227799227797,0.2746425884123401,0.0025495,0.0,0.002007,0.000203,0.9999955892562866,0.0,0.0,0.002054,0.0001995,0.9999992847442627,0.008836577646434307,2000000
45599,-5.289912223815918e-05,0.998920738697052,0.002527,1.0231629645561342,0.05882352941176461,0.28931527464258844,0.05599227799227797,0.2746425884123401,0.0025265,0.0,0.001866,0.000202,0.9999997615814209,0.0,0.0,0.002054,0.0001995,0.9999992847442627,0.008527025580406189,2000000
45699,0.00023248791694641113,0.9992849826812744,0.00274,1.007853899762902,0.05733435792349723,0.27878103837471785,0.05599227799227797,0.2746425884123401,0.00274,0.0,0.001975,0.0002005,0.9999995231628418,0.0,0.0,0.002054,0.0001995,0.9999992847442627,0.009171399287879467,2000000
45799,0.0005530714988708496,1.0005747079849243,0.0027385,1.0612176614994073,0.05767098754903637,0.2874341610233258,0.05599227799227797,0.2746425884123401,0.0027385,0.0,0.0018775,0.000202,0.9999955892562866,0.0,0.0,0.002054,0.0001995,0.9999992847442627,0.00882150698453188,2000000
45899,0.00010949373245239258,0.9994339346885681,0.002576,1.0889456335504697,0.05839743589743594,0.2693754702784048,0.05599227799227797,0.2746425884123401,0.002576,0.0,0.001698,0.000186,0.9999967813491821,0.0,0.0,0.002054,0.0001995,0.9999992847442627,0.008915050886571407,2000000
45999,0.0005947351455688477,1.0009187459945679,0.0027044999999999986,1.0936887095499193,0.05632435389033215,0.2806621519939804,0.05599227799227797,0.2746425884123401,0.0025205,0.0,0.0019695,0.0002045,0.9999969005584717,0.0,0.0,0.002054,0.0001995,0.9999992847442627,0.008562460541725159,2000000
46099,0.0003638267517089844,0.9997194409370422,0.002863000000000001,1.0224570465692338,0.05775787177358645,0.2840481565086531,0.05599227799227797,0.2746425884123401,0.0025945,0.0,0.002086,0.0002115,0.9999996423721313,0.0,0.0,0.002054,0.0001995,0.9999992847442627,0.008942450396716595,2000000
46199,-0.00031253695487976074,0.999231219291687,0.003485,1.0245832691896106,0.056509457135838895,0.2633559066967645,0.05599227799227797,0.2746425884123401,0.0034845,0.0,0.0017755,0.0001885,0.9999988079071045,0.0,0.0,0.002054,0.0001995,0.9999992847442627,0.008848538622260094,2000000
46299,0.00045290589332580566,1.0001471042633057,0.003037,1.068940731352544,0.058511411948981885,0.2799097065462754,0.05599227799227797,0.2746425884123401,0.003037,0.0,0.0016365,0.000179,0.999998927116394,0.0,0.0,0.002054,0.0001995,0.9999992847442627,0.00887406338006258,2000000
46399,-0.001353442668914795,0.9973206520080566,0.003381,1.0584164239513476,0.05823224269826213,0.2735139202407825,0.05599227799227797,0.2746425884123401,0.0033805,0.0,0.001833,0.0002015,0.9999995827674866,0.0,0.0,0.002054,0.0001995,0.9999992847442627,0.008804100565612316,2000000
46499,0.0003848075866699219,1.0003503561019897,0.0028535,1.0978685794903726,0.05772153378536352,0.27125658389766744,0.05599227799227797,0.2746425884123401,0.0028535,0.0,0.0019485,0.000215,0.9999997615814209,0.0,0.0,0.002054,0.0001995,0.9999992847442627,0.009131593629717827,2000000
46599,0.00012248754501342773,0.9996649026870728,0.002812499999999999,1.1088674535370884,0.058823529411764684,0.27389014296463504,0.05599227799227797,0.2746425884123401,0.0025475,0.0,0.0018165,0.0001925,0.9999977350234985,0.0,0.0,0.002054,0.0001995,0.9999992847442627,0.008746822364628315,2000000
46699,0.0001506805419921875,1.0002285242080688,0.0029305,1.032044612290086,0.05838869705843787,0.2768999247554552,0.05599227799227797,0.2746425884123401,0.0029305,0.0,0.0018345,0.0001965,0.9999998807907104,0.0,0.0,0.002054,0.0001995,0.9999992847442627,0.009126469492912292,2000000
46799,-5.662441253662109e-07,1.0010029077529907,0.002971,1.02577485370549,0.058599047756456496,0.2727614747930775,0.05599227799227797,0.2746425884123401,0.002971,0.0,0.002017,0.0002105,0.9999996423721313,0.0,0.0,0.002054,0.0001995,0.9999992847442627,0.009146332740783691,2000000
46899,0.0005969107151031494,0.9996301531791687,0.003087000000000003,1.0198631666446374,0.05583756345177664,0.2765237020316027,0.05599227799227797,0.2746425884123401,0.0026115,0.0,0.002004,0.0002145,0.999997615814209,0.0,0.0,0.002054,0.0001995,0.9999992847442627,0.008708272129297256,2000000
46999,-0.00037530064582824707,0.9984830021858215,0.002844,1.0066231607762937,0.05774062620796292,0.28103837471783294,0.05599227799227797,0.2746425884123401,0.0028425,0.0,0.0020175,0.0002185,0.9999992847442627,0.0,0.0,0.002054,0.0001995,0.9999992847442627,0.008837640285491943,2000000
47099,0.000264585018157959,1.0009461641311646,0.003541,0.9943639161087351,0.05718588640275388,0.2742663656884876,0.05599227799227797,0.2746425884123401,0.003541,0.0,0.0017725,0.0001825,0.9999969005584717,0.0,0.0,0.002054,0.0001995,0.9999992847442627,0.008751129731535912,2000000
47199,0.00027808547019958496,0.9994695782661438,0.0030204999999999997,1.0389682300873142,0.05805527468823726,0.2742663656884876,0.05599227799227797,0.2746425884123401,0.00302,0.0,0.0019545,0.0002075,0.9999902248382568,0.0,0.0,0.002054,0.0001995,0.9999992847442627,0.009041832759976387,2000000
47299,0.000511854887008667,0.9992484450340271,0.003662499999999999,1.1431632610515954,0.0575835627794061,0.2870579382994733,0.05599227799227797,0.2746425884123401,0.00253,0.0,0.0016775,0.000164,0.9999934434890747,0.0,0.0,0.002054,0.0001995,0.9999992847442627,0.008592464029788971,2000000
47399,0.0006449520587921143,0.9995443820953369,0.0028845000000000016,1.0557100226136904,0.05769230769230773,0.2802859292701279,0.05599227799227797,0.2746425884123401,0.002769,0.0,0.001955,0.000212,0.9999997615814209,0.0,0.0,0.002054,0.0001995,0.9999992847442627,0.008826550096273422,2000000
47499,0.0003904998302459717,0.9991850256919861,0.002798,1.0426315631056526,0.05756776536544267,0.26674191121143714,0.05599227799227797,0.2746425884123401,0.0027975,0.0,0.0017585,0.0001785,0.9999933242797852,0.0,0.0,0.002054,0.0001995,0.9999992847442627,0.008614041842520237,2000000
47599,0.00033995509147644043,0.9995673298835754,0.002895,1.002414323318039,0.05736921292668394,0.27501881113619264,0.05599227799227797,0.2746425884123401,0.002895,0.0,0.0021105,0.000229,0.9999992847442627,0.0,0.0,0.002054,0.0001995,0.9999992847442627,0.008864268660545349,2000000
47699,0.0003890395164489746,0.9999167919158936,0.0030594999999999997,1.0252635421807548,0.05653238431079406,0.28103837471783294,0.05599227799227797,0.2746425884123401,0.002785,0.0,0.0020775,0.0002285,0.9999990463256836,0.0,0.0,0.002054,0.0001995,0.9999992847442627,0.008722502738237381,2000000
47799,0.0004961192607879639,1.0011619329452515,0.003116,1.0419900009145866,0.059880239520958084,0.27539503386004516,0.05599227799227797,0.2746425884123401,0.003116,0.0,0.002025,0.0002255,0.9999997615814209,0.0,0.0,0.002054,0.0001995,0.9999992847442627,0.008711817674338818,2000000
47899,-0.0007261335849761963,0.9983574748039246,0.003191,1.0403901795671116,0.05668403001624592,0.26824680210684726,0.05599227799227797,0.2746425884123401,0.003191,0.0,0.001932,0.0002115,0.9999910593032837,0.0,0.0,0.002054,0.0001995,0.9999992847442627,0.008839281275868416,2000000
47999,0.0007157623767852783,1.000831961631775,0.0030185,1.0180251033692107,0.05752818523457396,0.272385252069225,0.05599227799227797,0.2746425884123401,0.003018,0.0,0.0019935,0.0002225,0.9999957084655762,0.0,0.0,0.002054,0.0001995,0.9999992847442627,0.008664325810968876,2000000
48099,0.00012511014938354492,0.9995871186256409,0.0033275,1.0174160926956415,0.05820105820105825,0.27765237020316025,0.05599227799227797,0.2746425884123401,0.0033275,0.0,0.0021185,0.0002285,0.9999995231628418,0.0,0.0,0.002054,0.0001995,0.9999992847442627,0.00872923992574215,2000000
48199,-0.0008716583251953125,0.9979767203330994,0.0038075,1.059044143083497,0.05808247034899444,0.26486079759217457,0.05599227799227797,0.2746425884123401,0.0038075,0.0,0.001882,0.000211,0.9999994039535522,0.0,0.0,0.002054,0.0001995,0.9999992847442627,0.008651625365018845,2000000
48299,-0.0007638633251190186,0.9999398589134216,0.003344,1.0587911613466454,0.05882352941176466,0.27878103837471785,0.05599227799227797,0.2746425884123401,0.003344,0.0,0.001843,0.0002055,0.9999995827674866,0.0,0.0,0.002054,0.0001995,0.9999992847442627,0.008664493449032307,2000000
48399,-0.0001475214958190918,0.9990005493164062,0.0027685,1.0189070580241315,0.05909090909090905,0.27840481565086533,0.05599227799227797,0.2746425884123401,0.0027685,0.0,0.0019265,0.0002,0.9999963045120239,0.0,0.0,0.002054,0.0001995,0.9999992847442627,0.008935125544667244,2000000
48499,-0.000612795352935791,1.0004956722259521,0.0034035,1.0326329800489586,0.058218665539797036,0.2735139202407825,0.05599227799227797,0.2746425884123401,0.0034035,0.0,0.002157,0.000228,0.9999978542327881,0.0,0.0,0.002054,0.0001995,0.9999992847442627,0.00899365171790123,2000000
48599,-0.0003241896629333496,1.0003411769866943,0.0032255,1.0607506309666428,0.05637414228963522,0.272385252069225,0.05599227799227797,0.2746425884123401,0.0032255,0.0,0.0021245,0.000241,0.9999959468841553,0.0,0.0,0.002054,0.0001995,0.9999992847442627,0.008745660074055195,2000000
48699,-4.827976226806641e-06,1.0002094507217407,0.002871,1.028263481806653,0.058373898933704205,0.2735139202407825,0.05599227799227797,0.2746425884123401,0.002871,0.0,0.00223,0.0002575,0.999998927116394,0.0,0.0,0.002054,0.0001995,0.9999992847442627,0.008852765895426273,2000000
48799,0.00045430660247802734,1.0003771781921387,0.002699,1.0293041355610557,0.0578272272764527,0.2689992475545523,0.05599227799227797,0.2746425884123401,0.002699,0.0,0.0020605,0.000232,0.999998927116394,0.0,0.0,0.002054,0.0001995,0.9999992847442627,0.008871813304722309,2000000
48899,6.574392318725586e-05,1.0000195503234863,0.0027385,1.0334202862261643,0.057952761654437274,0.2757712565838977,0.05599227799227797,0.2746425884123401,0.002738,0.0,0.0019155,0.0002125,0.999992847442627,0.0,0.0,0.002054,0.0001995,0.9999992847442627,0.008551220409572124,2000000
48999,-0.0004356205463409424,1.0000522136688232,0.0032075,1.0490985849278005,0.05729166666666662,0.27539503386004516,0.05599227799227797,0.2746425884123401,0.0032075,0.0,0.0020065,0.0002235,0.9999992847442627,0.0,0.0,0.002054,0.0001995,0.9999992847442627,0.008988484740257263,2000000
49099,0.0004807412624359131,0.999729573726654,0.0027265,1.0371013927212056,0.05929064657878222,0.27878103837471785,0.05599227799227797,0.2746425884123401,0.002726,0.0,0.0017615,0.0002,0.9999998807907104,0.0,0.0,0.002054,0.0001995,0.9999992847442627,0.00871050264686346,2000000
49199,0.0002702772617340088,0.999169111251831,0.0030505,1.0456550083088219,0.057243619311193095,0.28254326561324306,0.05599227799227797,0.2746425884123401,0.0030505,0.0,0.001769,0.0001985,0.9999997615814209,0.0,0.0,0.002054,0.0001995,0.9999992847442627,0.008715375326573849,2000000
49299,-2.2858381271362305e-05,1.000337839126587,0.003494,1.0289749532888195,0.05452996747715648,0.2599699021820918,0.05599227799227797,0.2746425884123401,0.0034935,0.0,0.002026,0.000217,0.9999995827674866,0.0,0.0,0.002054,0.0001995,0.9999992847442627,0.008573688566684723,2000000
49399,-0.00017276406288146973,0.9993491768836975,0.0033375,1.0983058456941581,0.05837802441519205,0.27915726109857036,0.05599227799227797,0.2746425884123401,0.0033375,0.0,0.0017845,0.000193,0.9999995231628418,0.0,0.0,0.002054,0.0001995,0.9999992847442627,0.0087804663926363,2000000
49499,-0.00043267011642456055,0.9987554550170898,0.003509,1.1014690566425085,0.05690611187492181,0.2708803611738149,0.05599227799227797,0.2746425884123401,0.003509,0.0,0.001868,0.0002005,0.9999959468841553,0.0,0.0,0.002054,0.0001995,0.9999992847442627,0.008701140992343426,2000000
49599,-0.00012260675430297852,1.0006098747253418,0.0033615,1.0876758681963647,0.05671097770154375,0.2693754702784048,0.05599227799227797,0.2746425884123401,0.0033615,0.0,0.002121,0.0002475,0.9999979734420776,0.0,0.0,0.002054,0.0001995,0.9999992847442627,0.008869398385286331,2000000
49699,2.2113323211669922e-05,0.9989374876022339,0.002781,1.0818946651018944,0.05612044036800438,0.2765237020316027,0.05599227799227797,0.2746425884123401,0.0027805,0.0,0.0019455,0.000229,0.9999977350234985,0.0,0.0,0.002054,0.0001995,0.9999992847442627,0.008802348747849464,2000000
49799,0.00020650029182434082,1.0016469955444336,0.003339,1.096682799029383,0.0575727899355908,0.26072234762979685,0.05599227799227797,0.2746425884123401,0.003339,5e-07,0.0021855,0.00025,1.0,0.0,0.0,0.002054,0.0001995,0.9999992847442627,0.008742427453398705,2000000
49899,-0.0004515647888183594,0.9989170432090759,0.002886,1.0913207308780106,0.05655435251023491,0.2832957110609481,0.05599227799227797,0.2746425884123401,0.002886,0.0,0.0018015,0.0001955,0.9999988079071045,0.0,0.0,0.002054,0.0001995,0.9999992847442627,0.008885241113603115,2000000
49999,9.334087371826172e-05,0.999667227268219,0.002832,1.0748039250226198,0.056474394022234406,0.27200902934537247,0.05599227799227797,0.2746425884123401,0.002832,0.0,0.002034,0.000237,0.9999940395355225,0.0,0.0,0.002054,0.0001995,0.9999992847442627,0.008866986259818077,2000000
50099,0.00022858381271362305,0.9997931718826294,0.002740000000000003,1.0972484125613848,0.056338028169013926,0.2802859292701279,0.05599227799227797,0.2746425884123401,0.002685,0.0,0.0017585,0.000193,0.9999954700469971,0.0,0.0,0.002054,0.0001995,0.9999992847442627,0.008980091661214828,2000000
50199,0.0004025399684906006,1.0007168054580688,0.003192,1.0853972767624953,0.05777533878780186,0.27539503386004516,0.05599227799227797,0.2746425884123401,0.003192,0.0,0.001906,0.0002165,0.9999988079071045,0.0,0.0,0.002054,0.0001995,0.9999992847442627,0.008806874044239521,2000000
50299,0.0004151463508605957,1.0015888214111328,0.0031085,1.0628255476392576,0.055851742619743065,0.26109857035364936,0.05599227799227797,0.2746425884123401,0.003108,0.0,0.0018975,0.0002155,0.9999973177909851,0.0,0.0,0.002054,0.0001995,0.9999992847442627,0.008843230083584785,2000000
50399,-0.00030687451362609863,0.999064564704895,0.0030315,1.0839156227354931,0.056542360760558616,0.26749435665914223,0.05599227799227797,0.2746425884123401,0.003031,0.0,0.0019445,0.000213,0.9999951124191284,0.0,0.0,0.002054,0.0001995,0.9999992847442627,0.008859689347445965,2000000
50499,-0.00012627243995666504,0.9995843768119812,0.002977,1.0939678435614626,0.05784910252509893,0.2768999247554552,0.05599227799227797,0.2746425884123401,0.002977,0.0,0.002117,0.0002475,0.9999938011169434,0.0,0.0,0.002054,0.0001995,0.9999992847442627,0.0088281761854887,2000000
50599,-0.00030744075775146484,0.9982389807701111,0.002854,1.134318445066563,0.05882352941176465,0.2836719337848006,0.05599227799227797,0.2746425884123401,0.002854,0.0,0.002079,0.0002465,0.9999971389770508,0.0,0.0,0.002054,0.0001995,0.9999992847442627,0.009105948731303215,2000000
50699,4.2378902435302734e-05,0.9999405145645142,0.003116,1.0829060080479782,0.056910569105691006,0.26787057938299474,0.05599227799227797,0.2746425884123401,0.003116,0.0,0.0019465,0.000224,0.9999975562095642,0.0,0.0,0.002054,0.0001995,0.9999992847442627,0.009036201052367687,2000000
50799,-0.0002900660037994385,0.9982579350471497,0.002829,1.0896252154333261,0.05609708126819293,0.2652370203160271,0.05599227799227797,0.2746425884123401,0.002829,0.0,0.0020285,0.000231,0.9999973773956299,0.0,0.0,0.002054,0.0001995,0.9999992847442627,0.008731353096663952,2000000
50899,0.00045603513717651367,1.0005629062652588,0.0030785,1.0500556314645693,0.057424156774072005,0.26787057938299474,0.05599227799227797,0.2746425884123401,0.0030785,0.0,0.002016,0.0002345,0.9999988079071045,0.0,0.0,0.002054,0.0001995,0.9999992847442627,0.008788414299488068,2000000
50999,0.0004215836524963379,1.0000548362731934,0.0035474999999999986,1.1422017094614487,0.05579334618581869,0.27539503386004516,0.05599227799227797,0.2746425884123401,0.002537,0.0,0.002193,0.0002395,0.9999979734420776,0.0,0.0,0.002054,0.0001995,0.9999992847442627,0.008883697912096977,2000000
51099,-0.0004875063896179199,0.9984959363937378,0.003186,1.094761062511607,0.05691286466213487,0.27878103837471785,0.05599227799227797,0.2746425884123401,0.0031855,0.0,0.002166,0.0002385,0.9999978542327881,0.0,0.0,0.002054,0.0001995,0.9999992847442627,0.008763429708778858,2000000
51199,-0.0001093149185180664,0.999918520450592,0.003382,1.109475317863885,0.05779802809775064,0.2795334838224229,0.05599227799227797,0.2746425884123401,0.003382,0.0,0.0019925,0.000211,0.9999954700469971,0.0,0.0,0.002054,0.0001995,0.9999992847442627,0.0088200643658638,2000000
51299,-0.00024399161338806152,0.9993770718574524,0.003042,1.1102280123064479,0.055140069335719105,0.27501881113619264,0.05599227799227797,0.2746425884123401,0.003042,0.0,0.0022875,0.000245,0.9999926090240479,0.0,0.0,0.002054,0.0001995,0.9999992847442627,0.008730397559702396,2000000
51399,0.0008679032325744629,1.0009874105453491,0.0027135000000000006,1.098018825955101,0.05828551120030934,0.2799097065462754,0.05599227799227797,0.2746425884123401,0.0027,0.0,0.002085,0.0002285,0.999992847442627,0.0,0.0,0.002054,0.0001995,0.9999992847442627,0.008593102917075157,2000000
51499,0.00010499358177185059,1.000681757926941,0.003862,1.0872055267795064,0.055391463005539134,0.2626034612490594,0.05599227799227797,0.2746425884123401,0.003862,0.0,0.0018965,0.000224,0.9999973773956299,0.0,0.0,0.002054,0.0001995,0.9999992847442627,0.008809744380414486,2000000
51599,-6.628036499023438e-05,0.9991605877876282,0.003515,1.07571073857429,0.0555555555555555,0.2761474793077502,0.05599227799227797,0.2746425884123401,0.0035145,0.0,0.0020155,0.0002265,0.9999971985816956,0.0,0.0,0.002054,0.0001995,0.9999992847442627,0.008875684812664986,2000000
51699,-0.0009840130805969238,0.9991821050643921,0.003849,1.0649184277074946,0.057025602703363,0.2686230248306998,0.05599227799227797,0.2746425884123401,0.003849,0.0,0.0019795,0.000221,0.9999976754188538,0.0,0.0,0.002054,0.0001995,0.9999992847442627,0.008806436322629452,2000000
51799,0.0006950795650482178,1.0018051862716675,0.003351,1.040233453198178,0.054464130586784516,0.27765237020316025,0.05599227799227797,0.2746425884123401,0.003351,0.0,0.0022605,0.0002375,0.9999993443489075,0.0,0.0,0.002054,0.0001995,0.9999992847442627,0.00891148205846548,2000000
51899,3.516674041748047e-05,0.999849259853363,0.003259,1.0665577756190228,0.05494505494505494,0.26448457486832205,0.05599227799227797,0.2746425884123401,0.003259,0.0,0.002304,0.000236,0.9999973773956299,0.0,0.0,0.002054,0.0001995,0.9999992847442627,0.008748489432036877,2000000
51999,-0.000319063663482666,0.998294472694397,0.00307,1.0816540989408923,0.05714285714285718,0.2780285929270128,0.05599227799227797,0.2746425884123401,0.0030695,0.0,0.002001,0.0002185,0.9999992251396179,0.0,0.0,0.002054,0.0001995,0.9999992847442627,0.008641266264021397,2000000
52099,-0.0002777278423309326,0.9982937574386597,0.0031115,1.1104012847860882,0.05578763418490481,0.28216704288939054,0.05599227799227797,0.2746425884123401,0.0031105,0.0,0.001896,0.000204,0.9999990463256836,0.0,0.0,0.002054,0.0001995,0.9999992847442627,0.008936027996242046,2000000
52199,0.00024515390396118164,0.9992263317108154,0.003115,1.0581422779217253,0.05548362966799006,0.2735139202407825,0.05599227799227797,0.2746425884123401,0.003115,0.0,0.002113,0.000205,0.9999984502792358,0.0,0.0,0.002054,0.0001995,0.9999992847442627,0.008652527816593647,2000000
52299,-6.875395774841309e-05,1.000856876373291,0.002989,1.0777843786781953,0.05537153431737541,0.2761474793077502,0.05599227799227797,0.2746425884123401,0.0029885,0.0,0.0022525,0.0002355,0.9999975562095642,0.0,0.0,0.002054,0.0001995,0.9999992847442627,0.008837098255753517,2000000
52399,0.00011602044105529785,0.998994767665863,0.0029535000000000013,1.1201078791257353,0.05700744752877445,0.2765237020316027,0.05599227799227797,0.2746425884123401,0.0023925,0.0,0.0020715,0.00021,0.9999971389770508,0.0,0.0,0.002054,0.0001995,0.9999992847442627,0.00873207300901413,2000000
52499,1.5914440155029297e-05,1.000189185142517,0.002694,1.099271860860948,0.05714285714285721,0.27878103837471785,0.05599227799227797,0.2746425884123401,0.0026935,0.0,0.0020905,0.000209,0.9999994039535522,0.0,0.0,0.002054,0.0001995,0.9999992847442627,0.008859665133059025,2000000
52599,-0.00018283724784851074,0.99976646900177,0.002845,1.013917947967864,0.057509977289264214,0.28818660647103084,0.05599227799227797,0.2746425884123401,0.002844,0.0,0.0022065,0.000246,0.999996542930603,0.0,0.0,0.002054,0.0001995,0.9999992847442627,0.008823871612548828,2000000
52699,-0.0003527998924255371,0.9990944862365723,0.002986,1.0402177316606962,0.05749760504911998,0.28517682468021066,0.05599227799227797,0.2746425884123401,0.002986,0.0,0.001983,0.000218,0.9999972581863403,0.0,0.0,0.002054,0.0001995,0.9999992847442627,0.009046249091625214,2000000
52799,3.236532211303711e-05,0.9999617338180542,0.0032755,1.0359349323167801,0.05691691787268294,0.27878103837471785,0.05599227799227797,0.2746425884123401,0.0032755,0.0,0.001978,0.0002175,0.9999977350234985,0.0,0.0,0.002054,0.0001995,0.9999992847442627,0.00888192281126976,2000000
52899,-0.00028762221336364746,1.000096082687378,0.003428,1.0309608553452208,0.057142857142857065,0.272385252069225,0.05599227799227797,0.2746425884123401,0.003428,0.0,0.0020825,0.000236,0.9999984502792358,0.0,0.0,0.002054,0.0001995,0.9999992847442627,0.00889560580253601,2000000
52999,0.0007496774196624756,1.0005556344985962,0.002931,1.1543598035295983,0.05703492089971361,0.28555304740406323,0.05599227799227797,0.2746425884123401,0.0029305,0.0,0.0017075,0.0001965,0.9999990463256836,0.0,0.0,0.002054,0.0001995,0.9999992847442627,0.008949321694672108,2000000
53099,0.00029721856117248535,1.0007827281951904,0.003112,1.0639613670940473,0.05649717514124294,0.2780285929270128,0.05599227799227797,0.2746425884123401,0.0031115,0.0,0.001823,0.000211,0.9999985694885254,0.0,0.0,0.002054,0.0001995,0.9999992847442627,0.008842920884490013,2000000
53199,-0.0004118680953979492,0.9989165663719177,0.003136,1.0613087048546945,0.05696986484650203,0.28254326561324306,0.05599227799227797,0.2746425884123401,0.003136,0.0,0.0018695,0.0002255,0.9999995231628418,0.0,0.0,0.002054,0.0001995,0.9999992847442627,0.00864177756011486,2000000
53299,-0.0001475512981414795,1.0000141859054565,0.00299,1.0832525735460317,0.05731447878863727,0.2708803611738149,0.05599227799227797,0.2746425884123401,0.00299,0.0,0.002052,0.0002325,0.9999997615814209,0.0,0.0,0.002054,0.0001995,0.9999992847442627,0.008628405630588531,2000000
53399,0.0005112290382385254,0.999763548374176,0.0032790000000000007,1.0849512179696266,0.05903575577642957,0.26787057938299474,0.05599227799227797,0.2746425884123401,0.002572,0.0,0.002011,0.000223,0.9999982118606567,0.0,0.0,0.002054,0.0001995,0.9999992847442627,0.008950956165790558,2000000
53499,0.0004162788391113281,1.0004595518112183,0.003484000000000001,1.1268539963377517,0.057471264367816084,0.2840481565086531,0.05599227799227797,0.2746425884123401,0.0025255,0.0,0.001859,0.000223,0.9999986886978149,0.0,0.0,0.002054,0.0001995,0.9999992847442627,0.008848771452903748,2000000
53599,0.0009570717811584473,1.0003902912139893,0.003919000000000002,1.118533913995588,0.05767319161951373,0.2832957110609481,0.05599227799227797,0.2746425884123401,0.002374,0.0,0.002233,0.000232,0.9999994039535522,0.0,0.0,0.002054,0.0001995,0.9999992847442627,0.008675598539412022,2000000
53699,-0.00012344121932983398,1.0006879568099976,0.0032125,1.0824410193610452,0.05696202531645571,0.2708803611738149,0.05599227799227797,0.2746425884123401,0.0032125,0.0,0.0021775,0.0002245,0.9999997615814209,0.0,0.0,0.002054,0.0001995,0.9999992847442627,0.008670642971992493,2000000
53799,-0.00046119093894958496,0.9988462924957275,0.0033965,1.084832849017224,0.05705609862853808,0.26787057938299474,0.05599227799227797,0.2746425884123401,0.0033965,0.0,0.0021115,0.0002235,0.9999954104423523,0.0,0.0,0.002054,0.0001995,0.9999992847442627,0.008746497333049774,2000000
53899,0.001018911600112915,1.0017303228378296,0.00313,1.1514808041963673,0.05594405594405597,0.26486079759217457,0.05599227799227797,0.2746425884123401,0.00313,0.0,0.002147,0.0002425,0.9999979734420776,0.0,0.0,0.002054,0.0001995,0.9999992847442627,0.008694246411323547,2000000
53999,0.00023689866065979004,1.0003329515457153,0.0029345,1.11655909793279,0.057932875667429426,0.2686230248306998,0.05599227799227797,0.2746425884123401,0.0029345,0.0,0.0020395,0.000228,0.9999974370002747,0.0,0.0,0.002054,0.0001995,0.9999992847442627,0.008951660245656967,2000000
54099,0.0010287165641784668,0.9992004632949829,0.003071000000000018,1.214673030796123,0.05899705014749262,0.2836719337848006,0.05599227799227797,0.2746425884123401,0.0026675,0.0,0.002025,0.000232,0.9999992847442627,0.0,0.0,0.002054,0.0001995,0.9999992847442627,0.008985809050500393,2000000
54199,0.0002473294734954834,0.9994747638702393,0.002957999999999999,1.1365924984228277,0.05758356277940612,0.29345372460496616,0.05599227799227797,0.2746425884123401,0.0026065,0.0,0.0022395,0.0002715,0.9999998807907104,0.0,0.0,0.002054,0.0001995,0.9999992847442627,0.008770797401666641,2000000
54299,-0.00012001395225524902,1.0003414154052734,0.0031955,1.0979848836225006,0.058465372974897636,0.2757712565838977,0.05599227799227797,0.2746425884123401,0.0031955,0.0,0.0020905,0.000252,0.9999978542327881,0.0,0.0,0.002054,0.0001995,0.9999992847442627,0.008663366548717022,2000000
54399,-0.00015553832054138184,0.9996917843818665,0.0032225,1.1079889025531262,0.0575727899355908,0.2746425884123401,0.05599227799227797,0.2746425884123401,0.0032225,0.0,0.002063,0.0002305,0.9999985694885254,0.0,0.0,0.002054,0.0001995,0.9999992847442627,0.009058797731995583,2000000
54499,0.00023216009140014648,0.9999321103096008,0.003082,1.078996447415594,0.05626352813852813,0.2659894657637321,0.05599227799227797,0.2746425884123401,0.003082,0.0,0.0020035,0.000221,0.9999984502792358,0.0,0.0,0.002054,0.0001995,0.9999992847442627,0.008862864226102829,2000000
54599,0.0005801022052764893,1.0000721216201782,0.003081500000000001,1.1190102928585168,0.05726160070887789,0.26749435665914223,0.05599227799227797,0.2746425884123401,0.0028315,0.0,0.002218,0.0002495,0.9999991655349731,0.0,0.0,0.002054,0.0001995,0.9999992847442627,0.008543577045202255,2000000
54699,3.68952751159668e-05,1.000400185585022,0.0038465,1.1166038180251112,0.05555555555555565,0.27163280662151995,0.05599227799227797,0.2746425884123401,0.0038465,0.0,0.0019605,0.000224,0.9999971389770508,0.0,0.0,0.002054,0.0001995,0.9999992847442627,0.008851918391883373,2000000
54799,-0.0006681382656097412,0.9986888766288757,0.003385,1.0987784357487236,0.05719095719095722,0.2746425884123401,0.05599227799227797,0.2746425884123401,0.003385,0.0,0.002042,0.00023,0.9999966621398926,0.0,0.0,0.002054,0.0001995,0.9999992847442627,0.008995636366307735,2000000
54899,0.0004348158836364746,0.9994887709617615,0.004265999999999999,1.1557229211365954,0.05665006117811569,0.28216704288939054,0.05599227799227797,0.2746425884123401,0.0025065,0.0,0.002136,0.00024,0.9999994039535522,0.0,0.0,0.002054,0.0001995,0.9999992847442627,0.008750878274440765,2000000
54999,0.0003345906734466553,1.0009374618530273,0.003103,1.1373748426056645,0.05998500749625185,0.2735139202407825,0.05599227799227797,0.2746425884123401,0.003103,0.0,0.002507,0.0002735,0.999998927116394,0.0,0.0,0.002054,0.0001995,0.9999992847442627,0.009048275649547577,2000000
55099,-1.8328428268432617e-05,0.9994968771934509,0.0032635,1.1173330121252165,0.0562938679443533,0.27765237020316025,0.05599227799227797,0.2746425884123401,0.003263,0.0,0.002411,0.000277,0.999995231628418,0.0,0.0,0.002054,0.0001995,0.9999992847442627,0.008909132331609726,2000000
55199,0.0002471506595611572,0.9986242651939392,0.0035194999999999983,1.2480553148853333,0.05849788865996208,0.28141459744168545,0.05599227799227797,0.2746425884123401,0.0028205,0.0,0.0023495,0.000259,0.9999954700469971,0.0,0.0,0.002054,0.0001995,0.9999992847442627,0.008694255724549294,2000000
55299,0.0008865594863891602,1.0000180006027222,0.0031925,1.1813760606746357,0.05733625550761366,0.27878103837471785,0.05599227799227797,0.2746425884123401,0.003192,0.0,0.0023245,0.0002445,0.9999980926513672,0.0,0.0,0.002054,0.0001995,0.9999992847442627,0.008705437183380127,2000000
55399,-0.00045880675315856934,0.9990894198417664,0.0033165,1.1335141260297008,0.05714285714285719,0.2686230248306998,0.05599227799227797,0.2746425884123401,0.003316,0.0,0.0023025,0.0002415,0.9999943971633911,0.0,0.0,0.002054,0.0001995,0.9999992847442627,0.008666384033858776,2000000
55499,0.0006399154663085938,1.000756859779358,0.003475,1.0785282401658571,0.056151112130245324,0.2626034612490594,0.05599227799227797,0.2746425884123401,0.0034745,0.0,0.0023085,0.000248,0.999998927116394,0.0,0.0,0.002054,0.0001995,0.9999992847442627,0.008700345642864704,2000000
55599,0.0004557967185974121,0.9995831251144409,0.0031785,1.100075632223816,0.056415717430841464,0.2656132430398796,0.05599227799227797,0.2746425884123401,0.0031785,0.0,0.0020235,0.00024,0.9999995231628418,0.0,0.0,0.002054,0.0001995,0.9999992847442627,0.008716979995369911,2000000
55699,-9.012222290039062e-05,1.0001236200332642,0.003154,1.1038922916103755,0.05470693407960201,0.2622272385252069,0.05599227799227797,0.2746425884123401,0.003154,0.0,0.002431,0.000268,0.9999978542327881,0.0,0.0,0.002054,0.0001995,0.9999992847442627,0.00865998212248087,2000000
55799,0.00021371245384216309,0.9991400241851807,0.00307,1.1078698664943731,0.056160063079045947,0.27200902934537247,0.05599227799227797,0.2746425884123401,0.0025525,0.0,0.0021275,0.000241,0.9999980926513672,0.0,0.0,0.002054,0.0001995,0.9999992847442627,0.009238166734576225,2000000
55899,6.42240047454834e-05,0.9994143843650818,0.002932,1.1066067688380357,0.056777885235331935,0.27012791572610984,0.05599227799227797,0.2746425884123401,0.002932,0.0,0.0019505,0.000228,0.9999964237213135,0.0,0.0,0.002054,0.0001995,0.9999992847442627,0.009017804637551308,2000000
55999,0.00035858154296875,0.9998461008071899,0.0027245,1.1300163484159484,0.05696202531645571,0.2757712565838977,0.05599227799227797,0.2746425884123401,0.0027245,0.0,0.002127,0.0002445,0.9999977946281433,0.0,0.0,0.002054,0.0001995,0.9999992847442627,0.008988198824226856,2000000
56099,0.00016731023788452148,1.0003217458724976,0.0027305,1.0934829203121086,0.05611402977032393,0.2697516930022573,0.05599227799227797,0.2746425884123401,0.0027305,0.0,0.0022465,0.0002525,0.9999991059303284,0.0,0.0,0.002054,0.0001995,0.9999992847442627,0.00879469234496355,2000000
56199,0.0002554357051849365,1.0004678964614868,0.0027620000000000006,1.0432848279093412,0.057940309506263846,0.2795334838224229,0.05599227799227797,0.2746425884123401,0.0025555,0.0,0.0020105,0.000225,0.9999929666519165,0.0,0.0,0.002054,0.0001995,0.9999992847442627,0.00876564159989357,2000000
56299,-0.00011348724365234375,0.9986647367477417,0.0027115,1.0903986175957658,0.05717312348668287,0.27012791572610984,0.05599227799227797,0.2746425884123401,0.002711,0.0,0.002009,0.000238,0.9999969005584717,0.0,0.0,0.002054,0.0001995,0.9999992847442627,0.00886100810021162,2000000
56399,0.00030878186225891113,1.0005409717559814,0.0029560000000000003,1.0811512438633646,0.05484766226399809,0.27200902934537247,0.05599227799227797,0.2746425884123401,0.0025255,0.0,0.0021165,0.0002425,0.9999997615814209,0.0,0.0,0.002054,0.0001995,0.9999992847442627,0.008765424601733685,2000000
56499,0.00020143389701843262,1.0001295804977417,0.0028305,1.0825369772136362,0.056879132729801093,0.26824680210684726,0.05599227799227797,0.2746425884123401,0.0028305,0.0,0.0020485,0.0002455,0.9999988079071045,0.0,0.0,0.002054,0.0001995,0.9999992847442627,0.008800891228020191,2000000
56599,-0.00036156177520751953,0.9986923933029175,0.0026900000000000014,1.0826867220903222,0.05840670228509802,0.2870579382994733,0.05599227799227797,0.2746425884123401,0.0025915,0.0,0.0019885,0.0002405,0.9999984502792358,0.0,0.0,0.002054,0.0001995,0.9999992847442627,0.008941159583628178,2000000
56699,-0.0002449154853820801,0.9994363784790039,0.0032475,1.0633858410550847,0.05621895867493651,0.26109857035364936,0.05599227799227797,0.2746425884123401,0.0032475,0.0,0.0021145,0.000256,0.9999984502792358,0.0,0.0,0.002054,0.0001995,0.9999992847442627,0.008702065795660019,2000000
56799,-9.542703628540039e-05,0.999404788017273,0.003094,1.0677456699793515,0.057324137572734774,0.272385252069225,0.05599227799227797,0.2746425884123401,0.003094,0.0,0.001982,0.0002395,0.9999984502792358,0.0,0.0,0.002054,0.0001995,0.9999992847442627,0.008661787025630474,2000000
56899,4.646182060241699e-05,1.0005567073822021,0.0026695,1.0631199747480884,0.057142857142857134,0.27840481565086533,0.05599227799227797,0.2746425884123401,0.0026695,0.0,0.002187,0.000263,0.9999997615814209,0.0,0.0,0.002054,0.0001995,0.9999992847442627,0.009068244136869907,2000000
56999,-0.0002872049808502197,0.999316394329071,0.003134,1.0882630100910222,0.057212049138687444,0.27313769751693,0.05599227799227797,0.2746425884123401,0.003134,0.0,0.0022535,0.000269,0.9999995231628418,0.0,0.0,0.002054,0.0001995,0.9999992847442627,0.008850288577377796,2000000
57099,8.079409599304199e-05,1.0008659362792969,0.0031775,1.0889058815575423,0.05671930979015857,0.26749435665914223,0.05599227799227797,0.2746425884123401,0.003177,0.0,0.002069,0.000257,0.9999971389770508,0.0,0.0,0.002054,0.0001995,0.9999992847442627,0.008803440257906914,2000000
57199,0.0001055598258972168,0.9992391467094421,0.002685,1.1403352079628069,0.057181782794861816,0.27539503386004516,0.05599227799227797,0.2746425884123401,0.002685,0.0,0.001957,0.0002415,0.9999998211860657,0.0,0.0,0.002054,0.0001995,0.9999992847442627,0.009068349376320839,2000000
57299,0.00029343366622924805,0.9995385408401489,0.002698,1.1435665880233636,0.05465725630780336,0.27389014296463504,0.05599227799227797,0.2746425884123401,0.002698,0.0,0.001631,0.0001635,0.9999996423721313,0.0,0.0,0.002054,0.0001995,0.9999992847442627,0.0087379589676857,2000000
57399,0.0004679858684539795,0.9997168183326721,0.0027865,1.1198821156605645,0.055151467061644796,0.2618510158013544,0.05599227799227797,0.2746425884123401,0.0027855,0.0,0.00197,0.000231,0.9999982714653015,0.0,0.0,0.002054,0.0001995,0.9999992847442627,0.008970951661467552,2000000
57499,-0.00017532706260681152,0.9991675615310669,0.002886,1.093309689930913,0.057258607557208976,0.2795334838224229,0.05599227799227797,0.2746425884123401,0.002886,0.0,0.0019255,0.000228,0.9999979734420776,0.0,0.0,0.002054,0.0001995,0.9999992847442627,0.008852267637848854,2000000
57599,-0.0003859102725982666,0.9991089701652527,0.003125,1.0891682265507832,0.057861726769869545,0.27313769751693,0.05599227799227797,0.2746425884123401,0.0031245,0.0,0.0019955,0.000233,0.9999957084655762,0.0,0.0,0.002054,0.0001995,0.9999992847442627,0.0086738932877779,2000000
57699,0.000630497932434082,1.0000038146972656,0.0030409999999999986,1.1208029173047012,0.058426386697414755,0.27125658389766744,0.05599227799227797,0.2746425884123401,0.0026765,0.0,0.0021495,0.000253,0.9999971389770508,0.0,0.0,0.002054,0.0001995,0.9999992847442627,0.008860459551215172,2000000
57799,0.00022074580192565918,0.9991701245307922,0.002876,1.1277026021365606,0.059405940594059375,0.2799097065462754,0.05599227799227797,0.2746425884123401,0.002729,0.0,0.0021295,0.00025,0.9999992847442627,0.0,0.0,0.002054,0.0001995,0.9999992847442627,0.008916396647691727,2000000
57899,0.00011491775512695312,0.9983000755310059,0.002859500000000001,1.1209075490939404,0.05758473805481439,0.290443942814146,0.05599227799227797,0.2746425884123401,0.0027035,0.0,0.002015,0.000249,0.9999972581863403,0.0,0.0,0.002054,0.0001995,0.9999992847442627,0.009070966392755508,2000000
57999,0.0002918243408203125,1.0005968809127808,0.0026949999999999995,1.036023548390021,0.057228915662650606,0.2780285929270128,0.05599227799227797,0.2746425884123401,0.002592,0.0,0.0021425,0.0002615,0.9999994039535522,0.0,0.0,0.002054,0.0001995,0.9999992847442627,0.00878482311964035,2000000
58099,-0.000425875186920166,0.9986898899078369,0.002697,1.0991663416785697,0.05882352941176473,0.281790820165538,0.05599227799227797,0.2746425884123401,0.002697,0.0,0.00236,0.000256,0.9999944567680359,0.0,0.0,0.002054,0.0001995,0.9999992847442627,0.008739106357097626,2000000
58199,0.000956416130065918,1.0003292560577393,0.0028870000000000007,1.0874530228600334,0.05708436382891871,0.27539503386004516,0.05599227799227797,0.2746425884123401,0.002602,0.0,0.002163,0.000239,0.9999960660934448,0.0,0.0,0.002054,0.0001995,0.9999992847442627,0.008684270083904266,2000000
58299,0.00021779537200927734,0.9997743368148804,0.002774,1.06902215885923,0.05720213396561942,0.2757712565838977,0.05599227799227797,0.2746425884123401,0.002773,0.0,0.00231,0.000264,0.9999994039535522,0.0,0.0,0.002054,0.0001995,0.9999992847442627,0.008898797444999218,2000000
58399,-0.0005521476268768311,0.9988914132118225,0.0031015,1.0806376823002342,0.059523809523809465,0.27501881113619264,0.05599227799227797,0.2746425884123401,0.0025535,0.0,0.002321,0.000265,0.9999998211860657,0.0,0.0,0.002054,0.0001995,0.9999992847442627,0.008659987710416317,2000000
58499,-0.00068703293800354,0.9985867738723755,0.0030145,1.0709969198075662,0.058250998854028055,0.28630549285176826,0.05599227799227797,0.2746425884123401,0.0030135,0.0,0.0023445,0.000264,0.9999998807907104,0.0,0.0,0.002054,0.0001995,0.9999992847442627,0.00865125097334385,2000000
58599,0.0005609691143035889,1.000234603881836,0.002803,1.0537134564325292,0.0574129647070091,0.27313769751693,0.05599227799227797,0.2746425884123401,0.002802,0.0,0.002201,0.000262,0.9999979138374329,0.0,0.0,0.002054,0.0001995,0.9999992847442627,0.008972245268523693,2000000
58699,-0.0004801452159881592,0.9987739324569702,0.0031645,1.0479743043311862,0.05561969850157315,0.2840481565086531,0.05599227799227797,0.2746425884123401,0.003164,0.0,0.0021475,0.0002615,0.9999974370002747,0.0,0.0,0.002054,0.0001995,0.9999992847442627,0.008810355328023434,2000000
58799,-8.45491886138916e-05,0.9996209144592285,0.003025,1.112873827869875,0.05696202531645571,0.2780285929270128,0.05599227799227797,0.2746425884123401,0.0030245,0.0,0.002019,0.000251,0.9999978542327881,0.0,0.0,0.002054,0.0001995,0.9999992847442627,0.008697835728526115,2000000
58899,0.0005848109722137451,1.0009115934371948,0.0026915,1.0982525193861277,0.05621895867493651,0.2768999247554552,0.05599227799227797,0.2746425884123401,0.0026915,0.0,0.0021695,0.000268,0.9999995827674866,0.0,0.0,0.002054,0.0001995,0.9999992847442627,0.008833360858261585,2000000
58999,-0.0007762312889099121,0.9988979697227478,0.002864,1.1021774864530964,0.05784910252509886,0.27125658389766744,0.05599227799227797,0.2746425884123401,0.002863,0.0,0.002034,0.000238,0.9999964237213135,0.0,0.0,0.002054,0.0001995,0.9999992847442627,0.008796685375273228,2000000
59099,0.00030615925788879395,0.9992495179176331,0.0024855,1.0967994693631362,0.05733625550761366,0.27313769751693,0.05599227799227797,0.2746425884123401,0.0024855,0.0,0.00219,0.0002615,0.9999988079071045,0.0,0.0,0.002054,0.0001995,0.9999992847442627,0.008964592590928078,2000000
59199,-0.00031310319900512695,0.9986697435379028,0.0025915,1.081200580931108,0.05719095719095725,0.2746425884123401,0.05599227799227797,0.2746425884123401,0.0025915,0.0,0.0019745,0.000226,0.9999973177909851,0.0,0.0,0.002054,0.0001995,0.9999992847442627,0.008591722697019577,2000000
59299,0.0006228089332580566,1.000868797302246,0.002691,1.0578809283607307,0.058091286307054006,0.2757712565838977,0.05599227799227797,0.2746425884123401,0.002691,0.0,0.002395,0.000278,0.999997615814209,0.0,0.0,0.002054,0.0001995,0.9999992847442627,0.008399583399295807,2000000
59399,0.00023442506790161133,1.0003758668899536,0.0026515,1.0727277635041967,0.05809701707823678,0.26824680210684726,0.05599227799227797,0.2746425884123401,0.0026515,0.0,0.002186,0.000273,0.9999988079071045,0.0,0.0,0.002054,0.0001995,0.9999992847442627,0.008870728313922882,2000000
59499,7.167458534240723e-05,0.9996734261512756,0.0027745,1.0515893647998653,0.05960264900662252,0.2693754702784048,0.05599227799227797,0.2746425884123401,0.0027745,0.0,0.002211,0.000253,0.9999985694885254,0.0,0.0,0.002054,0.0001995,0.9999992847442627,0.008820103481411934,2000000
59599,-0.00016584992408752441,0.9998264312744141,0.002516,1.0822135389455618,0.05747126436781608,0.2746425884123401,0.05599227799227797,0.2746425884123401,0.002516,0.0,0.002269,0.000259,0.9999974966049194,0.0,0.0,0.002054,0.0001995,0.9999992847442627,0.00885710958391428,2000000
59699,0.00012427568435668945,1.000494122505188,0.002553,1.1034498441432572,0.057784917672724034,0.2757712565838977,0.05599227799227797,0.2746425884123401,0.002553,0.0,0.002127,0.0002505,0.9999947547912598,0.0,0.0,0.002054,0.0001995,0.9999992847442627,0.008538461290299892,2000000
59799,-0.0006084144115447998,0.9988159537315369,0.002712,1.0682560128359397,0.05714285714285705,0.26674191121143714,0.05599227799227797,0.2746425884123401,0.002712,0.0,0.00194,0.0002395,0.9999972581863403,0.0,0.0,0.002054,0.0001995,0.9999992847442627,0.008784238249063492,2000000
59899,0.0002427995204925537,0.9992409348487854,0.0026130000000000007,1.0328505844433986,0.05893014896274409,0.28592927012791575,0.05599227799227797,0.2746425884123401,0.0022545,0.0,0.002058,0.000249,0.9999990463256836,0.0,0.0,0.002054,0.0001995,0.9999992847442627,0.008708194829523563,2000000
59999,0.00024110078811645508,0.9996004700660706,0.0025445,1.0450404087352674,0.057940309506263846,0.27727614747930773,0.05599227799227797,0.2746425884123401,0.0025445,0.0,0.00221,0.000255,0.9999984502792358,0.0,0.0,0.002054,0.0001995,0.9999992847442627,0.008758465759456158,2000000
60099,-0.000199049711227417,1.0010281801223755,0.002723,1.1004928010980852,0.05501784413012206,0.2671181339352897,0.05599227799227797,0.2746425884123401,0.002723,0.0,0.0020715,0.0002425,0.9999990463256836,0.0,0.0,0.002054,0.0001995,0.9999992847442627,0.008986633270978928,2000000
60199,-0.0002880394458770752,1.00038743019104,0.0024925,1.1305729472286004,0.057623132263419946,0.26674191121143714,0.05599227799227797,0.2746425884123401,0.0024925,0.0,0.0024095,0.0002815,0.9999996423721313,0.0,0.0,0.002054,0.0001995,0.9999992847442627,0.008754856884479523,2000000
60299,-0.00020235776901245117,0.9985389709472656,0.002476,1.1086590720821143,0.05827419565501331,0.28254326561324306,0.05599227799227797,0.2746425884123401,0.002476,0.0,0.002041,0.000247,0.999997615814209,0.0,0.0,0.002054,0.0001995,0.9999992847442627,0.00874779000878334,2000000
60399,-0.000530540943145752,0.998306393623352,0.002682,1.0734809841349415,0.05691682301438396,0.27125658389766744,0.05599227799227797,0.2746425884123401,0.002682,0.0,0.0020555,0.000233,0.9999995231628418,0.0,0.0,0.002054,0.0001995,0.9999992847442627,0.008646316826343536,2000000
60499,-0.00025662779808044434,0.9996219873428345,0.002563,1.028032803061742,0.05578544192329397,0.2697516930022573,0.05599227799227797,0.2746425884123401,0.002563,0.0,0.002234,0.000264,0.999997615814209,0.0,0.0,0.002054,0.0001995,0.9999992847442627,0.008786582387983799,2000000
60599,-0.00048288702964782715,0.9974725246429443,0.002379,1.0688311481451385,0.056275522960246745,0.2765237020316027,0.05599227799227797,0.2746425884123401,0.002379,0.0,0.0020695,0.0002495,0.9999998807907104,0.0,0.0,0.002054,0.0001995,0.9999992847442627,0.008934526704251766,2000000
60699,0.0005328655242919922,0.9997861981391907,0.004101000000000002,1.1920278222286138,0.057203724515817414,0.27878103837471785,0.05599227799227797,0.2746425884123401,0.00218,0.0,0.0025245,0.000281,0.9999996423721313,0.0,0.0,0.002054,0.0001995,0.9999992847442627,0.008796044625341892,2000000
60799,0.00024148821830749512,0.9991673231124878,0.002715500000000001,1.1108939570276344,0.05666139813625745,0.27389014296463504,0.05599227799227797,0.2746425884123401,0.002212,0.0,0.002406,0.000271,0.9999970197677612,0.0,0.0,0.002054,0.0001995,0.9999992847442627,0.008932286873459816,2000000
60899,0.0011409223079681396,1.000760555267334,0.0039895,1.1709535327631684,0.0564144736842105,0.27200902934537247,0.05599227799227797,0.2746425884123401,0.002043,0.0,0.0024325,0.0002855,0.9999998807907104,0.0,0.0,0.002054,0.0001995,0.9999992847442627,0.008930949494242668,2000000
60999,3.680586814880371e-05,1.0000009536743164,0.002312,1.0307832957432184,0.056179775280898875,0.27765237020316025,0.05599227799227797,0.2746425884123401,0.002312,0.0,0.0022835,0.0002665,0.9999987483024597,0.0,0.0,0.002054,0.0001995,0.9999992847442627,0.008737902157008648,2000000
61099,-0.00033614039421081543,0.9991924166679382,0.002347,1.0588018704982152,0.05600464102204485,0.2689992475545523,0.05599227799227797,0.2746425884123401,0.002347,5e-07,0.002191,0.000265,1.0,0.0,0.0,0.002054,0.0001995,0.9999992847442627,0.008826403878629208,2000000
61199,-0.0006460845470428467,1.0000883340835571,0.0024305,1.0964308706728594,0.05677788523533206,0.26824680210684726,0.05599227799227797,0.2746425884123401,0.0024305,0.0,0.0021345,0.000234,0.9999969005584717,0.0,0.0,0.002054,0.0001995,0.9999992847442627,0.008845418691635132,2000000
61299,-0.00014975666999816895,0.9997162222862244,0.0023665000000000005,1.0952112469756727,0.056891389634524135,0.2727614747930775,0.05599227799227797,0.2746425884123401,0.002192,0.0,0.002162,0.0002435,0.9999997615814209,0.0,0.0,0.002054,0.0001995,0.9999992847442627,0.008750967681407928,2000000
61399,0.00014454126358032227,0.9984886646270752,0.002161,1.065443800589837,0.05657043802920195,0.2742663656884876,0.05599227799227797,0.2746425884123401,0.002161,0.0,0.002329,0.000265,0.9999973773956299,0.0,0.0,0.002054,0.0001995,0.9999992847442627,0.008935660123825073,2000000
61499,0.0006118416786193848,0.9999092817306519,0.0023295,1.096363323196585,0.05621488764044944,0.27878103837471785,0.05599227799227797,0.2746425884123401,0.0023295,5e-07,0.002112,0.0002335,1.0,0.0,0.0,0.002054,0.0001995,0.9999992847442627,0.008835890330374241,2000000
61599,5.310773849487305e-05,0.9986656904220581,0.0023645,1.1120730660472669,0.05819598103409346,0.2761474793077502,0.05599227799227797,0.2746425884123401,0.0023645,0.0,0.002356,0.000256,0.9999994039535522,0.0,0.0,0.002054,0.0001995,0.9999992847442627,0.008826551958918571,2000000
61699,-0.0006571114063262939,0.9997806549072266,0.003449,1.1448426277367467,0.0542769168014549,0.2757712565838977,0.05599227799227797,0.2746425884123401,0.0034485,0.0,0.002163,0.0002265,0.9999986886978149,0.0,0.0,0.002054,0.0001995,0.9999992847442627,0.008777608163654804,2000000
61799,0.00035050511360168457,1.000698208808899,0.002147,1.1491243713321289,0.056930996445642826,0.27050413844996235,0.05599227799227797,0.2746425884123401,0.002147,0.0,0.002536,0.000278,0.9999983310699463,0.0,0.0,0.002054,0.0001995,0.9999992847442627,0.008925857953727245,2000000
61899,0.0005252063274383545,1.0015143156051636,0.0024159999999999997,1.1373292842509746,0.05675307380222362,0.28103837471783294,0.05599227799227797,0.2746425884123401,0.002159,0.0,0.002209,0.00024,0.9999977946281433,0.0,0.0,0.002054,0.0001995,0.9999992847442627,0.00895142275840044,2000000
61999,-0.00012344121932983398,1.0002140998840332,0.0024525,1.1065358067932598,0.05650945713583884,0.2746425884123401,0.05599227799227797,0.2746425884123401,0.0024525,0.0,0.002484,0.000274,0.9999971985816956,0.0,0.0,0.002054,0.0001995,0.9999992847442627,0.009059617295861244,2000000
62099,-0.0006433427333831787,0.9987860918045044,0.002252,1.1189559279699053,0.05613897826949352,0.2727614747930775,0.05599227799227797,0.2746425884123401,0.0022515,0.0,0.0023495,0.000253,0.9999994039535522,0.0,0.0,0.002054,0.0001995,0.9999992847442627,0.008868947625160217,2000000
62199,0.00010782480239868164,1.0005289316177368,0.0028335,1.117520320951884,0.05763230468828637,0.27539503386004516,0.05599227799227797,0.2746425884123401,0.0028335,0.0,0.0023815,0.000258,0.9999990463256836,0.0,0.0,0.002054,0.0001995,0.9999992847442627,0.008945397101342678,2000000
62299,0.0005694925785064697,0.9990665912628174,0.002451000000000002,1.1792610118333295,0.05833086144021213,0.2780285929270128,0.05599227799227797,0.2746425884123401,0.002182,0.0,0.002024,0.0002175,0.9999967217445374,0.0,0.0,0.002054,0.0001995,0.9999992847442627,0.008798324503004551,2000000
62399,-7.25090503692627e-05,0.9995177984237671,0.0026035,1.1595757017537374,0.05693950177935946,0.27727614747930773,0.05599227799227797,0.2746425884123401,0.0026025,0.0,0.002172,0.0002335,0.9999995231628418,0.0,0.0,0.002054,0.0001995,0.9999992847442627,0.008691305294632912,2000000
62499,-0.00017377734184265137,1.0000158548355103,0.002665,1.0753661314130125,0.056847560402369046,0.2799097065462754,0.05599227799227797,0.2746425884123401,0.002665,0.0,0.0023165,0.000245,0.9999933242797852,0.0,0.0,0.002054,0.0001995,0.9999992847442627,0.008590176701545715,2000000
62599,0.0003916025161743164,1.000980019569397,0.002432,1.1426078543942144,0.05764196536447849,0.2765237020316027,0.05599227799227797,0.2746425884123401,0.002327,0.0,0.002238,0.0002435,0.9999996423721313,0.0,0.0,0.002054,0.0001995,0.9999992847442627,0.008869295008480549,2000000
62699,-5.46574592590332e-05,0.9999858736991882,0.0023715,1.1332397492093074,0.05714285714285717,0.27125658389766744,0.05599227799227797,0.2746425884123401,0.0023715,0.0,0.002507,0.000267,0.9999926090240479,0.0,0.0,0.002054,0.0001995,0.9999992847442627,0.008905017748475075,2000000
62799,0.00015333294868469238,1.0003116130828857,0.0026575,1.2332381593987372,0.05759162303664919,0.2802859292701279,0.05599227799227797,0.2746425884123401,0.00225,0.0,0.0017175,0.0001905,0.9999973773956299,0.0,0.0,0.002054,0.0001995,0.9999992847442627,0.009029414504766464,2000000
62899,-0.0007295906543731689,0.9983682036399841,0.002293,1.2628490834516701,0.057987827431991726,0.28630549285176826,0.05599227799227797,0.2746425884123401,0.002293,0.0,0.001581,0.000181,0.9999980926513672,0.0,0.0,0.002054,0.0001995,0.9999992847442627,0.008736890740692616,2000000
62999,-0.000514298677444458,0.9975044131278992,0.002963500000000001,1.194977991211861,0.05913978494623654,0.28291948833709557,0.05599227799227797,0.2746425884123401,0.002322,0.0,0.002062,0.000212,0.9999963045120239,0.0,0.0,0.002054,0.0001995,0.9999992847442627,0.009074656292796135,2000000
63099,0.00031560659408569336,0.9992360472679138,0.0022635,1.1335779935934478,0.05666009574767665,0.2742663656884876,0.05599227799227797,0.2746425884123401,0.0022635,0.0,0.002079,0.0002185,0.9999961853027344,0.0,0.0,0.002054,0.0001995,0.9999992847442627,0.00902618933469057,2000000
63199,-0.00012424588203430176,0.9979792237281799,0.002065000000000001,1.1249275137653187,0.05714285714285716,0.27915726109857036,0.05599227799227797,0.2746425884123401,0.002055,0.0,0.002101,0.000227,0.9999969005584717,0.0,0.0,0.002054,0.0001995,0.9999992847442627,0.009181774221360683,2000000
63299,-0.00010469555854797363,0.9991729855537415,0.0023485,1.1326322866573648,0.057841840782861684,0.2727614747930775,0.05599227799227797,0.2746425884123401,0.0023485,0.0,0.001881,0.0002195,0.9999998211860657,0.0,0.0,0.002054,0.0001995,0.9999992847442627,0.00898487213999033,2000000
63399,0.00022345781326293945,0.9995308518409729,0.0023264999999999987,1.1538353313187866,0.05660377358490564,0.2742663656884876,0.05599227799227797,0.2746425884123401,0.002041,0.0,0.001878,0.0002175,0.999997615814209,0.0,0.0,0.002054,0.0001995,0.9999992847442627,0.009234821423888206,2000000
63499,0.00043204426765441895,0.9998563528060913,0.0028129999999999995,1.1244872057337658,0.05797101449275366,0.26824680210684726,0.05599227799227797,0.2746425884123401,0.001976,0.0,0.00175,0.0002065,0.9999938011169434,0.0,0.0,0.002054,0.0001995,0.9999992847442627,0.009177769534289837,2000000
63599,0.00036460161209106445,1.000492811203003,0.0034040000000000008,1.1825174609220694,0.05843684637384216,0.2795334838224229,0.05599227799227797,0.2746425884123401,0.001841,0.0,0.001684,0.0001885,0.9999947547912598,0.0,0.0,0.002054,0.0001995,0.9999992847442627,0.009437351487576962,2000000
63699,0.0006386935710906982,1.0012482404708862,0.002588,1.0473735351082303,0.057507016320766546,0.27163280662151995,0.05599227799227797,0.2746425884123401,0.002588,0.0,0.0021695,0.0002425,0.9999998807907104,0.0,0.0,0.002054,0.0001995,0.9999992847442627,0.00935431569814682,2000000
63799,0.0001920163631439209,1.0006049871444702,0.0025055,1.0704588543540945,0.05764688884072709,0.27501881113619264,0.05599227799227797,0.2746425884123401,0.0025055,0.0,0.0020955,0.0002335,0.9999988079071045,0.0,0.0,0.002054,0.0001995,0.9999992847442627,0.009340228512883186,2000000
63899,-0.0005713999271392822,0.999465823173523,0.002361,1.1017394710853037,0.05819598103409346,0.26636568848758463,0.05599227799227797,0.2746425884123401,0.002361,0.0,0.001886,0.000212,0.9999964237213135,0.0,0.0,0.002054,0.0001995,0.9999992847442627,0.009212799370288849,2000000
63999,0.00037986040115356445,0.9996888041496277,0.0022885,1.10102501540314,0.057340724621567064,0.2735139202407825,0.05599227799227797,0.2746425884123401,0.0022885,0.0,0.0020995,0.000245,0.9999978542327881,0.0,0.0,0.002054,0.0001995,0.9999992847442627,0.009400381706655025,2000000
64099,0.00032383203506469727,0.9988282322883606,0.003637500000000002,1.2241874116737477,0.05986530679289795,0.28216704288939054,0.05599227799227797,0.2746425884123401,0.0019795,0.0,0.0021,0.0002545,0.9999984502792358,0.0,0.0,0.002054,0.0001995,0.9999992847442627,0.00927487388253212,2000000
64199,-3.4242868423461914e-05,1.0003392696380615,0.0024765,1.1427634915961786,0.06006144534962027,0.2768999247554552,0.05599227799227797,0.2746425884123401,0.0024765,0.0,0.002159,0.000258,0.9999978542327881,0.0,0.0,0.002054,0.0001995,0.9999992847442627,0.00933685339987278,2000000
64299,0.00018325448036193848,0.9998120665550232,0.0024775,1.0531136062272934,0.058823529411764684,0.28254326561324306,0.05599227799227797,0.2746425884123401,0.0024775,0.0,0.002414,0.0002905,0.999998927116394,0.0,0.0,0.002054,0.0001995,0.9999992847442627,0.009278327226638794,2000000
64399,0.00036007165908813477,1.0012593269348145,0.003705500000000002,1.196156499791598,0.05912654271942368,0.28893905191873587,0.05599227799227797,0.2746425884123401,0.0017885,0.0,0.0021305,0.000256,0.9999998807907104,0.0,0.0,0.002054,0.0001995,0.9999992847442627,0.009433487430214882,2000000
64499,0.0002594590187072754,1.000212550163269,0.002619999999999999,1.0631021302469321,0.05805011520737326,0.2870579382994733,0.05599227799227797,0.2746425884123401,0.0021965,0.0,0.002326,0.000274,0.9999998807907104,0.0,0.0,0.002054,0.0001995,0.9999992847442627,0.00913199968636036,2000000
64599,0.00013640522956848145,0.999509871006012,0.002165,1.1220573460692758,0.060482938114517076,0.2866817155756208,0.05599227799227797,0.2746425884123401,0.002165,0.0,0.0024545,0.0002815,0.9999985694885254,0.0,0.0,0.002054,0.0001995,0.9999992847442627,0.009196613915264606,2000000
64699,0.0005334913730621338,0.9990207552909851,0.002429500000000001,1.1991629527744538,0.059625885906820095,0.2832957110609481,0.05599227799227797,0.2746425884123401,0.0021815,0.0,0.0024835,0.0002885,0.999992847442627,0.0,0.0,0.002054,0.0001995,0.9999992847442627,0.008975114673376083,2000000
64799,0.00014668703079223633,1.0006691217422485,0.0022945,1.1414751371223684,0.05752363487973827,0.291196388261851,0.05599227799227797,0.2746425884123401,0.0022945,0.0,0.0021485,0.000247,0.9999962449073792,0.0,0.0,0.002054,0.0001995,0.9999992847442627,0.009401500225067139,2000000
64899,0.0009024739265441895,1.0010442733764648,0.002402,1.088210578985388,0.05811541059538744,0.28517682468021066,0.05599227799227797,0.2746425884123401,0.002402,0.0,0.0023895,0.0002735,0.9999979734420776,0.0,0.0,0.002054,0.0001995,0.9999992847442627,0.009593524038791656,2000000
64999,0.0005224347114562988,0.9998602867126465,0.0022995,1.1442392353014377,0.05882352941176472,0.2878103837471783,0.05599227799227797,0.2746425884123401,0.0022995,0.0,0.002444,0.0002855,0.9999992847442627,0.0,0.0,0.002054,0.0001995,0.9999992847442627,0.009410244412720203,2000000
65099,-0.0006937384605407715,0.9978395700454712,0.00269,1.1342643511687809,0.057899569861292424,0.28592927012791575,0.05599227799227797,0.2746425884123401,0.00269,0.0,0.0021665,0.000246,0.9999991655349731,0.0,0.0,0.002054,0.0001995,0.9999992847442627,0.009284576401114464,2000000
65199,-0.0003521442413330078,0.9982636570930481,0.002439,1.1291267261130968,0.05882352941176472,0.2979683972911964,0.05599227799227797,0.2746425884123401,0.002439,0.0,0.002147,0.000237,0.9999982118606567,0.0,0.0,0.002054,0.0001995,0.9999992847442627,0.008942408487200737,2000000
65299,0.00024953484535217285,1.000244379043579,0.002987499999999999,1.12065608348425,0.059848011067523244,0.28254326561324306,0.05599227799227797,0.2746425884123401,0.002006,0.0,0.0022705,0.000266,0.9999970197677612,0.0,0.0,0.002054,0.0001995,0.9999992847442627,0.009234335273504257,2000000
65399,0.00025221705436706543,0.9995396137237549,0.0020775,1.1105002576282985,0.05972669529432819,0.281790820165538,0.05599227799227797,0.2746425884123401,0.0020775,0.0,0.0024925,0.0002925,0.9999998807907104,0.0,0.0,0.002054,0.0001995,0.9999992847442627,0.009235323406755924,2000000
65499,-0.00039207935333251953,0.9994995594024658,0.002272,1.1125195012024733,0.05801776531089296,0.28480060195635815,0.05599227799227797,0.2746425884123401,0.002272,0.0,0.0025345,0.0003055,0.9999947547912598,0.0,0.0,0.002054,0.0001995,0.9999992847442627,0.009118006564676762,2000000
65599,0.0002563595771789551,0.9992809295654297,0.0020304999999999993,1.138355195091366,0.0583450623547511,0.28480060195635815,0.05599227799227797,0.2746425884123401,0.002023,0.0,0.002121,0.0002465,0.9999997615814209,0.0,0.0,0.002054,0.0001995,0.9999992847442627,0.009105362929403782,2000000
65699,-0.0008981525897979736,0.9977120161056519,0.0022595,1.1539026957166643,0.056759961518670174,0.2866817155756208,0.05599227799227797,0.2746425884123401,0.002259,5e-07,0.0023915,0.000275,1.0,0.0,0.0,0.002054,0.0001995,0.9999992847442627,0.009299151599407196,2000000
65799,-0.0009263157844543457,0.9982616901397705,0.002357,1.1062833315845517,0.05670872441914143,0.28818660647103084,0.05599227799227797,0.2746425884123401,0.002357,0.0,0.0021295,0.0002485,0.9999998211860657,0.0,0.0,0.002054,0.0001995,0.9999992847442627,0.009107938967645168,2000000
65899,-0.0007146298885345459,0.9985888004302979,0.0021305,1.18987469859529,0.05769230769230768,0.28856282919488335,0.05599227799227797,0.2746425884123401,0.0021305,0.0,0.0024055,0.0002635,0.9999998807907104,0.0,0.0,0.002054,0.0001995,0.9999992847442627,0.00923243910074234,2000000
65999,-0.00042185187339782715,0.9992249608039856,0.0026425000000000008,1.1624281971065082,0.05873168563235357,0.29345372460496616,0.05599227799227797,0.2746425884123401,0.002121,0.0,0.002325,0.0002635,0.9999997615814209,0.0,0.0,0.002054,0.0001995,0.9999992847442627,0.009091537445783615,2000000
66099,0.0003820061683654785,0.9998859763145447,0.002052,1.2012150184726718,0.05882352941176465,0.29157261098570353,0.05599227799227797,0.2746425884123401,0.002052,0.0,0.00259,0.0002845,0.9999988079071045,0.0,0.0,0.002054,0.0001995,0.9999992847442627,0.008989333175122738,2000000
66199,9.483098983764648e-05,0.9988306164741516,0.0020855,1.1820500994741443,0.05449046920821113,0.27539503386004516,0.05599227799227797,0.2746425884123401,0.0020855,0.0,0.00204,0.0002365,0.9999985694885254,0.0,0.0,0.002054,0.0001995,0.9999992847442627,0.009173107333481312,2000000
66299,1.1026859283447266e-05,0.9998586177825928,0.002429,1.090432284631102,0.05662432687959881,0.27501881113619264,0.05599227799227797,0.2746425884123401,0.002429,0.0,0.002146,0.0002495,0.9999963045120239,0.0,0.0,0.002054,0.0001995,0.9999992847442627,0.009477898478507996,2000000
66399,0.0008938610553741455,1.0007966756820679,0.002241,1.0897223768499051,0.056753073802223566,0.2735139202407825,0.05599227799227797,0.2746425884123401,0.0022405,0.0,0.002258,0.000264,0.9999978542327881,0.0,0.0,0.002054,0.0001995,0.9999992847442627,0.009251226671040058,2000000
66499,-9.247660636901855e-05,0.9983079433441162,0.0020835,1.0775837505757446,0.057360474782037055,0.2765237020316027,0.05599227799227797,0.2746425884123401,0.002083,0.0,0.0019655,0.0002025,0.9999921321868896,0.0,0.0,0.002054,0.0001995,0.9999992847442627,0.008955664932727814,2000000
66599,0.0005137920379638672,1.0007656812667847,0.0024525,1.0900216667419609,0.05394190871369291,0.27125658389766744,0.05599227799227797,0.2746425884123401,0.0024525,0.0,0.0023275,0.000272,0.9999985694885254,0.0,0.0,0.002054,0.0001995,0.9999992847442627,0.009140676818788052,2000000
66699,0.00039511919021606445,1.0005078315734863,0.00212,1.1665792414153802,0.057201285422144345,0.28216704288939054,0.05599227799227797,0.2746425884123401,0.00212,0.0,0.0026625,0.000309,0.9999998807907104,0.0,0.0,0.002054,0.0001995,0.9999992847442627,0.009154261089861393,2000000
66799,0.00023916363716125488,0.999779224395752,0.002177,1.100634670687532,0.05793605006905474,0.281790820165538,0.05599227799227797,0.2746425884123401,0.002177,0.0,0.0023295,0.00028,0.9999989867210388,0.0,0.0,0.002054,0.0001995,0.9999992847442627,0.008949220180511475,2000000
66899,0.0003574192523956299,1.0001431703567505,0.0018855,1.0982045552691775,0.05812175520944469,0.2836719337848006,0.05599227799227797,0.2746425884123401,0.0018855,0.0,0.0020105,0.000221,0.9999992847442627,0.0,0.0,0.002054,0.0001995,0.9999992847442627,0.009039457887411118,2000000
66999,-0.00020575523376464844,0.9990081191062927,0.002092,1.085263193176609,0.05817935648295629,0.2799097065462754,0.05599227799227797,0.2746425884123401,0.002092,0.0,0.002134,0.000256,0.999994158744812,0.0,0.0,0.002054,0.0001995,0.9999992847442627,0.00898752175271511,2000000
67099,-0.0004200935363769531,0.9985610246658325,0.0019380000000000005,1.085725016840892,0.05742126839033514,0.2768999247554552,0.05599227799227797,0.2746425884123401,0.001888,0.0,0.002021,0.000233,0.9999995231628418,0.0,0.0,0.002054,0.0001995,0.9999992847442627,0.009213480167090893,2000000
67199,0.000577092170715332,0.99882572889328,0.0020105,1.1276687929022828,0.05681261686403709,0.28291948833709557,0.05599227799227797,0.2746425884123401,0.0020105,0.0,0.0020715,0.000248,0.9999985694885254,0.0,0.0,0.002054,0.0001995,0.9999992847442627,0.009037086740136147,2000000
67299,0.00034236907958984375,0.9983407258987427,0.002706,1.1732101915126834,0.05636858024502771,0.2742663656884876,0.05599227799227797,0.2746425884123401,0.001572,0.0,0.001882,0.000195,0.9999899864196777,0.0,0.0,0.002054,0.0001995,0.9999992847442627,0.009207088500261307,2000000
67399,-0.0003318190574645996,0.9992955923080444,0.0029405000000000004,1.0966847241017064,0.056298409302509775,0.2727614747930775,0.05599227799227797,0.2746425884123401,0.0015725,0.0,0.002064,0.0002385,0.999996542930603,0.0,0.0,0.002054,0.0001995,0.9999992847442627,0.009045680053532124,2000000
67499,0.0009868741035461426,1.0016363859176636,0.0031755000000000012,1.083413165344495,0.057481276783211216,0.28141459744168545,0.05599227799227797,0.2746425884123401,0.0012945,0.0,0.0021545,0.0002615,0.9999955296516418,0.0,0.0,0.002054,0.0001995,0.9999992847442627,0.009289340116083622,2000000
67599,0.0008668303489685059,1.0004997253417969,0.0038920000000000014,1.088146298542895,0.0575835627794061,0.28555304740406323,0.05599227799227797,0.2746425884123401,0.001253,0.0,0.0019635,0.0002295,0.9999992847442627,0.0,0.0,0.002054,0.0001995,0.9999992847442627,0.00919528491795063,2000000
67699,0.0004050135612487793,0.9983931183815002,0.0040820000000000006,1.1562934527105666,0.056429941902647995,0.2765237020316027,0.05599227799227797,0.2746425884123401,0.0012455,0.0,0.0020505,0.000243,0.9999963045120239,0.0,0.0,0.002054,0.0001995,0.9999992847442627,0.009140417911112309,2000000
67799,3.24249267578125e-05,1.0003292560577393,0.001581,1.0226362118117545,0.05707483337456799,0.26636568848758463,0.05599227799227797,0.2746425884123401,0.001581,0.0,0.0022805,0.000274,0.9999996423721313,0.0,0.0,0.002054,0.0001995,0.9999992847442627,0.00927919801324606,2000000
67899,-0.00018510222434997559,0.9990738034248352,0.0017655,1.0886284878292622,0.05759903355511084,0.2799097065462754,0.05599227799227797,0.2746425884123401,0.0017655,0.0,0.0022995,0.000268,0.9999974370002747,0.0,0.0,0.002054,0.0001995,0.9999992847442627,0.009308375418186188,2000000
67999,0.0006115436553955078,1.000442385673523,0.001891,1.05532473812011,0.0562589017249564,0.2802859292701279,0.05599227799227797,0.2746425884123401,0.001891,0.0,0.002025,0.000231,0.9999970197677612,0.0,0.0,0.002054,0.0001995,0.9999992847442627,0.009543106891214848,2000000
68099,-0.0001958012580871582,1.0001229047775269,0.001778,1.0345372008338192,0.05785123966942144,0.2742663656884876,0.05599227799227797,0.2746425884123401,0.001778,0.0,0.0021005,0.0002375,0.9999997615814209,0.0,0.0,0.002054,0.0001995,0.9999992847442627,0.009314743801951408,2000000
68199,-0.0005633234977722168,0.9988766312599182,0.001824,1.027774417396989,0.05555555555555559,0.2697516930022573,0.05599227799227797,0.2746425884123401,0.0018235,0.0,0.0021875,0.000255,0.9999997615814209,0.0,0.0,0.002054,0.0001995,0.9999992847442627,0.00907528679817915,2000000
68299,9.47415828704834e-05,0.9989607930183411,0.002415,1.0638466209346185,0.056818834338214205,0.2708803611738149,0.05599227799227797,0.2746425884123401,0.002415,0.0,0.0021055,0.0002475,0.9999997615814209,0.0,0.0,0.002054,0.0001995,0.9999992847442627,0.009512781165540218,2000000
68399,-0.0003542304039001465,0.9990710616111755,0.00198,1.073893035473207,0.05590062111801239,0.2708803611738149,0.05599227799227797,0.2746425884123401,0.0019795,0.0,0.002136,0.000247,0.9999979734420776,0.0,0.0,0.002054,0.0001995,0.9999992847442627,0.009098266251385212,2000000
68499,0.00027066469192504883,0.9988876581192017,0.001938,1.0698864874719265,0.05629401408450697,0.27125658389766744,0.05599227799227797,0.2746425884123401,0.001937,0.0,0.0021875,0.0002545,0.9999962449073792,0.0,0.0,0.002054,0.0001995,0.9999992847442627,0.009095411747694016,2000000
68599,-0.0001838207244873047,1.0011231899261475,0.0019645,1.0471483687309922,0.05426746133769627,0.2689992475545523,0.05599227799227797,0.2746425884123401,0.001964,0.0,0.002107,0.000237,0.9999985694885254,0.0,0.0,0.002054,0.0001995,0.9999992847442627,0.009135299362242222,2000000
68699,-7.328391075134277e-05,0.9997028708457947,0.0017415,1.0408742918882496,0.0563821802287076,0.2768999247554552,0.05599227799227797,0.2746425884123401,0.001672,0.0,0.0022935,0.0002435,0.9999986886978149,0.0,0.0,0.002054,0.0001995,0.9999992847442627,0.009160078130662441,2000000
68799,0.0003567337989807129,0.9994545578956604,0.003182000000000001,1.094297276701342,0.0549423710208562,0.26109857035364936,0.05599227799227797,0.2746425884123401,0.001435,0.0,0.0022105,0.0002325,0.9999971389770508,0.0,0.0,0.002054,0.0001995,0.9999992847442627,0.009025841020047665,2000000
68899,0.0004391968250274658,1.0010528564453125,0.00301,1.143045807639429,0.05600430497337712,0.27012791572610984,0.05599227799227797,0.2746425884123401,0.00301,0.0,0.0027255,0.000275,0.9999960660934448,0.0,0.0,0.002054,0.0001995,0.9999992847442627,0.008976234123110771,2000000
68999,0.00010749697685241699,1.0003798007965088,0.0031195,1.1131042232413706,0.057517176735822954,0.26636568848758463,0.05599227799227797,0.2746425884123401,0.0031195,0.0,0.0025475,0.0002875,0.9999995231628418,0.0,0.0,0.002054,0.0001995,0.9999992847442627,0.008895709179341793,2000000
69099,-0.0004240572452545166,0.9991943836212158,0.003682,1.0532788707942728,0.05669059643557741,0.272385252069225,0.05599227799227797,0.2746425884123401,0.003682,5e-07,0.0021285,0.0002475,1.0,0.0,0.0,0.002054,0.0001995,0.9999992847442627,0.009079105220735073,2000000
69199,0.0008108615875244141,0.9990367889404297,0.002968000000000002,1.2423159585423604,0.054972527472527455,0.2671181339352897,0.05599227799227797,0.2746425884123401,0.0017255,0.0,0.001998,0.000225,0.9999996423721313,0.0,0.0,0.002054,0.0001995,0.9999992847442627,0.009136542677879333,2000000
69299,-0.0003746151924133301,0.9987425804138184,0.002038,1.1205548573387643,0.05580593281318025,0.2656132430398796,0.05599227799227797,0.2746425884123401,0.002038,0.0,0.002249,0.000261,0.9999988079071045,0.0,0.0,0.002054,0.0001995,0.9999992847442627,0.009116863831877708,2000000
69399,0.0005808472633361816,0.9978779554367065,0.0026449999999999946,1.225276610430112,0.05714285714285721,0.27313769751693,0.05599227799227797,0.2746425884123401,0.002007,0.0,0.002184,0.0002555,0.9999905824661255,0.0,0.0,0.002054,0.0001995,0.9999992847442627,0.00896085612475872,2000000
69499,0.001293271780014038,1.0000752210617065,0.0028280000000000527,1.213433332826756,0.056127270818019534,0.2708803611738149,0.05599227799227797,0.2746425884123401,0.002417,0.0,0.0017235,0.0001945,0.9999985694885254,0.0,0.0,0.002054,0.0001995,0.9999992847442627,0.008945921435952187,2000000
69599,-0.00012314319610595703,1.0001078844070435,0.0025955,1.0867956867973105,0.054475616103961386,0.26787057938299474,0.05599227799227797,0.2746425884123401,0.002595,0.0,0.001756,0.0001995,0.9999961853027344,0.0,0.0,0.002054,0.0001995,0.9999992847442627,0.008905824273824692,2000000
69699,-7.587671279907227e-05,0.9993564486503601,0.00273,1.1154791996663567,0.05605839893939146,0.2757712565838977,0.05599227799227797,0.2746425884123401,0.00273,0.0,0.002251,0.0002745,0.9999995231628418,0.0,0.0,0.002054,0.0001995,0.9999992847442627,0.008957533165812492,2000000
69799,-0.0009066462516784668,0.9971256852149963,0.002839,1.197166218706771,0.0560663162697943,0.26486079759217457,0.05599227799227797,0.2746425884123401,0.002839,0.0,0.002168,0.0002655,0.9999996423721313,0.0,0.0,0.002054,0.0001995,0.9999992847442627,0.008974183350801468,2000000
69899,0.0004483163356781006,1.0014113187789917,0.0023395,1.1692344485693815,0.05552204798284414,0.2656132430398796,0.05599227799227797,0.2746425884123401,0.0023395,0.0,0.0021125,0.0002505,0.9999957084655762,0.0,0.0,0.002054,0.0001995,0.9999992847442627,0.00900808535516262,2000000
69999,-0.000339508056640625,0.9997344613075256,0.002508,1.2126800145577759,0.05434782608695652,0.2671181339352897,0.05599227799227797,0.2746425884123401,0.002508,0.0,0.002172,0.0002605,0.9999992847442627,0.0,0.0,0.002054,0.0001995,0.9999992847442627,0.008968005888164043,2000000
70099,0.0003427863121032715,1.000142216682434,0.0022655,1.2005224986158185,0.05561912026442918,0.2689992475545523,0.05599227799227797,0.2746425884123401,0.002265,0.0,0.002447,0.0002735,0.9999995827674866,0.0,0.0,0.002054,0.0001995,0.9999992847442627,0.008856887929141521,2000000
70199,7.358193397521973e-05,1.0008299350738525,0.0024185,1.1523068048115426,0.05571439073999955,0.26486079759217457,0.05599227799227797,0.2746425884123401,0.0024185,0.0,0.0023765,0.000268,0.9999992847442627,0.0,0.0,0.002054,0.0001995,0.9999992847442627,0.008899950422346592,2000000
70299,0.00013339519500732422,0.9968838095664978,0.002348000000000003,1.280396332955896,0.05952380952380952,0.27840481565086533,0.05599227799227797,0.2746425884123401,0.0017425,0.0,0.0022715,0.000262,0.9999990463256836,0.0,0.0,0.002054,0.0001995,0.9999992847442627,0.008856842294335365,2000000
70399,-0.0005637407302856445,1.0009148120880127,0.002399499999999999,1.2740969423199926,0.05747126436781606,0.26787057938299474,0.05599227799227797,0.2746425884123401,0.0021435,0.0,0.00272,0.0003015,0.9999973773956299,0.0,0.0,0.002054,0.0001995,0.9999992847442627,0.009148642420768738,2000000
70499,0.0003536045551300049,0.9998682141304016,0.0020065,1.2753087217888113,0.05822674269276222,0.2686230248306998,0.05599227799227797,0.2746425884123401,0.0020065,0.0,0.002536,0.000276,0.9999990463256836,0.0,0.0,0.002054,0.0001995,0.9999992847442627,0.00927179865539074,2000000
70599,0.0011756718158721924,1.0018590688705444,0.002486499999999947,1.2983681900995738,0.055997288695037124,0.2686230248306998,0.05599227799227797,0.2746425884123401,0.001867,0.0,0.0025025,0.000272,0.9999985694885254,0.0,0.0,0.002054,0.0001995,0.9999992847442627,0.008583049289882183,2000000
70699,-0.00017255544662475586,0.9993245601654053,0.002168,1.2495396986998564,0.057000972271793016,0.27539503386004516,0.05599227799227797,0.2746425884123401,0.002168,0.0,0.0024845,0.0002635,0.9999967813491821,0.0,0.0,0.002054,0.0001995,0.9999992847442627,0.008949065580964088,2000000
70799,-0.00013932585716247559,0.9981844425201416,0.002418,1.2142527862280554,0.057142857142857176,0.27200902934537247,0.05599227799227797,0.2746425884123401,0.002418,0.0,0.0022635,0.0002585,0.9999948740005493,0.0,0.0,0.002054,0.0001995,0.9999992847442627,0.008984444662928581,2000000
70899,6.791949272155762e-05,1.0007518529891968,0.0023555,1.2117043507491534,0.056550474363074255,0.26297968397291194,0.05599227799227797,0.2746425884123401,0.002355,0.0,0.0023595,0.0002725,0.9999948740005493,0.0,0.0,0.002054,0.0001995,0.9999992847442627,0.009005154483020306,2000000
70999,0.000424802303314209,1.002606749534607,0.0018785,1.2745477169818833,0.057411928845483066,0.27012791572610984,0.05599227799227797,0.2746425884123401,0.0018785,0.0,0.0024165,0.000252,0.999995768070221,0.0,0.0,0.002054,0.0001995,0.9999992847442627,0.009292280301451683,2000000
71099,-0.00045055150985717773,0.9994540214538574,0.0021185,1.1839162338709235,0.05526240861163153,0.27501881113619264,0.05599227799227797,0.2746425884123401,0.0021185,0.0,0.002201,0.000254,0.9999997615814209,0.0,0.0,0.002054,0.0001995,0.9999992847442627,0.008896599523723125,2000000
71199,-1.7970800399780273e-05,1.0012147426605225,0.0020085,1.262452629633315,0.056665990584668584,0.2742663656884876,0.05599227799227797,0.2746425884123401,0.001577,0.0,0.0019015,0.0002195,0.9999996423721313,0.0,0.0,0.002054,0.0001995,0.9999992847442627,0.008921102620661259,2000000
71299,-0.0002340376377105713,0.9987124800682068,0.0019475000000000013,1.2251837277292648,0.05623023857430287,0.2806621519939804,0.05599227799227797,0.2746425884123401,0.0014055,0.0,0.00212,0.0002375,0.9999949932098389,0.0,0.0,0.002054,0.0001995,0.9999992847442627,0.00884290598332882,2000000
71399,-0.00033596158027648926,1.0011622905731201,0.002482,1.210040052555487,0.057855471345207396,0.27539503386004516,0.05599227799227797,0.2746425884123401,0.002482,0.0,0.0022715,0.0002495,0.9999978542327881,0.0,0.0,0.002054,0.0001995,0.9999992847442627,0.008953511714935303,2000000
71499,0.0006341636180877686,1.0010643005371094,0.0017815,1.1915330833122209,0.05738643821069343,0.27915726109857036,0.05599227799227797,0.2746425884123401,0.0017815,0.0,0.0024795,0.00026,0.9999991655349731,0.0,0.0,0.002054,0.0001995,0.9999992847442627,0.008807098492980003,2000000
71599,0.0008664429187774658,1.0006897449493408,0.0021125000000000727,1.3062333123784795,0.05839416058394164,0.26674191121143714,0.05599227799227797,0.2746425884123401,0.001814,0.0,0.002542,0.0002725,0.9999996423721313,0.0,0.0,0.002054,0.0001995,0.9999992847442627,0.009004668332636356,2000000
71699,3.838539123535156e-05,1.000124216079712,0.002127,1.2168104371883917,0.05812427580237609,0.27765237020316025,0.05599227799227797,0.2746425884123401,0.002127,0.0,0.002402,0.000258,0.9999994039535522,0.0,0.0,0.002054,0.0001995,0.9999992847442627,0.009079869836568832,2000000
71799,9.307265281677246e-05,1.0003962516784668,0.0017940000000000005,1.2374519686375989,0.05807790121804314,0.2832957110609481,0.05599227799227797,0.2746425884123401,0.0016825,0.0,0.0024865,0.0002755,0.9999978542327881,0.0,0.0,0.002054,0.0001995,0.9999992847442627,0.009204876609146595,2000000
71899,0.000793755054473877,1.00115966796875,0.0019940000000000513,1.2396154286482879,0.058295623244915884,0.2870579382994733,0.05599227799227797,0.2746425884123401,0.001816,0.0,0.0023225,0.000254,0.9999999403953552,0.0,0.0,0.002054,0.0001995,0.9999992847442627,0.00912768580019474,2000000
71999,-1.9758939743041992e-05,0.9991099834442139,0.001822,1.2676625845921417,0.057756246365202484,0.2742663656884876,0.05599227799227797,0.2746425884123401,0.001822,0.0,0.0012565,8.85e-05,0.9999958276748657,0.0,0.0,0.002054,0.0001995,0.9999992847442627,0.009112169034779072,2000000
72099,0.00012046098709106445,0.9997957348823547,0.001901,1.325877748609614,0.0570061812562494,0.27765237020316025,0.05599227799227797,0.2746425884123401,0.0015125,0.0,0.001178,6.65e-05,0.9999985694885254,0.0,0.0,0.002054,0.0001995,0.9999992847442627,0.00910070538520813,2000000
72199,1.2308359146118164e-05,0.9996297359466553,0.001713,1.1693733277842884,0.05882352941176473,0.2780285929270128,0.05599227799227797,0.2746425884123401,0.001713,0.0,0.002126,0.00024,0.9999999403953552,0.0,0.0,0.002054,0.0001995,0.9999992847442627,0.009524588473141193,2000000
72299,-0.00012421607971191406,0.9975600838661194,0.001613,1.1629260827990886,0.056409882035668366,0.2626034612490594,0.05599227799227797,0.2746425884123401,0.001613,0.0,0.0018515,0.0002185,0.9999984502792358,0.0,0.0,0.002054,0.0001995,0.9999992847442627,0.009267741814255714,2000000
72399,0.0010267794132232666,1.0010253190994263,0.002702500000000001,1.1645305647918394,0.05851254355238601,0.27125658389766744,0.05599227799227797,0.2746425884123401,0.0012285,0.0,0.001954,0.000231,0.9999971389770508,0.0,0.0,0.002054,0.0001995,0.9999992847442627,0.009317347779870033,2000000
72499,-0.00017973780632019043,0.9986509084701538,0.001469,1.3606985128540985,0.05571770092415822,0.2626034612490594,0.05599227799227797,0.2746425884123401,0.001469,0.0,0.001253,9.65e-05,0.9999967813491821,0.0,0.0,0.002054,0.0001995,0.9999992847442627,0.009183484129607677,2000000
72599,-0.0005053877830505371,0.9991658926010132,0.0018565,1.2120024883584597,0.056179775280898875,0.2595936794582393,0.05599227799227797,0.2746425884123401,0.0018565,0.0,0.0014825,0.0001395,0.9999991655349731,0.0,0.0,0.002054,0.0001995,0.9999992847442627,0.00934559851884842,2000000
72699,-0.0003821849822998047,1.0004355907440186,0.002276,1.2287242874174045,0.05520684848437123,0.2599699021820918,0.05599227799227797,0.2746425884123401,0.002276,0.0,0.0016185,0.0001635,0.9999943971633911,0.0,0.0,0.002054,0.0001995,0.9999992847442627,0.009186027571558952,2000000
72799,3.6954879760742188e-06,1.0003811120986938,0.003236,1.1482221612952173,0.05708853883758822,0.2614747930775019,0.05599227799227797,0.2746425884123401,0.003235,0.0,0.0021565,0.00024,0.9999985694885254,0.0,0.0,0.002054,0.0001995,0.9999992847442627,0.009608940221369267,2000000
72899,1.7076730728149414e-05,0.9996296167373657,0.0023215,1.1517731985867956,0.05764411027568927,0.2659894657637321,0.05599227799227797,0.2746425884123401,0.0023215,0.0,0.00188,0.000214,0.999997615814209,0.0,0.0,0.002054,0.0001995,0.9999992847442627,0.008976072072982788,2000000
72999,-3.910064697265625e-05,1.0004937648773193,0.0028385,1.1876382963932872,0.05733435792349723,0.26824680210684726,0.05599227799227797,0.2746425884123401,0.002838,0.0,0.0019935,0.0002155,0.9999905824661255,0.0,0.0,0.002054,0.0001995,0.9999992847442627,0.009207161143422127,2000000
73099,-0.000456005334854126,0.9972315430641174,0.0020975,1.2168371331513832,0.057670987549036296,0.2671181339352897,0.05599227799227797,0.2746425884123401,0.0020965,0.0,0.002191,0.0002215,0.999997615814209,0.0,0.0,0.002054,0.0001995,0.9999992847442627,0.009390587918460369,2000000
73199,4.279613494873047e-05,1.0003560781478882,0.002092,1.1271341028807185,0.057636940794330405,0.2735139202407825,0.05599227799227797,0.2746425884123401,0.0020915,5e-07,0.0021355,0.000232,1.0,0.0,0.0,0.002054,0.0001995,0.9999992847442627,0.008976963348686695,2000000
73299,0.0003084838390350342,1.0003530979156494,0.002081,1.1297391535977395,0.05598769373657629,0.2626034612490594,0.05599227799227797,0.2746425884123401,0.002081,0.0,0.0021725,0.000235,0.9999985694885254,0.0,0.0,0.002054,0.0001995,0.9999992847442627,0.009499982930719852,2000000
73399,0.000488579273223877,0.9999054074287415,0.0021405000000000035,1.1699813413613651,0.0579710144927536,0.2652370203160271,0.05599227799227797,0.2746425884123401,0.001249,0.0,0.0021365,0.000239,0.9999963045120239,0.0,0.0,0.002054,0.0001995,0.9999992847442627,0.009295026771724224,2000000
73499,-0.00013241171836853027,1.0003926753997803,0.0021205,1.1718727606623447,0.05503015207131621,0.2671181339352897,0.05599227799227797,0.2746425884123401,0.0021205,0.0,0.002342,0.000271,0.9999987483024597,0.0,0.0,0.002054,0.0001995,0.9999992847442627,0.009227115660905838,2000000
73599,0.0004426538944244385,1.001489281654358,0.0021295,1.238556557659105,0.058035714285714246,0.281790820165538,0.05599227799227797,0.2746425884123401,0.0021295,0.0,0.0025225,0.0002695,0.9999985098838806,0.0,0.0,0.002054,0.0001995,0.9999992847442627,0.009204881265759468,2000000
73699,-0.0007642805576324463,0.9984645247459412,0.0028165,1.240050771384511,0.05766459765018848,0.28103837471783294,0.05599227799227797,0.2746425884123401,0.0028165,0.0,0.002425,0.000261,0.9999978542327881,0.0,0.0,0.002054,0.0001995,0.9999992847442627,0.009464467875659466,2000000
73799,0.001160651445388794,1.0027183294296265,0.0023414999999999964,1.193482004022199,0.05661861463723519,0.2727614747930775,0.05599227799227797,0.2746425884123401,0.0019715,0.0,0.0025785,0.0002775,0.9999978542327881,0.0,0.0,0.002054,0.0001995,0.9999992847442627,0.009373980574309826,2000000
73899,0.00039121508598327637,1.000689148902893,0.0033485,1.1532449470440302,0.056179775280898875,0.2746425884123401,0.05599227799227797,0.2746425884123401,0.0033485,0.0,0.0023575,0.0002585,0.9999991655349731,0.0,0.0,0.002054,0.0001995,0.9999992847442627,0.00914414506405592,2000000
73999,0.0002599954605102539,1.0007822513580322,0.002801,1.1174647665963138,0.05882352941176477,0.2795334838224229,0.05599227799227797,0.2746425884123401,0.002801,0.0,0.0023555,0.000245,0.9999973773956299,0.0,0.0,0.002054,0.0001995,0.9999992847442627,0.009414730593562126,2000000
74099,0.00031945109367370605,1.0012809038162231,0.0031065,1.1030360161373383,0.05772702027214669,0.27200902934537247,0.05599227799227797,0.2746425884123401,0.0031065,0.0,0.00212,0.000236,0.9999985694885254,0.0,0.0,0.002054,0.0001995,0.9999992847442627,0.009343540295958519,2000000
74199,0.00010514259338378906,0.9998909831047058,0.0015235000000000005,1.1763863856139332,0.058451172060358686,0.27200902934537247,0.05599227799227797,0.2746425884123401,0.0014705,0.0,0.001901,0.000215,0.9999955892562866,0.0,0.0,0.002054,0.0001995,0.9999992847442627,0.009263708256185055,2000000
74299,0.0006357729434967041,1.0007880926132202,0.002226999999999979,1.1520014498690188,0.056529420801966504,0.26749435665914223,0.05599227799227797,0.2746425884123401,0.0021405,0.0,0.0021575,0.0002205,0.9999921321868896,0.0,0.0,0.002054,0.0001995,0.9999992847442627,0.00913914293050766,2000000
74399,-1.9162893295288086e-05,1.0018099546432495,0.002286,1.1479404286470156,0.056226164769100154,0.26109857035364936,0.05599227799227797,0.2746425884123401,0.002286,0.0,0.0022955,0.0002235,0.9999990463256836,0.0,0.0,0.002054,0.0001995,0.9999992847442627,0.009541245177388191,2000000
74499,2.8789043426513672e-05,1.0010159015655518,0.002391,1.1801462795762687,0.05678653442126347,0.24793077501881114,0.05599227799227797,0.2746425884123401,0.002391,0.0,0.0020495,0.0002345,0.999996542930603,0.0,0.0,0.002054,0.0001995,0.9999992847442627,0.009251865558326244,2000000
74599,0.0005225539207458496,0.9987087249755859,0.0018289999999999695,1.1952444223421221,0.05472873359870265,0.26297968397291194,0.05599227799227797,0.2746425884123401,0.0016105,0.0,0.0023275,0.0002445,0.9999998807907104,0.0,0.0,0.002054,0.0001995,0.9999992847442627,0.00930347666144371,2000000
74699,0.00023618340492248535,1.0005403757095337,0.001864,1.2498794589246505,0.0573362555076136,0.25696012039127164,0.05599227799227797,0.2746425884123401,0.001864,0.0,0.0024045,0.000268,0.9999983310699463,0.0,0.0,0.002054,0.0001995,0.9999992847442627,0.009277071803808212,2000000
74799,-0.0005002319812774658,1.0003442764282227,0.0024695,1.3142323999527692,0.0559850746268656,0.25771256583897667,0.05599227799227797,0.2746425884123401,0.0024695,0.0,0.0026295,0.00028,0.9999932050704956,0.0,0.0,0.002054,0.0001995,0.9999992847442627,0.009401863440871239,2000000
74899,0.0005515217781066895,1.0012545585632324,0.0020255,1.3412868925882142,0.05597390937906523,0.2588412340105342,0.05599227799227797,0.2746425884123401,0.0020255,0.0,0.0027475,0.000269,0.9999980926513672,0.0,0.0,0.002054,0.0001995,0.9999992847442627,0.009246216155588627,2000000
74999,0.00012883543968200684,0.9994562864303589,0.00187,1.2997977140312897,0.0567464873435023,0.26297968397291194,0.05599227799227797,0.2746425884123401,0.00187,0.0,0.0024265,0.0002675,0.9999996423721313,0.0,0.0,0.002054,0.0001995,0.9999992847442627,0.009379689581692219,2000000
75099,-0.0010339021682739258,0.9980828762054443,0.003244,1.3098912433240064,0.05637920479696122,0.2618510158013544,0.05599227799227797,0.2746425884123401,0.003244,0.0,0.002341,0.000262,0.9999999403953552,0.0,0.0,0.002054,0.0001995,0.9999992847442627,0.009096472524106503,2000000
75199,-0.00017383694648742676,0.9997314214706421,0.002883,1.2384376106321997,0.056929288520296856,0.27163280662151995,0.05599227799227797,0.2746425884123401,0.0028825,0.0,0.0022695,0.000253,0.9999988079071045,0.0,0.0,0.002054,0.0001995,0.9999992847442627,0.00928161945194006,2000000
75299,0.0006355047225952148,1.0008559226989746,0.0022715,1.2461091733330594,0.05689010356731873,0.26787057938299474,0.05599227799227797,0.2746425884123401,0.0022715,0.0,0.002396,0.000258,0.9999958276748657,0.0,0.0,0.002054,0.0001995,0.9999992847442627,0.009399045258760452,2000000
75399,-0.0001704394817352295,1.0000388622283936,0.0021725,1.3014297500654333,0.056465009109420206,0.27915726109857036,0.05599227799227797,0.2746425884123401,0.0021725,0.0,0.002674,0.0002655,0.9999964237213135,0.0,0.0,0.002054,0.0001995,0.9999992847442627,0.009006325155496597,2000000
75499,0.00024622678756713867,1.000930905342102,0.0024775,1.2424312470325567,0.057249952326468345,0.2765237020316027,0.05599227799227797,0.2746425884123401,0.0024775,0.0,0.002367,0.0002385,0.9999986886978149,0.0,0.0,0.002054,0.0001995,0.9999992847442627,0.009186794050037861,2000000
75599,0.0005624294281005859,1.000624179840088,0.002755500000000001,1.2964207849179543,0.057271787531806576,0.2874341610233258,0.05599227799227797,0.2746425884123401,0.001909,5e-07,0.002633,0.0002615,1.0,0.0,0.0,0.002054,0.0001995,0.9999992847442627,0.009198050945997238,2000000
75699,-1.5109777450561523e-05,1.0005100965499878,0.0021905,1.2067681584080283,0.05664196776411273,0.27389014296463504,0.05599227799227797,0.2746425884123401,0.0021905,0.0,0.0022285,0.000228,0.9999996423721313,0.0,0.0,0.002054,0.0001995,0.9999992847442627,0.009101235307753086,2000000
75799,0.0002441108226776123,1.0002796649932861,0.001853,1.26353014658594,0.05491660163225349,0.2765237020316027,0.05599227799227797,0.2746425884123401,0.001853,0.0,0.0023435,0.0002615,0.999997615814209,0.0,0.0,0.002054,0.0001995,0.9999992847442627,0.00943389255553484,2000000
75899,0.00019749999046325684,1.0004887580871582,0.002218,1.1849801209305755,0.05648992261555086,0.26824680210684726,0.05599227799227797,0.2746425884123401,0.002218,0.0,0.002265,0.0002475,0.9999935626983643,0.0,0.0,0.002054,0.0001995,0.9999992847442627,0.009309710934758186,2000000
75999,0.00015488266944885254,0.9999006390571594,0.0021055,1.2370149161888229,0.056249999999999925,0.2689992475545523,0.05599227799227797,0.2746425884123401,0.0021045,0.0,0.002276,0.000254,0.9999957084655762,0.0,0.0,0.002054,0.0001995,0.9999992847442627,0.009132340550422668,2000000
76099,0.0011157989501953125,1.0014771223068237,0.002324500000000007,1.3428601793730413,0.05555555555555554,0.2697516930022573,0.05599227799227797,0.2746425884123401,0.0018205,0.0,0.002662,0.0002585,0.9999994039535522,0.0,0.0,0.002054,0.0001995,0.9999992847442627,0.009209424257278442,2000000
76199,0.000245511531829834,1.0008918046951294,0.002839,1.2415429990181506,0.05617977528089889,0.2795334838224229,0.05599227799227797,0.2746425884123401,0.0028385,0.0,0.002206,0.00025,0.9999997615814209,0.0,0.0,0.002054,0.0001995,0.9999992847442627,0.009163355454802513,2000000
76299,0.0009478926658630371,1.0037822723388672,0.0031105,1.1964171666433259,0.05591080668949826,0.27163280662151995,0.05599227799227797,0.2746425884123401,0.0031105,5e-07,0.0022775,0.0002545,1.0,0.0,0.0,0.002054,0.0001995,0.9999992847442627,0.009443576447665691,2000000
76399,0.00017625093460083008,1.0005303621292114,0.002497,1.1870244405490729,0.05654909422317449,0.26486079759217457,0.05599227799227797,0.2746425884123401,0.002497,0.0,0.0019535,0.0002045,0.9999985694885254,0.0,0.0,0.002054,0.0001995,0.9999992847442627,0.009271804243326187,2000000
76499,0.00036460161209106445,1.0017924308776855,0.0026655,1.1879470081411214,0.05619517543859642,0.2708803611738149,0.05599227799227797,0.2746425884123401,0.0026655,0.0,0.002147,0.0002145,0.9999993443489075,0.0,0.0,0.002054,0.0001995,0.9999992847442627,0.009185148403048515,2000000
76599,1.1414289474487305e-05,1.0009608268737793,0.002216,1.1884898305790041,0.056487790228428744,0.2599699021820918,0.05599227799227797,0.2746425884123401,0.0022155,0.0,0.0022685,0.000234,0.9999919533729553,0.0,0.0,0.002054,0.0001995,0.9999992847442627,0.009209657087922096,2000000
76699,-0.00011685490608215332,1.0004103183746338,0.0019265,1.2643295366850977,0.056652402256370374,0.26749435665914223,0.05599227799227797,0.2746425884123401,0.0019255,0.0,0.0023,0.0002445,0.999996542930603,0.0,0.0,0.002054,0.0001995,0.9999992847442627,0.008917097933590412,2000000
76799,-0.0002231895923614502,0.9994120597839355,0.002391,1.2783225898343855,0.05539249494490342,0.2626034612490594,0.05599227799227797,0.2746425884123401,0.0023905,0.0,0.0021795,0.000242,0.9999947547912598,0.0,0.0,0.002054,0.0001995,0.9999992847442627,0.00918648298829794,2000000
76899,-0.0004242360591888428,1.0005972385406494,0.0025525,1.377336818560283,0.05714285714285699,0.27050413844996235,0.05599227799227797,0.2746425884123401,0.0025525,0.0,0.0024395,0.000277,0.9999984502792358,0.0,0.0,0.002054,0.0001995,0.9999992847442627,0.009028153494000435,2000000
76999,-0.00018310546875,0.9999500513076782,0.0021445,1.3375521099005772,0.05578544192329402,0.2708803611738149,0.05599227799227797,0.2746425884123401,0.0021445,0.0,0.0020775,0.000226,0.9999996423721313,0.0,0.0,0.002054,0.0001995,0.9999992847442627,0.009128928184509277,2000000
77099,-0.00021216273307800293,0.9987133741378784,0.002268,1.3557486470132794,0.0566352201257862,0.27125658389766744,0.05599227799227797,0.2746425884123401,0.002268,0.0,0.001724,0.0001945,0.9999997615814209,0.0,0.0,0.002054,0.0001995,0.9999992847442627,0.009465955197811127,2000000
77199,0.0002754628658294678,0.9995238184928894,0.0024625,1.3297296447330536,0.056845109866436955,0.2708803611738149,0.05599227799227797,0.2746425884123401,0.0024625,0.0,0.001754,0.000179,0.999998152256012,0.0,0.0,0.002054,0.0001995,0.9999992847442627,0.009342078119516373,2000000
77299,-0.000490039587020874,1.0000518560409546,0.0026015,1.411530908993488,0.05736235971561193,0.2765237020316027,0.05599227799227797,0.2746425884123401,0.002601,0.0,0.0018865,0.000224,0.9999923706054688,0.0,0.0,0.002054,0.0001995,0.9999992847442627,0.009111041203141212,2000000
77399,-0.00026285648345947266,1.000768780708313,0.002399,1.3638844282143157,0.05728019456681348,0.2697516930022573,0.05599227799227797,0.2746425884123401,0.0023985,0.0,0.001859,0.0002205,0.9999946355819702,0.0,0.0,0.002054,0.0001995,0.9999992847442627,0.009339487180113792,2000000
77499,-0.00026550889015197754,0.9996606111526489,0.0022885,1.40333874597878,0.05827419565501331,0.2768999247554552,0.05599227799227797,0.2746425884123401,0.0022885,0.0,0.0018245,0.000216,0.9999971389770508,0.0,0.0,0.002054,0.0001995,0.9999992847442627,0.00918420311063528,2000000
77599,-2.1666288375854492e-05,1.001074194908142,0.001888,1.3772694810223918,0.056726249319103375,0.2697516930022573,0.05599227799227797,0.2746425884123401,0.001888,0.0,0.0018445,0.000221,0.9999978542327881,0.0,0.0,0.002054,0.0001995,0.9999992847442627,0.009448247961699963,2000000
77699,-8.577108383178711e-05,1.001167893409729,0.002133,1.3407570513244342,0.055807123587064196,0.26824680210684726,0.05599227799227797,0.2746425884123401,0.002133,0.0,0.001976,0.000225,0.9999978542327881,0.0,0.0,0.002054,0.0001995,0.9999992847442627,0.00937061756849289,2000000
77799,-0.00014513731002807617,0.999901533126831,0.002333,1.322788660030373,0.05720866008938362,0.27727614747930773,0.05599227799227797,0.2746425884123401,0.002333,0.0,0.001646,0.00016,0.9999992847442627,0.0,0.0,0.002054,0.0001995,0.9999992847442627,0.00928395427763462,2000000
77899,0.0004474818706512451,1.0013967752456665,0.002212,1.373022081455284,0.05795787789922685,0.2742663656884876,0.05599227799227797,0.2746425884123401,0.002212,0.0,0.0018555,0.000208,0.9999927282333374,0.0,0.0,0.002054,0.0001995,0.9999992847442627,0.008840598165988922,2000000
77999,-0.00010409951210021973,0.9996511340141296,0.002265,1.3615333429845904,0.057695473251028764,0.2799097065462754,0.05599227799227797,0.2746425884123401,0.002265,0.0,0.001932,0.0002165,0.9999998807907104,0.0,0.0,0.002054,0.0001995,0.9999992847442627,0.009356400929391384,2000000
78099,0.00075531005859375,1.001091480255127,0.0030525,1.4329235498124628,0.05846326979506235,0.2927012791572611,0.05599227799227797,0.2746425884123401,0.0030525,0.0,0.00198,0.0002215,0.9999978542327881,0.0,0.0,0.002054,0.0001995,0.9999992847442627,0.009374413639307022,2000000
78199,-0.0005926191806793213,0.9998999238014221,0.002386,1.4843576226568744,0.05658242977887816,0.2795334838224229,0.05599227799227797,0.2746425884123401,0.002386,0.0,0.0016365,0.000153,0.9999998807907104,0.0,0.0,0.002054,0.0001995,0.9999992847442627,0.009455069899559021,2000000
78299,0.00026997923851013184,1.001390814781189,0.0023635,1.4085675201718317,0.057861726769869476,0.28442437923250563,0.05599227799227797,0.2746425884123401,0.0023635,0.0,0.001767,0.000169,0.9999968409538269,0.0,0.0,0.002054,0.0001995,0.9999992847442627,0.009187503717839718,2000000
78399,-4.1931867599487305e-05,1.0006191730499268,0.002201,1.4294017459323245,0.056746487343502225,0.2768999247554552,0.05599227799227797,0.2746425884123401,0.002201,0.0,0.001669,0.0001445,0.9999964237213135,0.0,0.0,0.002054,0.0001995,0.9999992847442627,0.00930873490869999,2000000
78499,-0.000934213399887085,0.999274492263794,0.002478000000000008,1.5133782169793601,0.05807790121804314,0.28931527464258844,0.05599227799227797,0.2746425884123401,0.00224,0.0,0.001666,0.000157,0.9999942779541016,0.0,0.0,0.002054,0.0001995,0.9999992847442627,0.009267376735806465,2000000
78599,-5.739927291870117e-05,0.9997149705886841,0.0025295,1.4391297378688879,0.05786503669568181,0.291196388261851,0.05599227799227797,0.2746425884123401,0.0025295,0.0,0.001613,0.0001365,0.9999945163726807,0.0,0.0,0.002054,0.0001995,0.9999992847442627,0.009050450287759304,2000000
78699,-5.9723854064941406e-05,0.9989672303199768,0.0023555,1.4427975433461588,0.05952380952380952,0.2870579382994733,0.05599227799227797,0.2746425884123401,0.002297,0.0,0.0019975,0.0002255,0.9999927282333374,0.0,0.0,0.002054,0.0001995,0.9999992847442627,0.009166350588202477,2000000
78799,0.00014835596084594727,1.000545620918274,0.002105,1.4147045904847155,0.057308253715498934,0.2806621519939804,0.05599227799227797,0.2746425884123401,0.0021045,0.0,0.002155,0.00026,0.9999985694885254,0.0,0.0,0.002054,0.0001995,0.9999992847442627,0.008971935138106346,2000000
78899,0.00011804699897766113,0.9989702105522156,0.001875,1.4358948282920234,0.057142857142857106,0.28254326561324306,0.05599227799227797,0.2746425884123401,0.001875,0.0,0.0021485,0.0002645,0.9999963045120239,0.0,0.0,0.002054,0.0001995,0.9999992847442627,0.008997756987810135,2000000
78999,0.00031492114067077637,1.0006219148635864,0.001869,1.4198073288176554,0.05714285714285719,0.2765237020316027,0.05599227799227797,0.2746425884123401,0.001869,0.0,0.0022745,0.0002655,0.9999996423721313,0.0,0.0,0.002054,0.0001995,0.9999992847442627,0.00925662275403738,2000000
79099,-0.00021791458129882812,0.9999461770057678,0.0018225,1.4047528364924309,0.05591623736211536,0.27163280662151995,0.05599227799227797,0.2746425884123401,0.0018225,0.0,0.0022855,0.000254,0.9999973773956299,0.0,0.0,0.002054,0.0001995,0.9999992847442627,0.009480500593781471,2000000
79199,0.0004621744155883789,1.0002012252807617,0.001414,1.4522206491000953,0.05500809061488669,0.27389014296463504,0.05599227799227797,0.2746425884123401,0.001414,0.0,0.002257,0.0002625,0.9999973773956299,0.0,0.0,0.002054,0.0001995,0.9999992847442627,0.009332960471510887,2000000
79299,0.0004572272300720215,1.0001418590545654,0.0016315,1.4263450202430639,0.0561929321369366,0.27125658389766744,0.05599227799227797,0.2746425884123401,0.0016315,0.0,0.001982,0.000227,0.9999972581863403,0.0,0.0,0.002054,0.0001995,0.9999992847442627,0.009493648074567318,2000000
79399,0.00010919570922851562,1.0001020431518555,0.002376,1.484571466191523,0.057142857142857155,0.28442437923250563,0.05599227799227797,0.2746425884123401,0.0023755,0.0,0.001985,0.0002265,0.9999978542327881,0.0,0.0,0.002054,0.0001995,0.9999992847442627,0.009214919060468674,2000000
79499,-0.00020775198936462402,0.9983072876930237,0.0018615,1.435266506696764,0.05709192768016301,0.2795334838224229,0.05599227799227797,0.2746425884123401,0.0018615,0.0,0.001903,0.0002015,0.9999995231628418,0.0,0.0,0.002054,0.0001995,0.9999992847442627,0.009233237244188786,2000000
79599,0.0001246631145477295,0.9989782571792603,0.002663500000000001,1.5731950810648299,0.05908485409243321,0.29006772009029347,0.05599227799227797,0.2746425884123401,0.001932,5e-07,0.002074,0.0002405,1.0,0.0,0.0,0.002054,0.0001995,0.9999992847442627,0.009192144498229027,2000000
79699,0.00048032402992248535,1.0003235340118408,0.0015339999999999243,1.5122178721467316,0.05607846586910624,0.2832957110609481,0.05599227799227797,0.2746425884123401,0.0015195,0.0,0.001902,0.000209,0.9999979734420776,0.0,0.0,0.002054,0.0001995,0.9999992847442627,0.009129323065280914,2000000
79799,0.0013578534126281738,0.9994937181472778,0.0032874999999999988,1.5441638827978839,0.05769230769230775,0.29232505643340856,0.05599227799227797,0.2746425884123401,0.001294,0.0,0.001842,0.0002005,0.9999996423721313,0.0,0.0,0.002054,0.0001995,0.9999992847442627,0.008882634341716766,2000000
79899,0.0010322034358978271,1.000583529472351,0.0022734999999999995,1.4422123567277927,0.05573262954879965,0.2768999247554552,0.05599227799227797,0.2746425884123401,0.0014615,0.0,0.001893,0.000218,0.9999998807907104,0.0,0.0,0.002054,0.0001995,0.9999992847442627,0.009251652285456657,2000000
79999,0.000972360372543335,1.0009058713912964,0.0032495000000000007,1.424028740893787,0.05780648626070352,0.28630549285176826,0.05599227799227797,0.2746425884123401,0.0017755,0.0,0.002093,0.000241,0.999991774559021,0.0,0.0,0.002054,0.0001995,0.9999992847442627,0.00889294408261776,2000000
80099,0.0003660917282104492,0.9995095729827881,0.0021030000000000007,1.4706045103892387,0.059148780821709386,0.28856282919488335,0.05599227799227797,0.2746425884123401,0.0017475,0.0,0.001862,0.0002005,0.9999978542327881,0.0,0.0,0.002054,0.0001995,0.9999992847442627,0.009325929917395115,2000000
80199,-0.00019982457160949707,0.9994582533836365,0.001783,1.5529571299427594,0.05660377358490562,0.27878103837471785,0.05599227799227797,0.2746425884123401,0.0017825,0.0,0.001334,8.65e-05,0.9999957084655762,0.0,0.0,0.002054,0.0001995,0.9999992847442627,0.00867269653826952,2000000
80299,0.0001220405101776123,0.9995852112770081,0.0019945,1.730531816919353,0.057324840764331225,0.27727614747930773,0.05599227799227797,0.2746425884123401,0.001994,0.0,0.001112,1.9e-05,0.9999993443489075,0.0,0.0,0.002054,0.0001995,0.9999992847442627,0.009147617034614086,2000000
80399,3.6329030990600586e-05,0.9999719858169556,0.0020165,1.7686416705539,0.05612244897959182,0.2757712565838977,0.05599227799227797,0.2746425884123401,0.0020165,0.0,0.0010515,1.05e-05,0.9999703168869019,0.0,0.0,0.002054,0.0001995,0.9999992847442627,0.009211852215230465,2000000
80499,-0.00011542439460754395,0.9978495240211487,0.0020895,1.9010931918050382,0.05762502816617453,0.28254326561324306,0.05599227799227797,0.2746425884123401,0.0020895,0.0,0.0010085,1e-05,0.9999380111694336,0.0,0.0,0.002054,0.0001995,0.9999992847442627,0.009256520308554173,2000000
80599,-0.00018844008445739746,0.9996507167816162,0.0022865,1.7700445416879644,0.056715365297065425,0.27765237020316025,0.05599227799227797,0.2746425884123401,0.0022865,0.0,0.000945,5.5e-06,0.9994390606880188,0.0,0.0,0.002054,0.0001995,0.9999992847442627,0.009103153832256794,2000000
80699,0.0013337433338165283,1.0014663934707642,0.0031725000000000225,1.7963767754381013,0.05714285714285716,0.2870579382994733,0.05599227799227797,0.2746425884123401,0.001726,0.0,0.001154,2.8e-05,0.9999809861183167,0.0,0.0,0.002054,0.0001995,0.9999992847442627,0.009000902995467186,2000000
80799,0.00036269426345825195,1.0011485815048218,0.0015425,1.5520304185262768,0.05860954346361185,0.27915726109857036,0.05599227799227797,0.2746425884123401,0.0015425,0.0,0.0015145,0.0001275,0.9999995231628418,0.0,0.0,0.002054,0.0001995,0.9999992847442627,0.008905395865440369,2000000
80899,-6.157159805297852e-05,0.9989495277404785,0.001749,1.5961358022937273,0.05915569128968631,0.27050413844996235,0.05599227799227797,0.2746425884123401,0.0017485,0.0,0.0014715,0.0001305,0.9999980926513672,0.0,0.0,0.002054,0.0001995,0.9999992847442627,0.00915808230638504,2000000
80999,0.00047773122787475586,1.0006887912750244,0.0018130000000000646,1.57138718682498,0.056994250947433586,0.2659894657637321,0.05599227799227797,0.2746425884123401,0.00172,0.0,0.001518,0.00014,0.9999967813491821,0.0,0.0,0.002054,0.0001995,0.9999992847442627,0.009392090141773224,2000000
81099,-0.00043976306915283203,1.000307321548462,0.00171300000000002,1.4714231192182887,0.05609860766736599,0.2765237020316027,0.05599227799227797,0.2746425884123401,0.0013165,0.0,0.0016475,0.0001695,0.9999943971633911,0.0,0.0,0.002054,0.0001995,0.9999992847442627,0.009041458368301392,2000000
81199,0.0002688169479370117,0.9987667798995972,0.0015510000000000246,1.6460303687541675,0.058164595028067326,0.2840481565086531,0.05599227799227797,0.2746425884123401,0.001124,0.0,0.0010615,1.5e-05,0.9999988079071045,0.0,0.0,0.002054,0.0001995,0.9999992847442627,0.009119030088186264,2000000
81299,-0.00022998452186584473,0.9996808171272278,0.0014695,1.7115056124935215,0.05606098199762904,0.27727614747930773,0.05599227799227797,0.2746425884123401,0.001469,0.0,0.0010505,1.55e-05,0.999985933303833,0.0,0.0,0.002054,0.0001995,0.9999992847442627,0.008885710500180721,2000000
81399,-0.0006407499313354492,1.0000418424606323,0.002253,1.6322660133312397,0.05677788523533196,0.2765237020316027,0.05599227799227797,0.2746425884123401,0.002253,0.0,0.0013505,6.75e-05,0.9999970197677612,0.0,0.0,0.002054,0.0001995,0.9999992847442627,0.009155956096947193,2000000
81499,0.0006923079490661621,1.000923752784729,0.0022124999999999506,1.6250140940378257,0.056967160216104595,0.27915726109857036,0.05599227799227797,0.2746425884123401,0.0015685,0.0,0.0015195,0.0001085,0.999997615814209,0.0,0.0,0.002054,0.0001995,0.9999992847442627,0.008820168673992157,2000000
81599,-0.0005218684673309326,0.9996758699417114,0.0021715,1.5941261771760928,0.05680665683201183,0.2866817155756208,0.05599227799227797,0.2746425884123401,0.0021715,0.0,0.001557,0.000139,0.9999947547912598,0.0,0.0,0.002054,0.0001995,0.9999992847442627,0.009217223152518272,2000000
81699,-0.0002357959747314453,0.999457836151123,0.002416,1.6814616410602654,0.05645101697733286,0.2802859292701279,0.05599227799227797,0.2746425884123401,0.002416,0.0,0.001365,8.6e-05,0.9999940395355225,0.0,0.0,0.002054,0.0001995,0.9999992847442627,0.009207873605191708,2000000
81799,0.0006669759750366211,1.0006184577941895,0.002303500000000014,1.5967473745133793,0.055839937638040855,0.27539503386004516,0.05599227799227797,0.2746425884123401,0.00204,0.0,0.0015255,0.000123,0.9999935626983643,0.0,0.0,0.002054,0.0001995,0.9999992847442627,0.009145480580627918,2000000
81899,-0.00032079219818115234,1.0004781484603882,0.0025385,1.5758470758895295,0.05735094497232952,0.27727614747930773,0.05599227799227797,0.2746425884123401,0.002538,0.0,0.001551,0.0001165,0.9999979734420776,0.0,0.0,0.002054,0.0001995,0.9999992847442627,0.008961093612015247,2000000
81999,-0.00018584728240966797,0.999413251876831,0.0019245,1.607255970155287,0.057620143684173813,0.28818660647103084,0.05599227799227797,0.2746425884123401,0.0019245,0.0,0.0013875,8.55e-05,0.9999949932098389,0.0,0.0,0.002054,0.0001995,0.9999992847442627,0.009081999771296978,2000000
82099,0.0002746284008026123,0.9997848272323608,0.0019805,1.7871165441160684,0.05717312348668281,0.2806621519939804,0.05599227799227797,0.2746425884123401,0.0019805,0.0,0.001152,5.3e-05,0.999988317489624,0.0,0.0,0.002054,0.0001995,0.9999992847442627,0.009419948793947697,2000000
82199,0.00026679039001464844,1.0015515089035034,0.0021815,1.674967725311096,0.05665240225637033,0.27878103837471785,0.05599227799227797,0.2746425884123401,0.002181,0.0,0.0013705,9e-05,0.9999929070472717,0.0,0.0,0.002054,0.0001995,0.9999992847442627,0.009344726800918579,2000000
82299,-0.0003947317600250244,0.9988687038421631,0.0026945,1.654901063922254,0.06059193990228468,0.29721595184349137,0.05599227799227797,0.2746425884123401,0.002694,0.0,0.0013345,9.6e-05,0.9999920129776001,0.0,0.0,0.002054,0.0001995,0.9999992847442627,0.009242422878742218,2000000
82399,0.00026863813400268555,1.0003111362457275,0.00205,1.4895308468619348,0.0596649364010476,0.28818660647103084,0.05599227799227797,0.2746425884123401,0.00205,0.0,0.001696,0.000176,0.9999997615814209,0.0,0.0,0.002054,0.0001995,0.9999992847442627,0.009376111440360546,2000000
82499,0.0007055103778839111,1.0003529787063599,0.0021999999999999797,1.5225794259793783,0.06013763236061032,0.28818660647103084,0.05599227799227797,0.2746425884123401,0.002124,0.0,0.0016035,0.0001595,0.9999997019767761,0.0,0.0,0.002054,0.0001995,0.9999992847442627,0.009371227584779263,2000000
82599,-0.0008169114589691162,0.9980195760726929,0.0025575,1.612087833828255,0.058289086357258824,0.281790820165538,0.05599227799227797,0.2746425884123401,0.002557,0.0,0.001347,9.85e-05,0.9999939799308777,0.0,0.0,0.002054,0.0001995,0.9999992847442627,0.009376450441777706,2000000
82699,0.0002065598964691162,0.9994198679924011,0.001827,1.5677594570668387,0.05759162303664919,0.28517682468021066,0.05599227799227797,0.2746425884123401,0.001827,0.0,0.001393,0.000106,0.9999871253967285,0.0,0.0,0.002054,0.0001995,0.9999992847442627,0.009276093915104866,2000000
82799,-0.0005622208118438721,0.9983570575714111,0.002193,1.5645187155111635,0.05882352941176469,0.29232505643340856,0.05599227799227797,0.2746425884123401,0.002193,0.0,0.001407,0.0001195,0.999996542930603,0.0,0.0,0.002054,0.0001995,0.9999992847442627,0.009075087495148182,2000000
82899,0.0006642937660217285,1.0001389980316162,0.0023605000000000986,1.5464059829132595,0.05889894419306188,0.2983446200150489,0.05599227799227797,0.2746425884123401,0.0018395,0.0,0.001418,0.000118,0.9999869465827942,0.0,0.0,0.002054,0.0001995,0.9999992847442627,0.009327076375484467,2000000
82999,3.36766242980957e-05,0.9989151358604431,0.001797,1.6980958774781416,0.06033664363489273,0.28856282919488335,0.05599227799227797,0.2746425884123401,0.001797,0.0,0.001241,0.000114,0.9999926090240479,0.0,0.0,0.002054,0.0001995,0.9999992847442627,0.00923316739499569,2000000
83099,7.000565528869629e-05,1.0004734992980957,0.0019185,1.4157984002438395,0.05658242977887816,0.29608728367193377,0.05599227799227797,0.2746425884123401,0.0019185,0.0,0.001586,0.000162,0.9999963045120239,0.0,0.0,0.002054,0.0001995,0.9999992847442627,0.009213129989802837,2000000
83199,0.0004963576793670654,1.0002351999282837,0.0019475,1.335037060892514,0.05762313226342006,0.28969149736644095,0.05599227799227797,0.2746425884123401,0.0019475,0.0,0.001887,0.000216,0.9999993443489075,0.0,0.0,0.002054,0.0001995,0.9999992847442627,0.009259575977921486,2000000
83299,-0.00040036439895629883,0.9993511438369751,0.002265,1.514074589360276,0.05670103092783503,0.27915726109857036,0.05599227799227797,0.2746425884123401,0.002265,0.0,0.0015545,0.000158,0.9999986290931702,0.0,0.0,0.002054,0.0001995,0.9999992847442627,0.00935814343392849,2000000
83399,-0.001009821891784668,0.9990772008895874,0.0025475,1.4723041847185618,0.057119552551852706,0.28517682468021066,0.05599227799227797,0.2746425884123401,0.0025475,0.0,0.001719,0.000173,0.9999996423721313,0.0,0.0,0.002054,0.0001995,0.9999992847442627,0.009329235181212425,2000000
83499,-0.00034055113792419434,0.9976308345794678,0.0022945,1.4460009162583771,0.05705244122965641,0.29006772009029347,0.05599227799227797,0.2746425884123401,0.0022945,0.0,0.001594,0.0001575,0.9999704360961914,0.0,0.0,0.002054,0.0001995,0.9999992847442627,0.009413800202310085,2000000
83599,-0.0005278587341308594,0.999229371547699,0.002714,1.4522858317018215,0.05797101449275369,0.28216704288939054,0.05599227799227797,0.2746425884123401,0.002714,0.0,0.001666,0.00017,0.9999956488609314,0.0,0.0,0.002054,0.0001995,0.9999992847442627,0.00916610099375248,2000000
83699,-0.00014421343803405762,1.0000829696655273,0.002728,1.4744193304964703,0.05798782743199169,0.2802859292701279,0.05599227799227797,0.2746425884123401,0.002728,0.0,0.0016725,0.000176,0.9999977350234985,0.0,0.0,0.002054,0.0001995,0.9999992847442627,0.009210492484271526,2000000
83799,-8.296966552734375e-05,0.9990220665931702,0.002207,1.3406929143042114,0.05555555555555559,0.2799097065462754,0.05599227799227797,0.2746425884123401,0.0022065,0.0,0.0016665,0.0001795,0.999997615814209,0.0,0.0,0.002054,0.0001995,0.9999992847442627,0.009152635000646114,2000000
83899,0.0004991292953491211,0.9985131025314331,0.002037000000000004,1.5783147605228809,0.0571973827699018,0.27915726109857036,0.05599227799227797,0.2746425884123401,0.001796,0.0,0.001391,0.00013,0.9999980330467224,0.0,0.0,0.002054,0.0001995,0.9999992847442627,0.009077165275812149,2000000
83999,-2.2709369659423828e-05,1.0002703666687012,0.0019555,1.571633237149702,0.057424156774071984,0.27539503386004516,0.05599227799227797,0.2746425884123401,0.0019555,0.0,0.0014245,0.0001375,0.9999999403953552,0.0,0.0,0.002054,0.0001995,0.9999992847442627,0.00905310083180666,2000000
84099,0.0005932152271270752,1.0007092952728271,0.0016854999999998954,1.6423362340331098,0.057308253715498934,0.2802859292701279,0.05599227799227797,0.2746425884123401,0.0014885,0.0,0.00133,0.0001185,0.9999982118606567,0.0,0.0,0.002054,0.0001995,0.9999992847442627,0.009153219871222973,2000000
84199,0.00018024444580078125,1.0002185106277466,0.001654,1.520763293428335,0.05663049869046981,0.2761474793077502,0.05599227799227797,0.2746425884123401,0.001654,0.0,0.001505,0.000148,0.9999995231628418,0.0,0.0,0.002054,0.0001995,0.9999992847442627,0.009293549694120884,2000000
84299,8.33272933959961e-05,0.9987599849700928,0.0017315,1.507655459497272,0.05622147876001458,0.2874341610233258,0.05599227799227797,0.2746425884123401,0.0017315,0.0,0.001588,0.0001575,0.9999988079071045,0.0,0.0,0.002054,0.0001995,0.9999992847442627,0.00933893397450447,2000000
84399,0.0004195570945739746,1.0011433362960815,0.0017745,1.5631816793370514,0.05817029654238962,0.28442437923250563,0.05599227799227797,0.2746425884123401,0.001774,0.0,0.0015385,0.00015,0.9999951124191284,0.0,0.0,0.002054,0.0001995,0.9999992847442627,0.009219047613441944,2000000
84499,0.0004693567752838135,1.0001163482666016,0.0018075,1.5070399913876134,0.05787616265738863,0.28141459744168545,0.05599227799227797,0.2746425884123401,0.0018075,0.0,0.001531,0.0001575,0.9999992847442627,0.0,0.0,0.002054,0.0001995,0.9999992847442627,0.009090911597013474,2000000
84599,0.00013774633407592773,0.9996051788330078,0.0016825,1.5888617302098371,0.05623744979919674,0.2761474793077502,0.05599227799227797,0.2746425884123401,0.0016825,0.0,0.001468,0.000145,0.9999991059303284,0.0,0.0,0.002054,0.0001995,0.9999992847442627,0.00916211400181055,2000000
84699,1.806020736694336e-05,0.9996930360794067,0.001573,1.6056492493296777,0.057308253715498934,0.27915726109857036,0.05599227799227797,0.2746425884123401,0.001573,0.0,0.001506,0.000145,0.9999966621398926,0.0,0.0,0.002054,0.0001995,0.9999992847442627,0.009358362294733524,2000000
84799,0.0005311369895935059,1.001153588294983,0.0021245,1.530653378530941,0.056877297097552876,0.27313769751693,0.05599227799227797,0.2746425884123401,0.0021245,0.0,0.0016475,0.0001765,0.9999977350234985,0.0,0.0,0.002054,0.0001995,0.9999992847442627,0.00911462027579546,2000000
84899,-7.656216621398926e-05,1.0009212493896484,0.0023155,1.4208231495157664,0.054870335230866533,0.27389014296463504,0.05599227799227797,0.2746425884123401,0.0023145,0.0,0.0019075,0.000206,0.999998927116394,0.0,0.0,0.002054,0.0001995,0.9999992847442627,0.009267948567867279,2000000
84999,0.0005735456943511963,1.0016236305236816,0.002386,1.4260510442521082,0.0573868604990108,0.28216704288939054,0.05599227799227797,0.2746425884123401,0.0023855,0.0,0.001919,0.000206,0.9999997615814209,0.0,0.0,0.002054,0.0001995,0.9999992847442627,0.009048055857419968,2000000
85099,-0.00042060017585754395,0.9996467232704163,0.0021635,1.447744536873808,0.058292880258899685,0.28893905191873587,0.05599227799227797,0.2746425884123401,0.002163,0.0,0.0018315,0.0001955,0.9999949932098389,0.0,0.0,0.002054,0.0001995,0.9999992847442627,0.009422820061445236,2000000
85199,3.2007694244384766e-05,1.0001118183135986,0.002705,1.449960287282013,0.05660377358490563,0.28254326561324306,0.05599227799227797,0.2746425884123401,0.0027045,0.0,0.0018755,0.000196,0.9999945163726807,0.0,0.0,0.002054,0.0001995,0.9999992847442627,0.009222100488841534,2000000
85299,0.0003845691680908203,1.000052809715271,0.0018985,1.3831333558257015,0.057105799518250795,0.2870579382994733,0.05599227799227797,0.2746425884123401,0.0018985,0.0,0.0020345,0.0002285,0.999994158744812,0.0,0.0,0.002054,0.0001995,0.9999992847442627,0.009400671347975731,2000000
85399,0.0006791055202484131,1.0001462697982788,0.0019735000000000724,1.4408420283236225,0.057048837791515025,0.27727614747930773,0.05599227799227797,0.2746425884123401,0.00146,0.0,0.0020915,0.000232,0.9999991655349731,0.0,0.0,0.002054,0.0001995,0.9999992847442627,0.009284745901823044,2000000
85499,-1.5497207641601562e-06,0.9985116720199585,0.002356500000000001,1.4631606459109392,0.05779249749502051,0.2908201655379985,0.05599227799227797,0.2746425884123401,0.0015435,0.0,0.0020275,0.000228,0.9999997615814209,0.0,0.0,0.002054,0.0001995,0.9999992847442627,0.009293796494603157,2000000
85599,0.00024071335792541504,0.9998182058334351,0.00206,1.4297953767750704,0.058240137642865925,0.28254326561324306,0.05599227799227797,0.2746425884123401,0.0020595,0.0,0.002096,0.000229,0.999998927116394,0.0,0.0,0.002054,0.0001995,0.9999992847442627,0.009561879560351372,2000000
85699,0.0005735158920288086,0.9992722272872925,0.0018970000000000375,1.3708406025955047,0.05811503211373312,0.28630549285176826,0.05599227799227797,0.2746425884123401,0.0015275,0.0,0.0020545,0.0002195,0.9999988079071045,0.0,0.0,0.002054,0.0001995,0.9999992847442627,0.009109456092119217,2000000
85799,0.0007428824901580811,0.9996959567070007,0.0023310000000000275,1.4182198663839094,0.05882352941176466,0.28630549285176826,0.05599227799227797,0.2746425884123401,0.002105,0.0,0.001952,0.000202,0.9999997615814209,0.0,0.0,0.002054,0.0001995,0.9999992847442627,0.009376828558743,2000000
85899,0.0006448328495025635,1.0001579523086548,0.001885,1.453828252382364,0.05801776531089296,0.2757712565838977,0.05599227799227797,0.2746425884123401,0.001885,0.0,0.0020615,0.0002115,0.9999957084655762,0.0,0.0,0.002054,0.0001995,0.9999992847442627,0.009099510498344898,2000000
85999,-5.6684017181396484e-05,0.9984968900680542,0.001723,1.4574951706274306,0.059405940594059375,0.28442437923250563,0.05599227799227797,0.2746425884123401,0.001723,0.0,0.0018525,0.0001985,0.9999991655349731,0.0,0.0,0.002054,0.0001995,0.9999992847442627,0.00943850353360176,2000000
86099,2.3543834686279297e-06,0.9989819526672363,0.0018795,1.4810639975000484,0.058210118141625015,0.28517682468021066,0.05599227799227797,0.2746425884123401,0.0018795,0.0,0.001906,0.000203,0.9999997615814209,0.0,0.0,0.002054,0.0001995,0.9999992847442627,0.009077725000679493,2000000
86199,-0.0005748271942138672,0.9984595775604248,0.002381,1.528351108082001,0.05665240225637033,0.28103837471783294,0.05599227799227797,0.2746425884123401,0.0023805,0.0,0.00185,0.0001885,0.9999963045120239,0.0,0.0,0.002054,0.0001995,0.9999992847442627,0.009448137134313583,2000000
86299,-0.0006155967712402344,0.9985150694847107,0.0024435000000000012,1.553737616097558,0.059344568414172974,0.29194883370955604,0.05599227799227797,0.2746425884123401,0.0022645,0.0,0.001791,0.000194,0.9999998807907104,0.0,0.0,0.002054,0.0001995,0.9999992847442627,0.009092961438000202,2000000
86399,0.0004494786262512207,0.9987546801567078,0.002016,1.5177255208735134,0.06017346806820496,0.2942061700526712,0.05599227799227797,0.2746425884123401,0.002016,0.0,0.0018235,0.0002035,0.9999985694885254,0.0,0.0,0.002054,0.0001995,0.9999992847442627,0.00920905265957117,2000000
86499,9.745359420776367e-05,0.9991984963417053,0.002354,1.4714229705222657,0.05805011520737326,0.2802859292701279,0.05599227799227797,0.2746425884123401,0.002354,0.0,0.001888,0.0002035,0.9999994039535522,0.0,0.0,0.002054,0.0001995,0.9999992847442627,0.009544559754431248,2000000
86599,0.0006025433540344238,0.9993149042129517,0.002035,1.511748157653401,0.057638393024916384,0.2878103837471783,0.05599227799227797,0.2746425884123401,0.002035,0.0,0.001748,0.000194,0.9999970197677612,0.0,0.0,0.002054,0.0001995,0.9999992847442627,0.009037314914166927,2000000
86699,-0.0003651082515716553,0.9989079236984253,0.0020315,1.4915716382408746,0.05727277460559881,0.27840481565086533,0.05599227799227797,0.2746425884123401,0.0020315,0.0,0.00186,0.000207,0.9999988675117493,0.0,0.0,0.002054,0.0001995,0.9999992847442627,0.009003045968711376,2000000
86799,0.000532984733581543,1.0002763271331787,0.0022220000000000018,1.4488909847436515,0.05714285714285721,0.2802859292701279,0.05599227799227797,0.2746425884123401,0.002115,0.0,0.0018595,0.0002,0.9999992847442627,0.0,0.0,0.002054,0.0001995,0.9999992847442627,0.00907330121845007,2000000
86899,0.0005342364311218262,1.0000110864639282,0.0018389999999999795,1.518387293960233,0.05693629721107341,0.27878103837471785,0.05599227799227797,0.2746425884123401,0.0017475,0.0,0.001794,0.0001885,0.999996542930603,0.0,0.0,0.002054,0.0001995,0.9999992847442627,0.00954548642039299,2000000
86999,0.00033357739448547363,0.9993471503257751,0.0019745,1.5089285343667624,0.05751261060117415,0.27389014296463504,0.05599227799227797,0.2746425884123401,0.0019745,0.0,0.0017845,0.0002,0.9999980926513672,0.0,0.0,0.002054,0.0001995,0.9999992847442627,0.009210609830915928,2000000
87099,9.566545486450195e-05,0.9995436072349548,0.002383,1.5168890301585551,0.05684222401014863,0.281790820165538,0.05599227799227797,0.2746425884123401,0.002383,0.0,0.001805,0.0001825,0.9999955892562866,0.0,0.0,0.002054,0.0001995,0.9999992847442627,0.009403134696185589,2000000
87199,0.00021329522132873535,1.0001415014266968,0.002203,1.4853869068349466,0.05673124816408892,0.2686230248306998,0.05599227799227797,0.2746425884123401,0.0022025,0.0,0.001965,0.0001925,0.9999959468841553,0.0,0.0,0.002054,0.0001995,0.9999992847442627,0.009025949984788895,2000000
87299,0.0005186796188354492,0.9998158812522888,0.0020675,1.4820246012496783,0.05763200312606845,0.2799097065462754,0.05599227799227797,0.2746425884123401,0.0020675,0.0,0.001912,0.000189,0.9999964237213135,0.0,0.0,0.002054,0.0001995,0.9999992847442627,0.009132406674325466,2000000
87399,8.046627044677734e-05,1.0000383853912354,0.0020355000000000026,1.5738875723625196,0.05687913272980101,0.2840481565086531,0.05599227799227797,0.2746425884123401,0.0018285,0.0,0.0019165,0.0001825,0.9999853372573853,0.0,0.0,0.002054,0.0001995,0.9999992847442627,0.009141108021140099,2000000
87499,-0.00028142333030700684,0.9989202618598938,0.001867,1.5391848592495723,0.056845109866436865,0.2742663656884876,0.05599227799227797,0.2746425884123401,0.001867,0.0,0.0017455,0.0001785,0.9999984502792358,0.0,0.0,0.002054,0.0001995,0.9999992847442627,0.00931828934699297,2000000
87599,-0.0001696944236755371,0.9992349743843079,0.0019305,1.5232992218298615,0.05689130351019141,0.28254326561324306,0.05599227799227797,0.2746425884123401,0.0019305,0.0,0.001724,0.000169,0.999992847442627,0.0,0.0,0.002054,0.0001995,0.9999992847442627,0.009137489832937717,2000000
87699,-0.00033232569694519043,1.0011810064315796,0.0033485000000000008,1.6040075127244238,0.05882352941176472,0.28216704288939054,0.05599227799227797,0.2746425884123401,0.0024705,0.0,0.001706,0.0001775,0.9999969005584717,0.0,0.0,0.002054,0.0001995,0.9999992847442627,0.009288357570767403,2000000
87799,5.772709846496582e-05,0.9989469647407532,0.0023645,1.430052786188294,0.05548226326590433,0.2927012791572611,0.05599227799227797,0.2746425884123401,0.0023645,0.0,0.0018055,0.0001855,0.9999995231628418,0.0,0.0,0.002054,0.0001995,0.9999992847442627,0.00937553308904171,2000000
87899,-0.00020676851272583008,1.0002254247665405,0.0021685,1.5517047582087455,0.05555555555555559,0.28254326561324306,0.05599227799227797,0.2746425884123401,0.002168,0.0,0.0016855,0.000166,0.9999997615814209,0.0,0.0,0.002054,0.0001995,0.9999992847442627,0.008896181359887123,2000000
87999,-0.0003771781921386719,0.9992825984954834,0.00232,1.480308682519869,0.05714285714285716,0.27727614747930773,0.05599227799227797,0.2746425884123401,0.00232,0.0,0.001838,0.000188,0.9999923706054688,0.0,0.0,0.002054,0.0001995,0.9999992847442627,0.00903561431914568,2000000
88099,-0.00013583898544311523,0.999016284942627,0.002151,1.6221270319218306,0.0560332524618239,0.27915726109857036,0.05599227799227797,0.2746425884123401,0.002151,0.0,0.0016935,0.0001765,0.9999998807907104,0.0,0.0,0.002054,0.0001995,0.9999992847442627,0.008908728137612343,2000000
88199,-0.000859379768371582,0.9980751276016235,0.0025635,1.4847431132677171,0.05708853883758816,0.27765237020316025,0.05599227799227797,0.2746425884123401,0.0025635,0.0,0.001861,0.00019,0.9999918937683105,0.0,0.0,0.002054,0.0001995,0.9999992847442627,0.00915458519011736,2000000
88299,-0.0006061792373657227,0.9990077614784241,0.002593,1.615922228395603,0.05821498974132028,0.28480060195635815,0.05599227799227797,0.2746425884123401,0.0025925,0.0,0.0017055,0.000174,0.9999989867210388,0.0,0.0,0.002054,0.0001995,0.9999992847442627,0.009257953613996506,2000000
88399,-8.881092071533203e-06,0.9992230534553528,0.002517,1.4715945599294997,0.05643897259581357,0.2795334838224229,0.05599227799227797,0.2746425884123401,0.002517,0.0,0.001883,0.0001905,0.9999939203262329,0.0,0.0,0.002054,0.0001995,0.9999992847442627,0.009345701895654202,2000000
88499,-0.0006593465805053711,0.9996786117553711,0.0029185,1.4554807204131885,0.05640616071892371,0.27840481565086533,0.05599227799227797,0.2746425884123401,0.0029185,0.0,0.001955,0.000207,0.9999985694885254,0.0,0.0,0.002054,0.0001995,0.9999992847442627,0.00917190033942461,2000000
88599,-0.0005297958850860596,0.9995477199554443,0.00332,1.4450312735465014,0.05780346820809248,0.29006772009029347,0.05599227799227797,0.2746425884123401,0.0029425,0.0,0.001825,0.00019,0.9999996423721313,0.0,0.0,0.002054,0.0001995,0.9999992847442627,0.008996224962174892,2000000
88699,0.000794142484664917,1.0004469156265259,0.0018945,1.3688630272034419,0.05839416058394164,0.27915726109857036,0.05599227799227797,0.2746425884123401,0.001894,0.0,0.0019305,0.000201,0.9999971389770508,0.0,0.0,0.002054,0.0001995,0.9999992847442627,0.009024439379572868,2000000
88799,0.00017854571342468262,0.9994362592697144,0.002685,1.4953222215976723,0.055257265856599944,0.28254326561324306,0.05599227799227797,0.2746425884123401,0.002685,0.0,0.0016585,0.0001705,0.9999994039535522,0.0,0.0,0.002054,0.0001995,0.9999992847442627,0.009696360677480698,2000000
88899,0.0002720057964324951,1.0000181198120117,0.0022125,1.4888773490129872,0.05650411582614974,0.2832957110609481,0.05599227799227797,0.2746425884123401,0.002212,0.0,0.001622,0.0001665,0.9999957084655762,0.0,0.0,0.002054,0.0001995,0.9999992847442627,0.008997059427201748,2000000
88999,0.000239640474319458,0.9986425042152405,0.0020235,1.4868485535000073,0.058032258064516076,0.27163280662151995,0.05599227799227797,0.2746425884123401,0.0020235,0.0,0.0015145,0.000169,0.9999955892562866,0.0,0.0,0.002054,0.0001995,0.9999992847442627,0.009179596789181232,2000000
89099,0.0006879270076751709,1.000131607055664,0.002272499999999955,1.5575728936920996,0.057602395880464494,0.27200902934537247,0.05599227799227797,0.2746425884123401,0.002153,0.0,0.0014885,0.0001485,0.9999943971633911,0.0,0.0,0.002054,0.0001995,0.9999992847442627,0.009349100291728973,2000000
89199,0.00032192468643188477,1.0003770589828491,0.0031455000000000025,1.5689871839827332,0.054968909527520274,0.2671181339352897,0.05599227799227797,0.2746425884123401,0.002722,0.0,0.001451,0.000146,0.9999945163726807,0.0,0.0,0.002054,0.0001995,0.9999992847442627,0.009419340640306473,2000000
89299,-0.00010028481483459473,1.0006245374679565,0.0020860000000000045,1.5477858741488966,0.05512243878060975,0.27050413844996235,0.05599227799227797,0.2746425884123401,0.001579,0.0,0.001596,0.0001605,0.9999901056289673,0.0,0.0,0.002054,0.0001995,0.9999992847442627,0.009252578020095825,2000000
89399,-0.00030544400215148926,0.9994014501571655,0.0028710000000000003,1.511175673144593,0.057805388589096104,0.2757712565838977,0.05599227799227797,0.2746425884123401,0.0015635,0.0,0.0016195,0.000181,0.9999885559082031,0.0,0.0,0.002054,0.0001995,0.9999992847442627,0.009140387177467346,2000000
89499,0.00032210350036621094,0.9995433688163757,0.0038720000000000004,1.528158363820251,0.057275690184049,0.28141459744168545,0.05599227799227797,0.2746425884123401,0.0015925,0.0,0.001598,0.000155,0.9999908208847046,0.0,0.0,0.002054,0.0001995,0.9999992847442627,0.0091028343886137,2000000
89599,9.551644325256348e-05,0.9991846084594727,0.003069999999999999,1.5186837020227046,0.0565171388073706,0.2746425884123401,0.05599227799227797,0.2746425884123401,0.001395,0.0,0.0015455,0.000158,0.9999959468841553,0.0,0.0,0.002054,0.0001995,0.9999992847442627,0.009118209592998028,2000000
89699,-7.045269012451172e-05,1.000166893005371,0.003031,1.4948768480654255,0.05546072848550174,0.28630549285176826,0.05599227799227797,0.2746425884123401,0.001513,0.0,0.0015755,0.000151,0.9999977350234985,0.0,0.0,0.002054,0.0001995,0.9999992847442627,0.009288989938795567,2000000
89799,0.0002079010009765625,1.0002504587173462,0.0027625,1.35753250972872,0.0576461538461539,0.28480060195635815,0.05599227799227797,0.2746425884123401,0.001329,0.0,0.001816,0.000168,0.9999958276748657,0.0,0.0,0.002054,0.0001995,0.9999992847442627,0.00904889963567257,2000000
89899,0.00019246339797973633,1.0002609491348267,0.0028650000000000004,1.4222809322039347,0.0564203513022411,0.27163280662151995,0.05599227799227797,0.2746425884123401,0.001538,5e-07,0.0017225,0.0001725,1.0,0.0,0.0,0.002054,0.0001995,0.9999992847442627,0.009171837009489536,2000000
89999,-0.0003279149532318115,1.0006605386734009,0.0021250000000000158,1.3835004871138965,0.05944284448382808,0.272385252069225,0.05599227799227797,0.2746425884123401,0.0015105,0.0,0.001911,0.0001815,0.9999943971633911,0.0,0.0,0.002054,0.0001995,0.9999992847442627,0.00908689759671688,2000000
90099,0.0002646446228027344,1.0000165700912476,0.0034319999999999993,1.3069440629972824,0.05792210839133492,0.2757712565838977,0.05599227799227797,0.2746425884123401,0.0015165,0.0,0.001866,0.0001935,0.9999997615814209,0.0,0.0,0.002054,0.0001995,0.9999992847442627,0.009246060624718666,2000000
90199,-0.00015309453010559082,1.0002776384353638,0.0023505,1.2932357853711325,0.05849508523080757,0.27765237020316025,0.05599227799227797,0.2746425884123401,0.001606,0.0,0.001976,0.000204,0.9999959468841553,0.0,0.0,0.002054,0.0001995,0.9999992847442627,0.009376962669193745,2000000
90299,-8.693337440490723e-05,1.001192331314087,0.003275,1.2948482739903147,0.05913978494623654,0.2761474793077502,0.05599227799227797,0.2746425884123401,0.0015775,0.0,0.0021455,0.000216,0.9999953508377075,0.0,0.0,0.002054,0.0001995,0.9999992847442627,0.00928205531090498,2000000
90399,-0.0003605484962463379,1.000630259513855,0.0023414999999999964,1.3515612900226657,0.05953477155134616,0.28141459744168545,0.05599227799227797,0.2746425884123401,0.001502,0.0,0.002181,0.0002235,0.9999951124191284,0.0,0.0,0.002054,0.0001995,0.9999992847442627,0.009227805770933628,2000000
90499,0.0003699958324432373,1.001101016998291,0.0029360000000000002,1.24524718833928,0.05787298825576341,0.2870579382994733,0.05599227799227797,0.2746425884123401,0.001352,0.0,0.002233,0.000221,0.9999958276748657,0.0,0.0,0.002054,0.0001995,0.9999992847442627,0.008943531662225723,2000000
90599,-0.0003571510314941406,0.9999043941497803,0.0019949999999999968,1.2785412358213661,0.05882352941176466,0.27765237020316025,0.05599227799227797,0.2746425884123401,0.001754,0.0,0.0021295,0.000218,0.9999961853027344,0.0,0.0,0.002054,0.0001995,0.9999992847442627,0.009651795960962772,2000000
90699,-0.0004601776599884033,1.0002108812332153,0.0029400000000000008,1.3471251345915536,0.06037375607498263,0.2840481565086531,0.05599227799227797,0.2746425884123401,0.00189,0.0,0.002242,0.0002315,0.9999984502792358,0.0,0.0,0.002054,0.0001995,0.9999992847442627,0.009305181913077831,2000000
90799,0.0005705058574676514,1.0016052722930908,0.0019050000000000004,1.3738173271815077,0.06019566989763567,0.2746425884123401,0.05599227799227797,0.2746425884123401,0.001783,0.0,0.0022275,0.000234,0.9999995231628418,0.0,0.0,0.002054,0.0001995,0.9999992847442627,0.009162032045423985,2000000
90899,0.00019633769989013672,1.0002548694610596,0.002870000000000001,1.4116865495095194,0.05714285714285716,0.2727614747930775,0.05599227799227797,0.2746425884123401,0.0017975,0.0,0.002116,0.0002155,0.9999998807907104,0.0,0.0,0.002054,0.0001995,0.9999992847442627,0.009360387921333313,2000000
90999,0.00021588802337646484,1.001646637916565,0.001884,1.363476173801221,0.05658242977887819,0.2697516930022573,0.05599227799227797,0.2746425884123401,0.001884,0.0,0.00209,0.0002035,0.9999995231628418,0.0,0.0,0.002054,0.0001995,0.9999992847442627,0.00946023128926754,2000000
91099,3.9637088775634766e-06,0.9995671510696411,0.002907999999999999,1.3868335801268006,0.05795787789922685,0.2802859292701279,0.05599227799227797,0.2746425884123401,0.0016035,0.0,0.002106,0.0002175,0.9999996423721313,0.0,0.0,0.002054,0.0001995,0.9999992847442627,0.009220258332788944,2000000
91199,0.00010973215103149414,1.0013206005096436,0.002051,1.3439515236131518,0.05736235971561196,0.2799097065462754,0.05599227799227797,0.2746425884123401,0.0020505,0.0,0.002017,0.000202,0.9999946355819702,0.0,0.0,0.002054,0.0001995,0.9999992847442627,0.009104281663894653,2000000
91299,0.00019305944442749023,1.0009381771087646,0.0022805,1.3682823364735957,0.05762313226342004,0.26448457486832205,0.05599227799227797,0.2746425884123401,0.0022805,0.0,0.0020045,0.0002065,0.9999973773956299,0.0,0.0,0.002054,0.0001995,0.9999992847442627,0.009517539292573929,2000000
91399,0.0007220208644866943,0.999703049659729,0.0022455,1.4001464401426094,0.05794025721166157,0.2768999247554552,0.05599227799227797,0.2746425884123401,0.0022455,0.0,0.001609,0.0001675,0.9999966621398926,0.0,0.0,0.002054,0.0001995,0.9999992847442627,0.009139801375567913,2000000
91499,3.4332275390625e-05,0.9993271827697754,0.0026085,1.4133633121294324,0.0566352201257862,0.2765237020316027,0.05599227799227797,0.2746425884123401,0.0026085,0.0,0.001634,0.000168,0.9999985694885254,0.0,0.0,0.002054,0.0001995,0.9999992847442627,0.009092684835195541,2000000
91599,-0.00024136900901794434,0.9992746710777283,0.0019665,1.2633062271599826,0.05870676830061317,0.2802859292701279,0.05599227799227797,0.2746425884123401,0.0019665,0.0,0.001706,0.000189,0.9999980926513672,0.0,0.0,0.002054,0.0001995,0.9999992847442627,0.00921232346445322,2000000
91699,0.0006482601165771484,1.000525951385498,0.002367000000000008,1.344786653766148,0.058365758754863856,0.2878103837471783,0.05599227799227797,0.2746425884123401,0.0017175,0.0,0.0016815,0.0001735,0.9999963045120239,0.0,0.0,0.002054,0.0001995,0.9999992847442627,0.009255229495465755,2000000
91799,-1.1175870895385742e-05,0.999070405960083,0.00196,1.3204637669522155,0.0597018702156518,0.27915726109857036,0.05599227799227797,0.2746425884123401,0.001501,0.0,0.001849,0.000187,0.9999963045120239,0.0,0.0,0.002054,0.0001995,0.9999992847442627,0.009163320995867252,2000000
91899,0.0003383755683898926,0.9993404746055603,0.0022330000000000006,1.4900956696862198,0.05806451612903227,0.27765237020316025,0.05599227799227797,0.2746425884123401,0.001343,0.0,0.0016785,0.0001755,0.9999997615814209,0.0,0.0,0.002054,0.0001995,0.9999992847442627,0.009447682648897171,2000000
91999,9.232759475708008e-05,0.9998421669006348,0.0018575,1.5098376616636662,0.057932875667429454,0.28480060195635815,0.05599227799227797,0.2746425884123401,0.0018575,0.0,0.001627,0.0001705,0.9999994039535522,0.0,0.0,0.002054,0.0001995,0.9999992847442627,0.00902673602104187,2000000
92099,0.0004831254482269287,1.0009665489196777,0.0017755,1.4514088014008761,0.057729337414831695,0.2832957110609481,0.05599227799227797,0.2746425884123401,0.0017755,0.0,0.001616,0.0001705,0.9999967217445374,0.0,0.0,0.002054,0.0001995,0.9999992847442627,0.009086152538657188,2000000
92199,0.0006882250308990479,1.0004934072494507,0.0021835000000000014,1.4176441870896157,0.05756485720514504,0.2795334838224229,0.05599227799227797,0.2746425884123401,0.001541,0.0,0.0019515,0.000188,0.999998927116394,0.0,0.0,0.002054,0.0001995,0.9999992847442627,0.00893878098577261,2000000
92299,0.0008621513843536377,1.0016645193099976,0.0019160000000000288,1.4502506985725965,0.0566037735849056,0.29232505643340856,0.05599227799227797,0.2746425884123401,0.001594,0.0,0.001797,0.0001865,0.9999978542327881,0.0,0.0,0.002054,0.0001995,0.9999992847442627,0.00888382364064455,2000000
92399,9.313225746154785e-05,0.9999727606773376,0.0014600000000000012,1.3747711099270705,0.05805116801540541,0.2757712565838977,0.05599227799227797,0.2746425884123401,0.001411,0.0,0.001565,0.0001545,0.9999960064888,0.0,0.0,0.002054,0.0001995,0.9999992847442627,0.008984869346022606,2000000
92499,0.0002976357936859131,1.0002104043960571,0.001488,1.3553903866683894,0.05612727081801951,0.28893905191873587,0.05599227799227797,0.2746425884123401,0.001488,0.0,0.001595,0.000152,0.9999990463256836,0.0,0.0,0.002054,0.0001995,0.9999992847442627,0.008945072069764137,2000000
92599,0.00015813112258911133,0.9995656609535217,0.001789,1.4307026203296622,0.05827419565501324,0.2866817155756208,0.05599227799227797,0.2746425884123401,0.001789,0.0,0.0013795,0.0001105,0.9999982118606567,0.0,0.0,0.002054,0.0001995,0.9999992847442627,0.008586480282247066,2000000
92699,0.00040328502655029297,1.0002058744430542,0.0018155,1.4445763431871226,0.05797101449275366,0.2964635063957863,0.05599227799227797,0.2746425884123401,0.0018155,0.0,0.001434,0.000121,0.9999948740005493,0.0,0.0,0.002054,0.0001995,0.9999992847442627,0.00895751267671585,2000000
92799,0.0002739429473876953,1.0001220703125,0.001601,1.402362809683761,0.057538040364168846,0.28141459744168545,0.05599227799227797,0.2746425884123401,0.001601,0.0,0.0016025,0.00015,0.9999961853027344,0.0,0.0,0.002054,0.0001995,0.9999992847442627,0.008880329318344593,2000000
92899,-2.6524066925048828e-05,1.0002310276031494,0.0018525,1.4664414224412599,0.05714285714285721,0.28103837471783294,0.05599227799227797,0.2746425884123401,0.0018525,0.0,0.001528,0.0001265,0.9999963045120239,0.0,0.0,0.002054,0.0001995,0.9999992847442627,0.009122930467128754,2000000
92999,0.0008973181247711182,1.0018222332000732,0.002267,1.592896244646003,0.057531443702232704,0.29006772009029347,0.05599227799227797,0.2746425884123401,0.001915,0.0,0.0014145,0.0001135,0.9999983906745911,0.0,0.0,0.002054,0.0001995,0.9999992847442627,0.008575178682804108,2000000
93099,-0.00018906593322753906,1.0002208948135376,0.0018705,1.6101147936031186,0.05649191469663014,0.27012791572610984,0.05599227799227797,0.2746425884123401,0.0018705,0.0,0.0012335,0.0001065,0.999998927116394,0.0,0.0,0.002054,0.0001995,0.9999992847442627,0.008941464126110077,2000000
93199,0.00036469101905822754,0.9997785687446594,0.002372,1.578035398819887,0.05782735393875696,0.2874341610233258,0.05599227799227797,0.2746425884123401,0.001862,0.0,0.0013055,0.0001075,0.9999949932098389,0.0,0.0,0.002054,0.0001995,0.9999992847442627,0.009250304661691189,2000000
93299,0.0003339052200317383,1.0004937648773193,0.0023,1.454808857195443,0.06031425776473459,0.28592927012791575,0.05599227799227797,0.2746425884123401,0.0017035,0.0,0.001492,0.0001325,0.9999995231628418,0.0,0.0,0.002054,0.0001995,0.9999992847442627,0.009061346761882305,2000000
93399,0.0006399452686309814,1.0017859935760498,0.0020910000000000004,1.4359870171945415,0.05811105505557641,0.2832957110609481,0.05599227799227797,0.2746425884123401,0.00144,0.0,0.0015955,0.000149,0.9999983310699463,0.0,0.0,0.002054,0.0001995,0.9999992847442627,0.009023069404065609,2000000
93499,6.347894668579102e-05,1.0002589225769043,0.0033745,1.3463928895207937,0.0561647539506098,0.28480060195635815,0.05599227799227797,0.2746425884123401,0.0012555,0.0,0.001718,0.0001745,0.9999971389770508,0.0,0.0,0.002054,0.0001995,0.9999992847442627,0.008778258226811886,2000000
93599,0.0005317032337188721,1.0011812448501587,0.002316000000000002,1.4453676828464248,0.05537645553514364,0.2799097065462754,0.05599227799227797,0.2746425884123401,0.00158,0.0,0.001564,0.000144,0.999996542930603,0.0,0.0,0.002054,0.0001995,0.9999992847442627,0.008752847090363503,2000000
93699,8.484721183776855e-05,0.9995298385620117,0.001635,1.4747050477472687,0.05629401408450697,0.28442437923250563,0.05599227799227797,0.2746425884123401,0.001635,0.0,0.001417,0.0001245,0.9999996423721313,0.0,0.0,0.002054,0.0001995,0.9999992847442627,0.008803094737231731,2000000
93799,0.00019413232803344727,1.0002717971801758,0.0014865,1.4244175123725324,0.05694201055000576,0.2802859292701279,0.05599227799227797,0.2746425884123401,0.0014655,0.0,0.001597,0.0001655,0.9999990463256836,0.0,0.0,0.002054,0.0001995,0.9999992847442627,0.00891141314059496,2000000
93899,0.0005615055561065674,1.0007960796356201,0.0016545,1.6051210227054793,0.05747126436781608,0.2840481565086531,0.05599227799227797,0.2746425884123401,0.0016545,0.0,0.001435,0.0001375,0.9999967813491821,0.0,0.0,0.002054,0.0001995,0.9999992847442627,0.00929236225783825,2000000
93999,0.00045946240425109863,1.000334620475769,0.002556,1.741297709297834,0.05767098754903636,0.291196388261851,0.05599227799227797,0.2746425884123401,0.0018125,0.0,0.0013485,0.0001155,0.9999982118606567,0.0,0.0,0.002054,0.0001995,0.9999992847442627,0.008714623749256134,2000000
94099,0.0007338821887969971,1.0007251501083374,0.0023820000000000004,1.7143202889515006,0.059356041026198986,0.2938299473288187,0.05599227799227797,0.2746425884123401,0.00227,0.0,0.0013925,0.0001295,0.9999899864196777,0.0,0.0,0.002054,0.0001995,0.9999992847442627,0.009024341590702534,2000000
94199,-0.0001220703125,1.0001403093338013,0.0028530000000000005,1.524877831080758,0.06012983277866796,0.2870579382994733,0.05599227799227797,0.2746425884123401,0.0019385,0.0,0.0016145,0.000171,0.9999980926513672,0.0,0.0,0.002054,0.0001995,0.9999992847442627,0.008948788978159428,2000000
94299,5.1468610763549805e-05,1.0000814199447632,0.002633,1.5354790927480844,0.05914895959484749,0.2870579382994733,0.05599227799227797,0.2746425884123401,0.0017065,0.0,0.0015575,0.000147,0.9999970197677612,0.0,0.0,0.002054,0.0001995,0.9999992847442627,0.008735437877476215,2000000
94399,-0.0005410313606262207,0.9985408782958984,0.001962,1.6238496288204862,0.05940498168941616,0.28555304740406323,0.05599227799227797,0.2746425884123401,0.001962,0.0,0.0013475,0.000125,0.9999955892562866,0.0,0.0,0.002054,0.0001995,0.9999992847442627,0.008868482895195484,2000000
94499,-0.0004944503307342529,0.9992828965187073,0.002137,1.5368891664042594,0.05740946730935606,0.27727614747930773,0.05599227799227797,0.2746425884123401,0.002137,0.0,0.0015625,0.00015,0.999995231628418,0.0,0.0,0.002054,0.0001995,0.9999992847442627,0.00867389515042305,2000000
94599,0.0006649494171142578,1.0003302097320557,0.0022475000000000004,1.4883214953685062,0.058240995609896914,0.27915726109857036,0.05599227799227797,0.2746425884123401,0.001777,0.0,0.0016415,0.0001575,0.9999947547912598,0.0,0.0,0.002054,0.0001995,0.9999992847442627,0.008972471579909325,2000000
94699,0.0006729066371917725,1.0004085302352905,0.0025975,1.5212322056022778,0.058281266840638946,0.290443942814146,0.05599227799227797,0.2746425884123401,0.002169,0.0,0.0015775,0.0001585,0.9999977350234985,0.0,0.0,0.002054,0.0001995,0.9999992847442627,0.008934964425861835,2000000
94799,0.0005874037742614746,1.0014262199401855,0.00226,1.5147184684858084,0.05817007146306555,0.2832957110609481,0.05599227799227797,0.2746425884123401,0.0018735,0.0,0.001808,0.0001805,0.9999953508377075,0.0,0.0,0.002054,0.0001995,0.9999992847442627,0.009158147498965263,2000000
94899,0.00024902820587158203,1.0007256269454956,0.002516,1.4830187998218127,0.058365758754863856,0.2832957110609481,0.05599227799227797,0.2746425884123401,0.002516,0.0,0.0016815,0.0001745,0.9999995231628418,0.0,0.0,0.002054,0.0001995,0.9999992847442627,0.00904427096247673,2000000
94999,0.0007404088973999023,1.0017555952072144,0.002783,1.4351141584284994,0.05879472259030935,0.2746425884123401,0.05599227799227797,0.2746425884123401,0.0023955,0.0,0.0018665,0.000187,0.9999982714653015,0.0,0.0,0.002054,0.0001995,0.9999992847442627,0.009047716856002808,2000000
95099,0.0004884004592895508,0.999602735042572,0.0032935000000000004,1.4505681404773318,0.05922611623846347,0.2832957110609481,0.05599227799227797,0.2746425884123401,0.0025545,0.0,0.001764,0.0001775,0.9999909400939941,0.0,0.0,0.002054,0.0001995,0.9999992847442627,0.00918379332870245,2000000
95199,-4.2885541915893555e-05,0.9998054504394531,0.0025905,1.3661321502947292,0.0567030058853734,0.27050413844996235,0.05599227799227797,0.2746425884123401,0.0025905,0.0,0.001865,0.0001815,0.9999877214431763,0.0,0.0,0.002054,0.0001995,0.9999992847442627,0.008838153444230556,2000000
95299,-0.0001736283302307129,0.9995678067207336,0.0024995,1.3216547706595456,0.05794303620390576,0.272385252069225,0.05599227799227797,0.2746425884123401,0.0024995,0.0,0.001834,0.000183,0.9999995231628418,0.0,0.0,0.002054,0.0001995,0.9999992847442627,0.008807775564491749,2000000
95399,0.0004844367504119873,1.0000442266464233,0.003420500000000001,1.3779375769619746,0.05873878466557916,0.28216704288939054,0.05599227799227797,0.2746425884123401,0.002595,0.0,0.0019795,0.000211,0.999998152256012,0.0,0.0,0.002054,0.0001995,0.9999992847442627,0.009206877090036869,2000000
95499,0.0007294118404388428,0.9998470544815063,0.0024145,1.406959537343728,0.057313453263872854,0.2735139202407825,0.05599227799227797,0.2746425884123401,0.0024125,0.0,0.002083,0.0002265,0.9999992847442627,0.0,0.0,0.002054,0.0001995,0.9999992847442627,0.008809204213321209,2000000
95599,0.0007312893867492676,1.0007606744766235,0.002141,1.4230586596231678,0.057910783055199075,0.2735139202407825,0.05599227799227797,0.2746425884123401,0.002141,0.0,0.001976,0.00022,0.9999973177909851,0.0,0.0,0.002054,0.0001995,0.9999992847442627,0.00907592847943306,2000000
95699,0.0007349848747253418,1.001828670501709,0.002539000000000003,1.3879840304573599,0.05801776531089296,0.2795334838224229,0.05599227799227797,0.2746425884123401,0.0022145,0.0,0.001911,0.000207,0.999994158744812,0.0,0.0,0.002054,0.0001995,0.9999992847442627,0.008982012048363686,2000000
95799,0.00016382336616516113,1.0000572204589844,0.002347,1.4380978982212957,0.057197382769901974,0.2768999247554552,0.05599227799227797,0.2746425884123401,0.002347,0.0,0.0020015,0.000214,0.999998927116394,0.0,0.0,0.002054,0.0001995,0.9999992847442627,0.009076944552361965,2000000
95899,0.0006920695304870605,1.0002107620239258,0.0033374999999999993,1.481278968127073,0.05863133248190712,0.291196388261851,0.05599227799227797,0.2746425884123401,0.002656,0.0,0.0018145,0.0001935,0.9999999403953552,0.0,0.0,0.002054,0.0001995,0.9999992847442627,0.008781363256275654,2000000
95999,0.0007730424404144287,1.0011640787124634,0.002802,1.4395947956377075,0.05904397961920083,0.29345372460496616,0.05599227799227797,0.2746425884123401,0.002802,0.0,0.0018575,0.000198,0.9999967813491821,0.0,0.0,0.002054,0.0001995,0.9999992847442627,0.008848652243614197,2000000
96099,-0.00023698806762695312,0.9992399215698242,0.0029845,1.4820934397063121,0.05938524454452128,0.28893905191873587,0.05599227799227797,0.2746425884123401,0.0029845,0.0,0.0018735,0.0001875,0.9999996423721313,0.0,0.0,0.002054,0.0001995,0.9999992847442627,0.008752495981752872,2000000
96199,-2.6851892471313477e-05,0.9991727471351624,0.0032730000000000007,1.554073181078929,0.05891487029594454,0.2983446200150489,0.05599227799227797,0.2746425884123401,0.0032655,0.0,0.001805,0.000191,0.9999961853027344,0.0,0.0,0.002054,0.0001995,0.9999992847442627,0.009000563062727451,2000000
96299,0.0003393888473510742,0.9991813898086548,0.002885,1.5366826653754975,0.05932816600848683,0.29006772009029347,0.05599227799227797,0.2746425884123401,0.002885,0.0,0.00176,0.00019,0.9999970197677612,0.0,0.0,0.002054,0.0001995,0.9999992847442627,0.0089220916852355,2000000
96399,0.0005962848663330078,1.0008070468902588,0.0031085,1.5374765122783085,0.059322033898305045,0.2874341610233258,0.05599227799227797,0.2746425884123401,0.003108,0.0,0.0017925,0.000195,0.9999996423721313,0.0,0.0,0.002054,0.0001995,0.9999992847442627,0.00891428254544735,2000000
96499,0.0005080699920654297,1.0002598762512207,0.0032485,1.4114474084914415,0.060195669897635654,0.29194883370955604,0.05599227799227797,0.2746425884123401,0.003248,0.0,0.0019325,0.0002025,0.9999985098838806,0.0,0.0,0.002054,0.0001995,0.9999992847442627,0.00907977670431137,2000000
96599,-0.00038629770278930664,0.9999799728393555,0.0031345,1.5129827818482873,0.0573786365983818,0.28893905191873587,0.05599227799227797,0.2746425884123401,0.003134,0.0,0.00183,0.0002005,0.9999964237213135,0.0,0.0,0.002054,0.0001995,0.9999992847442627,0.009014532901346684,2000000
96699,0.0008482038974761963,1.0001949071884155,0.0029735,1.5242484826363618,0.058738914908341766,0.3013544018058691,0.05599227799227797,0.2746425884123401,0.0029735,0.0,0.001839,0.000202,0.9999985694885254,0.0,0.0,0.002054,0.0001995,0.9999992847442627,0.008586992509663105,2000000
96799,4.214048385620117e-05,0.9998573660850525,0.002975,1.5101722593092242,0.05836374695863752,0.29608728367193377,0.05599227799227797,0.2746425884123401,0.0029745,0.0,0.001876,0.0001825,0.9999972581863403,0.0,0.0,0.002054,0.0001995,0.9999992847442627,0.009281987324357033,2000000
96899,0.0003883838653564453,1.000732421875,0.003443,1.4600897777319732,0.05882352941176475,0.28931527464258844,0.05599227799227797,0.2746425884123401,0.003443,0.0,0.00191,0.000186,0.9999982118606567,0.0,0.0,0.002054,0.0001995,0.9999992847442627,0.008884748443961143,2000000
96999,0.0004666447639465332,0.9999502301216125,0.0032605,1.5785412916236992,0.05789643570994047,0.28216704288939054,0.05599227799227797,0.2746425884123401,0.00326,0.0,0.0019285,0.000193,0.9999982118606567,0.0,0.0,0.002054,0.0001995,0.9999992847442627,0.008877228945493698,2000000
97099,-0.0005385279655456543,0.998309314250946,0.003633,1.4824590912164217,0.05832329388420375,0.2866817155756208,0.05599227799227797,0.2746425884123401,0.003633,0.0,0.0018745,0.0001975,0.9999968409538269,0.0,0.0,0.002054,0.0001995,0.9999992847442627,0.008979814127087593,2000000
97199,6.380677223205566e-05,0.9997768998146057,0.003559,1.4288372566192231,0.05793287566742944,0.27840481565086533,0.05599227799227797,0.2746425884123401,0.003559,0.0,0.001977,0.0001965,0.9999988079071045,0.0,0.0,0.002054,0.0001995,0.9999992847442627,0.009046588093042374,2000000
97299,0.0003560781478881836,1.0008111000061035,0.003211,1.4399614699578365,0.056812219824007984,0.2795334838224229,0.05599227799227797,0.2746425884123401,0.003211,0.0,0.0018985,0.0001915,0.9999971389770508,0.0,0.0,0.002054,0.0001995,0.9999992847442627,0.008850215002894402,2000000
97399,0.0005128979682922363,0.9992806315422058,0.003358,1.4907080910575825,0.05782735393875696,0.2761474793077502,0.05599227799227797,0.2746425884123401,0.003358,0.0,0.001903,0.0002035,0.9999977350234985,0.0,0.0,0.002054,0.0001995,0.9999992847442627,0.00900751631706953,2000000
97499,0.00015363097190856934,1.0002000331878662,0.0033285,1.3689457455728629,0.05738159468093107,0.27915726109857036,0.05599227799227797,0.2746425884123401,0.0033285,5e-07,0.002069,0.0002035,1.0,0.0,0.0,0.002054,0.0001995,0.9999992847442627,0.00908760353922844,2000000
97599,0.00032889842987060547,0.999994158744812,0.0035885,1.3862877734395302,0.05607476635514018,0.28103837471783294,0.05599227799227797,0.2746425884123401,0.003588,0.0,0.0020445,0.0002125,0.9999971389770508,0.0,0.0,0.002054,0.0001995,0.9999992847442627,0.009203162975609303,2000000
97699,-0.00042381882667541504,0.9984384775161743,0.0036205,1.3466709219698394,0.056338028169014114,0.2806621519939804,0.05599227799227797,0.2746425884123401,0.0036205,0.0,0.0020345,0.0002095,0.9999890327453613,0.0,0.0,0.002054,0.0001995,0.9999992847442627,0.008992715738713741,2000000
97799,0.000491023063659668,0.9994111657142639,0.0035615,1.329320908714639,0.05822674269276215,0.27125658389766744,0.05599227799227797,0.2746425884123401,0.0035615,0.0,0.0021945,0.000204,0.9999955892562866,0.0,0.0,0.002054,0.0001995,0.9999992847442627,0.008990205824375153,2000000
97899,0.0001361072063446045,0.9996060729026794,0.0036345,1.3107810872597534,0.05877684407096165,0.2765237020316027,0.05599227799227797,0.2746425884123401,0.0036345,0.0,0.002075,0.000201,0.9999964237213135,0.0,0.0,0.002054,0.0001995,0.9999992847442627,0.0089071961119771,2000000
97999,-0.00016769766807556152,0.9988641738891602,0.004019,1.3307655908751552,0.055688717986584105,0.2671181339352897,0.05599227799227797,0.2746425884123401,0.004019,0.0,0.0020875,0.000208,0.9999977350234985,0.0,0.0,0.002054,0.0001995,0.9999992847442627,0.009323326870799065,2000000
98099,0.00028198957443237305,0.9983596205711365,0.0036355,1.4290387385037482,0.055671721305036566,0.2671181339352897,0.05599227799227797,0.2746425884123401,0.0036355,0.0,0.0020795,0.0001995,0.9999984502792358,0.0,0.0,0.002054,0.0001995,0.9999992847442627,0.009263795800507069,2000000
98199,0.00014823675155639648,0.9996287822723389,0.0036065,1.3356465858927802,0.05459047925421045,0.2693754702784048,0.05599227799227797,0.2746425884123401,0.0036065,0.0,0.0021685,0.000215,0.9999969601631165,0.0,0.0,0.002054,0.0001995,0.9999992847442627,0.009281191974878311,2000000
98299,-0.0001894533634185791,1.0000298023223877,0.003511,1.448016738970178,0.059921004673858975,0.28291948833709557,0.05599227799227797,0.2746425884123401,0.003511,0.0,0.0020605,0.0001945,0.9999966621398926,0.0,0.0,0.002054,0.0001995,0.9999992847442627,0.00917291734367609,2000000
98399,0.0001818537712097168,1.00046706199646,0.0037305,1.3556538414269528,0.05419176706827314,0.2686230248306998,0.05599227799227797,0.2746425884123401,0.00373,0.0,0.002144,0.000215,0.9999973773956299,0.0,0.0,0.002054,0.0001995,0.9999992847442627,0.009258812293410301,2000000
98499,0.0006255209445953369,1.0019069910049438,0.003793,1.3437386931057236,0.058017857142857066,0.2708803611738149,0.05599227799227797,0.2746425884123401,0.003793,0.0,0.0024155,0.0002225,0.9999996423721313,0.0,0.0,0.002054,0.0001995,0.9999992847442627,0.009180796332657337,2000000
98599,0.00011068582534790039,0.9993707537651062,0.0041295,1.621965189577461,0.05692412643068299,0.2768999247554552,0.05599227799227797,0.2746425884123401,0.004129,5e-07,0.002008,0.000197,1.0,0.0,0.0,0.002054,0.0001995,0.9999992847442627,0.009382105432450771,2000000
98699,0.0013928115367889404,0.9990178346633911,0.0035724999999999785,1.6972104899271017,0.05825242718446612,0.27915726109857036,0.05599227799227797,0.2746425884123401,0.003391,0.0,0.002098,0.0002195,0.9999986886978149,0.0,0.0,0.002054,0.0001995,0.9999992847442627,0.009391081519424915,2000000
98799,-0.0002874135971069336,1.002539038658142,0.004043,1.4360986571831804,0.057324137572734774,0.2780285929270128,0.05599227799227797,0.2746425884123401,0.004043,0.0,0.0020815,0.000236,0.9999990463256836,0.0,0.0,0.002054,0.0001995,0.9999992847442627,0.009581719525158405,2000000
98899,-0.0007409453392028809,0.9983021020889282,0.003456,1.5034528241603384,0.05633802816901399,0.2757712565838977,0.05599227799227797,0.2746425884123401,0.003456,0.0,0.0022095,0.0002175,0.9999997615814209,0.0,0.0,0.002054,0.0001995,0.9999992847442627,0.009438684210181236,2000000
98999,-0.0003618597984313965,0.9993584752082825,0.003488,1.8553650133063055,0.057852657473943254,0.27727614747930773,0.05599227799227797,0.2746425884123401,0.003488,0.0,0.002748,0.0002675,0.9999995231628418,0.0,0.0,0.002054,0.0001995,0.9999992847442627,0.009555472992360592,2000000
99099,-0.0006106793880462646,0.9991595149040222,0.0035865,1.7527326608492155,0.05663522012578614,0.28141459744168545,0.05599227799227797,0.2746425884123401,0.0035855,0.0,0.002727,0.0002775,0.9999992847442627,0.0,0.0,0.002054,0.0001995,0.9999992847442627,0.009602599777281284,2000000
99199,0.0008355975151062012,1.002974271774292,0.003364,1.6739482172003144,0.057271787531806576,0.27727614747930773,0.05599227799227797,0.2746425884123401,0.003364,0.0,0.002871,0.000312,0.9999994039535522,0.0,0.0,0.002054,0.0001995,0.9999992847442627,0.009565423242747784,2000000
99299,0.00016808509826660156,0.9999546408653259,0.0035925,1.3041017734879339,0.05822674269276222,0.28517682468021066,0.05599227799227797,0.2746425884123401,0.0035925,0.0,0.002054,0.0002205,0.9999890327453613,0.0,0.0,0.002054,0.0001995,0.9999992847442627,0.009183774702250957,2000000
99399,0.0007483363151550293,1.0013030767440796,0.003142,1.3085573901080463,0.05756819003494867,0.27313769751693,0.05599227799227797,0.2746425884123401,0.003142,0.0,0.0023485,0.000235,0.9999982118606567,0.0,0.0,0.002054,0.0001995,0.9999992847442627,0.009275083430111408,2000000
99499,-0.0005340576171875,1.0004066228866577,0.003698,1.3826542852726367,0.057424350187507966,0.2795334838224229,0.05599227799227797,0.2746425884123401,0.0036975,0.0,0.002125,0.000235,0.9999974966049194,0.0,0.0,0.002054,0.0001995,0.9999992847442627,0.009359589777886868,2000000
99599,0.0004692375659942627,1.000995397567749,0.004086000000000003,1.612364432157422,0.05882352941176474,0.29006772009029347,0.05599227799227797,0.2746425884123401,0.003311,0.0,0.002515,0.000255,0.9999966621398926,0.0,0.0,0.002054,0.0001995,0.9999992847442627,0.00913258921355009,2000000
99699,0.0006433725357055664,1.0002405643463135,0.0029145,1.4372717940642494,0.05804249697236602,0.2836719337848006,0.05599227799227797,0.2746425884123401,0.0029145,0.0,0.002092,0.0002375,0.9999957084655762,0.0,0.0,0.002054,0.0001995,0.9999992847442627,0.009244839660823345,2000000
99799,4.1097402572631836e-05,1.0019006729125977,0.0026465,1.5533055200500345,0.05725898676824207,0.28103837471783294,0.05599227799227797,0.2746425884123401,0.0026465,0.0,0.002606,0.0002595,0.9999997615814209,0.0,0.0,0.002054,0.0001995,0.9999992847442627,0.009531990624964237,2000000
99899,0.00021138787269592285,0.9997631907463074,0.002904,1.8723828665380604,0.05930019220688455,0.29683972911963885,0.05599227799227797,0.2746425884123401,0.002904,0.0,0.002723,0.000271,0.9999992847442627,0.0,0.0,0.002054,0.0001995,0.9999992847442627,0.009210987016558647,2000000
99999,0.0004715919494628906,1.0001171827316284,0.0027005,1.8458720327463942,0.059701492537313425,0.2927012791572611,0.05599227799227797,0.2746425884123401,0.0027005,0.0,0.0027275,0.0002725,0.9999991655349731,0.0,0.0,0.002054,0.0001995,0.9999992847442627,0.009335119277238846,2000000
