epoch,z_bias,z_std_ratio,ks,gen_z_le_0,gen_z_ge_1,gen_z_gt_0.99,gen_z_gt_0.999,gen_z_max,g4_z_le_0,g4_z_ge_1,g4_z_gt_0.99,g4_z_gt_0.999,g4_z_max,phys_reg,n_rows
99,0.011114969849586487,0.9177305698394775,0.021573,0.477347,0.152123,0.154538,0.152358,1.9477473497390747,0.483048,0.154654,0.157202,0.154913,4.380011081695557,nan,1000000
199,0.011060971766710281,0.9607081413269043,0.012057,0.479987,0.155123,0.157684,0.155389,2.2163045406341553,0.483048,0.154654,0.157202,0.154913,4.380011081695557,nan,1000000
299,0.012595513835549355,0.9734944701194763,0.007089,0.480381,0.155321,0.157813,0.155558,2.4684267044067383,0.483048,0.154654,0.157202,0.154913,4.380011081695557,nan,1000000
399,0.013689873740077019,0.9858182668685913,0.004408999999999996,0.480616,0.157071,0.15973,0.157344,2.71036958694458,0.483048,0.154654,0.157202,0.154913,4.380011081695557,nan,1000000
499,0.008384305983781815,0.9930772185325623,0.003247,0.481261,0.157119,0.159683,0.157377,2.913175106048584,0.483048,0.154654,0.157202,0.154913,4.380011081695557,nan,1000000
599,0.007462822366505861,0.9952268004417419,0.0036920000000000286,0.480094,0.15589,0.15851,0.156135,3.0779635906219482,0.483048,0.154654,0.157202,0.154913,4.380011081695557,nan,1000000
699,0.0008225692436099052,0.9974648356437683,0.001476000000000005,0.482671,0.154469,0.156994,0.154709,3.2269434928894043,0.483048,0.154654,0.157202,0.154913,4.380011081695557,nan,1000000
799,0.004067807924002409,0.9977244734764099,0.0020280000000000298,0.481445,0.15569,0.158256,0.155942,3.369898557662964,0.483048,0.154654,0.157202,0.154913,4.380011081695557,nan,1000000
899,0.005928302649408579,0.997870922088623,0.0029020000000000157,0.480967,0.155944,0.158566,0.156219,3.4987120628356934,0.483048,0.154654,0.157202,0.154913,4.380011081695557,nan,1000000
999,0.004438559990376234,0.9974698424339294,0.0024219999999999797,0.481022,0.15506,0.157608,0.155295,3.6000330448150635,0.483048,0.154654,0.157202,0.154913,4.380011081695557,nan,1000000
1099,0.003916371148079634,0.9995003938674927,0.002773999999999943,0.480764,0.155203,0.157779,0.155451,3.681410312652588,0.483048,0.154654,0.157202,0.154913,4.380011081695557,nan,1000000
1199,0.0041551245376467705,0.998912513256073,0.0029130000000000544,0.480613,0.154991,0.157537,0.155224,3.7511708736419678,0.483048,0.154654,0.157202,0.154913,4.380011081695557,nan,1000000
1299,0.001746119000017643,1.0004768371582031,0.0015539999999999443,0.482276,0.154944,0.157453,0.155203,3.804135799407959,0.483048,0.154654,0.157202,0.154913,4.380011081695557,nan,1000000
1399,0.006243573967367411,0.9993477463722229,0.003099000000000074,0.480991,0.155962,0.158576,0.156239,3.843024253845215,0.483048,0.154654,0.157202,0.154913,4.380011081695557,nan,1000000
1499,0.001750950701534748,0.9993990063667297,0.0018160000000000398,0.482449,0.154764,0.157303,0.155029,3.852980136871338,0.483048,0.154654,0.157202,0.154913,4.380011081695557,nan,1000000
1599,0.002047053538262844,1.0016627311706543,0.0019040000000000168,0.482291,0.155534,0.158151,0.155791,3.9226741790771484,0.483048,0.154654,0.157202,0.154913,4.380011081695557,nan,1000000
1699,3.080139867961407e-05,0.9992502927780151,0.0012960000000000749,0.483225,0.154876,0.157443,0.155152,3.9715683460235596,0.483048,0.154654,0.157202,0.154913,4.380011081695557,nan,1000000
1799,0.000956889009103179,0.9988200664520264,0.0019560000000000133,0.482482,0.155161,0.157706,0.155428,3.970867395401001,0.483048,0.154654,0.157202,0.154913,4.380011081695557,nan,1000000
1899,0.0009267630521208048,0.998589277267456,0.0015359999999999818,0.482988,0.155489,0.158049,0.155756,3.950106143951416,0.483048,0.154654,0.157202,0.154913,4.380011081695557,nan,1000000
1999,0.0015005611348897219,0.9985091686248779,0.001735000000000042,0.482755,0.154836,0.157387,0.155105,3.9096624851226807,0.483048,0.154654,0.157202,0.154913,4.380011081695557,nan,1000000
2099,-0.0010945126414299011,0.9993647933006287,0.0021039999999999948,0.48379,0.155124,0.157644,0.155379,3.8758606910705566,0.483048,0.154654,0.157202,0.154913,4.380011081695557,nan,1000000
2199,0.0018145162612199783,0.9973831176757812,0.002477000000000007,0.482804,0.155791,0.158332,0.156051,3.898864984512329,0.483048,0.154654,0.157202,0.154913,4.380011081695557,nan,1000000
2299,0.0030589071102440357,0.9972594976425171,0.0025940000000000407,0.482299,0.156558,0.159067,0.156806,3.890742540359497,0.483048,0.154654,0.157202,0.154913,4.380011081695557,nan,1000000
2399,0.004249725956469774,0.99757319688797,0.002933000000000019,0.48145,0.156629,0.159132,0.156857,3.858358860015869,0.483048,0.154654,0.157202,0.154913,4.380011081695557,nan,1000000
2499,-0.0005507067544385791,0.9990877509117126,0.002986999999999962,0.483038,0.155559,0.158202,0.155845,3.763005495071411,0.483048,0.154654,0.157202,0.154913,4.380011081695557,nan,1000000
2599,-0.0027544426266103983,0.9976676106452942,0.004056999999999977,0.484505,0.154005,0.156687,0.154283,3.7047364711761475,0.483048,0.154654,0.157202,0.154913,4.380011081695557,nan,1000000
2699,0.002844786737114191,0.9974464178085327,0.0030080000000000107,0.481871,0.155013,0.157746,0.155257,3.6683175563812256,0.483048,0.154654,0.157202,0.154913,4.380011081695557,nan,1000000
2799,-0.00963694415986538,0.9967901110649109,0.0063070000000000626,0.487839,0.151476,0.153992,0.151736,3.7134058475494385,0.483048,0.154654,0.157202,0.154913,4.380011081695557,nan,1000000
2899,0.002225971780717373,0.9982080459594727,0.0023640000000000327,0.483726,0.15466,0.157253,0.154911,3.647634506225586,0.483048,0.154654,0.157202,0.154913,4.380011081695557,nan,1000000
2999,-0.003937157802283764,0.9984742403030396,0.003134999999999999,0.485702,0.1527,0.155225,0.152947,3.6722421646118164,0.483048,0.154654,0.157202,0.154913,4.380011081695557,nan,1000000
3099,-0.0009696815395727754,1.0012260675430298,0.002558999999999978,0.484256,0.153833,0.156276,0.154082,3.722357988357544,0.483048,0.154654,0.157202,0.154913,4.380011081695557,nan,1000000
3199,-0.001328689162619412,0.9993594884872437,0.002259000000000011,0.483872,0.154417,0.156888,0.154664,3.767209053039551,0.483048,0.154654,0.157202,0.154913,4.380011081695557,nan,1000000
3299,-0.006976171396672726,0.9955648183822632,0.0046800000000000175,0.485085,0.151388,0.153923,0.151644,3.7697463035583496,0.483048,0.154654,0.157202,0.154913,4.380011081695557,nan,1000000
3399,0.008334226906299591,0.9958575963973999,0.004159999999999997,0.479724,0.155657,0.15827,0.155893,3.868722915649414,0.483048,0.154654,0.157202,0.154913,4.380011081695557,nan,1000000
3499,0.002254015300422907,0.9993831515312195,0.0016650000000000276,0.482101,0.154832,0.15731,0.15509,3.9118540287017822,0.483048,0.154654,0.157202,0.154913,4.380011081695557,nan,1000000
3599,0.008785506710410118,0.9975095391273499,0.00452600000000003,0.479175,0.15588,0.158416,0.156131,3.944896936416626,0.483048,0.154654,0.157202,0.154913,4.380011081695557,nan,1000000
3699,-0.008546878583729267,1.0006515979766846,0.003261999999999987,0.486025,0.152574,0.155077,0.152838,3.917059898376465,0.483048,0.154654,0.157202,0.154913,4.380011081695557,nan,1000000
3799,0.004085687920451164,0.9953209161758423,0.0032709999999999684,0.481159,0.154107,0.156749,0.154385,3.9013543128967285,0.483048,0.154654,0.157202,0.154913,4.380011081695557,nan,1000000
3899,-0.011234674602746964,0.9988201856613159,0.00507300000000005,0.487929,0.151195,0.153733,0.15146,3.905256509780884,0.483048,0.154654,0.157202,0.154913,4.380011081695557,nan,1000000
3999,0.0001166404690593481,0.9969088435173035,0.0012030000000000651,0.483175,0.153904,0.156428,0.154161,3.8483598232269287,0.483048,0.154654,0.157202,0.154913,4.380011081695557,nan,1000000
4099,0.003999343141913414,0.9994663000106812,0.0029669999999999974,0.480393,0.154936,0.1575,0.155203,3.7196147441864014,0.483048,0.154654,0.157202,0.154913,4.380011081695557,nan,1000000
4199,0.0024318122304975986,0.9991251230239868,0.0024129999999999985,0.481005,0.154409,0.156936,0.154668,3.6761131286621094,0.483048,0.154654,0.157202,0.154913,4.380011081695557,nan,1000000
4299,-0.0010430538095533848,0.9990490674972534,0.001414999999999944,0.482135,0.15337,0.155962,0.153631,3.5551114082336426,0.483048,0.154654,0.157202,0.154913,4.380011081695557,nan,1000000
4399,0.007996747270226479,0.9974690079689026,0.004350000000000076,0.479171,0.15606,0.158707,0.156338,3.5122575759887695,0.483048,0.154654,0.157202,0.154913,4.380011081695557,nan,1000000
4499,0.0026406082324683666,0.9965127110481262,0.0020879999999999788,0.481368,0.154107,0.156665,0.154358,3.515193462371826,0.483048,0.154654,0.157202,0.154913,4.380011081695557,nan,1000000
4599,-0.004259590990841389,0.996271014213562,0.0024889999999999635,0.484628,0.152573,0.155089,0.152835,3.580519676208496,0.483048,0.154654,0.157202,0.154913,4.380011081695557,nan,1000000
4699,0.004942642990499735,0.9980572462081909,0.0032729999999999704,0.480168,0.155195,0.157729,0.155447,3.649136781692505,0.483048,0.154654,0.157202,0.154913,4.380011081695557,nan,1000000
4799,-0.0011780294589698315,1.0008715391159058,0.001915,0.483671,0.15485,0.157412,0.15512,3.6763501167297363,0.483048,0.154654,0.157202,0.154913,4.380011081695557,nan,1000000
4899,0.0026910826563835144,0.9977193474769592,0.0021689999999999765,0.481445,0.154718,0.157312,0.154998,3.7005105018615723,0.483048,0.154654,0.157202,0.154913,4.380011081695557,nan,1000000
4999,-0.0023634990211576223,0.9998787045478821,0.0016379999999999728,0.483838,0.153688,0.156229,0.153932,3.7498908042907715,0.483048,0.154654,0.157202,0.154913,4.380011081695557,nan,1000000
5099,-0.003550505731254816,0.9981517195701599,0.0021020000000000483,0.484139,0.152938,0.155566,0.153211,3.7402234077453613,0.483048,0.154654,0.157202,0.154913,4.380011081695557,nan,1000000
5199,0.004389457404613495,0.9979971647262573,0.0025720000000000187,0.480855,0.155223,0.157786,0.155494,3.7777211666107178,0.483048,0.154654,0.157202,0.154913,4.380011081695557,nan,1000000
5299,0.0021851002238690853,0.9968252778053284,0.0021849999999999925,0.481726,0.153882,0.156394,0.154129,3.802250385284424,0.483048,0.154654,0.157202,0.154913,4.380011081695557,nan,1000000
5399,0.0005700502078980207,0.9943646192550659,0.0018639999999999768,0.482438,0.152916,0.15556,0.153166,3.8144168853759766,0.483048,0.154654,0.157202,0.154913,4.380011081695557,nan,1000000
5499,0.0037940251640975475,0.9960582256317139,0.0031809999999999894,0.480449,0.154232,0.156923,0.154503,3.821945905685425,0.483048,0.154654,0.157202,0.154913,4.380011081695557,nan,1000000
5599,0.0010724018793553114,0.9989818930625916,0.0012369999999999881,0.482355,0.154643,0.157258,0.154886,3.8120696544647217,0.483048,0.154654,0.157202,0.154913,4.380011081695557,nan,1000000
5699,-0.012103686109185219,0.9982113838195801,0.005427000000000071,0.487865,0.150673,0.153215,0.150945,3.8140838146209717,0.483048,0.154654,0.157202,0.154913,4.380011081695557,nan,1000000
5799,-0.0077132899314165115,0.9965782165527344,0.0037320000000000686,0.485591,0.151507,0.154097,0.151766,3.8257033824920654,0.483048,0.154654,0.157202,0.154913,4.380011081695557,nan,1000000
5899,-0.011474644765257835,1.0017259120941162,0.004033000000000064,0.486864,0.151773,0.154285,0.152028,3.8397703170776367,0.483048,0.154654,0.157202,0.154913,4.380011081695557,nan,1000000
5999,0.000919281505048275,1.0003389120101929,0.0013540000000000219,0.482517,0.154474,0.157013,0.154741,3.85500168800354,0.483048,0.154654,0.157202,0.154913,4.380011081695557,nan,1000000
6099,-0.007630431093275547,0.9956914782524109,0.004125000000000045,0.485698,0.151232,0.153721,0.151477,3.819774866104126,0.483048,0.154654,0.157202,0.154913,4.380011081695557,nan,1000000
6199,-0.009461489506065845,1.0015064477920532,0.003578999999999999,0.486459,0.15225,0.154784,0.152507,3.8358616828918457,0.483048,0.154654,0.157202,0.154913,4.380011081695557,nan,1000000
6299,0.002728956751525402,0.9964615702629089,0.0022399999999999087,0.481439,0.154421,0.156998,0.154693,3.8448495864868164,0.483048,0.154654,0.157202,0.154913,4.380011081695557,nan,1000000
6399,-0.0006378528196364641,0.997199296951294,0.0021150000000000335,0.481913,0.153057,0.155618,0.15332,3.8908958435058594,0.483048,0.154654,0.157202,0.154913,4.380011081695557,nan,1000000
6499,0.0013827243819832802,0.9989932179450989,0.001717000000000024,0.482023,0.15444,0.157007,0.154698,3.903318166732788,0.483048,0.154654,0.157202,0.154913,4.380011081695557,nan,1000000
6599,0.002621353603899479,0.9984790086746216,0.0026519999999999877,0.481204,0.154698,0.157238,0.154934,3.93583607673645,0.483048,0.154654,0.157202,0.154913,4.380011081695557,nan,1000000
6699,-0.0053869811818003654,1.0006736516952515,0.0021900000000000253,0.484995,0.153489,0.156152,0.153769,3.95735764503479,0.483048,0.154654,0.157202,0.154913,4.380011081695557,nan,1000000
6799,-0.0024516002740710974,1.001598834991455,0.001355999999999996,0.483553,0.15455,0.157186,0.154822,3.9839072227478027,0.483048,0.154654,0.157202,0.154913,4.380011081695557,nan,1000000
6899,-0.001973576843738556,0.9999793767929077,0.0011700000000000044,0.483697,0.154115,0.156665,0.154363,4.004528999328613,0.483048,0.154654,0.157202,0.154913,4.380011081695557,nan,1000000
6999,-0.000979606993496418,1.0025759935379028,0.0012039999999999829,0.482648,0.154813,0.157364,0.15505,4.032505035400391,0.483048,0.154654,0.157202,0.154913,4.380011081695557,nan,1000000
7099,0.0012484695762395859,1.0001044273376465,0.0021889999999999965,0.482052,0.154786,0.157367,0.155042,4.063077449798584,0.483048,0.154654,0.157202,0.154913,4.380011081695557,nan,1000000
7199,-0.0017126630991697311,0.9948244690895081,0.0021920000000000828,0.483919,0.153392,0.155968,0.153643,4.111682891845703,0.483048,0.154654,0.157202,0.154913,4.380011081695557,nan,1000000
7299,0.008657624945044518,1.000821590423584,0.004135,0.479505,0.158026,0.160685,0.158317,4.124387741088867,0.483048,0.154654,0.157202,0.154913,4.380011081695557,nan,1000000
7399,-0.011378621682524681,0.9996746778488159,0.005063999999999957,0.487518,0.151829,0.154443,0.152068,4.15811824798584,0.483048,0.154654,0.157202,0.154913,4.380011081695557,nan,1000000
7499,0.0008071407210081816,1.0000643730163574,0.0011800000000000144,0.482641,0.155133,0.15772,0.155411,4.096056938171387,0.483048,0.154654,0.157202,0.154913,4.380011081695557,nan,1000000
7599,-0.00019401498138904572,0.9997059106826782,0.0009399999999999964,0.482901,0.154973,0.157581,0.155222,4.098461151123047,0.483048,0.154654,0.157202,0.154913,4.380011081695557,nan,1000000
7699,-0.007263805251568556,0.9989505410194397,0.0035760000000000236,0.486031,0.152904,0.155398,0.153133,4.057399749755859,0.483048,0.154654,0.157202,0.154913,4.380011081695557,nan,1000000
7799,0.002240026369690895,0.9985399842262268,0.0013200000000000156,0.482373,0.155534,0.158104,0.155781,4.059972286224365,0.483048,0.154654,0.157202,0.154913,4.380011081695557,nan,1000000
7899,-0.0008557470282539725,1.0008854866027832,0.0011470000000000091,0.483211,0.155224,0.157784,0.155429,4.068663597106934,0.483048,0.154654,0.157202,0.154913,4.380011081695557,nan,1000000
7999,0.007534199859946966,0.9973335862159729,0.003684999999999994,0.479986,0.156055,0.1586,0.15632,4.094666481018066,0.483048,0.154654,0.157202,0.154913,4.380011081695557,nan,1000000
8099,0.0023848768323659897,0.9968660473823547,0.0018390000000000073,0.481766,0.154788,0.157294,0.155014,4.119009494781494,0.483048,0.154654,0.157202,0.154913,4.380011081695557,nan,1000000
8199,-0.006521160248667002,0.9968438744544983,0.0037369999999999903,0.485223,0.152139,0.154689,0.152399,4.195225238800049,0.483048,0.154654,0.157202,0.154913,4.380011081695557,nan,1000000
8299,0.0007333778776228428,0.9938968420028687,0.0024239999999999817,0.481737,0.153224,0.155797,0.153512,4.180504322052002,0.483048,0.154654,0.157202,0.154913,4.380011081695557,nan,1000000
8399,-0.000816366751678288,0.997988224029541,0.001771000000000078,0.484062,0.154253,0.156759,0.154493,4.210781574249268,0.483048,0.154654,0.157202,0.154913,4.380011081695557,nan,1000000
8499,0.0014492259360849857,0.9974817633628845,0.0017650000000000166,0.482348,0.154252,0.156791,0.154498,4.218457221984863,0.483048,0.154654,0.157202,0.154913,4.380011081695557,nan,1000000
8599,0.005117124877870083,0.9942554235458374,0.002739000000000047,0.481147,0.155032,0.157531,0.155289,4.174529075622559,0.483048,0.154654,0.157202,0.154913,4.380011081695557,nan,1000000
8699,-0.002556336112320423,0.9964601397514343,0.002622000000000013,0.484324,0.153068,0.155542,0.153324,4.1944146156311035,0.483048,0.154654,0.157202,0.154913,4.380011081695557,nan,1000000
8799,0.0017477241344749928,0.998994767665863,0.0013120000000000909,0.48361,0.155365,0.157993,0.155618,4.148553848266602,0.483048,0.154654,0.157202,0.154913,4.380011081695557,nan,1000000
8899,0.0031446553766727448,0.9982605576515198,0.002045000000000019,0.481543,0.154935,0.157556,0.155196,4.128044128417969,0.483048,0.154654,0.157202,0.154913,4.380011081695557,nan,1000000
8999,-0.0052630482241511345,0.9982048869132996,0.0026530000000000165,0.48522,0.15285,0.155434,0.153074,4.114477157592773,0.483048,0.154654,0.157202,0.154913,4.380011081695557,nan,1000000
9099,-0.0015806036535650492,0.9982936978340149,0.0017599999999999838,0.483326,0.1532,0.155771,0.153463,4.110010623931885,0.483048,0.154654,0.157202,0.154913,4.380011081695557,nan,1000000
9199,-0.01158364862203598,1.000641107559204,0.005371000000000015,0.488139,0.15197,0.154537,0.15222,4.078187942504883,0.483048,0.154654,0.157202,0.154913,4.380011081695557,nan,1000000
9299,-0.0071655926294624805,0.9943591356277466,0.004646000000000039,0.486944,0.15119,0.153781,0.151461,4.099392414093018,0.483048,0.154654,0.157202,0.154913,4.380011081695557,nan,1000000
9399,0.0038993479683995247,0.9967594742774963,0.0022929999999999895,0.481547,0.154566,0.157107,0.154829,4.151216983795166,0.483048,0.154654,0.157202,0.154913,4.380011081695557,nan,1000000
9499,-0.0011522207641974092,0.9984246492385864,0.0014089999999999936,0.483876,0.153843,0.156443,0.154114,4.156128406524658,0.483048,0.154654,0.157202,0.154913,4.380011081695557,nan,1000000
9599,0.0009517576545476913,1.0010074377059937,0.001505000000000034,0.482113,0.154317,0.156949,0.154593,4.188401222229004,0.483048,0.154654,0.157202,0.154913,4.380011081695557,nan,1000000
9699,0.0032977242954075336,0.9991683959960938,0.0021999999999999797,0.481582,0.155098,0.157695,0.155367,4.2029829025268555,0.483048,0.154654,0.157202,0.154913,4.380011081695557,nan,1000000
9799,-0.00551750510931015,0.9992669820785522,0.002719000000000027,0.485197,0.152602,0.155187,0.152871,4.1367268562316895,0.483048,0.154654,0.157202,0.154913,4.380011081695557,nan,1000000
9899,0.004171783570200205,1.0019621849060059,0.003249000000000002,0.480402,0.156238,0.158729,0.156491,4.145557880401611,0.483048,0.154654,0.157202,0.154913,4.380011081695557,nan,1000000
9999,-0.008760343305766582,1.0008825063705444,0.003867000000000065,0.48656,0.152895,0.155377,0.153143,4.121121883392334,0.483048,0.154654,0.157202,0.154913,4.380011081695557,nan,1000000
10099,0.003307738807052374,0.9989526271820068,0.002134999999999998,0.481484,0.155219,0.157811,0.15548,4.086014747619629,0.483048,0.154654,0.157202,0.154913,4.380011081695557,nan,1000000
10199,-0.009784485213458538,1.0002034902572632,0.004516999999999993,0.487114,0.152596,0.155116,0.15286,4.015455722808838,0.483048,0.154654,0.157202,0.154913,4.380011081695557,nan,1000000
10299,5.074869841337204e-05,0.9994826316833496,0.0009460000000000024,0.482745,0.154735,0.15724,0.154983,3.963587999343872,0.483048,0.154654,0.157202,0.154913,4.380011081695557,nan,1000000
10399,-0.010151440277695656,1.0000803470611572,0.0045040000000000635,0.486486,0.151981,0.154473,0.152208,3.950864553451538,0.483048,0.154654,0.157202,0.154913,4.380011081695557,nan,1000000
10499,0.0023330734111368656,1.000343680381775,0.0019990000000000285,0.481268,0.155495,0.15799,0.155756,3.9269678592681885,0.483048,0.154654,0.157202,0.154913,4.380011081695557,nan,1000000
10599,-0.0035271465312689543,0.9972333908081055,0.0026450000000000085,0.484045,0.152932,0.155457,0.153188,3.943415641784668,0.483048,0.154654,0.157202,0.154913,4.380011081695557,nan,1000000
10699,-0.002803318202495575,0.9979151487350464,0.002231000000000094,0.483905,0.153259,0.155788,0.153515,3.9235546588897705,0.483048,0.154654,0.157202,0.154913,4.380011081695557,nan,1000000
10799,0.003610496409237385,0.9974917769432068,0.0028100000000000347,0.480952,0.154763,0.157337,0.155024,3.9181230068206787,0.483048,0.154654,0.157202,0.154913,4.380011081695557,nan,1000000
10899,-0.003393396269530058,0.996019184589386,0.002707000000000015,0.484859,0.153141,0.15563,0.153397,3.8776533603668213,0.483048,0.154654,0.157202,0.154913,4.380011081695557,nan,1000000
10999,-0.0020519897807389498,0.9991151690483093,0.0015840000000000298,0.484554,0.154161,0.156701,0.154409,3.9109930992126465,0.483048,0.154654,0.157202,0.154913,4.380011081695557,nan,1000000
11099,-0.006468897685408592,0.9978572130203247,0.003245999999999971,0.485821,0.152417,0.154968,0.152659,3.941901206970215,0.483048,0.154654,0.157202,0.154913,4.380011081695557,nan,1000000
11199,0.002980499994009733,0.9974615573883057,0.0014490000000000058,0.482151,0.155118,0.157684,0.155373,3.937255859375,0.483048,0.154654,0.157202,0.154913,4.380011081695557,nan,1000000
11299,0.005802762228995562,0.9968039393424988,0.0035640000000000116,0.480026,0.155222,0.157854,0.155496,3.912632703781128,0.483048,0.154654,0.157202,0.154913,4.380011081695557,nan,1000000
11399,0.0022646826691925526,0.9989414215087891,0.0012679999999999914,0.483023,0.15515,0.157712,0.155427,3.9039907455444336,0.483048,0.154654,0.157202,0.154913,4.380011081695557,nan,1000000
11499,0.003744546789675951,0.9986900687217712,0.002398999999999929,0.481197,0.155466,0.158082,0.155719,3.8604819774627686,0.483048,0.154654,0.157202,0.154913,4.380011081695557,nan,1000000
11599,-0.011637348681688309,0.9987759590148926,0.005238999999999994,0.488102,0.151616,0.154092,0.151866,3.87587308883667,0.483048,0.154654,0.157202,0.154913,4.380011081695557,nan,1000000
11699,-0.014829853549599648,0.9986761212348938,0.005681000000000047,0.488327,0.150461,0.153034,0.1507,3.891705274581909,0.483048,0.154654,0.157202,0.154913,4.380011081695557,nan,1000000
11799,0.0024298010393977165,0.9983582496643066,0.001352999999999993,0.48267,0.154783,0.157425,0.155046,3.9227724075317383,0.483048,0.154654,0.157202,0.154913,4.380011081695557,nan,1000000
11899,0.002463820856064558,1.0005438327789307,0.0014570000000000416,0.482278,0.155661,0.158198,0.155894,3.903521776199341,0.483048,0.154654,0.157202,0.154913,4.380011081695557,nan,1000000
11999,-0.00018560257740318775,0.9982858300209045,0.0007290000000000074,0.483333,0.154615,0.157167,0.154884,3.9092204570770264,0.483048,0.154654,0.157202,0.154913,4.380011081695557,nan,1000000
12099,0.004601010587066412,0.9965798258781433,0.0023849999999999982,0.482103,0.155156,0.157711,0.155411,3.912630081176758,0.483048,0.154654,0.157202,0.154913,4.380011081695557,nan,1000000
12199,-0.0022589024156332016,0.9976810216903687,0.0021160000000000068,0.484597,0.153777,0.156348,0.154034,3.906388998031616,0.483048,0.154654,0.157202,0.154913,4.380011081695557,nan,1000000
12299,-0.006955459248274565,0.99736088514328,0.003371000000000013,0.485713,0.152295,0.154833,0.152564,3.8637096881866455,0.483048,0.154654,0.157202,0.154913,4.380011081695557,nan,1000000
12399,3.3939722925424576e-05,1.0020967721939087,0.0009780000000000344,0.483371,0.155367,0.158034,0.155619,3.8653197288513184,0.483048,0.154654,0.157202,0.154913,4.380011081695557,nan,1000000
12499,-0.009146023541688919,1.0005910396575928,0.004253000000000007,0.487236,0.15257,0.155171,0.152847,3.8440451622009277,0.483048,0.154654,0.157202,0.154913,4.380011081695557,nan,1000000
12599,-0.0036206115037202835,1.0001448392868042,0.0018770000000000175,0.484813,0.153743,0.156345,0.154019,3.857433795928955,0.483048,0.154654,0.157202,0.154913,4.380011081695557,nan,1000000
12699,-0.0049819303676486015,0.9990842342376709,0.001866999999999952,0.48477,0.153193,0.155817,0.153439,3.8321382999420166,0.483048,0.154654,0.157202,0.154913,4.380011081695557,nan,1000000
12799,-0.006180230062454939,0.9992373585700989,0.002794999999999992,0.485589,0.152614,0.15514,0.152875,3.8418586254119873,0.483048,0.154654,0.157202,0.154913,4.380011081695557,nan,1000000
12899,-0.005385500378906727,0.9998739957809448,0.0024730000000000585,0.485342,0.153418,0.156056,0.153656,3.8241376876831055,0.483048,0.154654,0.157202,0.154913,4.380011081695557,nan,1000000
12999,0.0006524778436869383,0.9966294765472412,0.0015499999999999958,0.482483,0.153966,0.156488,0.154203,3.79494047164917,0.483048,0.154654,0.157202,0.154913,4.380011081695557,nan,1000000
13099,-0.00658505130559206,0.9973012804985046,0.0035519999999999996,0.486218,0.152713,0.155229,0.152961,3.8038833141326904,0.483048,0.154654,0.157202,0.154913,4.380011081695557,nan,1000000
13199,-0.0005679093301296234,0.9970430731773376,0.0013720000000000399,0.483765,0.153857,0.156357,0.154105,3.776648759841919,0.483048,0.154654,0.157202,0.154913,4.380011081695557,nan,1000000
13299,-0.004192015156149864,0.9970182776451111,0.002623000000000042,0.485177,0.153334,0.155886,0.153599,3.796830654144287,0.483048,0.154654,0.157202,0.154913,4.380011081695557,nan,1000000
13399,0.0073823328129947186,0.9953197240829468,0.00440700000000005,0.4795,0.155612,0.158248,0.155868,3.808576822280884,0.483048,0.154654,0.157202,0.154913,4.380011081695557,nan,1000000
13499,0.001653569284826517,0.9979267716407776,0.0011110000000000009,0.48329,0.15521,0.157885,0.155448,3.810978651046753,0.483048,0.154654,0.157202,0.154913,4.380011081695557,nan,1000000
13599,-0.000629780231975019,1.0021915435791016,0.0013299999999999423,0.482194,0.155413,0.15812,0.1557,3.782925605773926,0.483048,0.154654,0.157202,0.154913,4.380011081695557,nan,1000000
13699,-0.007706250064074993,0.9981991052627563,0.004721000000000086,0.48645,0.152464,0.154973,0.152725,3.760812759399414,0.483048,0.154654,0.157202,0.154913,4.380011081695557,nan,1000000
13799,-0.003249127883464098,0.9959607124328613,0.003098999999999963,0.484174,0.153334,0.156026,0.153622,3.7336597442626953,0.483048,0.154654,0.157202,0.154913,4.380011081695557,nan,1000000
13899,0.004014531150460243,0.999440610408783,0.0024100000000000232,0.481261,0.156281,0.158926,0.156537,3.7274234294891357,0.483048,0.154654,0.157202,0.154913,4.380011081695557,nan,1000000
13999,0.002330278977751732,0.9989429116249084,0.002707000000000015,0.480689,0.155617,0.158171,0.155875,3.7240493297576904,0.483048,0.154654,0.157202,0.154913,4.380011081695557,nan,1000000
14099,0.0057874093763530254,1.0008108615875244,0.002610000000000001,0.480595,0.156608,0.159213,0.156868,3.75433349609375,0.483048,0.154654,0.157202,0.154913,4.380011081695557,nan,1000000
14199,0.009525317698717117,0.9978146553039551,0.005157000000000023,0.478056,0.15734,0.159951,0.157607,3.7253153324127197,0.483048,0.154654,0.157202,0.154913,4.380011081695557,nan,1000000
14299,-0.0014917796943336725,0.9961195588111877,0.0023019999999999152,0.483546,0.15337,0.15604,0.153647,3.7324235439300537,0.483048,0.154654,0.157202,0.154913,4.380011081695557,nan,1000000
14399,-0.0016551320441067219,0.9952937960624695,0.002450999999999981,0.48376,0.153022,0.155652,0.153316,3.736652374267578,0.483048,0.154654,0.157202,0.154913,4.380011081695557,nan,1000000
14499,0.003068799152970314,0.9977626800537109,0.0019499999999999795,0.48184,0.155007,0.157665,0.155279,3.771658420562744,0.483048,0.154654,0.157202,0.154913,4.380011081695557,nan,1000000
14599,0.0004310260992497206,0.9957795143127441,0.0020649999999999835,0.483918,0.154024,0.156574,0.154268,3.802839756011963,0.483048,0.154654,0.157202,0.154913,4.380011081695557,nan,1000000
14699,-0.0033842213451862335,0.9984452128410339,0.0024239999999999817,0.484376,0.153282,0.155888,0.15356,3.8385398387908936,0.483048,0.154654,0.157202,0.154913,4.380011081695557,nan,1000000
14799,-0.00441692303866148,0.9991740584373474,0.0025129999999999875,0.48436,0.153519,0.156048,0.153762,3.7954635620117188,0.483048,0.154654,0.157202,0.154913,4.380011081695557,nan,1000000
14899,-0.0030064319726079702,0.9988206028938293,0.0018399999999999528,0.48333,0.153323,0.155927,0.153568,3.817643642425537,0.483048,0.154654,0.157202,0.154913,4.380011081695557,nan,1000000
14999,0.003149700351059437,0.996921956539154,0.0021529999999999883,0.48181,0.154824,0.157472,0.155104,3.8391599655151367,0.483048,0.154654,0.157202,0.154913,4.380011081695557,nan,1000000
15099,0.0067484513856470585,0.996449887752533,0.0035260000000000014,0.480334,0.155215,0.157786,0.155438,3.8344361782073975,0.483048,0.154654,0.157202,0.154913,4.380011081695557,nan,1000000
15199,-0.004649253562092781,0.994194746017456,0.003978999999999955,0.485032,0.151662,0.154205,0.151933,3.8274972438812256,0.483048,0.154654,0.157202,0.154913,4.380011081695557,nan,1000000
15299,0.002058122307062149,0.9991173148155212,0.0015149999999999886,0.482026,0.154996,0.157519,0.155225,3.804912567138672,0.483048,0.154654,0.157202,0.154913,4.380011081695557,nan,1000000
15399,0.0008113197982311249,0.9984138011932373,0.0010460000000000191,0.482557,0.154698,0.157283,0.154961,3.7789700031280518,0.483048,0.154654,0.157202,0.154913,4.380011081695557,nan,1000000
15499,0.0026699076406657696,0.9977988600730896,0.0023020000000000262,0.481324,0.154465,0.157039,0.154718,3.8329997062683105,0.483048,0.154654,0.157202,0.154913,4.380011081695557,nan,1000000
15599,0.004411419853568077,1.0012876987457275,0.002774000000000054,0.480775,0.156331,0.158843,0.15658,3.8395073413848877,0.483048,0.154654,0.157202,0.154913,4.380011081695557,nan,1000000
15699,0.006837739143520594,0.9995824694633484,0.0033809999999999674,0.480207,0.156311,0.15886,0.15658,3.9411134719848633,0.483048,0.154654,0.157202,0.154913,4.380011081695557,nan,1000000
15799,-0.0049021439626812935,0.9999221563339233,0.002583000000000002,0.484869,0.153424,0.155962,0.153673,3.866574764251709,0.483048,0.154654,0.157202,0.154913,4.380011081695557,nan,1000000
15899,0.0007274339441210032,0.9970638751983643,0.001959000000000044,0.484263,0.154601,0.157171,0.154866,3.8878018856048584,0.483048,0.154654,0.157202,0.154913,4.380011081695557,nan,1000000
15999,-0.00157130416482687,0.9982686638832092,0.0019090000000000495,0.484102,0.153864,0.15642,0.154112,3.934910535812378,0.483048,0.154654,0.157202,0.154913,4.380011081695557,nan,1000000
16099,0.0029582944698631763,0.9983347654342651,0.0027940000000000187,0.480766,0.154706,0.157172,0.154943,3.9788997173309326,0.483048,0.154654,0.157202,0.154913,4.380011081695557,nan,1000000
16199,-0.003010621527209878,1.0002117156982422,0.0015090000000000936,0.483682,0.153911,0.156453,0.154162,3.9029760360717773,0.483048,0.154654,0.157202,0.154913,4.380011081695557,nan,1000000
16299,0.0013047531247138977,0.9978286623954773,0.0014389999999999958,0.482131,0.154465,0.157101,0.154725,3.9087917804718018,0.483048,0.154654,0.157202,0.154913,4.380011081695557,nan,1000000
16399,0.007527187932282686,0.9976349472999573,0.003666999999999976,0.479813,0.156095,0.158678,0.156339,3.9493002891540527,0.483048,0.154654,0.157202,0.154913,4.380011081695557,nan,1000000
16499,0.0016415705904364586,0.9970641136169434,0.0015099999999999836,0.48365,0.154375,0.156897,0.154656,3.9785945415496826,0.483048,0.154654,0.157202,0.154913,4.380011081695557,nan,1000000
16599,-0.0004310676595196128,0.9951023459434509,0.001855000000000051,0.483717,0.153267,0.155825,0.153543,3.9188876152038574,0.483048,0.154654,0.157202,0.154913,4.380011081695557,nan,1000000
16699,0.004612770862877369,1.0003713369369507,0.002375000000000016,0.481456,0.155858,0.158448,0.156146,3.9378550052642822,0.483048,0.154654,0.157202,0.154913,4.380011081695557,nan,1000000
16799,0.0015895136166363955,0.9942673444747925,0.0017269999999999924,0.483275,0.153762,0.156252,0.154018,3.957287073135376,0.483048,0.154654,0.157202,0.154913,4.380011081695557,nan,1000000
16899,0.0022329208441078663,0.9958946704864502,0.0022000000000000075,0.48156,0.154004,0.156585,0.154248,3.940075159072876,0.483048,0.154654,0.157202,0.154913,4.380011081695557,nan,1000000
16999,0.0015607154928147793,1.0010637044906616,0.0013400000000000079,0.48227,0.155367,0.157984,0.155628,3.921128749847412,0.483048,0.154654,0.157202,0.154913,4.380011081695557,nan,1000000
17099,-0.0015868358314037323,0.9977102875709534,0.0023100000000000342,0.485029,0.154065,0.15663,0.154327,3.9220595359802246,0.483048,0.154654,0.157202,0.154913,4.380011081695557,nan,1000000
17199,0.004584350157529116,0.9981262683868408,0.0018289999999999973,0.481615,0.155469,0.15808,0.155737,3.9039223194122314,0.483048,0.154654,0.157202,0.154913,4.380011081695557,nan,1000000
17299,-0.002415438648313284,0.9978439807891846,0.001447000000000087,0.483935,0.153776,0.156347,0.154057,3.882387399673462,0.483048,0.154654,0.157202,0.154913,4.380011081695557,nan,1000000
17399,-0.006866132374852896,0.9976869821548462,0.0034290000000000154,0.48541,0.152173,0.154718,0.152427,3.8799779415130615,0.483048,0.154654,0.157202,0.154913,4.380011081695557,nan,1000000
17499,-0.001466279267333448,0.9999793767929077,0.001340999999999981,0.483515,0.154445,0.156968,0.1547,3.9690146446228027,0.483048,0.154654,0.157202,0.154913,4.380011081695557,nan,1000000
17599,0.0003419953864067793,0.9970420598983765,0.0011830000000000451,0.48341,0.154034,0.15659,0.154307,4.023618698120117,0.483048,0.154654,0.157202,0.154913,4.380011081695557,nan,1000000
17699,-0.0030714627355337143,0.997844934463501,0.0021959999999999757,0.483005,0.15283,0.155361,0.153061,4.043461322784424,0.483048,0.154654,0.157202,0.154913,4.380011081695557,nan,1000000
17799,-0.00811784714460373,1.0016088485717773,0.0034089999999999954,0.485525,0.152226,0.154815,0.152486,4.091961860656738,0.483048,0.154654,0.157202,0.154913,4.380011081695557,nan,1000000
17899,-0.004156093578785658,1.000739336013794,0.00279299999999999,0.485636,0.154275,0.156823,0.15449,4.100727081298828,0.483048,0.154654,0.157202,0.154913,4.380011081695557,nan,1000000
17999,0.0037329206243157387,0.9994765520095825,0.0020620000000000083,0.481538,0.155365,0.157924,0.155616,4.118005752563477,0.483048,0.154654,0.157202,0.154913,4.380011081695557,nan,1000000
18099,0.004669213201850653,1.0001180171966553,0.0020560000000000578,0.482352,0.156343,0.158865,0.156606,4.117344856262207,0.483048,0.154654,0.157202,0.154913,4.380011081695557,nan,1000000
18199,-0.014896763488650322,0.998495876789093,0.00684499999999999,0.48971,0.15095,0.153415,0.151172,4.071735858917236,0.483048,0.154654,0.157202,0.154913,4.380011081695557,nan,1000000
18299,0.00145473494194448,0.994307279586792,0.002250000000000002,0.483205,0.153571,0.156125,0.153812,4.0787835121154785,0.483048,0.154654,0.157202,0.154913,4.380011081695557,nan,1000000
18399,-0.006580700632184744,0.9976632595062256,0.00365800000000005,0.486534,0.15274,0.155307,0.153009,4.0375494956970215,0.483048,0.154654,0.157202,0.154913,4.380011081695557,nan,1000000
18499,0.002638561651110649,0.9961923360824585,0.0016219999999999984,0.482938,0.155032,0.157661,0.155301,3.973876953125,0.483048,0.154654,0.157202,0.154913,4.380011081695557,nan,1000000
18599,-0.0014994032680988312,0.9962272047996521,0.001735000000000042,0.4845,0.153983,0.156528,0.154233,4.002734184265137,0.483048,0.154654,0.157202,0.154913,4.380011081695557,nan,1000000
18699,-0.006316391285508871,0.9977045655250549,0.0033529999999999394,0.486248,0.152908,0.155581,0.153171,3.9722042083740234,0.483048,0.154654,0.157202,0.154913,4.380011081695557,nan,1000000
18799,-0.005134108010679483,0.9977579712867737,0.003098000000000045,0.485996,0.153067,0.15564,0.153325,3.9389140605926514,0.483048,0.154654,0.157202,0.154913,4.380011081695557,nan,1000000
18899,0.0013585449196398258,0.9989973306655884,0.0011050000000000226,0.483338,0.155295,0.157883,0.155541,3.999368667602539,0.483048,0.154654,0.157202,0.154913,4.380011081695557,nan,1000000
18999,-0.0034138578921556473,1.0011106729507446,0.0027739999999999987,0.485676,0.154313,0.156924,0.154601,4.025630474090576,0.483048,0.154654,0.157202,0.154913,4.380011081695557,nan,1000000
19099,-0.0032857335172593594,0.9956858158111572,0.0032920000000000726,0.484897,0.152796,0.155353,0.153041,4.012351036071777,0.483048,0.154654,0.157202,0.154913,4.380011081695557,nan,1000000
19199,-0.0129279475659132,0.9998626708984375,0.0061229999999999896,0.489068,0.151759,0.154282,0.152004,4.016542434692383,0.483048,0.154654,0.157202,0.154913,4.380011081695557,nan,1000000
19299,-0.004080892540514469,0.996819257736206,0.003781999999999952,0.484865,0.152425,0.154962,0.15267,4.016522407531738,0.483048,0.154654,0.157202,0.154913,4.380011081695557,nan,1000000
19399,0.002169717103242874,0.9998301863670349,0.0016960000000000308,0.482343,0.155823,0.158406,0.156063,4.022955417633057,0.483048,0.154654,0.157202,0.154913,4.380011081695557,nan,1000000
19499,-0.004780837334692478,0.998561680316925,0.0030520000000000547,0.485686,0.153448,0.155921,0.153698,4.037182331085205,0.483048,0.154654,0.157202,0.154913,4.380011081695557,nan,1000000
19599,0.0025978940539062023,1.0014982223510742,0.0018010000000000526,0.482134,0.155733,0.158201,0.155991,4.12283992767334,0.483048,0.154654,0.157202,0.154913,4.380011081695557,nan,1000000
19699,-0.0007631662301719189,1.0000755786895752,0.0016760000000000108,0.484151,0.154869,0.157353,0.155111,4.120275974273682,0.483048,0.154654,0.157202,0.154913,4.380011081695557,nan,1000000
19799,0.00687183765694499,1.0002604722976685,0.002703000000000011,0.481076,0.15647,0.158872,0.156692,4.125150203704834,0.483048,0.154654,0.157202,0.154913,4.380011081695557,nan,1000000
19899,-0.001476122299209237,0.9991496801376343,0.0019409999999999705,0.484465,0.154146,0.156649,0.154391,4.08226203918457,0.483048,0.154654,0.157202,0.154913,4.380011081695557,nan,1000000
19999,-0.007673825137317181,1.0010725259780884,0.0036530000000000173,0.486444,0.153234,0.15568,0.153488,4.123043537139893,0.483048,0.154654,0.157202,0.154913,4.380011081695557,nan,1000000
20099,0.008261876180768013,0.9950338006019592,0.004532000000000036,0.479835,0.155578,0.158198,0.155844,4.121108531951904,0.483048,0.154654,0.157202,0.154913,4.380011081695557,nan,1000000
20199,-0.000935040065087378,1.0002048015594482,0.0019679999999999698,0.483978,0.154187,0.156648,0.154426,4.177126407623291,0.483048,0.154654,0.157202,0.154913,4.380011081695557,nan,1000000
20299,0.0034201345406472683,0.9992403388023376,0.0019280000000000408,0.481981,0.155533,0.158084,0.155817,4.130337715148926,0.483048,0.154654,0.157202,0.154913,4.380011081695557,nan,1000000
20399,-0.007020796649158001,1.005123257637024,0.003942000000000001,0.486846,0.154347,0.156918,0.154622,4.091976165771484,0.483048,0.154654,0.157202,0.154913,4.380011081695557,nan,1000000
20499,0.009326223284006119,1.0014498233795166,0.0037050000000000693,0.480798,0.15798,0.160478,0.158226,4.051237106323242,0.483048,0.154654,0.157202,0.154913,4.380011081695557,nan,1000000
20599,-0.0012269875733181834,0.9995613694190979,0.0008479999999999599,0.483661,0.154346,0.156892,0.154607,4.032637119293213,0.483048,0.154654,0.157202,0.154913,4.380011081695557,nan,1000000
20699,-0.0009108021622523665,0.9982541799545288,0.0016750000000000376,0.484443,0.154432,0.157011,0.154698,4.099387168884277,0.483048,0.154654,0.157202,0.154913,4.380011081695557,nan,1000000
20799,0.003373275510966778,0.9972726106643677,0.001715000000000022,0.482953,0.155817,0.15834,0.156054,4.154329299926758,0.483048,0.154654,0.157202,0.154913,4.380011081695557,nan,1000000
20899,0.0023095523938536644,0.998432457447052,0.0020699999999999608,0.482677,0.155348,0.157929,0.15562,4.212702751159668,0.483048,0.154654,0.157202,0.154913,4.380011081695557,nan,1000000
20999,0.005577228497713804,0.9984925985336304,0.0036450000000000093,0.480984,0.156186,0.158802,0.156447,4.211770534515381,0.483048,0.154654,0.157202,0.154913,4.380011081695557,nan,1000000
21099,-0.009497206658124924,1.0044002532958984,0.004910999999999999,0.48775,0.153772,0.156342,0.154049,4.2381768226623535,0.483048,0.154654,0.157202,0.154913,4.380011081695557,nan,1000000
21199,0.006357280071824789,1.001486897468567,0.003526000000000029,0.481994,0.157778,0.160351,0.158037,4.239621162414551,0.483048,0.154654,0.157202,0.154913,4.380011081695557,nan,1000000
21299,0.00033597275614738464,1.004064917564392,0.0026800000000000157,0.484715,0.156874,0.159428,0.157122,4.269567489624023,0.483048,0.154654,0.157202,0.154913,4.380011081695557,nan,1000000
21399,0.00014609145000576973,0.9994001388549805,0.0013489999999999336,0.483833,0.155442,0.157951,0.155672,4.248052597045898,0.483048,0.154654,0.157202,0.154913,4.380011081695557,nan,1000000
21499,-0.0005370747530832887,0.9988251328468323,0.00120899999999996,0.483701,0.155102,0.157618,0.155323,4.222524166107178,0.483048,0.154654,0.157202,0.154913,4.380011081695557,nan,1000000
21599,-0.004472668748348951,1.0036511421203613,0.0034969999999999724,0.486361,0.155562,0.158154,0.155828,4.225639820098877,0.483048,0.154654,0.157202,0.154913,4.380011081695557,nan,1000000
21699,0.002586236223578453,0.9979308843612671,0.001762999999999959,0.482759,0.155823,0.158428,0.156082,4.201838970184326,0.483048,0.154654,0.157202,0.154913,4.380011081695557,nan,1000000
21799,0.00022478913888335228,1.0020716190338135,0.001503000000000032,0.483923,0.155937,0.15852,0.156179,4.217517375946045,0.483048,0.154654,0.157202,0.154913,4.380011081695557,nan,1000000
21899,-0.00987232942134142,1.0043095350265503,0.004805999999999977,0.487613,0.154007,0.15659,0.154244,4.211772441864014,0.483048,0.154654,0.157202,0.154913,4.380011081695557,nan,1000000
21999,0.007484924513846636,0.9982054829597473,0.0028930000000000344,0.482249,0.157344,0.159963,0.157604,4.2012104988098145,0.483048,0.154654,0.157202,0.154913,4.380011081695557,nan,1000000
22099,-0.0003568734973669052,0.9995797276496887,0.0013959999999999528,0.483859,0.155404,0.157975,0.155659,4.199060916900635,0.483048,0.154654,0.157202,0.154913,4.380011081695557,nan,1000000
22199,0.0013486375100910664,0.998873770236969,0.0014499999999999513,0.483799,0.155869,0.158517,0.156126,4.185850143432617,0.483048,0.154654,0.157202,0.154913,4.380011081695557,nan,1000000
22299,0.006276147905737162,0.9958896040916443,0.003677999999999959,0.481471,0.156016,0.158625,0.156254,4.157478332519531,0.483048,0.154654,0.157202,0.154913,4.380011081695557,nan,1000000
22399,-0.005835053976625204,1.001201868057251,0.003126000000000073,0.485677,0.154285,0.156822,0.15452,4.168910503387451,0.483048,0.154654,0.157202,0.154913,4.380011081695557,nan,1000000
22499,0.0016181340906769037,1.002238392829895,0.002431000000000072,0.483762,0.15648,0.159154,0.156736,4.209577560424805,0.483048,0.154654,0.157202,0.154913,4.380011081695557,nan,1000000
22599,0.0006669384893029928,1.0006366968154907,0.00166299999999997,0.483095,0.155894,0.158395,0.156127,4.219559669494629,0.483048,0.154654,0.157202,0.154913,4.380011081695557,nan,1000000
22699,0.005775029305368662,1.0005754232406616,0.002846000000000015,0.481635,0.15713,0.15967,0.157368,4.241481781005859,0.483048,0.154654,0.157202,0.154913,4.380011081695557,nan,1000000
22799,0.0005027037113904953,1.0017465353012085,0.002275000000000027,0.484123,0.156324,0.158934,0.156577,4.240016937255859,0.483048,0.154654,0.157202,0.154913,4.380011081695557,nan,1000000
22899,0.0027128877118229866,1.000189185142517,0.0021479999999999277,0.482659,0.156284,0.158782,0.15654,4.247226238250732,0.483048,0.154654,0.157202,0.154913,4.380011081695557,nan,1000000
22999,-0.0014330805279314518,1.0025441646575928,0.001931000000000016,0.484564,0.155893,0.158417,0.156148,4.2463459968566895,0.483048,0.154654,0.157202,0.154913,4.380011081695557,nan,1000000
23099,0.0019206865690648556,1.0003182888031006,0.0022980000000000222,0.482085,0.155737,0.158302,0.156001,4.254256248474121,0.483048,0.154654,0.157202,0.154913,4.380011081695557,nan,1000000
23199,0.008189160376787186,0.9997338056564331,0.0034520000000000106,0.481201,0.157794,0.160431,0.15806,4.23364782333374,0.483048,0.154654,0.157202,0.154913,4.380011081695557,nan,1000000
23299,0.007345966529101133,1.004612684249878,0.004393000000000091,0.481344,0.158815,0.161385,0.159075,4.266437530517578,0.483048,0.154654,0.157202,0.154913,4.380011081695557,nan,1000000
23399,0.00839996337890625,0.9977784752845764,0.003149999999999986,0.481122,0.157554,0.160108,0.157798,4.251712799072266,0.483048,0.154654,0.157202,0.154913,4.380011081695557,nan,1000000
23499,0.004161598160862923,0.9984074831008911,0.0023180000000000422,0.482133,0.156662,0.159281,0.156905,4.250983715057373,0.483048,0.154654,0.157202,0.154913,4.380011081695557,nan,1000000
23599,0.004730467684566975,1.0002254247665405,0.002627000000000046,0.481795,0.156959,0.159576,0.157216,4.262654781341553,0.483048,0.154654,0.157202,0.154913,4.380011081695557,nan,1000000
23699,-0.002115553943440318,1.000331997871399,0.002630000000000021,0.485173,0.155393,0.157976,0.155638,4.300665378570557,0.483048,0.154654,0.157202,0.154913,4.380011081695557,nan,1000000
23799,0.005443537142127752,0.999031662940979,0.002699000000000007,0.482173,0.156907,0.159436,0.157181,4.292344093322754,0.483048,0.154654,0.157202,0.154913,4.380011081695557,nan,1000000
23899,-0.002411764347925782,1.001781702041626,0.0017920000000000158,0.484495,0.155357,0.157874,0.155593,4.236496925354004,0.483048,0.154654,0.157202,0.154913,4.380011081695557,nan,1000000
23999,-0.001865913043729961,0.998364269733429,0.001902999999999988,0.484518,0.154672,0.15726,0.154911,4.26086950302124,0.483048,0.154654,0.157202,0.154913,4.380011081695557,nan,1000000
24099,-0.009020395576953888,1.0003682374954224,0.004626999999999937,0.486907,0.153091,0.155577,0.153342,4.237034320831299,0.483048,0.154654,0.157202,0.154913,4.380011081695557,nan,1000000
24199,0.006037053186446428,1.0000112056732178,0.00307399999999991,0.482198,0.157131,0.159643,0.157388,4.225016117095947,0.483048,0.154654,0.157202,0.154913,4.380011081695557,nan,1000000
24299,0.003378461580723524,0.9985768795013428,0.0020740000000000203,0.482539,0.156048,0.158603,0.156308,4.254111289978027,0.483048,0.154654,0.157202,0.154913,4.380011081695557,nan,1000000
24399,-0.006533303763717413,1.0025734901428223,0.003261000000000014,0.485704,0.154024,0.156574,0.154285,4.236669540405273,0.483048,0.154654,0.157202,0.154913,4.380011081695557,nan,1000000
24499,-0.0019828060176223516,1.0004349946975708,0.0014569999999999306,0.483693,0.154376,0.156954,0.154648,4.263402938842773,0.483048,0.154654,0.157202,0.154913,4.380011081695557,nan,1000000
24599,0.0028054239228367805,0.9988963603973389,0.0014170000000000016,0.482284,0.155387,0.157919,0.155631,4.253998756408691,0.483048,0.154654,0.157202,0.154913,4.380011081695557,nan,1000000
24699,0.002015991136431694,1.0004427433013916,0.0018889999999999185,0.483069,0.15567,0.15819,0.155909,4.231833457946777,0.483048,0.154654,0.157202,0.154913,4.380011081695557,nan,1000000
24799,0.00348727498203516,0.9986743927001953,0.0017169999999999686,0.481553,0.155395,0.157924,0.155632,4.2706708908081055,0.483048,0.154654,0.157202,0.154913,4.380011081695557,nan,1000000
24899,0.00851006992161274,0.9985504746437073,0.0032159999999999966,0.480042,0.156939,0.159446,0.157191,4.2823405265808105,0.483048,0.154654,0.157202,0.154913,4.380011081695557,nan,1000000
24999,0.004976830445230007,1.0013340711593628,0.0027279999999999527,0.481582,0.156868,0.159455,0.157126,4.300359725952148,0.483048,0.154654,0.157202,0.154913,4.380011081695557,nan,1000000
25099,0.0001185443252325058,1.0002259016036987,0.0011929999999999996,0.483084,0.155206,0.157715,0.15545,4.297022342681885,0.483048,0.154654,0.157202,0.154913,4.380011081695557,nan,1000000
25199,-0.00861896388232708,1.0021904706954956,0.004325000000000023,0.486261,0.153433,0.155951,0.153689,4.279242038726807,0.483048,0.154654,0.157202,0.154913,4.380011081695557,nan,1000000
25299,-0.002455750247463584,1.002138614654541,0.0017419999999999658,0.483511,0.154704,0.15728,0.15498,4.273687362670898,0.483048,0.154654,0.157202,0.154913,4.380011081695557,nan,1000000
25399,0.0020671221427619457,1.0003734827041626,0.0015160000000000728,0.482672,0.155432,0.157973,0.155687,4.277642726898193,0.483048,0.154654,0.157202,0.154913,4.380011081695557,nan,1000000
25499,0.006887178402394056,1.000549077987671,0.003114999999999979,0.480196,0.156755,0.159365,0.157004,4.283815383911133,0.483048,0.154654,0.157202,0.154913,4.380011081695557,nan,1000000
25599,-0.004035478923469782,1.0026775598526,0.0027980000000000227,0.484657,0.154585,0.157155,0.154815,4.286252975463867,0.483048,0.154654,0.157202,0.154913,4.380011081695557,nan,1000000
25699,0.00017539085820317268,0.9984545111656189,0.0009290000000000131,0.483405,0.154736,0.15729,0.15501,4.275229454040527,0.483048,0.154654,0.157202,0.154913,4.380011081695557,nan,1000000
25799,-0.007206506561487913,1.0003942251205444,0.0035270000000000024,0.486134,0.153388,0.155891,0.153636,4.2605743408203125,0.483048,0.154654,0.157202,0.154913,4.380011081695557,nan,1000000
25899,0.007987234741449356,0.9964393377304077,0.003780999999999979,0.479697,0.156004,0.158684,0.156287,4.257937908172607,0.483048,0.154654,0.157202,0.154913,4.380011081695557,nan,1000000
25999,0.0037091155536472797,0.9991975426673889,0.0018080000000000318,0.481673,0.155656,0.158237,0.155948,4.25535249710083,0.483048,0.154654,0.157202,0.154913,4.380011081695557,nan,1000000
26099,0.008524343371391296,0.9978237748146057,0.003190000000000026,0.480232,0.156708,0.159395,0.156986,4.264805316925049,0.483048,0.154654,0.157202,0.154913,4.380011081695557,nan,1000000
26199,0.0018252674490213394,0.9982175230979919,0.0010949999999999988,0.483085,0.155208,0.157849,0.155494,4.262102127075195,0.483048,0.154654,0.157202,0.154913,4.380011081695557,nan,1000000
26299,0.0026535894721746445,0.9998121857643127,0.0014399999999999968,0.482065,0.155815,0.158413,0.156056,4.257687091827393,0.483048,0.154654,0.157202,0.154913,4.380011081695557,nan,1000000
26399,0.0019938559271395206,1.0002387762069702,0.0014039999999999608,0.4824,0.155773,0.158337,0.156046,4.248350620269775,0.483048,0.154654,0.157202,0.154913,4.380011081695557,nan,1000000
26499,0.001466396963223815,1.0024335384368896,0.0017650000000000166,0.483071,0.155799,0.158406,0.15604,4.269214153289795,0.483048,0.154654,0.157202,0.154913,4.380011081695557,nan,1000000
26599,-0.008811003528535366,1.0022939443588257,0.004072999999999993,0.486647,0.153019,0.155537,0.153275,4.277085304260254,0.483048,0.154654,0.157202,0.154913,4.380011081695557,nan,1000000
26699,0.0024125217460095882,1.0014468431472778,0.0017479999999999718,0.482424,0.15584,0.158368,0.156102,4.301762580871582,0.483048,0.154654,0.157202,0.154913,4.380011081695557,nan,1000000
26799,0.003868069499731064,0.9957015514373779,0.002055000000000029,0.481771,0.154965,0.157487,0.155214,4.2897539138793945,0.483048,0.154654,0.157202,0.154913,4.380011081695557,nan,1000000
26899,0.006745194550603628,0.9949662685394287,0.003585999999999978,0.480052,0.155374,0.157862,0.155647,4.2929205894470215,0.483048,0.154654,0.157202,0.154913,4.380011081695557,nan,1000000
26999,-0.0032440777868032455,1.0020862817764282,0.002246999999999999,0.484472,0.154719,0.157295,0.154998,4.316051483154297,0.483048,0.154654,0.157202,0.154913,4.380011081695557,nan,1000000
27099,-6.365077570080757e-05,1.0023646354675293,0.0016169999999999796,0.483026,0.155503,0.158035,0.155772,4.31606388092041,0.483048,0.154654,0.157202,0.154913,4.380011081695557,nan,1000000
27199,0.0015972703695297241,1.0012738704681396,0.001895000000000091,0.482671,0.155896,0.158417,0.156148,4.312863826751709,0.483048,0.154654,0.157202,0.154913,4.380011081695557,nan,1000000
27299,0.0043443250469863415,0.9973698854446411,0.003132999999999997,0.480335,0.155411,0.158031,0.155669,4.313415050506592,0.483048,0.154654,0.157202,0.154913,4.380011081695557,nan,1000000
27399,0.010600876063108444,0.997995913028717,0.004283000000000037,0.479218,0.157495,0.160014,0.157758,4.325043678283691,0.483048,0.154654,0.157202,0.154913,4.380011081695557,nan,1000000
27499,-0.004596188198775053,0.9992795586585999,0.0027680000000001037,0.483843,0.153447,0.156039,0.153697,4.334969997406006,0.483048,0.154654,0.157202,0.154913,4.380011081695557,nan,1000000
27599,2.4289824068546295e-05,0.9995369911193848,0.0013680000000000359,0.482552,0.154775,0.157393,0.155046,4.309260368347168,0.483048,0.154654,0.157202,0.154913,4.380011081695557,nan,1000000
27699,-0.0028452426195144653,1.0020954608917236,0.0024359999999999937,0.484244,0.154978,0.157414,0.155225,4.320006847381592,0.483048,0.154654,0.157202,0.154913,4.380011081695557,nan,1000000
27799,-0.000299244187772274,1.001995325088501,0.0019730000000000025,0.483756,0.155583,0.158113,0.155813,4.326087951660156,0.483048,0.154654,0.157202,0.154913,4.380011081695557,nan,1000000
27899,-0.00011627818457782269,1.0000537633895874,0.0015519999999999978,0.483126,0.15531,0.157855,0.155556,4.341598987579346,0.483048,0.154654,0.157202,0.154913,4.380011081695557,nan,1000000
27999,0.009213918820023537,0.9994077086448669,0.0046780000000000155,0.478966,0.157207,0.159877,0.157466,4.351712703704834,0.483048,0.154654,0.157202,0.154913,4.380011081695557,nan,1000000
28099,-0.00023291143588721752,0.9979591965675354,0.001902999999999988,0.482732,0.15405,0.156663,0.154323,4.345261096954346,0.483048,0.154654,0.157202,0.154913,4.380011081695557,nan,1000000
28199,-0.004501046612858772,0.9981868863105774,0.003663000000000083,0.485021,0.153436,0.155996,0.153686,4.320634365081787,0.483048,0.154654,0.157202,0.154913,4.380011081695557,nan,1000000
28299,0.0002404677215963602,1.0012654066085815,0.0018370000000000886,0.483297,0.155473,0.158043,0.155725,4.34733772277832,0.483048,0.154654,0.157202,0.154913,4.380011081695557,nan,1000000
28399,0.0019328566268086433,0.9989321231842041,0.0015280000000000848,0.482452,0.155317,0.157855,0.155572,4.36299467086792,0.483048,0.154654,0.157202,0.154913,4.380011081695557,nan,1000000
28499,-0.007318812422454357,0.9993618130683899,0.004804999999999948,0.486531,0.152942,0.155475,0.153219,4.375095367431641,0.483048,0.154654,0.157202,0.154913,4.380011081695557,nan,1000000
28599,0.007395003456622362,0.9999032616615295,0.0030769999999999964,0.480466,0.157278,0.159797,0.15753,4.357976913452148,0.483048,0.154654,0.157202,0.154913,4.380011081695557,nan,1000000
28699,0.008448263630270958,0.9986296892166138,0.004116999999999982,0.479364,0.156831,0.159375,0.157078,4.355286598205566,0.483048,0.154654,0.157202,0.154913,4.380011081695557,nan,1000000
28799,-0.005220928229391575,1.0017600059509277,0.003271000000000024,0.485484,0.154242,0.156722,0.154479,4.345047473907471,0.483048,0.154654,0.157202,0.154913,4.380011081695557,nan,1000000
28899,-0.0033557985443621874,0.9998722076416016,0.002711000000000019,0.484795,0.154306,0.156764,0.154528,4.3617706298828125,0.483048,0.154654,0.157202,0.154913,4.380011081695557,nan,1000000
28999,0.006450119893997908,0.9991233348846436,0.0025580000000000602,0.481122,0.156617,0.15923,0.156879,4.361268997192383,0.483048,0.154654,0.157202,0.154913,4.380011081695557,nan,1000000
29099,-0.006401172839105129,1.0010161399841309,0.003778999999999977,0.486305,0.153986,0.156537,0.154259,4.359768867492676,0.483048,0.154654,0.157202,0.154913,4.380011081695557,nan,1000000
29199,0.0011983870062977076,0.9991155862808228,0.0011140000000000594,0.482827,0.155118,0.157625,0.155376,4.343652248382568,0.483048,0.154654,0.157202,0.154913,4.380011081695557,nan,1000000
29299,0.0029985709115862846,0.9993140697479248,0.0015340000000000353,0.482199,0.155688,0.158244,0.155914,4.371719837188721,0.483048,0.154654,0.157202,0.154913,4.380011081695557,nan,1000000
29399,0.004534578882157803,0.9964233040809631,0.00211699999999998,0.481536,0.155635,0.158243,0.155889,4.369329929351807,0.483048,0.154654,0.157202,0.154913,4.380011081695557,nan,1000000
29499,0.0005075940862298012,0.9987888336181641,0.001434999999999964,0.483503,0.155138,0.157644,0.155376,4.369446277618408,0.483048,0.154654,0.157202,0.154913,4.380011081695557,nan,1000000
29599,-0.00046853243838995695,0.9999607801437378,0.001630999999999938,0.484064,0.155424,0.15789,0.155673,4.376692295074463,0.483048,0.154654,0.157202,0.154913,4.380011081695557,nan,1000000
29699,0.002608479931950569,0.999147891998291,0.0018250000000000766,0.482857,0.155917,0.158482,0.156153,4.374457836151123,0.483048,0.154654,0.157202,0.154913,4.380011081695557,nan,1000000
29799,-0.0016401947941631079,0.9994528889656067,0.0020769999999999955,0.484204,0.15456,0.157075,0.154835,4.357977390289307,0.483048,0.154654,0.157202,0.154913,4.380011081695557,nan,1000000
29899,0.0001121878158301115,1.0026075839996338,0.001735000000000042,0.483297,0.15581,0.158389,0.156062,4.369377136230469,0.483048,0.154654,0.157202,0.154913,4.380011081695557,nan,1000000
29999,-0.014544330537319183,0.9989578723907471,0.0071069999999999744,0.489312,0.151049,0.153526,0.151314,4.3501386642456055,0.483048,0.154654,0.157202,0.154913,4.380011081695557,nan,1000000
30099,-0.0060095652006566525,0.9980872869491577,0.003866999999999954,0.486177,0.152889,0.155392,0.153116,4.336033344268799,0.483048,0.154654,0.157202,0.154913,4.380011081695557,nan,1000000
30199,-0.006658188067376614,0.9993170499801636,0.003966000000000025,0.486304,0.152997,0.155551,0.153271,4.327993392944336,0.483048,0.154654,0.157202,0.154913,4.380011081695557,nan,1000000
30299,0.0031652646139264107,1.0001370906829834,0.001958999999999933,0.482756,0.156032,0.158594,0.156287,4.3453474044799805,0.483048,0.154654,0.157202,0.154913,4.380011081695557,nan,1000000
30399,0.008558843284845352,0.9947168827056885,0.0036630000000000273,0.480192,0.156266,0.158816,0.156503,4.346750259399414,0.483048,0.154654,0.157202,0.154913,4.380011081695557,nan,1000000
30499,-0.0009670755825936794,0.9990543127059937,0.0017280000000000628,0.484412,0.154808,0.15734,0.155056,4.31699800491333,0.483048,0.154654,0.157202,0.154913,4.380011081695557,nan,1000000
30599,-0.0005172967212274671,1.000849723815918,0.0015640000000000098,0.484363,0.155228,0.157831,0.155468,4.3026323318481445,0.483048,0.154654,0.157202,0.154913,4.380011081695557,nan,1000000
30699,0.0010452920105308294,1.0003920793533325,0.00168299999999999,0.48356,0.155714,0.158266,0.155957,4.319514274597168,0.483048,0.154654,0.157202,0.154913,4.380011081695557,nan,1000000
30799,-0.0016537734773010015,1.0015745162963867,0.0011760000000000659,0.484024,0.15516,0.157695,0.155389,4.326418876647949,0.483048,0.154654,0.157202,0.154913,4.380011081695557,nan,1000000
30899,-0.0005565008614212275,1.0001130104064941,0.00121899999999997,0.484124,0.155137,0.157719,0.155389,4.323360919952393,0.483048,0.154654,0.157202,0.154913,4.380011081695557,nan,1000000
30999,0.005614208523184061,0.9974806904792786,0.002262000000000014,0.482179,0.15604,0.15862,0.156322,4.308308124542236,0.483048,0.154654,0.157202,0.154913,4.380011081695557,nan,1000000
31099,0.002965564839541912,0.9994612336158752,0.001910999999999996,0.482758,0.155999,0.158543,0.156271,4.287904262542725,0.483048,0.154654,0.157202,0.154913,4.380011081695557,nan,1000000
31199,-0.010057114996016026,1.0014588832855225,0.004597999999999991,0.487486,0.152877,0.155381,0.153142,4.299677848815918,0.483048,0.154654,0.157202,0.154913,4.380011081695557,nan,1000000
31299,0.003304434008896351,0.9999905824661255,0.0018970000000000375,0.482472,0.155936,0.15847,0.1562,4.310564041137695,0.483048,0.154654,0.157202,0.154913,4.380011081695557,nan,1000000
31399,0.009914090856909752,0.9981554746627808,0.00400900000000004,0.479931,0.157226,0.15986,0.157508,4.313415050506592,0.483048,0.154654,0.157202,0.154913,4.380011081695557,nan,1000000
31499,0.0008775396272540092,0.9980121850967407,0.0008270000000000222,0.483521,0.154948,0.157561,0.155235,4.317110538482666,0.483048,0.154654,0.157202,0.154913,4.380011081695557,nan,1000000
31599,-0.002255446510389447,0.997795045375824,0.001915,0.48445,0.153825,0.156406,0.154066,4.314842700958252,0.483048,0.154654,0.157202,0.154913,4.380011081695557,nan,1000000
31699,-0.0007023446960374713,1.0006484985351562,0.0009959999999999969,0.483897,0.155166,0.157759,0.155417,4.283832550048828,0.483048,0.154654,0.157202,0.154913,4.380011081695557,nan,1000000
31799,-0.010142862796783447,0.9985789060592651,0.003925999999999985,0.486757,0.152206,0.154843,0.152459,4.265965938568115,0.483048,0.154654,0.157202,0.154913,4.380011081695557,nan,1000000
31899,-0.008898530155420303,0.9983005523681641,0.0038810000000000233,0.48652,0.152369,0.154825,0.152629,4.265511512756348,0.483048,0.154654,0.157202,0.154913,4.380011081695557,nan,1000000
31999,-0.003119867527857423,0.9995043873786926,0.0018750000000000155,0.484813,0.15416,0.156768,0.154423,4.239640235900879,0.483048,0.154654,0.157202,0.154913,4.380011081695557,nan,1000000
32099,0.008195869624614716,0.9993001818656921,0.0033760000000000456,0.480376,0.157077,0.159638,0.157335,4.237395763397217,0.483048,0.154654,0.157202,0.154913,4.380011081695557,nan,1000000
32199,-0.00101672753226012,0.9994494915008545,0.0013700000000000379,0.484248,0.155057,0.157578,0.155303,4.239731788635254,0.483048,0.154654,0.157202,0.154913,4.380011081695557,nan,1000000
32299,0.0072260391898453236,0.9991848468780518,0.00277000000000005,0.481239,0.157131,0.159736,0.157384,4.24732780456543,0.483048,0.154654,0.157202,0.154913,4.380011081695557,nan,1000000
32399,-0.010840663686394691,1.0012329816818237,0.0048619999999999775,0.487823,0.152866,0.155419,0.153123,4.226107597351074,0.483048,0.154654,0.157202,0.154913,4.380011081695557,nan,1000000
32499,-0.0027622347697615623,0.9989661574363708,0.0017280000000000628,0.484551,0.154198,0.156753,0.15445,4.239020347595215,0.483048,0.154654,0.157202,0.154913,4.380011081695557,nan,1000000
32599,-0.002838269341737032,0.9985791444778442,0.0021880000000000233,0.485138,0.154498,0.156969,0.15475,4.209113121032715,0.483048,0.154654,0.157202,0.154913,4.380011081695557,nan,1000000
32699,-0.004576311446726322,0.9970821738243103,0.0032609999999999584,0.485636,0.153462,0.155878,0.153715,4.220628261566162,0.483048,0.154654,0.157202,0.154913,4.380011081695557,nan,1000000
32799,-0.015587130561470985,1.0014289617538452,0.006838999999999984,0.489781,0.151715,0.154244,0.151957,4.228822708129883,0.483048,0.154654,0.157202,0.154913,4.380011081695557,nan,1000000
32899,0.001776999793946743,0.9979909658432007,0.0017420000000000213,0.482671,0.155117,0.157663,0.155342,4.223420143127441,0.483048,0.154654,0.157202,0.154913,4.380011081695557,nan,1000000
32999,0.0040933662094175816,0.9962664246559143,0.0022619999999999862,0.482077,0.155384,0.15796,0.155647,4.222309112548828,0.483048,0.154654,0.157202,0.154913,4.380011081695557,nan,1000000
33099,-0.003099583089351654,1.0000407695770264,0.001976000000000089,0.484801,0.15455,0.157167,0.154794,4.209056377410889,0.483048,0.154654,0.157202,0.154913,4.380011081695557,nan,1000000
33199,-0.0038772416301071644,1.0001283884048462,0.0022280000000000078,0.484998,0.154129,0.156678,0.154368,4.2218804359436035,0.483048,0.154654,0.157202,0.154913,4.380011081695557,nan,1000000
33299,-0.003441242966800928,0.9977343082427979,0.002395000000000036,0.484922,0.153559,0.156043,0.153805,4.232644081115723,0.483048,0.154654,0.157202,0.154913,4.380011081695557,nan,1000000
33399,-0.015508722513914108,0.997269332408905,0.006740000000000079,0.489318,0.150443,0.152922,0.15067,4.2234787940979,0.483048,0.154654,0.157202,0.154913,4.380011081695557,nan,1000000
33499,-0.004220257513225079,0.9997698664665222,0.0025000000000000577,0.485374,0.153756,0.156352,0.154005,4.279526710510254,0.483048,0.154654,0.157202,0.154913,4.380011081695557,nan,1000000
33599,-0.010138304904103279,1.0004483461380005,0.004595000000000016,0.48748,0.152356,0.154866,0.152618,4.256423473358154,0.483048,0.154654,0.157202,0.154913,4.380011081695557,nan,1000000
33699,-0.0031822631135582924,0.9997072219848633,0.0020780000000000243,0.484937,0.154238,0.15687,0.154476,4.334303855895996,0.483048,0.154654,0.157202,0.154913,4.380011081695557,nan,1000000
33799,-0.018556948751211166,0.9998196959495544,0.007697999999999983,0.490422,0.149948,0.152463,0.150152,4.362342357635498,0.483048,0.154654,0.157202,0.154913,4.380011081695557,nan,1000000
33899,0.003287896513938904,0.9988911747932434,0.0015270000000000006,0.482241,0.155518,0.158051,0.155763,4.405713081359863,0.483048,0.154654,0.157202,0.154913,4.380011081695557,nan,1000000
33999,0.006108445581048727,0.9991183876991272,0.002642000000000033,0.480887,0.156476,0.158991,0.156697,4.4163336753845215,0.483048,0.154654,0.157202,0.154913,4.380011081695557,nan,1000000
34099,-0.0009846404427662492,1.0002906322479248,0.001338999999999979,0.484202,0.155064,0.157588,0.155316,4.456307888031006,0.483048,0.154654,0.157202,0.154913,4.380011081695557,nan,1000000
34199,0.0025636041536927223,0.9978697896003723,0.0016289999999999916,0.482627,0.155125,0.157716,0.15539,4.454710483551025,0.483048,0.154654,0.157202,0.154913,4.380011081695557,nan,1000000
34299,-0.0016214302740991116,0.9989936947822571,0.0015209999999999946,0.483935,0.154442,0.156971,0.154696,4.418424606323242,0.483048,0.154654,0.157202,0.154913,4.380011081695557,nan,1000000
34399,0.005145700182765722,0.9976573586463928,0.0023059999999999747,0.481759,0.156069,0.158593,0.156313,4.416959762573242,0.483048,0.154654,0.157202,0.154913,4.380011081695557,nan,1000000
34499,-0.0015488158678635955,0.9970980882644653,0.0019520000000000648,0.484552,0.154506,0.15707,0.154749,4.378815650939941,0.483048,0.154654,0.157202,0.154913,4.380011081695557,nan,1000000
34599,-0.009169096127152443,0.9990698099136353,0.0044480000000000075,0.487099,0.152736,0.155284,0.153024,4.373720645904541,0.483048,0.154654,0.157202,0.154913,4.380011081695557,nan,1000000
34699,-0.001488334033638239,0.9996479153633118,0.0021130000000000315,0.484601,0.154559,0.15715,0.154791,4.3973565101623535,0.483048,0.154654,0.157202,0.154913,4.380011081695557,nan,1000000
34799,0.009738363325595856,0.998856782913208,0.00403199999999998,0.480076,0.157633,0.160201,0.157885,4.329845905303955,0.483048,0.154654,0.157202,0.154913,4.380011081695557,nan,1000000
34899,-0.00048626516945660114,1.0012420415878296,0.001439000000000079,0.483911,0.155664,0.158306,0.155928,4.300137996673584,0.483048,0.154654,0.157202,0.154913,4.380011081695557,nan,1000000
34999,-0.00010201474651694298,1.002868890762329,0.0017009999999999525,0.483486,0.155894,0.158468,0.156138,4.2201409339904785,0.483048,0.154654,0.157202,0.154913,4.380011081695557,nan,1000000
35099,-0.0008614970138296485,0.9975389242172241,0.001483000000000012,0.483929,0.154269,0.156836,0.154528,4.1608052253723145,0.483048,0.154654,0.157202,0.154913,4.380011081695557,nan,1000000
35199,0.006857805419713259,1.0007909536361694,0.002954000000000012,0.481074,0.157227,0.159782,0.157474,4.158926486968994,0.483048,0.154654,0.157202,0.154913,4.380011081695557,nan,1000000
35299,-0.0011648957151919603,1.0014827251434326,0.0017049999999999566,0.484428,0.155097,0.1577,0.155372,4.15480375289917,0.483048,0.154654,0.157202,0.154913,4.380011081695557,nan,1000000
35399,0.002221206668764353,1.0036594867706299,0.0025420000000000442,0.482782,0.156681,0.159296,0.156961,4.087525367736816,0.483048,0.154654,0.157202,0.154913,4.380011081695557,nan,1000000
35499,0.0017800717614591122,1.001176118850708,0.0017440000000000788,0.482738,0.155994,0.158578,0.156247,4.040539741516113,0.483048,0.154654,0.157202,0.154913,4.380011081695557,nan,1000000
35599,0.003495884593576193,1.0016204118728638,0.0022530000000000605,0.482535,0.156331,0.158946,0.156573,4.029720306396484,0.483048,0.154654,0.157202,0.154913,4.380011081695557,nan,1000000
35699,-0.003857051022350788,1.0026746988296509,0.0031829999999999914,0.485107,0.154781,0.157272,0.155031,3.995419979095459,0.483048,0.154654,0.157202,0.154913,4.380011081695557,nan,1000000
35799,0.005111814010888338,0.999152660369873,0.0026700000000000057,0.480839,0.155914,0.158549,0.156187,4.009122371673584,0.483048,0.154654,0.157202,0.154913,4.380011081695557,nan,1000000
35899,0.007381470408290625,0.9972699880599976,0.00359799999999999,0.480122,0.155986,0.158524,0.156235,4.0079755783081055,0.483048,0.154654,0.157202,0.154913,4.380011081695557,nan,1000000
35999,-0.005838976241648197,1.0006475448608398,0.003630000000000022,0.485824,0.153752,0.156379,0.15402,4.052525520324707,0.483048,0.154654,0.157202,0.154913,4.380011081695557,nan,1000000
36099,-0.0008072844939306378,1.0007328987121582,0.0014739999999999753,0.482832,0.155114,0.157649,0.155355,4.100226402282715,0.483048,0.154654,0.157202,0.154913,4.380011081695557,nan,1000000
36199,-0.0013421827461570501,1.0008050203323364,0.002045000000000019,0.483979,0.155191,0.157774,0.155448,4.125560283660889,0.483048,0.154654,0.157202,0.154913,4.380011081695557,nan,1000000
36299,-0.0018648268887773156,0.9996339678764343,0.0013880000000000003,0.483907,0.154506,0.157096,0.154789,4.1400017738342285,0.483048,0.154654,0.157202,0.154913,4.380011081695557,nan,1000000
36399,-0.005056845024228096,1.0003547668457031,0.0024819999999999842,0.484814,0.153732,0.156324,0.153954,4.158489227294922,0.483048,0.154654,0.157202,0.154913,4.380011081695557,nan,1000000
36499,0.0029585612937808037,0.9976332187652588,0.0014020000000000143,0.482558,0.155361,0.158062,0.15563,4.188884258270264,0.483048,0.154654,0.157202,0.154913,4.380011081695557,nan,1000000
36599,0.006512888241559267,0.9942554831504822,0.0032909999999999884,0.480591,0.155112,0.157774,0.15537,4.177336692810059,0.483048,0.154654,0.157202,0.154913,4.380011081695557,nan,1000000
36699,-0.002726385137066245,1.001959204673767,0.0023029999999999995,0.484526,0.15484,0.157398,0.155086,4.196054458618164,0.483048,0.154654,0.157202,0.154913,4.380011081695557,nan,1000000
36799,-0.003806767053902149,0.9997796416282654,0.0019529999999999825,0.484454,0.153789,0.156294,0.154065,4.185575008392334,0.483048,0.154654,0.157202,0.154913,4.380011081695557,nan,1000000
36899,0.0035784151405096054,1.0027692317962646,0.0026479999999999837,0.482157,0.156841,0.159423,0.157079,4.176688194274902,0.483048,0.154654,0.157202,0.154913,4.380011081695557,nan,1000000
36999,-0.0020327153615653515,0.997905969619751,0.001778999999999975,0.484318,0.154015,0.156589,0.154282,4.185637474060059,0.483048,0.154654,0.157202,0.154913,4.380011081695557,nan,1000000
37099,-0.014540638774633408,1.0006084442138672,0.006606000000000001,0.48937,0.151545,0.154113,0.151811,4.161246299743652,0.483048,0.154654,0.157202,0.154913,4.380011081695557,nan,1000000
37199,0.00207285163924098,1.0013521909713745,0.0020170000000000465,0.483037,0.156308,0.158906,0.156583,4.168407917022705,0.483048,0.154654,0.157202,0.154913,4.380011081695557,nan,1000000
37299,0.0002630779054015875,1.0029504299163818,0.001719000000000026,0.483414,0.156089,0.158743,0.156353,4.105830192565918,0.483048,0.154654,0.157202,0.154913,4.380011081695557,nan,1000000
37399,-0.006312091369181871,1.001166582107544,0.002870000000000039,0.48542,0.153562,0.156165,0.153823,4.086428165435791,0.483048,0.154654,0.157202,0.154913,4.380011081695557,nan,1000000
37499,0.0067019215784966946,0.999550461769104,0.0029559999999999587,0.480941,0.156765,0.15939,0.157024,4.050659656524658,0.483048,0.154654,0.157202,0.154913,4.380011081695557,nan,1000000
37599,0.00844748504459858,1.001774787902832,0.0038209999999999633,0.480954,0.157941,0.16053,0.158217,4.037546634674072,0.483048,0.154654,0.157202,0.154913,4.380011081695557,nan,1000000
37699,-0.006796156521886587,1.0007411241531372,0.003329999999999944,0.486112,0.153325,0.155869,0.153579,3.9558286666870117,0.483048,0.154654,0.157202,0.154913,4.380011081695557,nan,1000000
37799,0.009619666263461113,0.9980809092521667,0.0037890000000000423,0.47988,0.15716,0.159717,0.15742,3.934713363647461,0.483048,0.154654,0.157202,0.154913,4.380011081695557,nan,1000000
37899,0.012856118381023407,0.9987388253211975,0.004981000000000013,0.478884,0.158212,0.160703,0.158471,3.934415340423584,0.483048,0.154654,0.157202,0.154913,4.380011081695557,nan,1000000
37999,-0.004769941791892052,1.0005148649215698,0.002681999999999962,0.485453,0.153825,0.156416,0.1541,3.939037561416626,0.483048,0.154654,0.157202,0.154913,4.380011081695557,nan,1000000
38099,0.009322287514805794,0.9996971487998962,0.0041919999999999735,0.479783,0.15743,0.160055,0.15771,3.926967144012451,0.483048,0.154654,0.157202,0.154913,4.380011081695557,nan,1000000
38199,-0.0049614631570875645,0.9991811513900757,0.0027780000000000027,0.48569,0.153203,0.155728,0.153471,3.943908452987671,0.483048,0.154654,0.157202,0.154913,4.380011081695557,nan,1000000
38299,0.008011659607291222,0.9974767565727234,0.0032209999999999184,0.480756,0.156496,0.159098,0.156734,3.9402761459350586,0.483048,0.154654,0.157202,0.154913,4.380011081695557,nan,1000000
38399,0.002627423033118248,0.9961951971054077,0.001464999999999994,0.482605,0.154315,0.157027,0.154564,3.976536512374878,0.483048,0.154654,0.157202,0.154913,4.380011081695557,nan,1000000
38499,0.009485160931944847,0.9990959763526917,0.004632999999999998,0.479842,0.157266,0.159896,0.157492,3.978506326675415,0.483048,0.154654,0.157202,0.154913,4.380011081695557,nan,1000000
38599,-0.00023245043121278286,0.9964438676834106,0.001238999999999997,0.483792,0.153805,0.156349,0.15406,3.9955897331237793,0.483048,0.154654,0.157202,0.154913,4.380011081695557,nan,1000000
38699,0.0059252274222671986,0.9975472092628479,0.00270999999999999,0.481276,0.155514,0.15806,0.155768,4.024867534637451,0.483048,0.154654,0.157202,0.154913,4.380011081695557,nan,1000000
38799,-0.0015892719384282827,1.0010840892791748,0.0013299999999999979,0.484,0.154342,0.15698,0.154583,4.032268047332764,0.483048,0.154654,0.157202,0.154913,4.380011081695557,nan,1000000
38899,0.001817555632442236,0.9964639544487,0.0015070000000000083,0.483433,0.154043,0.156661,0.154307,4.05605936050415,0.483048,0.154654,0.157202,0.154913,4.380011081695557,nan,1000000
38999,0.0014458296354860067,0.9959057569503784,0.0014429999999999998,0.48307,0.153675,0.156282,0.153946,4.052134037017822,0.483048,0.154654,0.157202,0.154913,4.380011081695557,nan,1000000
39099,0.0019307206384837627,1.0014580488204956,0.0015920000000000378,0.483226,0.155683,0.158255,0.155925,4.019043922424316,0.483048,0.154654,0.157202,0.154913,4.380011081695557,nan,1000000
39199,0.003680451773107052,0.997779905796051,0.0017340000000000133,0.482198,0.154999,0.157614,0.155273,4.039114952087402,0.483048,0.154654,0.157202,0.154913,4.380011081695557,nan,1000000
39299,0.0006546222139149904,0.9956986308097839,0.0015460000000000473,0.482935,0.15354,0.156135,0.15378,3.9994733333587646,0.483048,0.154654,0.157202,0.154913,4.380011081695557,nan,1000000
39399,0.007859587669372559,0.9969442486763,0.0037590000000000123,0.480221,0.155639,0.158269,0.155904,4.002180576324463,0.483048,0.154654,0.157202,0.154913,4.380011081695557,nan,1000000
39499,-0.00790472887456417,0.9980870485305786,0.003839000000000037,0.486564,0.15185,0.154412,0.152097,3.9682552814483643,0.483048,0.154654,0.157202,0.154913,4.380011081695557,nan,1000000
39599,-0.008134495466947556,1.0001415014266968,0.0045319999999999805,0.487394,0.152678,0.15527,0.152916,3.9486331939697266,0.483048,0.154654,0.157202,0.154913,4.380011081695557,nan,1000000
39699,-0.004101970233023167,0.9979702830314636,0.002587000000000006,0.485259,0.153117,0.155698,0.15337,3.9483206272125244,0.483048,0.154654,0.157202,0.154913,4.380011081695557,nan,1000000
39799,-0.009713546372950077,0.9978302121162415,0.004734000000000016,0.487345,0.151506,0.154062,0.15175,3.9476518630981445,0.483048,0.154654,0.157202,0.154913,4.380011081695557,nan,1000000
39899,-0.0023091640323400497,0.9976603388786316,0.0017619999999999303,0.484404,0.15346,0.156028,0.153723,4.008967876434326,0.483048,0.154654,0.157202,0.154913,4.380011081695557,nan,1000000
39999,-0.008169754408299923,0.996731162071228,0.004129999999999967,0.486625,0.151782,0.15428,0.152017,4.009599685668945,0.483048,0.154654,0.157202,0.154913,4.380011081695557,nan,1000000
40099,-0.004871622659265995,0.9993153810501099,0.002950999999999926,0.485617,0.153273,0.155861,0.153545,3.9724819660186768,0.483048,0.154654,0.157202,0.154913,4.380011081695557,nan,1000000
40199,-0.0025187821593135595,0.9996448159217834,0.0021320000000000228,0.484868,0.154238,0.156753,0.154488,3.965862512588501,0.483048,0.154654,0.157202,0.154913,4.380011081695557,nan,1000000
40299,-0.0024630785919725895,0.9962095022201538,0.002719000000000027,0.485202,0.153669,0.15619,0.153934,3.9352924823760986,0.483048,0.154654,0.157202,0.154913,4.380011081695557,nan,1000000
40399,0.0021912269294261932,0.9974470138549805,0.0014050000000000173,0.483551,0.155351,0.157971,0.155611,3.8921563625335693,0.483048,0.154654,0.157202,0.154913,4.380011081695557,nan,1000000
40499,-0.003937695175409317,0.994586169719696,0.003390000000000004,0.485655,0.152854,0.155507,0.15313,3.8638346195220947,0.483048,0.154654,0.157202,0.154913,4.380011081695557,nan,1000000
40599,0.009734535589814186,0.9954286217689514,0.0038369999999999793,0.48069,0.156586,0.159244,0.15684,3.8443732261657715,0.483048,0.154654,0.157202,0.154913,4.380011081695557,nan,1000000
40699,-0.003832764457911253,0.9962060451507568,0.003062000000000009,0.485772,0.153026,0.155608,0.153283,3.8367111682891846,0.483048,0.154654,0.157202,0.154913,4.380011081695557,nan,1000000
40799,-0.002216871129348874,0.999630868434906,0.0017260000000000053,0.484447,0.154196,0.156771,0.154444,3.8296518325805664,0.483048,0.154654,0.157202,0.154913,4.380011081695557,nan,1000000
40899,-0.00279481103643775,1.0008189678192139,0.0018939999999999513,0.484666,0.154251,0.156853,0.154525,3.8346831798553467,0.483048,0.154654,0.157202,0.154913,4.380011081695557,nan,1000000
40999,0.00782369077205658,0.9961203336715698,0.003792999999999991,0.480137,0.155636,0.158232,0.155916,3.8678746223449707,0.483048,0.154654,0.157202,0.154913,4.380011081695557,nan,1000000
41099,-0.00027438835240900517,0.9983838796615601,0.0010320000000000329,0.48321,0.154109,0.156716,0.154367,3.880284547805786,0.483048,0.154654,0.157202,0.154913,4.380011081695557,nan,1000000
41199,-0.008764340542256832,0.998374342918396,0.0045239999999999725,0.486916,0.151815,0.154389,0.15209,3.8982527256011963,0.483048,0.154654,0.157202,0.154913,4.380011081695557,nan,1000000
41299,0.0029718508012592793,0.9967612624168396,0.0014500000000000068,0.482456,0.154913,0.157551,0.155181,3.8692750930786133,0.483048,0.154654,0.157202,0.154913,4.380011081695557,nan,1000000
41399,-0.0030444390140473843,0.9972259998321533,0.0023729999999999585,0.484602,0.153384,0.155962,0.153657,3.865247964859009,0.483048,0.154654,0.157202,0.154913,4.380011081695557,nan,1000000
41499,0.00035357498563826084,1.0009618997573853,0.0007099999999999884,0.483172,0.155237,0.157774,0.155465,3.8572421073913574,0.483048,0.154654,0.157202,0.154913,4.380011081695557,nan,1000000
41599,-0.00978923961520195,1.0003777742385864,0.004327000000000025,0.487117,0.152095,0.154707,0.152344,3.880122661590576,0.483048,0.154654,0.157202,0.154913,4.380011081695557,nan,1000000
41699,-0.007266900967806578,1.0019937753677368,0.003717000000000026,0.485745,0.153255,0.155847,0.153517,3.8590359687805176,0.483048,0.154654,0.157202,0.154913,4.380011081695557,nan,1000000
41799,0.003780808299779892,0.9972209930419922,0.0016209999999999974,0.482077,0.155293,0.157826,0.155552,3.8502726554870605,0.483048,0.154654,0.157202,0.154913,4.380011081695557,nan,1000000
41899,0.0010312178637832403,0.998174250125885,0.0012700000000000003,0.483395,0.154824,0.157436,0.155066,3.826146125793457,0.483048,0.154654,0.157202,0.154913,4.380011081695557,nan,1000000
41999,-0.003636474721133709,0.9999879598617554,0.0023900000000000032,0.484786,0.15363,0.156177,0.153875,3.8587183952331543,0.483048,0.154654,0.157202,0.154913,4.380011081695557,nan,1000000
42099,0.002660120837390423,1.0001487731933594,0.0018169999999999575,0.481936,0.155841,0.158412,0.156084,3.869302272796631,0.483048,0.154654,0.157202,0.154913,4.380011081695557,nan,1000000
42199,-0.009535625576972961,0.9980230927467346,0.004981000000000013,0.487319,0.15162,0.15424,0.151881,3.9017748832702637,0.483048,0.154654,0.157202,0.154913,4.380011081695557,nan,1000000
42299,0.009550938382744789,0.997203528881073,0.0040819999999999745,0.479447,0.156581,0.159254,0.156853,3.9392027854919434,0.483048,0.154654,0.157202,0.154913,4.380011081695557,nan,1000000
42399,-0.00700785918161273,1.0002697706222534,0.003491000000000022,0.485021,0.152638,0.155146,0.152914,3.8814034461975098,0.483048,0.154654,0.157202,0.154913,4.380011081695557,nan,1000000
42499,-0.006068605929613113,1.001470923423767,0.0031880000000000797,0.484336,0.152748,0.155351,0.153048,3.9345414638519287,0.483048,0.154654,0.157202,0.154913,4.380011081695557,nan,1000000
42599,-0.004360592924058437,0.9998358488082886,0.0027880000000000127,0.484581,0.153283,0.155883,0.153525,3.9997904300689697,0.483048,0.154654,0.157202,0.154913,4.380011081695557,nan,1000000
42699,0.008967319503426552,0.9985892176628113,0.00400900000000004,0.479595,0.156452,0.15898,0.156692,4.078984260559082,0.483048,0.154654,0.157202,0.154913,4.380011081695557,nan,1000000
42799,0.015427688136696815,0.9979400038719177,0.00636099999999995,0.477017,0.157499,0.160088,0.15778,4.1147141456604,0.483048,0.154654,0.157202,0.154913,4.380011081695557,nan,1000000
42899,-0.008090365678071976,0.9996863007545471,0.0041919999999999735,0.485753,0.151454,0.153973,0.151712,4.1015095710754395,0.483048,0.154654,0.157202,0.154913,4.380011081695557,nan,1000000
42999,0.003621085546910763,0.9955946207046509,0.001809000000000005,0.481911,0.153989,0.15657,0.154254,4.0970282554626465,0.483048,0.154654,0.157202,0.154913,4.380011081695557,nan,1000000
43099,-0.010683322325348854,1.0029553174972534,0.005421000000000009,0.487703,0.15261,0.155213,0.152889,4.098560333251953,0.483048,0.154654,0.157202,0.154913,4.380011081695557,nan,1000000
43199,-0.0005549200577661395,0.9993559718132019,0.0012530000000000041,0.483064,0.154317,0.156864,0.154558,4.124751091003418,0.483048,0.154654,0.157202,0.154913,4.380011081695557,nan,1000000
43299,0.004097872879356146,0.9977792501449585,0.002051000000000025,0.481741,0.155258,0.1578,0.155511,4.196620464324951,0.483048,0.154654,0.157202,0.154913,4.380011081695557,nan,1000000
43399,0.010814577341079712,0.999797523021698,0.00549299999999997,0.47861,0.15755,0.160115,0.157769,4.190482139587402,0.483048,0.154654,0.157202,0.154913,4.380011081695557,nan,1000000
43499,-0.0027743708342313766,0.9988335371017456,0.0019520000000000093,0.484604,0.153805,0.156316,0.154043,4.205093860626221,0.483048,0.154654,0.157202,0.154913,4.380011081695557,nan,1000000
43599,-0.004677055403590202,1.0015898942947388,0.002908999999999995,0.484779,0.154057,0.156584,0.154303,4.18897008895874,0.483048,0.154654,0.157202,0.154913,4.380011081695557,nan,1000000
43699,-0.013885434716939926,1.0043556690216064,0.006579999999999975,0.489033,0.152569,0.155094,0.15283,4.178767204284668,0.483048,0.154654,0.157202,0.154913,4.380011081695557,nan,1000000
43799,-0.002520580543205142,0.9989088177680969,0.00170300000000001,0.484407,0.153945,0.156457,0.154186,4.192237854003906,0.483048,0.154654,0.157202,0.154913,4.380011081695557,nan,1000000
43899,0.01303829625248909,0.9961969256401062,0.00539999999999996,0.478244,0.157557,0.160157,0.157838,4.149024486541748,0.483048,0.154654,0.157202,0.154913,4.380011081695557,nan,1000000
43999,0.010775456205010414,0.9974287152290344,0.004346000000000072,0.479286,0.157337,0.159914,0.157633,4.155439853668213,0.483048,0.154654,0.157202,0.154913,4.380011081695557,nan,1000000
44099,0.0015514278784394264,0.99888676404953,0.0012429999999999941,0.483054,0.155663,0.158131,0.155935,4.1444172859191895,0.483048,0.154654,0.157202,0.154913,4.380011081695557,nan,1000000
44199,-0.0004895111778751016,1.0008996725082397,0.0012769999999999726,0.483779,0.155605,0.158215,0.155853,4.107232093811035,0.483048,0.154654,0.157202,0.154913,4.380011081695557,nan,1000000
44299,-0.01036040484905243,0.9989471435546875,0.005132999999999999,0.488099,0.152558,0.155166,0.152821,4.105258464813232,0.483048,0.154654,0.157202,0.154913,4.380011081695557,nan,1000000
44399,-0.002979940501973033,0.9964681267738342,0.0025570000000000315,0.48534,0.153915,0.156504,0.154183,4.105437278747559,0.483048,0.154654,0.157202,0.154913,4.380011081695557,nan,1000000
44499,0.005902752745896578,0.9962395429611206,0.0026670000000000305,0.481522,0.155974,0.158603,0.156231,4.157727241516113,0.483048,0.154654,0.157202,0.154913,4.380011081695557,nan,1000000
44599,-0.0012545755598694086,0.9993676543235779,0.0009819999999999829,0.483801,0.154807,0.157369,0.15506,4.1331787109375,0.483048,0.154654,0.157202,0.154913,4.380011081695557,nan,1000000
44699,0.008085668087005615,0.9993280172348022,0.003178000000000014,0.480687,0.157196,0.159807,0.157468,4.134731292724609,0.483048,0.154654,0.157202,0.154913,4.380011081695557,nan,1000000
44799,-0.0030736480839550495,0.9977800846099854,0.002255000000000007,0.484889,0.153843,0.156515,0.154093,4.102865695953369,0.483048,0.154654,0.157202,0.154913,4.380011081695557,nan,1000000
44899,0.005509776994585991,0.9962811470031738,0.002356999999999998,0.481731,0.155728,0.158414,0.156011,4.114429473876953,0.483048,0.154654,0.157202,0.154913,4.380011081695557,nan,1000000
44999,-0.0006120816105976701,0.9987028241157532,0.0011559999999999904,0.483935,0.154954,0.157556,0.15521,4.107236862182617,0.483048,0.154654,0.157202,0.154913,4.380011081695557,nan,1000000
45099,-0.0032106037251651287,0.9997368454933167,0.002473000000000003,0.48547,0.154435,0.157093,0.154692,4.076062202453613,0.483048,0.154654,0.157202,0.154913,4.380011081695557,nan,1000000
45199,-0.01060498133301735,1.000993251800537,0.004954000000000014,0.487853,0.15303,0.155604,0.153293,4.030184268951416,0.483048,0.154654,0.157202,0.154913,4.380011081695557,nan,1000000
45299,-0.017474427819252014,1.0036190748214722,0.006740000000000024,0.489673,0.151762,0.154242,0.152026,4.043931484222412,0.483048,0.154654,0.157202,0.154913,4.380011081695557,nan,1000000
45399,-0.0034469617530703545,0.9964815974235535,0.002610000000000001,0.484854,0.153564,0.156131,0.153834,4.0637359619140625,0.483048,0.154654,0.157202,0.154913,4.380011081695557,nan,1000000
45499,0.007910553365945816,0.9976820945739746,0.003599000000000019,0.480087,0.156797,0.159333,0.157024,4.047458171844482,0.483048,0.154654,0.157202,0.154913,4.380011081695557,nan,1000000
45599,0.010157084092497826,0.9975244998931885,0.00410499999999997,0.479385,0.157416,0.16003,0.157703,4.095950603485107,0.483048,0.154654,0.157202,0.154913,4.380011081695557,nan,1000000
45699,0.0005859758239239454,0.9976742267608643,0.0009419999999999984,0.48282,0.154818,0.15733,0.155057,4.0760064125061035,0.483048,0.154654,0.157202,0.154913,4.380011081695557,nan,1000000
45799,0.006252154242247343,0.9987170696258545,0.0026009999999999645,0.480847,0.156677,0.15928,0.156944,4.084102153778076,0.483048,0.154654,0.157202,0.154913,4.380011081695557,nan,1000000
45899,-0.008953478187322617,1.001619577407837,0.003836000000000006,0.486657,0.153206,0.155811,0.153487,4.0490875244140625,0.483048,0.154654,0.157202,0.154913,4.380011081695557,nan,1000000
45999,0.016507577151060104,0.9990199208259583,0.007246000000000086,0.476255,0.159343,0.162029,0.159603,4.050378799438477,0.483048,0.154654,0.157202,0.154913,4.380011081695557,nan,1000000
46099,0.0012242943048477173,0.9998019337654114,0.0010589999999999211,0.482795,0.155511,0.158109,0.155764,4.044409275054932,0.483048,0.154654,0.157202,0.154913,4.380011081695557,nan,1000000
46199,0.007728136610239744,0.9945362210273743,0.003332999999999975,0.480658,0.15574,0.158345,0.156001,4.038242816925049,0.483048,0.154654,0.157202,0.154913,4.380011081695557,nan,1000000
46299,-0.0018250858411192894,0.9988383054733276,0.0011839999999999906,0.483953,0.154304,0.156884,0.154548,4.020862579345703,0.483048,0.154654,0.157202,0.154913,4.380011081695557,nan,1000000
46399,-0.007463729940354824,1.000639796257019,0.003367000000000009,0.48616,0.153428,0.155981,0.1537,3.9938015937805176,0.483048,0.154654,0.157202,0.154913,4.380011081695557,nan,1000000
46499,0.010256202891469002,0.9955570697784424,0.003948000000000007,0.479652,0.156707,0.159335,0.156982,3.9984326362609863,0.483048,0.154654,0.157202,0.154913,4.380011081695557,nan,1000000
46599,0.004555824678391218,1.000199317932129,0.0021370000000000555,0.481664,0.156416,0.159024,0.156698,3.9792301654815674,0.483048,0.154654,0.157202,0.154913,4.380011081695557,nan,1000000
46699,-0.006444253958761692,1.0009056329727173,0.003110999999999975,0.485636,0.15351,0.156162,0.153758,4.038461208343506,0.483048,0.154654,0.157202,0.154913,4.380011081695557,nan,1000000
46799,-0.007746138609945774,0.9979797005653381,0.003758000000000039,0.486447,0.152217,0.154809,0.152476,4.0741119384765625,0.483048,0.154654,0.157202,0.154913,4.380011081695557,nan,1000000
46899,-0.0005309683037921786,0.9975883364677429,0.0013079999999999758,0.483635,0.153997,0.156622,0.154263,4.088211536407471,0.483048,0.154654,0.157202,0.154913,4.380011081695557,nan,1000000
46999,-0.00399396987631917,0.999239981174469,0.0021200000000000108,0.484253,0.153255,0.155817,0.1535,4.109500885009766,0.483048,0.154654,0.157202,0.154913,4.380011081695557,nan,1000000
47099,0.011263934895396233,0.9977265000343323,0.004935000000000023,0.478827,0.156952,0.159548,0.157214,4.104568958282471,0.483048,0.154654,0.157202,0.154913,4.380011081695557,nan,1000000
47199,-0.005830850917845964,1.000396728515625,0.002684999999999993,0.4851,0.153268,0.155817,0.153516,4.110518932342529,0.483048,0.154654,0.157202,0.154913,4.380011081695557,nan,1000000
47299,-0.004810980521142483,0.9997159838676453,0.0024569999999999315,0.485033,0.153566,0.156081,0.153815,4.054638862609863,0.483048,0.154654,0.157202,0.154913,4.380011081695557,nan,1000000
47399,-0.005523208528757095,0.998662531375885,0.0031330000000000524,0.485202,0.153026,0.155556,0.153291,3.9920639991760254,0.483048,0.154654,0.157202,0.154913,4.380011081695557,nan,1000000
47499,-0.00216641160659492,1.0003095865249634,0.0017040000000000388,0.483894,0.154282,0.156789,0.154556,3.988063097000122,0.483048,0.154654,0.157202,0.154913,4.380011081695557,nan,1000000
47599,0.0002957608085125685,1.0002968311309814,0.0008569999999999967,0.482848,0.154684,0.157319,0.154978,3.9961466789245605,0.483048,0.154654,0.157202,0.154913,4.380011081695557,nan,1000000
47699,-0.008771279826760292,1.0000479221343994,0.004051000000000027,0.486209,0.152204,0.154779,0.152467,3.9821200370788574,0.483048,0.154654,0.157202,0.154913,4.380011081695557,nan,1000000
47799,0.010962652042508125,0.997413158416748,0.0049240000000000395,0.478653,0.156824,0.159424,0.157073,3.9861550331115723,0.483048,0.154654,0.157202,0.154913,4.380011081695557,nan,1000000
47899,-0.015194915235042572,1.0039931535720825,0.006002000000000007,0.488418,0.151344,0.153938,0.151589,4.011704444885254,0.483048,0.154654,0.157202,0.154913,4.380011081695557,nan,1000000
47999,0.0005766227841377258,1.0002257823944092,0.0011929999999999996,0.482424,0.154514,0.157122,0.154773,4.033051490783691,0.483048,0.154654,0.157202,0.154913,4.380011081695557,nan,1000000
48099,9.427289478480816e-05,1.000259518623352,0.0012860000000000094,0.482321,0.154336,0.156865,0.154599,4.030336856842041,0.483048,0.154654,0.157202,0.154913,4.380011081695557,nan,1000000
48199,-0.0012434878153726459,0.9986990094184875,0.0018080000000000318,0.483488,0.153604,0.156168,0.153857,4.070330619812012,0.483048,0.154654,0.157202,0.154913,4.380011081695557,nan,1000000
48299,0.004575094673782587,1.0006810426712036,0.0027379999999999627,0.480717,0.155802,0.158346,0.156013,4.041772365570068,0.483048,0.154654,0.157202,0.154913,4.380011081695557,nan,1000000
48399,0.0017511602491140366,0.9979948401451111,0.0016790000000000416,0.482274,0.154607,0.15717,0.154869,4.007683753967285,0.483048,0.154654,0.157202,0.154913,4.380011081695557,nan,1000000
48499,-0.012609748169779778,1.003111720085144,0.00557300000000005,0.488231,0.152231,0.154824,0.152526,3.957991600036621,0.483048,0.154654,0.157202,0.154913,4.380011081695557,nan,1000000
48599,0.016589375212788582,0.9970908761024475,0.007589000000000012,0.476267,0.158209,0.160759,0.158472,3.9488165378570557,0.483048,0.154654,0.157202,0.154913,4.380011081695557,nan,1000000
48699,-0.0058811744675040245,1.003649115562439,0.0032119999999999926,0.485328,0.154049,0.156616,0.154307,3.9682910442352295,0.483048,0.154654,0.157202,0.154913,4.380011081695557,nan,1000000
48799,0.01101977750658989,1.0006827116012573,0.0047940000000000205,0.478909,0.157729,0.160339,0.157975,3.9650888442993164,0.483048,0.154654,0.157202,0.154913,4.380011081695557,nan,1000000
48899,0.0074725341983139515,0.9960089325904846,0.004418000000000033,0.479949,0.155423,0.157967,0.155663,3.9390783309936523,0.483048,0.154654,0.157202,0.154913,4.380011081695557,nan,1000000
48999,-0.005956106819212437,1.000624656677246,0.003461999999999965,0.485492,0.153423,0.155912,0.153682,3.8986258506774902,0.483048,0.154654,0.157202,0.154913,4.380011081695557,nan,1000000
49099,-0.0174435842782259,1.0058939456939697,0.007465000000000055,0.490248,0.15194,0.154417,0.152204,3.8978676795959473,0.483048,0.154654,0.157202,0.154913,4.380011081695557,nan,1000000
49199,0.0058872695080935955,0.9996663928031921,0.003053000000000028,0.480955,0.156137,0.158734,0.156389,3.9424936771392822,0.483048,0.154654,0.157202,0.154913,4.380011081695557,nan,1000000
49299,0.012419076636433601,0.9977284073829651,0.005437000000000025,0.478424,0.157555,0.160247,0.157824,3.952558755874634,0.483048,0.154654,0.157202,0.154913,4.380011081695557,nan,1000000
49399,0.014063183218240738,0.9938379526138306,0.006484999999999963,0.477655,0.15715,0.159692,0.157411,3.98651385307312,0.483048,0.154654,0.157202,0.154913,4.380011081695557,nan,1000000
49499,0.011330895125865936,0.9996002316474915,0.005284000000000011,0.478326,0.157534,0.160119,0.157792,4.012320041656494,0.483048,0.154654,0.157202,0.154913,4.380011081695557,nan,1000000
49599,-0.001577724702656269,1.0008186101913452,0.0019580000000000153,0.483624,0.154668,0.157202,0.154901,3.990957021713257,0.483048,0.154654,0.157202,0.154913,4.380011081695557,nan,1000000
49699,-1.3792654499411583e-05,0.9991048574447632,0.0011690000000000034,0.483008,0.154709,0.157255,0.154984,4.00966739654541,0.483048,0.154654,0.157202,0.154913,4.380011081695557,nan,1000000
49799,0.003214494325220585,0.9986114501953125,0.001841000000000037,0.481849,0.155441,0.15802,0.155711,4.067952632904053,0.483048,0.154654,0.157202,0.154913,4.380011081695557,nan,1000000
49899,0.008087893947958946,0.9987959861755371,0.0039980000000000016,0.479486,0.156638,0.159257,0.156897,4.107284069061279,0.483048,0.154654,0.157202,0.154913,4.380011081695557,nan,1000000
49999,0.004292414057999849,1.000624656677246,0.0022900000000000142,0.481414,0.156098,0.158653,0.156353,4.14858341217041,0.483048,0.154654,0.157202,0.154913,4.380011081695557,nan,1000000
50099,-0.009269469417631626,1.0020530223846436,0.004247999999999974,0.486926,0.153172,0.155708,0.153431,4.160614967346191,0.483048,0.154654,0.157202,0.154913,4.380011081695557,nan,1000000
50199,-0.0033305503893643618,0.9993224143981934,0.0022360000000000158,0.484358,0.153839,0.156408,0.154103,4.180995464324951,0.483048,0.154654,0.157202,0.154913,4.380011081695557,nan,1000000
50299,-0.010415507480502129,1.0030159950256348,0.0047910000000000175,0.487105,0.153283,0.155848,0.153551,4.174192905426025,0.483048,0.154654,0.157202,0.154913,4.380011081695557,nan,1000000
50399,0.01468612626194954,0.994961678981781,0.006192000000000031,0.47773,0.157767,0.160321,0.158028,4.149864673614502,0.483048,0.154654,0.157202,0.154913,4.380011081695557,nan,1000000
50499,0.00924471765756607,0.9957780838012695,0.004371999999999987,0.479535,0.156241,0.158838,0.156486,4.149530410766602,0.483048,0.154654,0.157202,0.154913,4.380011081695557,nan,1000000
50599,0.005216621328145266,1.0001249313354492,0.0023090000000000055,0.481309,0.156308,0.158821,0.156574,4.166632652282715,0.483048,0.154654,0.157202,0.154913,4.380011081695557,nan,1000000
50699,-0.006763184443116188,1.000268578529358,0.0039519999999999555,0.486573,0.153373,0.15589,0.153616,4.1367106437683105,0.483048,0.154654,0.157202,0.154913,4.380011081695557,nan,1000000
50799,0.005842877086251974,0.9994303584098816,0.0027369999999999894,0.480668,0.156407,0.15897,0.156662,4.121805191040039,0.483048,0.154654,0.157202,0.154913,4.380011081695557,nan,1000000
50899,-0.0008615973638370633,0.9991340637207031,0.0018500000000000183,0.483978,0.154544,0.157136,0.154794,4.107318878173828,0.483048,0.154654,0.157202,0.154913,4.380011081695557,nan,1000000
50999,0.012890305370092392,0.9971036911010742,0.005245,0.478329,0.157367,0.159884,0.15761,4.1015448570251465,0.483048,0.154654,0.157202,0.154913,4.380011081695557,nan,1000000
51099,-0.00021123327314853668,1.001100778579712,0.0012459999999999694,0.483775,0.155463,0.158016,0.155705,4.001102924346924,0.483048,0.154654,0.157202,0.154913,4.380011081695557,nan,1000000
51199,0.008138246834278107,0.9973998069763184,0.003615000000000035,0.479779,0.156508,0.159096,0.156772,3.9767911434173584,0.483048,0.154654,0.157202,0.154913,4.380011081695557,nan,1000000
51299,0.006396889220923185,0.9998365044593811,0.002638000000000029,0.480818,0.156735,0.159285,0.157006,3.9836339950561523,0.483048,0.154654,0.157202,0.154913,4.380011081695557,nan,1000000
51399,-0.006030097138136625,1.003760576248169,0.0035200000000000786,0.486408,0.154516,0.157092,0.154753,3.995828866958618,0.483048,0.154654,0.157202,0.154913,4.380011081695557,nan,1000000
51499,-0.010763615369796753,1.0018123388290405,0.005604999999999971,0.488425,0.152771,0.155324,0.152999,3.946056365966797,0.483048,0.154654,0.157202,0.154913,4.380011081695557,nan,1000000
51599,-0.007178544532507658,1.000651240348816,0.00400900000000004,0.48659,0.153292,0.155903,0.153538,3.942000150680542,0.483048,0.154654,0.157202,0.154913,4.380011081695557,nan,1000000
51699,-0.003194773569703102,0.9999637603759766,0.0023090000000000055,0.484978,0.154292,0.156829,0.154534,3.9136288166046143,0.483048,0.154654,0.157202,0.154913,4.380011081695557,nan,1000000
51799,-0.0031694509088993073,0.9995392560958862,0.0022440000000000238,0.485169,0.154622,0.157184,0.15488,3.8820838928222656,0.483048,0.154654,0.157202,0.154913,4.380011081695557,nan,1000000
51899,-0.0012270829174667597,1.001901388168335,0.0013980000000000103,0.484297,0.155459,0.158036,0.155691,3.9054553508758545,0.483048,0.154654,0.157202,0.154913,4.380011081695557,nan,1000000
51999,-0.0030207219533622265,1.0009359121322632,0.0021400000000000308,0.484943,0.154885,0.157483,0.155131,3.930938482284546,0.483048,0.154654,0.157202,0.154913,4.380011081695557,nan,1000000
52099,0.011240201070904732,0.9954474568367004,0.0043390000000000095,0.479614,0.157317,0.159983,0.157568,3.966221809387207,0.483048,0.154654,0.157202,0.154913,4.380011081695557,nan,1000000
52199,-0.003347567282617092,0.9992446899414062,0.002587000000000006,0.485439,0.15424,0.156802,0.154513,3.999772310256958,0.483048,0.154654,0.157202,0.154913,4.380011081695557,nan,1000000
52299,0.003747458104044199,0.998661458492279,0.001922000000000007,0.482389,0.156021,0.158543,0.156261,4.03986120223999,0.483048,0.154654,0.157202,0.154913,4.380011081695557,nan,1000000
52399,0.001637323061004281,0.9968052506446838,0.001588000000000006,0.483388,0.155271,0.157738,0.155523,4.055060386657715,0.483048,0.154654,0.157202,0.154913,4.380011081695557,nan,1000000
52499,-0.010153444483876228,1.0013290643692017,0.005154999999999965,0.487949,0.153312,0.155801,0.153551,4.067856311798096,0.483048,0.154654,0.157202,0.154913,4.380011081695557,nan,1000000
52599,-0.0019432877888903022,0.998664140701294,0.0020179999999999643,0.48468,0.154742,0.157339,0.155002,4.049038410186768,0.483048,0.154654,0.157202,0.154913,4.380011081695557,nan,1000000
52699,-0.006589222699403763,0.9994310736656189,0.003705000000000014,0.486263,0.153676,0.156232,0.153923,4.0574798583984375,0.483048,0.154654,0.157202,0.154913,4.380011081695557,nan,1000000
52799,-0.011484581977128983,0.9966710209846497,0.005665000000000031,0.488211,0.151185,0.153786,0.151412,4.087562561035156,0.483048,0.154654,0.157202,0.154913,4.380011081695557,nan,1000000
52899,0.007609947118908167,0.9970018863677979,0.0028040000000000287,0.48078,0.15649,0.159099,0.15675,4.083545684814453,0.483048,0.154654,0.157202,0.154913,4.380011081695557,nan,1000000
52999,0.0066677057184278965,1.0009936094284058,0.0034410000000000274,0.480601,0.157036,0.159598,0.157298,4.1165080070495605,0.483048,0.154654,0.157202,0.154913,4.380011081695557,nan,1000000
53099,0.016221890226006508,0.9985613822937012,0.006861000000000006,0.477024,0.158894,0.161517,0.159148,4.111392021179199,0.483048,0.154654,0.157202,0.154913,4.380011081695557,nan,1000000
53199,0.00486575486138463,0.9994736909866333,0.002581999999999973,0.4815,0.155993,0.158547,0.156263,4.1504621505737305,0.483048,0.154654,0.157202,0.154913,4.380011081695557,nan,1000000
53299,-0.008416703902184963,1.0011907815933228,0.004510999999999987,0.486688,0.153228,0.155811,0.153449,4.167890548706055,0.483048,0.154654,0.157202,0.154913,4.380011081695557,nan,1000000
53399,-0.0007566828280687332,1.0006190538406372,0.0016120000000000023,0.483704,0.154908,0.157488,0.155169,4.153785705566406,0.483048,0.154654,0.157202,0.154913,4.380011081695557,nan,1000000
53499,0.0011517356615513563,0.9988052248954773,0.0013119999999999798,0.483648,0.155183,0.157831,0.155437,4.13226842880249,0.483048,0.154654,0.157202,0.154913,4.380011081695557,nan,1000000
53599,-0.0036679632030427456,1.0017430782318115,0.0029970000000000274,0.4852,0.154537,0.157181,0.154806,4.127371311187744,0.483048,0.154654,0.157202,0.154913,4.380011081695557,nan,1000000
53699,-0.0033734706230461597,0.9990953207015991,0.0022150000000000225,0.484704,0.153741,0.156342,0.153963,4.119897365570068,0.483048,0.154654,0.157202,0.154913,4.380011081695557,nan,1000000
53799,0.014736125245690346,0.996609091758728,0.005807000000000007,0.478106,0.15783,0.160556,0.158097,4.125003814697266,0.483048,0.154654,0.157202,0.154913,4.380011081695557,nan,1000000
53899,-0.0016397631261497736,0.9989342093467712,0.0021440000000000348,0.484778,0.154206,0.156767,0.154473,4.141642093658447,0.483048,0.154654,0.157202,0.154913,4.380011081695557,nan,1000000
53999,0.00831850990653038,0.9981319308280945,0.0036200000000000676,0.48029,0.156241,0.15881,0.156489,4.188480854034424,0.483048,0.154654,0.157202,0.154913,4.380011081695557,nan,1000000
54099,0.0020570517517626286,0.9991617798805237,0.0015970000000000706,0.482859,0.154948,0.157562,0.155248,4.172896862030029,0.483048,0.154654,0.157202,0.154913,4.380011081695557,nan,1000000
54199,0.000834267120808363,1.0005509853363037,0.001710999999999907,0.483243,0.155361,0.157858,0.155592,4.163010597229004,0.483048,0.154654,0.157202,0.154913,4.380011081695557,nan,1000000
54299,-0.003195439465343952,0.9967612028121948,0.00260100000000002,0.485294,0.153295,0.15588,0.153574,4.0963006019592285,0.483048,0.154654,0.157202,0.154913,4.380011081695557,nan,1000000
