epoch,z_bias,z_std_ratio,ks,gen_z_le_0,gen_z_ge_1,gen_z_gt_0.99,gen_z_gt_0.999,gen_z_max,g4_z_le_0,g4_z_ge_1,g4_z_gt_0.99,g4_z_gt_0.999,g4_z_max,phys_reg,n_rows
99,-0.01865217089653015,0.9094502925872803,0.133623,0.133623,0.0,0.0,0.0,0.7464187741279602,0.0,2e-06,0.001858,0.000191,1.000003457069397,nan,1000000
199,-0.01131930947303772,0.9340546727180481,0.040563,0.040562,0.0,0.0,0.0,0.8361449241638184,0.0,2e-06,0.001858,0.000191,1.000003457069397,nan,1000000
299,-0.004470378160476685,0.9747700095176697,0.036265,0.036265,0.0,0.0,0.0,0.9295327663421631,0.0,2e-06,0.001858,0.000191,1.000003457069397,nan,1000000
399,-0.003098130226135254,1.0015300512313843,0.025993000000000002,0.025993,0.0,0.002172,0.000234,0.9999892711639404,0.0,2e-06,0.001858,0.000191,1.000003457069397,nan,1000000
499,0.0005462467670440674,1.0006914138793945,0.015006,0.015004,0.0,0.001599,0.000153,0.999997615814209,0.0,2e-06,0.001858,0.000191,1.000003457069397,nan,1000000
599,0.00045430660247802734,1.0004991292953491,0.009585,0.009585,0.0,0.001675,0.000158,0.9999934434890747,0.0,2e-06,0.001858,0.000191,1.000003457069397,nan,1000000
699,0.0006531476974487305,1.001234769821167,0.009193,0.009193,0.0,0.002817,0.000321,0.999994158744812,0.0,2e-06,0.001858,0.000191,1.000003457069397,nan,1000000
799,0.0005241036415100098,1.0029817819595337,0.00818,0.00818,0.0,0.001475,0.000108,0.9999985694885254,0.0,2e-06,0.001858,0.000191,1.000003457069397,nan,1000000
899,0.0006097257137298584,1.0027409791946411,0.007753,0.007753,0.0,0.002881,0.000305,0.9999991655349731,0.0,2e-06,0.001858,0.000191,1.000003457069397,nan,1000000
999,0.000769883394241333,1.005104422569275,0.008068,0.008068,0.0,0.002033,0.000206,0.9999915361404419,0.0,2e-06,0.001858,0.000191,1.000003457069397,nan,1000000
1099,0.0012170970439910889,1.0036168098449707,0.007435,0.007434,0.0,0.001765,0.000174,0.9999862909317017,0.0,2e-06,0.001858,0.000191,1.000003457069397,nan,1000000
1199,0.001348257064819336,1.004987120628357,0.00706,0.00706,0.0,0.002162,0.000234,0.9999977350234985,0.0,2e-06,0.001858,0.000191,1.000003457069397,nan,1000000
1299,0.0005056560039520264,1.0039411783218384,0.004814,0.004814,0.0,0.00163,0.000156,0.9999955892562866,0.0,2e-06,0.001858,0.000191,1.000003457069397,nan,1000000
1399,0.0005494356155395508,1.003071904182434,0.005633,0.005632,0.0,0.001611,0.000143,0.9999953508377075,0.0,2e-06,0.001858,0.000191,1.000003457069397,nan,1000000
1499,0.0005671977996826172,1.00282883644104,0.005662,0.005662,0.0,0.001754,0.000178,0.9999947547912598,0.0,2e-06,0.001858,0.000191,1.000003457069397,nan,1000000
1599,0.0006567239761352539,1.0006555318832397,0.00597,0.005969,0.0,0.001455,0.000142,0.9999998211860657,0.0,2e-06,0.001858,0.000191,1.000003457069397,nan,1000000
1699,0.0009309649467468262,1.0022737979888916,0.004342,0.004342,0.0,0.001568,0.000154,0.9999959468841553,0.0,2e-06,0.001858,0.000191,1.000003457069397,nan,1000000
1799,0.0013716816902160645,1.0029157400131226,0.006143,0.006143,0.0,0.001602,0.000162,0.9999959468841553,0.0,2e-06,0.001858,0.000191,1.000003457069397,nan,1000000
1899,0.00019401311874389648,1.0025312900543213,0.006229,0.006229,0.0,0.001647,0.000175,0.9999996423721313,0.0,2e-06,0.001858,0.000191,1.000003457069397,nan,1000000
1999,-0.0008124113082885742,0.9944013953208923,0.004914,0.004914,0.0,0.001401,0.000143,0.9999945163726807,0.0,2e-06,0.001858,0.000191,1.000003457069397,nan,1000000
2099,0.00014486908912658691,0.9993751049041748,0.004527,0.004527,0.0,0.001469,0.000148,0.9999808669090271,0.0,2e-06,0.001858,0.000191,1.000003457069397,nan,1000000
2199,0.0012076795101165771,1.0037546157836914,0.003839,0.003839,0.0,0.003167,0.000334,0.9999980926513672,0.0,2e-06,0.001858,0.000191,1.000003457069397,nan,1000000
2299,0.0007741451263427734,1.0072861909866333,0.005465,0.005463,0.0,0.002631,0.000256,0.9999934434890747,0.0,2e-06,0.001858,0.000191,1.000003457069397,nan,1000000
2399,-0.0004645884037017822,1.001334309577942,0.004905,0.004904,0.0,0.002166,0.0002,0.9999973773956299,0.0,2e-06,0.001858,0.000191,1.000003457069397,nan,1000000
2499,0.0010142028331756592,0.9998709559440613,0.0036550000000000193,0.003605,0.0,0.001486,0.000153,0.9999916553497314,0.0,2e-06,0.001858,0.000191,1.000003457069397,nan,1000000
2599,0.0005396902561187744,1.0014619827270508,0.004915,0.004914,0.0,0.002551,0.000268,0.999994695186615,0.0,2e-06,0.001858,0.000191,1.000003457069397,nan,1000000
2699,0.0005005002021789551,1.0008071660995483,0.004212,0.004209,0.0,0.00322,0.000334,0.9999985694885254,0.0,2e-06,0.001858,0.000191,1.000003457069397,nan,1000000
2799,0.0003269612789154053,0.9978023171424866,0.003689,0.003688,0.0,0.001448,0.000136,0.9999880790710449,0.0,2e-06,0.001858,0.000191,1.000003457069397,nan,1000000
2899,0.0004884302616119385,0.9999974370002747,0.003476,0.003271,0.0,0.003186,0.00032,0.9999982118606567,0.0,2e-06,0.001858,0.000191,1.000003457069397,nan,1000000
2999,0.0004553794860839844,1.0019274950027466,0.003266,0.003266,0.0,0.00289,0.000317,0.9999984502792358,0.0,2e-06,0.001858,0.000191,1.000003457069397,nan,1000000
3099,-0.00040334463119506836,1.0002390146255493,0.003008,0.003008,0.0,0.00227,0.00024,0.9999997615814209,0.0,2e-06,0.001858,0.000191,1.000003457069397,nan,1000000
3199,0.0004557669162750244,1.0013659000396729,0.002997,0.002997,0.0,0.002292,0.000248,0.9999977350234985,0.0,2e-06,0.001858,0.000191,1.000003457069397,nan,1000000
3299,0.001042097806930542,1.001099705696106,0.004498,0.00307,0.0,0.001811,0.00019,0.9999896287918091,0.0,2e-06,0.001858,0.000191,1.000003457069397,nan,1000000
3399,0.0013004541397094727,1.0022377967834473,0.003204,0.003204,0.0,0.002145,0.00022,0.9999986886978149,0.0,2e-06,0.001858,0.000191,1.000003457069397,nan,1000000
3499,0.0012310147285461426,1.001847505569458,0.003946000000000005,0.003334,0.0,0.00207,0.000213,0.9999991655349731,0.0,2e-06,0.001858,0.000191,1.000003457069397,nan,1000000
3599,0.0006651878356933594,1.0023740530014038,0.003806,0.003805,0.0,0.003008,0.000332,0.9999836683273315,0.0,2e-06,0.001858,0.000191,1.000003457069397,nan,1000000
3699,-0.00020903348922729492,1.0011390447616577,0.003733,0.003731,0.0,0.001393,0.000128,0.9999790191650391,0.0,2e-06,0.001858,0.000191,1.000003457069397,nan,1000000
3799,0.0008861124515533447,1.002164363861084,0.003857,0.003857,0.0,0.001174,7.3e-05,0.9999778270721436,0.0,2e-06,0.001858,0.000191,1.000003457069397,nan,1000000
3899,-0.00021004676818847656,1.00144362449646,0.0047,0.0047,0.0,0.000906,1.2e-05,0.9995907545089722,0.0,2e-06,0.001858,0.000191,1.000003457069397,nan,1000000
3999,0.0008154809474945068,1.0012526512145996,0.003357,0.003357,0.0,0.002479,0.000281,0.999992847442627,0.0,2e-06,0.001858,0.000191,1.000003457069397,nan,1000000
4099,0.001001507043838501,1.0014549493789673,0.00375,0.003749,0.0,0.001037,5e-05,0.9999970197677612,0.0,2e-06,0.001858,0.000191,1.000003457069397,nan,1000000
4199,0.00017562508583068848,1.0004085302352905,0.004162,0.004162,0.0,0.000972,1.6e-05,0.9999771118164062,0.0,2e-06,0.001858,0.000191,1.000003457069397,nan,1000000
4299,0.00016799569129943848,1.0020171403884888,0.004003,0.004003,0.0,0.001682,0.000157,0.9999935626983643,0.0,2e-06,0.001858,0.000191,1.000003457069397,nan,1000000
4399,0.000667959451675415,1.002686619758606,0.004225,0.004225,0.0,0.002581,0.000293,0.9999998807907104,0.0,2e-06,0.001858,0.000191,1.000003457069397,nan,1000000
4499,0.0005954205989837646,1.0040227174758911,0.004972,0.004972,0.0,0.002595,0.000318,0.9999995231628418,0.0,2e-06,0.001858,0.000191,1.000003457069397,nan,1000000
4599,0.0005135238170623779,1.001285195350647,0.004739999999999999,0.004739,0.0,0.001008,0.0,0.9985689520835876,0.0,2e-06,0.001858,0.000191,1.000003457069397,nan,1000000
4699,4.982948303222656e-05,1.0006694793701172,0.005169,0.005169,0.0,0.001802,0.000179,0.9999915361404419,0.0,2e-06,0.001858,0.000191,1.000003457069397,nan,1000000
4799,-1.659989356994629e-05,1.0009008646011353,0.004572,0.004572,0.0,0.001961,0.00022,0.9999969601631165,0.0,2e-06,0.001858,0.000191,1.000003457069397,nan,1000000
4899,-0.00013110041618347168,0.9994062185287476,0.005066,0.005066,0.0,0.001356,0.000102,0.9999854564666748,0.0,2e-06,0.001858,0.000191,1.000003457069397,nan,1000000
4999,-0.0002455413341522217,1.0008100271224976,0.005495,0.005494,0.0,0.001719,0.000151,0.9999997615814209,0.0,2e-06,0.001858,0.000191,1.000003457069397,nan,1000000
5099,0.0009054243564605713,1.0020493268966675,0.004018,0.004018,0.0,0.001725,0.000173,0.9999995231628418,0.0,2e-06,0.001858,0.000191,1.000003457069397,nan,1000000
5199,0.0006069540977478027,1.000200867652893,0.003432,0.003432,0.0,0.002079,0.000253,0.9999998807907104,0.0,2e-06,0.001858,0.000191,1.000003457069397,nan,1000000
5299,-0.0006809532642364502,0.9987276792526245,0.00355,0.00355,0.0,0.001916,0.000204,0.9999984502792358,0.0,2e-06,0.001858,0.000191,1.000003457069397,nan,1000000
5399,0.0007735192775726318,1.0014071464538574,0.003828,0.003828,0.0,0.001568,0.000145,0.9999662637710571,0.0,2e-06,0.001858,0.000191,1.000003457069397,nan,1000000
5499,-0.0003013908863067627,0.9994633793830872,0.002957,0.002957,0.0,0.00229,0.000244,0.9999997615814209,0.0,2e-06,0.001858,0.000191,1.000003457069397,nan,1000000
5599,0.000696718692779541,1.00139319896698,0.0049099999999999994,0.002856,0.0,0.001384,0.000112,0.9999914169311523,0.0,2e-06,0.001858,0.000191,1.000003457069397,nan,1000000
5699,0.00047460198402404785,0.9997529983520508,0.0031839999999999993,0.003123,0.0,0.000805,0.0,0.9976105093955994,0.0,2e-06,0.001858,0.000191,1.000003457069397,nan,1000000
5799,-0.00013655424118041992,1.0007612705230713,0.005122,0.00512,0.0,0.000689,0.0,0.9970663785934448,0.0,2e-06,0.001858,0.000191,1.000003457069397,nan,1000000
5899,0.0008869469165802002,1.0012270212173462,0.003402,0.003402,0.0,0.001521,0.000141,0.9999994039535522,0.0,2e-06,0.001858,0.000191,1.000003457069397,nan,1000000
5999,0.0010406672954559326,1.0021047592163086,0.0031270000000000187,0.002998,0.0,0.002126,0.000231,0.9999961853027344,0.0,2e-06,0.001858,0.000191,1.000003457069397,nan,1000000
6099,0.00015929341316223145,1.0018280744552612,0.004163,0.004163,0.0,0.002427,0.000271,0.9999938011169434,0.0,2e-06,0.001858,0.000191,1.000003457069397,nan,1000000
6199,0.0005646049976348877,1.0010007619857788,0.003385,0.003385,0.0,0.000923,3e-06,0.9991897344589233,0.0,2e-06,0.001858,0.000191,1.000003457069397,nan,1000000
6299,0.0003565549850463867,1.00126314163208,0.002633,0.002633,0.0,0.002949,0.000328,0.9999982118606567,0.0,2e-06,0.001858,0.000191,1.000003457069397,nan,1000000
6399,0.0013480782508850098,1.0018587112426758,0.003593000000000013,0.003117,0.0,0.001895,0.000226,0.9999964833259583,0.0,2e-06,0.001858,0.000191,1.000003457069397,nan,1000000
6499,0.0013365745544433594,1.0005899667739868,0.0037339999999999596,0.002717,0.0,0.001492,0.000141,0.9999964237213135,0.0,2e-06,0.001858,0.000191,1.000003457069397,nan,1000000
6599,-0.00042629241943359375,0.9959961175918579,0.0029850000000000002,0.002983,0.0,0.000284,0.0,0.9953833222389221,0.0,2e-06,0.001858,0.000191,1.000003457069397,nan,1000000
6699,0.000663071870803833,0.9983564019203186,0.004058999999999979,0.002025,0.0,0.000724,0.0,0.9986098408699036,0.0,2e-06,0.001858,0.000191,1.000003457069397,nan,1000000
6799,0.00023874640464782715,0.999825656414032,0.004789,0.002052,0.0,0.000926,3.6e-05,0.9999611377716064,0.0,2e-06,0.001858,0.000191,1.000003457069397,nan,1000000
6899,0.0007725656032562256,1.0006334781646729,0.00326,0.00326,0.0,0.00052,0.0,0.9980464577674866,0.0,2e-06,0.001858,0.000191,1.000003457069397,nan,1000000
6999,0.0006041526794433594,1.0035531520843506,0.005128,0.005128,0.0,0.001163,8.3e-05,0.999998927116394,0.0,2e-06,0.001858,0.000191,1.000003457069397,nan,1000000
7099,0.0003349483013153076,1.0021321773529053,0.003617,0.003615,0.0,0.001986,0.000192,0.9999984502792358,0.0,2e-06,0.001858,0.000191,1.000003457069397,nan,1000000
7199,0.0005047619342803955,1.0010470151901245,0.003304,0.003304,0.0,0.002087,0.000224,0.9999923706054688,0.0,2e-06,0.001858,0.000191,1.000003457069397,nan,1000000
7299,0.0005992352962493896,1.0004092454910278,0.002876,0.002876,0.0,0.001104,9.6e-05,0.9999939203262329,0.0,2e-06,0.001858,0.000191,1.000003457069397,nan,1000000
7399,0.00040841102600097656,1.000335454940796,0.0026130000000000003,0.002613,0.0,0.001386,0.000123,0.9999945163726807,0.0,2e-06,0.001858,0.000191,1.000003457069397,nan,1000000
7499,0.00038495659828186035,1.0010980367660522,0.00577,0.00577,0.0,0.001585,0.000146,0.9999794960021973,0.0,2e-06,0.001858,0.000191,1.000003457069397,nan,1000000
7599,-0.00021383166313171387,1.0002405643463135,0.0036489999999999995,0.003406,0.0,0.001846,0.00018,0.9999904632568359,0.0,2e-06,0.001858,0.000191,1.000003457069397,nan,1000000
7699,7.796287536621094e-05,1.0017272233963013,0.005208000000000001,0.005202,0.0,0.001456,0.00014,0.9999854564666748,0.0,2e-06,0.001858,0.000191,1.000003457069397,nan,1000000
7799,-0.00032326579093933105,1.0022001266479492,0.0037500000000000033,0.003647,0.0,0.002598,0.000268,0.9999985694885254,0.0,2e-06,0.001858,0.000191,1.000003457069397,nan,1000000
7899,0.00016039609909057617,1.0011626482009888,0.003314,0.003314,0.0,0.003278,0.000312,0.9999985694885254,0.0,2e-06,0.001858,0.000191,1.000003457069397,nan,1000000
7999,-0.00010716915130615234,0.9999257326126099,0.003674,0.003674,0.0,0.00323,0.000342,0.9999891519546509,0.0,2e-06,0.001858,0.000191,1.000003457069397,nan,1000000
8099,-0.0006583034992218018,1.0005940198898315,0.004294,0.004293,0.0,0.00154,0.000142,0.9999960660934448,0.0,2e-06,0.001858,0.000191,1.000003457069397,nan,1000000
8199,0.0007096529006958008,0.9993883371353149,0.003938,0.003935,0.0,0.001277,0.000103,0.9999994039535522,0.0,2e-06,0.001858,0.000191,1.000003457069397,nan,1000000
8299,0.00013902783393859863,0.9995800852775574,0.003648,0.003644,0.0,0.002276,0.000232,0.9999988079071045,0.0,2e-06,0.001858,0.000191,1.000003457069397,nan,1000000
8399,0.0011779963970184326,0.9986796975135803,0.004086,0.004085,1e-06,0.001662,0.00016,1.0,0.0,2e-06,0.001858,0.000191,1.000003457069397,nan,1000000
8499,0.00012812018394470215,1.0009863376617432,0.003506,0.003506,0.0,0.003235,0.000334,0.9999995231628418,0.0,2e-06,0.001858,0.000191,1.000003457069397,nan,1000000
8599,0.0018525421619415283,1.0041769742965698,0.005249,0.002974,0.0,0.00337,0.000314,0.9999964237213135,0.0,2e-06,0.001858,0.000191,1.000003457069397,nan,1000000
8699,-0.00019401311874389648,1.0004016160964966,0.004178,0.004177,0.0,0.002304,0.000246,0.9999962449073792,0.0,2e-06,0.001858,0.000191,1.000003457069397,nan,1000000
8799,0.0007067620754241943,1.003502368927002,0.006135,0.006132,0.0,0.003464,0.000345,0.9999947547912598,0.0,2e-06,0.001858,0.000191,1.000003457069397,nan,1000000
8899,-0.00045672059059143066,0.9992807507514954,0.00333,0.003329,0.0,0.001884,0.000184,0.9999963045120239,0.0,2e-06,0.001858,0.000191,1.000003457069397,nan,1000000
8999,-7.483363151550293e-05,0.9999390244483948,0.00485,0.004846,0.0,0.00282,0.000331,0.9999955892562866,0.0,2e-06,0.001858,0.000191,1.000003457069397,nan,1000000
9099,8.285045623779297e-05,1.000931739807129,0.004664,0.004663,0.0,0.002864,0.000304,0.9999946355819702,0.0,2e-06,0.001858,0.000191,1.000003457069397,nan,1000000
9199,0.0003844797611236572,1.0029857158660889,0.004222,0.003829,0.0,0.002795,0.000316,0.9999995231628418,0.0,2e-06,0.001858,0.000191,1.000003457069397,nan,1000000
9299,-0.0008550286293029785,0.9988961815834045,0.00422,0.004219,0.0,0.001772,0.000168,0.9999997615814209,0.0,2e-06,0.001858,0.000191,1.000003457069397,nan,1000000
9399,0.00031128525733947754,1.0023905038833618,0.004682,0.004682,0.0,0.00175,0.000164,0.9999919533729553,0.0,2e-06,0.001858,0.000191,1.000003457069397,nan,1000000
9499,-2.187490463256836e-05,1.0042271614074707,0.004059,0.004057,0.0,0.003709,0.000376,0.9999881982803345,0.0,2e-06,0.001858,0.000191,1.000003457069397,nan,1000000
9599,0.0002002716064453125,0.9986982941627502,0.0028070000000000005,0.002382,0.0,0.00189,0.000189,0.9999847412109375,0.0,2e-06,0.001858,0.000191,1.000003457069397,nan,1000000
9699,0.00011184811592102051,0.9996993541717529,0.003581,0.003581,0.0,0.001457,0.000137,0.999994158744812,0.0,2e-06,0.001858,0.000191,1.000003457069397,nan,1000000
9799,-0.001271575689315796,0.9975372552871704,0.0037,0.0037,0.0,0.001594,0.000149,0.9999983310699463,0.0,2e-06,0.001858,0.000191,1.000003457069397,nan,1000000
9899,0.00018903613090515137,1.0006890296936035,0.004760000000000002,0.002835,0.0,0.001797,0.000172,0.99997878074646,0.0,2e-06,0.001858,0.000191,1.000003457069397,nan,1000000
9999,0.0015630125999450684,1.003714680671692,0.003276,0.003276,0.0,0.002703,0.000298,0.9999974966049194,0.0,2e-06,0.001858,0.000191,1.000003457069397,nan,1000000
10099,-0.00016734004020690918,1.0002769231796265,0.003239,0.003238,0.0,0.001978,0.000192,0.9999874830245972,0.0,2e-06,0.001858,0.000191,1.000003457069397,nan,1000000
10199,0.0004260540008544922,1.0035169124603271,0.003469,0.003468,0.0,0.001856,0.000204,0.999996542930603,0.0,2e-06,0.001858,0.000191,1.000003457069397,nan,1000000
10299,0.0007683932781219482,1.0014036893844604,0.003713,0.003712,0.0,0.001987,0.000205,0.9999966621398926,0.0,2e-06,0.001858,0.000191,1.000003457069397,nan,1000000
10399,-0.00011751055717468262,1.0002927780151367,0.003753,0.003751,0.0,0.00191,0.000217,0.9999958276748657,0.0,2e-06,0.001858,0.000191,1.000003457069397,nan,1000000
10499,0.0017047524452209473,1.0020705461502075,0.004050999999999999,0.002828,0.0,0.002458,0.000278,0.9999966621398926,0.0,2e-06,0.001858,0.000191,1.000003457069397,nan,1000000
10599,-2.4110078811645508e-05,1.0002219676971436,0.003634,0.003634,0.0,0.002177,0.000236,0.9999966621398926,0.0,2e-06,0.001858,0.000191,1.000003457069397,nan,1000000
10699,0.0008399784564971924,1.0001362562179565,0.003183000000000047,0.003021,0.0,0.002828,0.000285,0.9999966621398926,0.0,2e-06,0.001858,0.000191,1.000003457069397,nan,1000000
10799,0.0006337165832519531,1.0000780820846558,0.0032130000000000006,0.002886,0.0,0.001942,0.000186,0.9999954104423523,0.0,2e-06,0.001858,0.000191,1.000003457069397,nan,1000000
10899,0.00034421682357788086,1.0004594326019287,0.003056,0.003056,0.0,0.001727,0.000183,0.9999964237213135,0.0,2e-06,0.001858,0.000191,1.000003457069397,nan,1000000
10999,0.00019216537475585938,1.0011482238769531,0.003217,0.003217,0.0,0.00175,0.000174,0.9999986886978149,0.0,2e-06,0.001858,0.000191,1.000003457069397,nan,1000000
11099,0.0009080767631530762,1.0018129348754883,0.002778,0.002776,0.0,0.001539,0.000127,0.9999860525131226,0.0,2e-06,0.001858,0.000191,1.000003457069397,nan,1000000
11199,0.0008827149868011475,1.000603199005127,0.0029070000000000016,0.002826,0.0,0.001288,9.6e-05,0.9999983310699463,0.0,2e-06,0.001858,0.000191,1.000003457069397,nan,1000000
11299,-0.00028765201568603516,0.9986618161201477,0.0033410000000000002,0.003339,0.0,0.001861,0.000181,0.9999783039093018,0.0,2e-06,0.001858,0.000191,1.000003457069397,nan,1000000
11399,3.364682197570801e-05,1.000914216041565,0.003657,0.003656,0.0,0.001349,0.000104,0.9999927282333374,0.0,2e-06,0.001858,0.000191,1.000003457069397,nan,1000000
11499,0.0008200109004974365,1.0011345148086548,0.002708,0.002708,0.0,0.001167,8.3e-05,0.9999939203262329,0.0,2e-06,0.001858,0.000191,1.000003457069397,nan,1000000
11599,0.0011431872844696045,1.0016722679138184,0.0029890000000000194,0.002578,0.0,0.001502,0.000126,0.9999949932098389,0.0,2e-06,0.001858,0.000191,1.000003457069397,nan,1000000
11699,0.0005158782005310059,1.000300407409668,0.00274,0.00274,0.0,0.001685,0.000181,0.9999945163726807,0.0,2e-06,0.001858,0.000191,1.000003457069397,nan,1000000
11799,0.0005282163619995117,1.0022797584533691,0.003509,0.003505,0.0,0.002067,0.000185,0.9999910593032837,0.0,2e-06,0.001858,0.000191,1.000003457069397,nan,1000000
11899,0.00047391653060913086,1.0002360343933105,0.002709,0.002708,0.0,0.001108,7.2e-05,0.9999948740005493,0.0,2e-06,0.001858,0.000191,1.000003457069397,nan,1000000
11999,0.00025272369384765625,1.0009982585906982,0.002775,0.002775,0.0,0.001593,0.000172,0.9999979734420776,0.0,2e-06,0.001858,0.000191,1.000003457069397,nan,1000000
12099,0.001015394926071167,0.9992213845252991,0.0032010000000000094,0.002514,0.0,0.001365,0.000121,0.9999940395355225,0.0,2e-06,0.001858,0.000191,1.000003457069397,nan,1000000
12199,0.0005125105381011963,0.9995749592781067,0.002716,0.002716,0.0,0.001722,0.000172,0.9999869465827942,0.0,2e-06,0.001858,0.000191,1.000003457069397,nan,1000000
12299,-0.0004570484161376953,0.9990079402923584,0.0032839999999999987,0.002661,0.0,0.001706,0.000177,0.9999856948852539,0.0,2e-06,0.001858,0.000191,1.000003457069397,nan,1000000
12399,0.00014781951904296875,0.9983312487602234,0.0025930000000000003,0.002592,0.0,0.001882,0.000191,0.9999932050704956,0.0,2e-06,0.001858,0.000191,1.000003457069397,nan,1000000
12499,0.0009879469871520996,1.000914454460144,0.002440999999999971,0.002301,0.0,0.001858,0.000192,0.9999969005584717,0.0,2e-06,0.001858,0.000191,1.000003457069397,nan,1000000
12599,-0.0002086162567138672,0.9985857009887695,0.002497,0.002497,0.0,0.001923,0.000198,0.9999969005584717,0.0,2e-06,0.001858,0.000191,1.000003457069397,nan,1000000
12699,0.0005172789096832275,1.000720500946045,0.002451,0.002402,0.0,0.002104,0.000214,0.9999963045120239,0.0,2e-06,0.001858,0.000191,1.000003457069397,nan,1000000
12799,0.00036388635635375977,1.0004760026931763,0.002841,0.002841,0.0,0.001889,0.000189,0.9999915361404419,0.0,2e-06,0.001858,0.000191,1.000003457069397,nan,1000000
12899,4.380941390991211e-06,1.0008866786956787,0.00236,0.00236,0.0,0.002213,0.000237,0.9999938011169434,0.0,2e-06,0.001858,0.000191,1.000003457069397,nan,1000000
12999,0.00016328692436218262,1.000564694404602,0.0026160000000000003,0.002615,0.0,0.002439,0.000252,0.9999973773956299,0.0,2e-06,0.001858,0.000191,1.000003457069397,nan,1000000
13099,0.0010614991188049316,1.0012387037277222,0.0032610000000000017,0.002179,0.0,0.002399,0.000248,0.9999979138374329,0.0,2e-06,0.001858,0.000191,1.000003457069397,nan,1000000
13199,0.00023889541625976562,0.9997267127037048,0.00232,0.002319,0.0,0.002878,0.000286,0.9999974966049194,0.0,2e-06,0.001858,0.000191,1.000003457069397,nan,1000000
13299,0.0005957484245300293,1.0003724098205566,0.002695,0.002694,0.0,0.001756,0.000168,0.9999914765357971,0.0,2e-06,0.001858,0.000191,1.000003457069397,nan,1000000
13399,-8.103251457214355e-05,0.999890923500061,0.0031320000000000002,0.00313,0.0,0.001909,0.000181,0.9999868869781494,0.0,2e-06,0.001858,0.000191,1.000003457069397,nan,1000000
13499,1.6361474990844727e-05,0.9990561008453369,0.002464,0.002463,0.0,0.001946,0.000199,0.9999855756759644,0.0,2e-06,0.001858,0.000191,1.000003457069397,nan,1000000
13599,0.00029537081718444824,0.9998321533203125,0.0031479999999999998,0.003145,0.0,0.002303,0.000241,0.999992847442627,0.0,2e-06,0.001858,0.000191,1.000003457069397,nan,1000000
13699,0.0009460747241973877,1.0013161897659302,0.003038,0.003037,0.0,0.002185,0.000233,0.9999971389770508,0.0,2e-06,0.001858,0.000191,1.000003457069397,nan,1000000
13799,0.00020328164100646973,1.0003851652145386,0.0033030000000000004,0.003301,0.0,0.001452,0.00014,0.9999961853027344,0.0,2e-06,0.001858,0.000191,1.000003457069397,nan,1000000
13899,0.0004337131977081299,1.0001420974731445,0.003573,0.003572,0.0,0.001346,0.000133,0.9999971389770508,0.0,2e-06,0.001858,0.000191,1.000003457069397,nan,1000000
13999,0.0008443295955657959,1.0011444091796875,0.003121,0.00312,0.0,0.001991,0.000218,0.9999960660934448,0.0,2e-06,0.001858,0.000191,1.000003457069397,nan,1000000
14099,0.0002262592315673828,0.9989352226257324,0.003817,0.003817,0.0,0.00201,0.00021,0.9999920129776001,0.0,2e-06,0.001858,0.000191,1.000003457069397,nan,1000000
14199,0.0014033615589141846,1.0008032321929932,0.0032769999999999744,0.002891,0.0,0.002033,0.000203,0.999991774559021,0.0,2e-06,0.001858,0.000191,1.000003457069397,nan,1000000
14299,0.0009546875953674316,1.0012391805648804,0.003366,0.003366,0.0,0.002231,0.000231,0.9999997019767761,0.0,2e-06,0.001858,0.000191,1.000003457069397,nan,1000000
14399,0.0005678832530975342,1.0009268522262573,0.003494,0.003493,0.0,0.002085,0.000199,0.9999995231628418,0.0,2e-06,0.001858,0.000191,1.000003457069397,nan,1000000
14499,0.0007021129131317139,1.0007574558258057,0.003686,0.003686,0.0,0.002017,0.000194,0.9999983310699463,0.0,2e-06,0.001858,0.000191,1.000003457069397,nan,1000000
14599,0.00042197108268737793,0.9996588826179504,0.002915,0.002915,0.0,0.002272,0.00024,0.9999990463256836,0.0,2e-06,0.001858,0.000191,1.000003457069397,nan,1000000
14699,0.00015869736671447754,0.9997223019599915,0.003816,0.003815,0.0,0.002662,0.000265,0.9999990463256836,0.0,2e-06,0.001858,0.000191,1.000003457069397,nan,1000000
14799,0.00024190545082092285,1.0013933181762695,0.003266,0.003266,0.0,0.002052,0.000221,0.9999924302101135,0.0,2e-06,0.001858,0.000191,1.000003457069397,nan,1000000
14899,0.0009930133819580078,1.0000859498977661,0.002797,0.002796,0.0,0.002261,0.000234,0.9999985694885254,0.0,2e-06,0.001858,0.000191,1.000003457069397,nan,1000000
14999,0.0001621246337890625,1.0005700588226318,0.003292,0.003292,0.0,0.00241,0.00025,0.9999986886978149,0.0,2e-06,0.001858,0.000191,1.000003457069397,nan,1000000
15099,0.001004338264465332,1.001172423362732,0.003461,0.003458,0.0,0.00225,0.000222,0.9999926090240479,0.0,2e-06,0.001858,0.000191,1.000003457069397,nan,1000000
15199,-0.0004971623420715332,0.9992514252662659,0.004782,0.004781,0.0,0.002491,0.000257,0.9999991655349731,0.0,2e-06,0.001858,0.000191,1.000003457069397,nan,1000000
15299,0.0003153979778289795,0.9999100565910339,0.002895,0.002895,0.0,0.002521,0.000265,0.9999949932098389,0.0,2e-06,0.001858,0.000191,1.000003457069397,nan,1000000
15399,0.0005584657192230225,1.002291202545166,0.003504,0.003504,0.0,0.002429,0.000267,0.9999996423721313,0.0,2e-06,0.001858,0.000191,1.000003457069397,nan,1000000
15499,0.0004640519618988037,1.000029444694519,0.003148,0.003148,0.0,0.002294,0.000218,0.999994158744812,0.0,2e-06,0.001858,0.000191,1.000003457069397,nan,1000000
15599,0.0006539821624755859,1.0009129047393799,0.003337,0.003337,0.0,0.002452,0.00026,0.9999825954437256,0.0,2e-06,0.001858,0.000191,1.000003457069397,nan,1000000
15699,0.00010520219802856445,1.0018543004989624,0.003114,0.003112,0.0,0.002148,0.000208,0.9999966621398926,0.0,2e-06,0.001858,0.000191,1.000003457069397,nan,1000000
15799,0.0004017949104309082,1.0007203817367554,0.0036639999999999997,0.003661,0.0,0.00192,0.000184,0.9999973773956299,0.0,2e-06,0.001858,0.000191,1.000003457069397,nan,1000000
15899,0.0002824366092681885,0.9997926354408264,0.003064,0.003064,0.0,0.002204,0.00021,0.9999988079071045,0.0,2e-06,0.001858,0.000191,1.000003457069397,nan,1000000
15999,0.0006372034549713135,1.0014393329620361,0.003098,0.003098,0.0,0.002106,0.00021,0.9999868869781494,0.0,2e-06,0.001858,0.000191,1.000003457069397,nan,1000000
16099,0.0006958544254302979,1.001255989074707,0.002852,0.00285,0.0,0.002114,0.000204,0.9999916553497314,0.0,2e-06,0.001858,0.000191,1.000003457069397,nan,1000000
16199,7.200241088867188e-05,1.0000667572021484,0.002381,0.002381,0.0,0.002118,0.000199,0.9999960660934448,0.0,2e-06,0.001858,0.000191,1.000003457069397,nan,1000000
16299,0.0010103285312652588,1.0015534162521362,0.00235,0.00235,0.0,0.002259,0.000211,0.999993085861206,0.0,2e-06,0.001858,0.000191,1.000003457069397,nan,1000000
16399,0.000902712345123291,1.001481056213379,0.003004,0.003003,0.0,0.001865,0.000165,0.9999983310699463,0.0,2e-06,0.001858,0.000191,1.000003457069397,nan,1000000
16499,0.0005734562873840332,1.0006120204925537,0.003124,0.003122,0.0,0.002192,0.000224,0.9999992847442627,0.0,2e-06,0.001858,0.000191,1.000003457069397,nan,1000000
16599,7.277727127075195e-05,1.0012212991714478,0.003909,0.003906,0.0,0.00213,0.000201,0.9999990463256836,0.0,2e-06,0.001858,0.000191,1.000003457069397,nan,1000000
16699,0.0004876554012298584,1.001364827156067,0.002749,0.002749,0.0,0.001971,0.000198,0.999994158744812,0.0,2e-06,0.001858,0.000191,1.000003457069397,nan,1000000
16799,-0.00034311413764953613,0.9985341429710388,0.002826,0.002826,0.0,0.001991,0.000183,0.9999960660934448,0.0,2e-06,0.001858,0.000191,1.000003457069397,nan,1000000
16899,0.00029784440994262695,0.9982359409332275,0.00283,0.002829,0.0,0.001648,0.000148,0.9999984502792358,0.0,2e-06,0.001858,0.000191,1.000003457069397,nan,1000000
16999,0.0008690059185028076,1.0000512599945068,0.002664,0.002664,0.0,0.001845,0.000172,0.9999973773956299,0.0,2e-06,0.001858,0.000191,1.000003457069397,nan,1000000
17099,0.00048354268074035645,1.000903606414795,0.0030310000000000003,0.00303,0.0,0.002193,0.00022,0.9999949932098389,0.0,2e-06,0.001858,0.000191,1.000003457069397,nan,1000000
17199,0.00020736455917358398,0.9997377991676331,0.002415,0.002415,0.0,0.002138,0.000214,0.9999997615814209,0.0,2e-06,0.001858,0.000191,1.000003457069397,nan,1000000
17299,0.0008821785449981689,1.0014617443084717,0.002664,0.002664,0.0,0.00197,0.000186,0.9999968409538269,0.0,2e-06,0.001858,0.000191,1.000003457069397,nan,1000000
17399,0.000942230224609375,1.0008680820465088,0.0022340000000000003,0.002234,0.0,0.001716,0.000163,0.9999897480010986,0.0,2e-06,0.001858,0.000191,1.000003457069397,nan,1000000
17499,0.0002389848232269287,0.9997916221618652,0.002734,0.002734,0.0,0.001353,0.000109,0.999984860420227,0.0,2e-06,0.001858,0.000191,1.000003457069397,nan,1000000
17599,0.0007252991199493408,1.000748872756958,0.002641,0.002641,0.0,0.001792,0.000168,0.9999895095825195,0.0,2e-06,0.001858,0.000191,1.000003457069397,nan,1000000
17699,0.0016191303730010986,1.0008834600448608,0.003754000000000035,0.002,0.0,0.001506,0.000137,0.9999977350234985,0.0,2e-06,0.001858,0.000191,1.000003457069397,nan,1000000
17799,0.0002759993076324463,0.9997150897979736,0.002499,0.002498,0.0,0.001295,0.000111,0.9999958276748657,0.0,2e-06,0.001858,0.000191,1.000003457069397,nan,1000000
17899,0.00036475062370300293,0.9990553855895996,0.0021650000000000003,0.001901,0.0,0.001475,0.000127,0.9999737739562988,0.0,2e-06,0.001858,0.000191,1.000003457069397,nan,1000000
17999,0.0008324980735778809,0.9995460510253906,0.0037940000000000005,0.001789,0.0,0.001599,0.00015,0.9999899864196777,0.0,2e-06,0.001858,0.000191,1.000003457069397,nan,1000000
18099,-0.00011819601058959961,1.0003139972686768,0.002213,0.002213,0.0,0.001538,0.000136,0.9999951124191284,0.0,2e-06,0.001858,0.000191,1.000003457069397,nan,1000000
18199,0.0008350908756256104,0.9991763234138489,0.002948000000000006,0.001954,0.0,0.001516,0.000137,0.9999973773956299,0.0,2e-06,0.001858,0.000191,1.000003457069397,nan,1000000
18299,0.0006560981273651123,0.9996305704116821,0.002596000000000001,0.001906,0.0,0.00159,0.000135,0.9999971985816956,0.0,2e-06,0.001858,0.000191,1.000003457069397,nan,1000000
18399,0.0005237162113189697,1.0011619329452515,0.002258,0.002257,0.0,0.001864,0.000191,0.9999991655349731,0.0,2e-06,0.001858,0.000191,1.000003457069397,nan,1000000
18499,0.0008244514465332031,1.001564383506775,0.002347,0.002347,0.0,0.001886,0.000194,0.9999977350234985,0.0,2e-06,0.001858,0.000191,1.000003457069397,nan,1000000
18599,0.0013488531112670898,1.0008455514907837,0.0034009999999999874,0.002099,0.0,0.001997,0.00021,0.9999995231628418,0.0,2e-06,0.001858,0.000191,1.000003457069397,nan,1000000
18699,0.0008284449577331543,1.000502109527588,0.0022860000000000102,0.002056,0.0,0.001886,0.000191,0.9999995231628418,0.0,2e-06,0.001858,0.000191,1.000003457069397,nan,1000000
18799,0.0010901093482971191,1.0027011632919312,0.00238,0.002379,0.0,0.001949,0.000188,0.9999964833259583,0.0,2e-06,0.001858,0.000191,1.000003457069397,nan,1000000
18899,0.0009199380874633789,1.0009708404541016,0.002471000000000001,0.002106,0.0,0.001847,0.000192,0.9999755620956421,0.0,2e-06,0.001858,0.000191,1.000003457069397,nan,1000000
18999,0.0010863244533538818,1.0009735822677612,0.002923999999999982,0.002763,0.0,0.001819,0.000168,0.9999990463256836,0.0,2e-06,0.001858,0.000191,1.000003457069397,nan,1000000
19099,0.0011660456657409668,1.000657558441162,0.0030100000000000127,0.002667,0.0,0.001836,0.000174,0.9999953508377075,0.0,2e-06,0.001858,0.000191,1.000003457069397,nan,1000000
19199,0.0016244351863861084,1.0018428564071655,0.003765000000000001,0.002081,0.0,0.002004,0.000206,0.9999978542327881,0.0,2e-06,0.001858,0.000191,1.000003457069397,nan,1000000
19299,0.0013131797313690186,1.0006502866744995,0.003381999999999996,0.002069,0.0,0.001857,0.000194,0.9999899864196777,0.0,2e-06,0.001858,0.000191,1.000003457069397,nan,1000000
19399,0.0010571181774139404,1.000971794128418,0.002797999999999995,0.002151,0.0,0.001895,0.000188,0.9999983310699463,0.0,2e-06,0.001858,0.000191,1.000003457069397,nan,1000000
19499,0.0012727081775665283,1.000686526298523,0.0031100000000000017,0.0024,0.0,0.001749,0.000153,0.9999994039535522,0.0,2e-06,0.001858,0.000191,1.000003457069397,nan,1000000
19599,0.00036475062370300293,0.9998165369033813,0.002373,0.002373,0.0,0.001793,0.000181,0.9999955892562866,0.0,2e-06,0.001858,0.000191,1.000003457069397,nan,1000000
19699,0.0005411207675933838,1.0002321004867554,0.002567,0.002567,0.0,0.001926,0.000207,0.9999966621398926,0.0,2e-06,0.001858,0.000191,1.000003457069397,nan,1000000
19799,0.0013381242752075195,1.0013360977172852,0.002809000000000006,0.002482,0.0,0.001858,0.000177,0.9999990463256836,0.0,2e-06,0.001858,0.000191,1.000003457069397,nan,1000000
19899,0.00042116641998291016,1.0006208419799805,0.002711,0.002711,0.0,0.002013,0.000199,0.9999902248382568,0.0,2e-06,0.001858,0.000191,1.000003457069397,nan,1000000
19999,0.00032722949981689453,1.0012404918670654,0.003387,0.003387,0.0,0.001842,0.00017,0.9999943375587463,0.0,2e-06,0.001858,0.000191,1.000003457069397,nan,1000000
20099,1.8030405044555664e-05,0.9994019865989685,0.002886,0.002886,0.0,0.001562,0.000146,0.9999866485595703,0.0,2e-06,0.001858,0.000191,1.000003457069397,nan,1000000
20199,3.454089164733887e-05,0.9979163408279419,0.002715,0.002715,0.0,0.001773,0.000187,0.9999995827674866,0.0,2e-06,0.001858,0.000191,1.000003457069397,nan,1000000
20299,0.0008280277252197266,1.0012683868408203,0.003168,0.003167,0.0,0.001695,0.00017,0.9999992847442627,0.0,2e-06,0.001858,0.000191,1.000003457069397,nan,1000000
20399,0.0006299018859863281,0.9993225336074829,0.002813,0.002813,0.0,0.001779,0.000189,0.9999973773956299,0.0,2e-06,0.001858,0.000191,1.000003457069397,nan,1000000
20499,0.0004985630512237549,1.000541090965271,0.00297,0.002968,0.0,0.001634,0.000173,0.9999933242797852,0.0,2e-06,0.001858,0.000191,1.000003457069397,nan,1000000
20599,0.0009056627750396729,1.0015223026275635,0.002603000000000022,0.002518,0.0,0.00179,0.000184,0.9999997615814209,0.0,2e-06,0.001858,0.000191,1.000003457069397,nan,1000000
20699,0.0006674230098724365,1.0010586977005005,0.002875,0.002875,0.0,0.001914,0.000176,0.9999709129333496,0.0,2e-06,0.001858,0.000191,1.000003457069397,nan,1000000
20799,0.0013149678707122803,1.0008867979049683,0.003350999999999993,0.002384,0.0,0.001883,0.000173,0.9999961853027344,0.0,2e-06,0.001858,0.000191,1.000003457069397,nan,1000000
20899,0.00046178698539733887,1.0013436079025269,0.002594,0.002594,0.0,0.00196,0.000196,0.9999979734420776,0.0,2e-06,0.001858,0.000191,1.000003457069397,nan,1000000
20999,0.0006505846977233887,1.000491738319397,0.002484,0.002484,0.0,0.001854,0.000174,0.9999986886978149,0.0,2e-06,0.001858,0.000191,1.000003457069397,nan,1000000
21099,-5.9545040130615234e-05,0.9990413188934326,0.002494,0.002494,0.0,0.001655,0.000185,0.9999713897705078,0.0,2e-06,0.001858,0.000191,1.000003457069397,nan,1000000
21199,0.0005003809928894043,0.9997916221618652,0.002604,0.002603,0.0,0.001872,0.000182,0.9999996423721313,0.0,2e-06,0.001858,0.000191,1.000003457069397,nan,1000000
21299,0.0013893842697143555,1.0031365156173706,0.0028650000000000004,0.002865,0.0,0.001856,0.000186,0.9999998807907104,0.0,2e-06,0.001858,0.000191,1.000003457069397,nan,1000000
21399,0.0006940662860870361,1.0004879236221313,0.002886,0.002886,0.0,0.001849,0.000185,0.9999940991401672,0.0,2e-06,0.001858,0.000191,1.000003457069397,nan,1000000
21499,0.00044986605644226074,0.9996334910392761,0.003031,0.003031,0.0,0.001769,0.000176,0.9999985694885254,0.0,2e-06,0.001858,0.000191,1.000003457069397,nan,1000000
21599,0.0002924501895904541,1.0006334781646729,0.00293,0.002929,0.0,0.001811,0.000179,0.9999949932098389,0.0,2e-06,0.001858,0.000191,1.000003457069397,nan,1000000
21699,-0.0005509853363037109,1.0004127025604248,0.0035900000000000003,0.003589,0.0,0.002095,0.000215,0.9999947547912598,0.0,2e-06,0.001858,0.000191,1.000003457069397,nan,1000000
21799,0.0007913708686828613,0.9994289875030518,0.002925000000000011,0.002145,0.0,0.001995,0.00019,0.9999991655349731,0.0,2e-06,0.001858,0.000191,1.000003457069397,nan,1000000
21899,-0.00021696090698242188,0.9999139904975891,0.003159,0.003159,0.0,0.002001,0.000186,0.9999990463256836,0.0,2e-06,0.001858,0.000191,1.000003457069397,nan,1000000
21999,3.281235694885254e-05,1.001849889755249,0.005489,0.005485,0.0,0.001962,0.000182,0.9999935030937195,0.0,2e-06,0.001858,0.000191,1.000003457069397,nan,1000000
22099,-0.0001373887062072754,1.0000230073928833,0.004786,0.004786,0.0,0.001694,0.000173,0.9999910593032837,0.0,2e-06,0.001858,0.000191,1.000003457069397,nan,1000000
22199,0.0009682774543762207,1.0011029243469238,0.003915,0.003914,0.0,0.002093,0.000209,0.9999994039535522,0.0,2e-06,0.001858,0.000191,1.000003457069397,nan,1000000
22299,0.0010296404361724854,1.0024493932724,0.003543,0.003543,0.0,0.00194,0.000189,0.9999927282333374,0.0,2e-06,0.001858,0.000191,1.000003457069397,nan,1000000
22399,0.0004995763301849365,1.001833438873291,0.003917,0.003913,0.0,0.001757,0.000185,0.9999979138374329,0.0,2e-06,0.001858,0.000191,1.000003457069397,nan,1000000
22499,0.00019791722297668457,1.0013275146484375,0.00476,0.004759,0.0,0.001875,0.000168,0.9999845623970032,0.0,2e-06,0.001858,0.000191,1.000003457069397,nan,1000000
22599,-4.819035530090332e-05,1.00057852268219,0.004352,0.004351,0.0,0.001864,0.000176,0.9999985694885254,0.0,2e-06,0.001858,0.000191,1.000003457069397,nan,1000000
22699,0.0002716481685638428,1.0007362365722656,0.003769,0.003768,0.0,0.001723,0.00017,0.9999951124191284,0.0,2e-06,0.001858,0.000191,1.000003457069397,nan,1000000
22799,0.00010830163955688477,1.000766634941101,0.0036739999999999997,0.003673,0.0,0.001799,0.000159,0.9999995231628418,0.0,2e-06,0.001858,0.000191,1.000003457069397,nan,1000000
22899,0.0013263225555419922,1.0021870136260986,0.0032520000000000326,0.003208,0.0,0.002162,0.000219,0.9999984502792358,0.0,2e-06,0.001858,0.000191,1.000003457069397,nan,1000000
22999,0.0003103315830230713,1.0000724792480469,0.003956,0.003956,0.0,0.001573,0.000146,0.9999825954437256,0.0,2e-06,0.001858,0.000191,1.000003457069397,nan,1000000
23099,0.0012992620468139648,1.003231406211853,0.003356,0.003355,0.0,0.002126,0.000231,0.9999997019767761,0.0,2e-06,0.001858,0.000191,1.000003457069397,nan,1000000
23199,0.0007468163967132568,1.0022190809249878,0.0037969999999999996,0.00379,0.0,0.001791,0.000169,0.9999910593032837,0.0,2e-06,0.001858,0.000191,1.000003457069397,nan,1000000
23299,0.0007450878620147705,1.003122091293335,0.003529,0.003525,0.0,0.001955,0.000188,0.9999942779541016,0.0,2e-06,0.001858,0.000191,1.000003457069397,nan,1000000
23399,3.701448440551758e-05,0.9993410110473633,0.0032029999999999997,0.003201,0.0,0.0017,0.000169,0.9999990463256836,0.0,2e-06,0.001858,0.000191,1.000003457069397,nan,1000000
23499,0.0009883344173431396,1.0008307695388794,0.0030770000000000003,0.003077,0.0,0.001952,0.000184,0.9999880790710449,0.0,2e-06,0.001858,0.000191,1.000003457069397,nan,1000000
23599,0.0005158185958862305,1.001006007194519,0.003691,0.003691,0.0,0.001478,0.000142,0.9999899864196777,0.0,2e-06,0.001858,0.000191,1.000003457069397,nan,1000000
23699,0.0008162558078765869,1.0023863315582275,0.003842,0.003841,0.0,0.002174,0.000264,0.9999935030937195,0.0,2e-06,0.001858,0.000191,1.000003457069397,nan,1000000
23799,0.0007361471652984619,1.000858187675476,0.003246,0.003246,0.0,0.002204,0.000259,0.9999979734420776,0.0,2e-06,0.001858,0.000191,1.000003457069397,nan,1000000
23899,0.0014342963695526123,1.0036014318466187,0.003491,0.003491,0.0,0.002055,0.000206,0.9999833106994629,0.0,2e-06,0.001858,0.000191,1.000003457069397,nan,1000000
23999,0.0008843839168548584,1.0010271072387695,0.002841,0.002841,0.0,0.002399,0.000263,0.9999996423721313,0.0,2e-06,0.001858,0.000191,1.000003457069397,nan,1000000
24099,0.0005644559860229492,1.0011998414993286,0.003325,0.003324,0.0,0.002124,0.000211,0.9999997615814209,0.0,2e-06,0.001858,0.000191,1.000003457069397,nan,1000000
24199,0.0007517635822296143,1.0017083883285522,0.002925,0.002925,0.0,0.002255,0.000265,0.9999961853027344,0.0,2e-06,0.001858,0.000191,1.000003457069397,nan,1000000
24299,0.0016068518161773682,1.0025122165679932,0.003481999999999985,0.002844,0.0,0.002115,0.000208,0.9999982118606567,0.0,2e-06,0.001858,0.000191,1.000003457069397,nan,1000000
24399,-0.00021776556968688965,1.0005927085876465,0.003679,0.003677,0.0,0.002157,0.000224,0.9999980926513672,0.0,2e-06,0.001858,0.000191,1.000003457069397,nan,1000000
24499,0.0010206997394561768,1.0025010108947754,0.002577,0.002577,0.0,0.002136,0.000225,0.9999991655349731,0.0,2e-06,0.001858,0.000191,1.000003457069397,nan,1000000
24599,0.0006397068500518799,1.0007859468460083,0.002298,0.002298,0.0,0.002188,0.000252,0.999999463558197,0.0,2e-06,0.001858,0.000191,1.000003457069397,nan,1000000
24699,0.0011028647422790527,1.0026781558990479,0.003288,0.003288,0.0,0.002119,0.00023,0.9999908208847046,0.0,2e-06,0.001858,0.000191,1.000003457069397,nan,1000000
24799,3.567337989807129e-05,0.999655544757843,0.003235,0.003235,0.0,0.002062,0.000215,0.9999966621398926,0.0,2e-06,0.001858,0.000191,1.000003457069397,nan,1000000
24899,0.0007819533348083496,1.000287652015686,0.003215,0.003214,0.0,0.001909,0.000184,0.9999990463256836,0.0,2e-06,0.001858,0.000191,1.000003457069397,nan,1000000
24999,0.0011994242668151855,1.001744031906128,0.0033410000000000002,0.003339,0.0,0.001989,0.000194,0.9999998807907104,0.0,2e-06,0.001858,0.000191,1.000003457069397,nan,1000000
25099,0.0016002357006072998,1.0018397569656372,0.0030140000000000167,0.002739,0.0,0.002195,0.000233,0.9999843835830688,0.0,2e-06,0.001858,0.000191,1.000003457069397,nan,1000000
25199,0.0005685091018676758,1.0021287202835083,0.002884,0.002884,0.0,0.002157,0.000237,0.9999942779541016,0.0,2e-06,0.001858,0.000191,1.000003457069397,nan,1000000
25299,0.0006546378135681152,1.0023577213287354,0.003152,0.003152,0.0,0.001993,0.000209,0.9999964833259583,0.0,2e-06,0.001858,0.000191,1.000003457069397,nan,1000000
25399,0.0002624690532684326,1.001133680343628,0.002907,0.002907,0.0,0.002026,0.000226,0.9999980330467224,0.0,2e-06,0.001858,0.000191,1.000003457069397,nan,1000000
25499,0.0005483329296112061,1.000775933265686,0.002606,0.002606,0.0,0.002127,0.00024,0.9999994039535522,0.0,2e-06,0.001858,0.000191,1.000003457069397,nan,1000000
25599,0.0010837912559509277,1.0020928382873535,0.002882,0.002881,0.0,0.002006,0.000196,0.9999915957450867,0.0,2e-06,0.001858,0.000191,1.000003457069397,nan,1000000
25699,0.0007069408893585205,1.0008198022842407,0.002934,0.002933,0.0,0.00211,0.00021,0.9999984502792358,0.0,2e-06,0.001858,0.000191,1.000003457069397,nan,1000000
25799,0.0007507801055908203,0.9998394250869751,0.002689999999999998,0.002549,0.0,0.002298,0.000223,0.9999937415122986,0.0,2e-06,0.001858,0.000191,1.000003457069397,nan,1000000
25899,0.0009567141532897949,1.002929925918579,0.002972,0.002972,0.0,0.002,0.000203,0.9999985694885254,0.0,2e-06,0.001858,0.000191,1.000003457069397,nan,1000000
25999,0.0008966028690338135,1.0008708238601685,0.002666,0.002665,0.0,0.002029,0.000211,0.9999947547912598,0.0,2e-06,0.001858,0.000191,1.000003457069397,nan,1000000
26099,0.0010880231857299805,1.0016759634017944,0.002933,0.002932,0.0,0.002036,0.000218,0.9999979734420776,0.0,2e-06,0.001858,0.000191,1.000003457069397,nan,1000000
26199,0.0008783042430877686,1.0021628141403198,0.00312,0.00312,0.0,0.001825,0.000177,0.9999942779541016,0.0,2e-06,0.001858,0.000191,1.000003457069397,nan,1000000
26299,0.000794827938079834,1.001967191696167,0.002637,0.002637,0.0,0.001872,0.000181,0.999993085861206,0.0,2e-06,0.001858,0.000191,1.000003457069397,nan,1000000
26399,0.000865638256072998,1.0013024806976318,0.00355,0.003549,0.0,0.001837,0.000172,0.9999971389770508,0.0,2e-06,0.001858,0.000191,1.000003457069397,nan,1000000
26499,0.0006404519081115723,1.0021499395370483,0.003179,0.003179,0.0,0.001778,0.000166,0.9999866485595703,0.0,2e-06,0.001858,0.000191,1.000003457069397,nan,1000000
26599,0.0013151168823242188,1.0025784969329834,0.00256,0.00256,0.0,0.00225,0.000217,0.9999997615814209,0.0,2e-06,0.001858,0.000191,1.000003457069397,nan,1000000
26699,0.0010821819305419922,1.0008376836776733,0.0031300000000000217,0.002845,0.0,0.002121,0.000205,0.9999995231628418,0.0,2e-06,0.001858,0.000191,1.000003457069397,nan,1000000
26799,0.0007851719856262207,1.0001329183578491,0.00304299999999999,0.002426,0.0,0.00201,0.000223,0.9999996423721313,0.0,2e-06,0.001858,0.000191,1.000003457069397,nan,1000000
26899,0.0011199712753295898,1.0020626783370972,0.002838,0.002838,0.0,0.001908,0.000202,0.9999991655349731,0.0,2e-06,0.001858,0.000191,1.000003457069397,nan,1000000
26999,0.0005626380443572998,1.002906322479248,0.00345,0.003449,0.0,0.00203,0.000209,0.9999947547912598,0.0,2e-06,0.001858,0.000191,1.000003457069397,nan,1000000
27099,0.0005913972854614258,1.0005934238433838,0.002802,0.002802,0.0,0.002199,0.000212,0.9999898672103882,0.0,2e-06,0.001858,0.000191,1.000003457069397,nan,1000000
27199,0.000890880823135376,1.000725507736206,0.003054,0.003054,0.0,0.002265,0.000208,0.9999983310699463,0.0,2e-06,0.001858,0.000191,1.000003457069397,nan,1000000
27299,0.0011424720287322998,1.000990629196167,0.003019,0.003019,0.0,0.002229,0.000214,0.9999985694885254,0.0,2e-06,0.001858,0.000191,1.000003457069397,nan,1000000
27399,0.0005011856555938721,1.0011913776397705,0.002579,0.002579,0.0,0.001584,0.000153,0.9999995231628418,0.0,2e-06,0.001858,0.000191,1.000003457069397,nan,1000000
27499,0.00043895840644836426,1.0024737119674683,0.003003,0.003003,0.0,0.001726,0.000171,0.999997615814209,0.0,2e-06,0.001858,0.000191,1.000003457069397,nan,1000000
27599,0.0005713105201721191,0.999953031539917,0.00293,0.00293,0.0,0.002013,0.000218,0.9999961853027344,0.0,2e-06,0.001858,0.000191,1.000003457069397,nan,1000000
27699,0.0004929900169372559,1.001305103302002,0.003411,0.003411,0.0,0.002136,0.000208,0.9999977350234985,0.0,2e-06,0.001858,0.000191,1.000003457069397,nan,1000000
27799,0.0006296932697296143,1.0011091232299805,0.00275,0.00275,0.0,0.00222,0.000218,0.9999994039535522,0.0,2e-06,0.001858,0.000191,1.000003457069397,nan,1000000
27899,0.0014712214469909668,1.0024968385696411,0.002697,0.002697,0.0,0.001747,0.000206,0.9999991655349731,0.0,2e-06,0.001858,0.000191,1.000003457069397,nan,1000000
27999,0.0007110238075256348,1.0021063089370728,0.003043,0.003043,0.0,0.002108,0.000222,0.9999952912330627,0.0,2e-06,0.001858,0.000191,1.000003457069397,nan,1000000
28099,0.001683652400970459,1.002413034439087,0.003931000000000018,0.002587,0.0,0.002313,0.000237,0.9999909400939941,0.0,2e-06,0.001858,0.000191,1.000003457069397,nan,1000000
28199,0.0005395114421844482,1.000168800354004,0.003251,0.003245,0.0,0.001936,0.000199,0.9999997615814209,0.0,2e-06,0.001858,0.000191,1.000003457069397,nan,1000000
28299,0.0004801154136657715,1.0006340742111206,0.003111,0.00311,0.0,0.001938,0.000208,0.9999945163726807,0.0,2e-06,0.001858,0.000191,1.000003457069397,nan,1000000
28399,0.0010016560554504395,1.0012763738632202,0.002577,0.002577,0.0,0.001776,0.000184,0.9999955892562866,0.0,2e-06,0.001858,0.000191,1.000003457069397,nan,1000000
28499,0.0004768669605255127,1.0009067058563232,0.0025700000000000002,0.00257,0.0,0.00203,0.000217,0.9999986886978149,0.0,2e-06,0.001858,0.000191,1.000003457069397,nan,1000000
28599,0.0012725889682769775,1.0024279356002808,0.00278,0.00278,0.0,0.002081,0.000222,0.9999979734420776,0.0,2e-06,0.001858,0.000191,1.000003457069397,nan,1000000
28699,0.0009737908840179443,1.0008149147033691,0.002686,0.002686,0.0,0.001938,0.000202,0.9999992847442627,0.0,2e-06,0.001858,0.000191,1.000003457069397,nan,1000000
28799,0.0009265244007110596,1.0017335414886475,0.002481,0.002481,0.0,0.002175,0.000217,0.9999874830245972,0.0,2e-06,0.001858,0.000191,1.000003457069397,nan,1000000
28899,4.6759843826293945e-05,0.9997865557670593,0.002993,0.002993,0.0,0.002234,0.000224,0.9999948143959045,0.0,2e-06,0.001858,0.000191,1.000003457069397,nan,1000000
28999,0.0014184415340423584,1.0023401975631714,0.002919000000000005,0.002371,0.0,0.00235,0.00024,0.9999905824661255,0.0,2e-06,0.001858,0.000191,1.000003457069397,nan,1000000
29099,0.0007236301898956299,1.0014069080352783,0.002496,0.002496,0.0,0.002034,0.0002,0.9999938607215881,0.0,2e-06,0.001858,0.000191,1.000003457069397,nan,1000000
29199,0.0014513731002807617,1.003517746925354,0.0025600000000000067,0.002316,0.0,0.002216,0.000227,0.9999978542327881,0.0,2e-06,0.001858,0.000191,1.000003457069397,nan,1000000
29299,0.0008872151374816895,1.0026155710220337,0.002491,0.002491,0.0,0.001936,0.000192,0.9999942779541016,0.0,2e-06,0.001858,0.000191,1.000003457069397,nan,1000000
29399,7.084012031555176e-05,0.9994336366653442,0.002544,0.002543,0.0,0.002018,0.000209,0.9999984502792358,0.0,2e-06,0.001858,0.000191,1.000003457069397,nan,1000000
29499,0.0009455978870391846,1.001556634902954,0.003388,0.003388,0.0,0.001743,0.000217,0.9999982714653015,0.0,2e-06,0.001858,0.000191,1.000003457069397,nan,1000000
29599,6.705522537231445e-06,1.0001507997512817,0.003553,0.003552,0.0,0.00191,0.000199,0.9999986886978149,0.0,2e-06,0.001858,0.000191,1.000003457069397,nan,1000000
29699,0.0001386702060699463,1.000365138053894,0.002519,0.002519,0.0,0.002074,0.00022,0.9999978542327881,0.0,2e-06,0.001858,0.000191,1.000003457069397,nan,1000000
29799,0.0010416805744171143,1.0015631914138794,0.002555,0.002555,0.0,0.001957,0.000199,0.9999968409538269,0.0,2e-06,0.001858,0.000191,1.000003457069397,nan,1000000
29899,0.00032779574394226074,1.00127112865448,0.002603,0.002603,0.0,0.002179,0.000241,0.9999957084655762,0.0,2e-06,0.001858,0.000191,1.000003457069397,nan,1000000
29999,0.0006781220436096191,1.0014721155166626,0.002245,0.002245,0.0,0.002052,0.000222,0.9999977350234985,0.0,2e-06,0.001858,0.000191,1.000003457069397,nan,1000000
30099,0.0009783804416656494,1.0023247003555298,0.002312,0.002312,0.0,0.001986,0.0002,0.9999995827674866,0.0,2e-06,0.001858,0.000191,1.000003457069397,nan,1000000
30199,0.0009588301181793213,1.001049518585205,0.0024239999999999817,0.002176,0.0,0.00187,0.000194,0.9999991059303284,0.0,2e-06,0.001858,0.000191,1.000003457069397,nan,1000000
30299,0.0006650388240814209,0.9997962713241577,0.0024470000000000325,0.002289,0.0,0.001783,0.00021,0.9999816417694092,0.0,2e-06,0.001858,0.000191,1.000003457069397,nan,1000000
30399,0.00040605664253234863,1.0007421970367432,0.00234,0.00234,0.0,0.002122,0.00022,0.9999996423721313,0.0,2e-06,0.001858,0.000191,1.000003457069397,nan,1000000
30499,0.0008935928344726562,1.002200961112976,0.002255,0.002254,0.0,0.001942,0.000196,0.9999997615814209,0.0,2e-06,0.001858,0.000191,1.000003457069397,nan,1000000
30599,0.0002397000789642334,0.9994755983352661,0.002491,0.002491,0.0,0.001757,0.000212,0.9999998807907104,0.0,2e-06,0.001858,0.000191,1.000003457069397,nan,1000000
30699,0.0011676251888275146,1.000501275062561,0.002919000000000005,0.002191,0.0,0.001931,0.000196,0.9999969005584717,0.0,2e-06,0.001858,0.000191,1.000003457069397,nan,1000000
30799,0.0005918741226196289,0.9990778565406799,0.0033160000000000134,0.002301,0.0,0.002364,0.000242,0.9999992847442627,0.0,2e-06,0.001858,0.000191,1.000003457069397,nan,1000000
30899,0.0013956427574157715,1.002212643623352,0.002727000000000007,0.002121,0.0,0.001331,0.000134,0.9999878406524658,0.0,2e-06,0.001858,0.000191,1.000003457069397,nan,1000000
30999,0.0005584061145782471,1.0026776790618896,0.002545,0.002545,0.0,0.001849,0.000196,0.9999905824661255,0.0,2e-06,0.001858,0.000191,1.000003457069397,nan,1000000
31099,0.0007126033306121826,1.0011415481567383,0.002299,0.002297,0.0,0.00191,0.000199,0.999997615814209,0.0,2e-06,0.001858,0.000191,1.000003457069397,nan,1000000
31199,0.0009277462959289551,1.0025101900100708,0.002393,0.002393,0.0,0.00213,0.000226,0.9999979734420776,0.0,2e-06,0.001858,0.000191,1.000003457069397,nan,1000000
31299,0.0006470680236816406,1.0027575492858887,0.002253,0.002253,1e-06,0.001984,0.00021,1.0,0.0,2e-06,0.001858,0.000191,1.000003457069397,nan,1000000
31399,0.0007880032062530518,1.0009263753890991,0.002439,0.002438,0.0,0.001972,0.000207,0.9999970197677612,0.0,2e-06,0.001858,0.000191,1.000003457069397,nan,1000000
31499,0.0007935464382171631,1.0014019012451172,0.002857,0.002857,0.0,0.001621,0.000165,0.9999872446060181,0.0,2e-06,0.001858,0.000191,1.000003457069397,nan,1000000
31599,0.001070261001586914,1.0004360675811768,0.0027080000000000437,0.002703,0.0,0.002034,0.000206,0.9999957084655762,0.0,2e-06,0.001858,0.000191,1.000003457069397,nan,1000000
31699,0.0018187165260314941,1.0018020868301392,0.003636000000000028,0.00186,0.0,0.001992,0.000205,0.9999885559082031,0.0,2e-06,0.001858,0.000191,1.000003457069397,nan,1000000
31799,0.0008277595043182373,1.0008858442306519,0.0031030000000000003,0.003101,0.0,0.001825,0.000199,0.9999983906745911,0.0,2e-06,0.001858,0.000191,1.000003457069397,nan,1000000
31899,0.0012348294258117676,1.0013415813446045,0.0025350000000000095,0.002083,0.0,0.001902,0.000199,0.9999997615814209,0.0,2e-06,0.001858,0.000191,1.000003457069397,nan,1000000
31999,0.0006131827831268311,1.001834750175476,0.002225,0.002225,0.0,0.001985,0.000214,0.9999977350234985,0.0,2e-06,0.001858,0.000191,1.000003457069397,nan,1000000
32099,0.0013860464096069336,1.0021995306015015,0.0027740000000000264,0.002144,0.0,0.002107,0.000219,0.9999954700469971,0.0,2e-06,0.001858,0.000191,1.000003457069397,nan,1000000
32199,0.0005055665969848633,1.0016108751296997,0.0035210000000000003,0.003514,0.0,0.002,0.000208,0.9999943971633911,0.0,2e-06,0.001858,0.000191,1.000003457069397,nan,1000000
32299,0.0009573101997375488,1.0029656887054443,0.00219,0.00219,0.0,0.002055,0.000231,0.9999895095825195,0.0,2e-06,0.001858,0.000191,1.000003457069397,nan,1000000
32399,1.099705696105957e-05,0.999889075756073,0.002695,0.002695,0.0,0.001705,0.000163,0.9999920129776001,0.0,2e-06,0.001858,0.000191,1.000003457069397,nan,1000000
32499,0.0006416141986846924,1.0018116235733032,0.002623,0.002623,0.0,0.001661,0.000161,0.9999995231628418,0.0,2e-06,0.001858,0.000191,1.000003457069397,nan,1000000
32599,0.0010991096496582031,1.0013707876205444,0.002574999999999994,0.001942,0.0,0.001947,0.000204,0.9999996423721313,0.0,2e-06,0.001858,0.000191,1.000003457069397,nan,1000000
32699,0.00029394030570983887,1.000792145729065,0.002211,0.002211,0.0,0.001488,0.000146,0.9999969005584717,0.0,2e-06,0.001858,0.000191,1.000003457069397,nan,1000000
32799,0.00018423795700073242,1.000253438949585,0.002035,0.002035,0.0,0.001949,0.000207,0.9999890327453613,0.0,2e-06,0.001858,0.000191,1.000003457069397,nan,1000000
32899,0.000631868839263916,1.0012916326522827,0.001769,0.001769,0.0,0.001709,0.000182,0.9999971389770508,0.0,2e-06,0.001858,0.000191,1.000003457069397,nan,1000000
32999,0.00039142370223999023,1.0014452934265137,0.002028,0.002028,0.0,0.001655,0.000169,0.9999988079071045,0.0,2e-06,0.001858,0.000191,1.000003457069397,nan,1000000
33099,0.0011818408966064453,1.0010769367218018,0.002831000000000028,0.00183,0.0,0.001743,0.000186,0.999984860420227,0.0,2e-06,0.001858,0.000191,1.000003457069397,nan,1000000
33199,0.0011125802993774414,1.002239465713501,0.002169000000000032,0.001907,0.0,0.00177,0.000187,0.9999988079071045,0.0,2e-06,0.001858,0.000191,1.000003457069397,nan,1000000
33299,0.0011752545833587646,1.0029245615005493,0.0022280000000000078,0.001829,0.0,0.002052,0.000232,0.9999978542327881,0.0,2e-06,0.001858,0.000191,1.000003457069397,nan,1000000
33399,0.0010054409503936768,1.0013763904571533,0.00215700000000002,0.001996,0.0,0.001654,0.000158,0.9999951124191284,0.0,2e-06,0.001858,0.000191,1.000003457069397,nan,1000000
33499,0.0007107853889465332,1.0001506805419922,0.0028640000000000002,0.00189,0.0,0.00201,0.000223,0.9999967813491821,0.0,2e-06,0.001858,0.000191,1.000003457069397,nan,1000000
33599,0.0010090768337249756,1.0021783113479614,0.0020399999999999863,0.002027,0.0,0.001975,0.000221,0.9999992847442627,0.0,2e-06,0.001858,0.000191,1.000003457069397,nan,1000000
33699,0.0008232295513153076,0.9998138546943665,0.003687000000000001,0.002023,0.0,0.001515,0.000142,0.9999995827674866,0.0,2e-06,0.001858,0.000191,1.000003457069397,nan,1000000
33799,0.0005486607551574707,1.0010579824447632,0.0034020000000000005,0.002265,1e-06,0.001802,0.000174,1.0,0.0,2e-06,0.001858,0.000191,1.000003457069397,nan,1000000
33899,0.0010555386543273926,1.0012750625610352,0.0028140000000000005,0.002266,0.0,0.001782,0.000175,0.9999847412109375,0.0,2e-06,0.001858,0.000191,1.000003457069397,nan,1000000
33999,0.0005724728107452393,1.0004795789718628,0.002266,0.002266,0.0,0.001697,0.000177,0.9999992847442627,0.0,2e-06,0.001858,0.000191,1.000003457069397,nan,1000000
34099,0.000703662633895874,1.0017980337142944,0.002304,0.002304,0.0,0.001902,0.00019,0.9999856948852539,0.0,2e-06,0.001858,0.000191,1.000003457069397,nan,1000000
34199,0.0010071992874145508,1.0015323162078857,0.0028650000000000004,0.002397,0.0,0.00172,0.000179,0.9999942779541016,0.0,2e-06,0.001858,0.000191,1.000003457069397,nan,1000000
34299,0.0005598664283752441,1.001266360282898,0.002415,0.002415,0.0,0.001907,0.000192,0.9999971389770508,0.0,2e-06,0.001858,0.000191,1.000003457069397,nan,1000000
34399,0.000705033540725708,1.000272512435913,0.0023960000000000092,0.002111,0.0,0.001883,0.000203,0.9999988079071045,0.0,2e-06,0.001858,0.000191,1.000003457069397,nan,1000000
34499,0.0009081661701202393,1.0020859241485596,0.0025330000000000005,0.002229,0.0,0.001873,0.000195,0.9999948740005493,0.0,2e-06,0.001858,0.000191,1.000003457069397,nan,1000000
34599,0.0007821619510650635,1.000828504562378,0.0025219999999999965,0.002151,0.0,0.002267,0.000221,0.9999992847442627,0.0,2e-06,0.001858,0.000191,1.000003457069397,nan,1000000
34699,0.0007757842540740967,1.0022989511489868,0.002373,0.002372,0.0,0.001797,0.00018,0.9999990463256836,0.0,2e-06,0.001858,0.000191,1.000003457069397,nan,1000000
34799,0.0006474852561950684,1.0014598369598389,0.002848,0.002339,0.0,0.002008,0.000204,0.9999988079071045,0.0,2e-06,0.001858,0.000191,1.000003457069397,nan,1000000
34899,0.00044840574264526367,1.000892996788025,0.002638,0.002638,0.0,0.00181,0.000174,0.9999980926513672,0.0,2e-06,0.001858,0.000191,1.000003457069397,nan,1000000
34999,0.0010722875595092773,1.0008347034454346,0.0028980000000000117,0.002675,0.0,0.001782,0.000178,0.9999963045120239,0.0,2e-06,0.001858,0.000191,1.000003457069397,nan,1000000
35099,0.00022539496421813965,1.0020877122879028,0.002988,0.002988,0.0,0.00193,0.000198,0.9999973773956299,0.0,2e-06,0.001858,0.000191,1.000003457069397,nan,1000000
35199,0.00011131167411804199,1.0013031959533691,0.002815,0.002815,0.0,0.00209,0.000226,0.9999914169311523,0.0,2e-06,0.001858,0.000191,1.000003457069397,nan,1000000
35299,0.0008994340896606445,1.002418875694275,0.002742,0.002742,0.0,0.001841,0.000181,0.9999957084655762,0.0,2e-06,0.001858,0.000191,1.000003457069397,nan,1000000
35399,0.001068413257598877,1.0024487972259521,0.002576,0.002576,0.0,0.002159,0.000231,0.9999973177909851,0.0,2e-06,0.001858,0.000191,1.000003457069397,nan,1000000
35499,0.00027880072593688965,1.0004359483718872,0.002728,0.002728,0.0,0.001888,0.000204,0.9999954104423523,0.0,2e-06,0.001858,0.000191,1.000003457069397,nan,1000000
35599,-4.342198371887207e-05,1.0014464855194092,0.002778,0.002778,0.0,0.001811,0.000183,0.999998927116394,0.0,2e-06,0.001858,0.000191,1.000003457069397,nan,1000000
35699,0.0001341402530670166,1.0010864734649658,0.002518,0.002518,0.0,0.001813,0.000197,0.9999902248382568,0.0,2e-06,0.001858,0.000191,1.000003457069397,nan,1000000
35799,0.0012498795986175537,1.001351237297058,0.0027709999999999957,0.00228,0.0,0.001859,0.000212,0.9999905824661255,0.0,2e-06,0.001858,0.000191,1.000003457069397,nan,1000000
35899,4.5359134674072266e-05,1.0008172988891602,0.002519,0.002519,0.0,0.002036,0.00021,0.9999885559082031,0.0,2e-06,0.001858,0.000191,1.000003457069397,nan,1000000
35999,0.001680135726928711,1.0018939971923828,0.0035680000000000156,0.002336,0.0,0.002014,0.000211,0.9999957084655762,0.0,2e-06,0.001858,0.000191,1.000003457069397,nan,1000000
36099,0.0004712343215942383,1.0010733604431152,0.002549,0.002548,0.0,0.002207,0.00021,0.999988317489624,0.0,2e-06,0.001858,0.000191,1.000003457069397,nan,1000000
36199,0.0005420148372650146,1.0019848346710205,0.002493,0.002493,0.0,0.00191,0.000219,0.999997615814209,0.0,2e-06,0.001858,0.000191,1.000003457069397,nan,1000000
36299,0.0002186298370361328,1.0009993314743042,0.002722,0.002722,0.0,0.001713,0.000175,0.999997079372406,0.0,2e-06,0.001858,0.000191,1.000003457069397,nan,1000000
36399,0.00044611096382141113,1.0017050504684448,0.002918,0.002917,0.0,0.001742,0.000184,0.9999973773956299,0.0,2e-06,0.001858,0.000191,1.000003457069397,nan,1000000
36499,0.0001233816146850586,1.0018720626831055,0.002498,0.002498,0.0,0.001794,0.000199,0.9999918341636658,0.0,2e-06,0.001858,0.000191,1.000003457069397,nan,1000000
36599,0.0006158053874969482,1.0014137029647827,0.002495,0.002495,0.0,0.001841,0.000203,0.9999935626983643,0.0,2e-06,0.001858,0.000191,1.000003457069397,nan,1000000
36699,0.0005762577056884766,1.0013082027435303,0.002606,0.002606,0.0,0.001759,0.000192,0.9999964237213135,0.0,2e-06,0.001858,0.000191,1.000003457069397,nan,1000000
36799,-0.000295102596282959,1.0008505582809448,0.0027,0.0027,0.0,0.001602,0.000141,0.9999958276748657,0.0,2e-06,0.001858,0.000191,1.000003457069397,nan,1000000
36899,0.0009201169013977051,1.0022767782211304,0.002553,0.002553,0.0,0.001798,0.000203,0.9999958276748657,0.0,2e-06,0.001858,0.000191,1.000003457069397,nan,1000000
36999,0.0005567967891693115,1.0004945993423462,0.003436999999999999,0.002573,0.0,0.001774,0.000198,0.9999985694885254,0.0,2e-06,0.001858,0.000191,1.000003457069397,nan,1000000
37099,0.0006615519523620605,1.0001535415649414,0.003236,0.002573,0.0,0.001879,0.000206,0.9999909400939941,0.0,2e-06,0.001858,0.000191,1.000003457069397,nan,1000000
37199,0.0005876719951629639,1.0015134811401367,0.002862,0.002862,0.0,0.002061,0.000211,0.9999895095825195,0.0,2e-06,0.001858,0.000191,1.000003457069397,nan,1000000
37299,0.001327216625213623,1.0030405521392822,0.002864,0.002864,0.0,0.001826,0.000204,0.999994158744812,0.0,2e-06,0.001858,0.000191,1.000003457069397,nan,1000000
37399,0.0011317431926727295,1.0036900043487549,0.002639,0.002639,0.0,0.00204,0.000204,0.9999966621398926,0.0,2e-06,0.001858,0.000191,1.000003457069397,nan,1000000
37499,0.00037795305252075195,1.0002306699752808,0.002593,0.002593,0.0,0.002034,0.000217,0.9999964833259583,0.0,2e-06,0.001858,0.000191,1.000003457069397,nan,1000000
37599,0.00031250715255737305,0.9999403953552246,0.002978,0.002978,0.0,0.001966,0.000207,0.9999972581863403,0.0,2e-06,0.001858,0.000191,1.000003457069397,nan,1000000
37699,-2.6673078536987305e-05,1.0008312463760376,0.003051,0.00305,0.0,0.001927,0.000196,0.999998927116394,0.0,2e-06,0.001858,0.000191,1.000003457069397,nan,1000000
37799,0.00036779046058654785,1.000493049621582,0.002644,0.002641,0.0,0.00214,0.000225,0.9999897480010986,0.0,2e-06,0.001858,0.000191,1.000003457069397,nan,1000000
37899,0.0012630820274353027,1.0021319389343262,0.003876000000000001,0.002477,0.0,0.002152,0.000222,0.9999957084655762,0.0,2e-06,0.001858,0.000191,1.000003457069397,nan,1000000
37999,0.0004672706127166748,1.0004384517669678,0.0028140000000000005,0.002334,0.0,0.001931,0.000201,0.9999951124191284,0.0,2e-06,0.001858,0.000191,1.000003457069397,nan,1000000
38099,0.0005700588226318359,1.002309799194336,0.002762,0.002762,0.0,0.001896,0.000198,0.9999983310699463,0.0,2e-06,0.001858,0.000191,1.000003457069397,nan,1000000
38199,0.0007059872150421143,1.0011134147644043,0.002851,0.002851,0.0,0.001913,0.000198,0.9999914169311523,0.0,2e-06,0.001858,0.000191,1.000003457069397,nan,1000000
38299,0.0006131827831268311,1.0011111497879028,0.002747,0.002747,0.0,0.00193,0.000192,0.9999997615814209,0.0,2e-06,0.001858,0.000191,1.000003457069397,nan,1000000
38399,0.0010429322719573975,1.0006234645843506,0.002729,0.002729,0.0,0.001888,0.000192,0.9999966621398926,0.0,2e-06,0.001858,0.000191,1.000003457069397,nan,1000000
38499,0.0012661218643188477,1.0006014108657837,0.003368000000000001,0.002386,0.0,0.002151,0.000247,0.9999959468841553,0.0,2e-06,0.001858,0.000191,1.000003457069397,nan,1000000
38599,0.00046694278717041016,0.9998124241828918,0.0027610000000000013,0.002272,0.0,0.001845,0.000201,0.9999940395355225,0.0,2e-06,0.001858,0.000191,1.000003457069397,nan,1000000
38699,0.0008004605770111084,1.00053071975708,0.0028199999999999996,0.002462,0.0,0.002207,0.000232,0.9999985694885254,0.0,2e-06,0.001858,0.000191,1.000003457069397,nan,1000000
38799,0.0012496411800384521,1.0004042387008667,0.003244999999999998,0.00245,0.0,0.002037,0.000206,0.9999997615814209,0.0,2e-06,0.001858,0.000191,1.000003457069397,nan,1000000
38899,0.0010849237442016602,1.0018342733383179,0.002572999999999992,0.002545,0.0,0.002154,0.000236,0.9999974966049194,0.0,2e-06,0.001858,0.000191,1.000003457069397,nan,1000000
38999,-6.67870044708252e-05,0.9982861876487732,0.002446,0.002446,0.0,0.001799,0.000166,0.9999963045120239,0.0,2e-06,0.001858,0.000191,1.000003457069397,nan,1000000
39099,0.0012229084968566895,1.0011215209960938,0.0033310000000000284,0.002513,0.0,0.001827,0.000165,0.999991774559021,0.0,2e-06,0.001858,0.000191,1.000003457069397,nan,1000000
39199,0.0009355247020721436,1.0015747547149658,0.002316,0.002316,0.0,0.001859,0.000176,0.9999818801879883,0.0,2e-06,0.001858,0.000191,1.000003457069397,nan,1000000
39299,0.0004273951053619385,1.0011762380599976,0.002394,0.002394,0.0,0.002033,0.000207,0.999996542930603,0.0,2e-06,0.001858,0.000191,1.000003457069397,nan,1000000
39399,0.0009532570838928223,0.9999777674674988,0.003188,0.002413,0.0,0.002024,0.000203,0.999995231628418,0.0,2e-06,0.001858,0.000191,1.000003457069397,nan,1000000
39499,0.0007209181785583496,1.0001776218414307,0.0026459999999999956,0.002456,0.0,0.002073,0.000213,0.9999932050704956,0.0,2e-06,0.001858,0.000191,1.000003457069397,nan,1000000
39599,0.0006504058837890625,1.001078486442566,0.002862,0.002862,0.0,0.001849,0.000179,0.9999798536300659,0.0,2e-06,0.001858,0.000191,1.000003457069397,nan,1000000
39699,0.0008107125759124756,1.0013349056243896,0.0028360000000000017,0.00264,0.0,0.001923,0.000187,0.9999953508377075,0.0,2e-06,0.001858,0.000191,1.000003457069397,nan,1000000
39799,0.0009260177612304688,1.0014338493347168,0.003041,0.003041,0.0,0.001671,0.000155,0.9999858140945435,0.0,2e-06,0.001858,0.000191,1.000003457069397,nan,1000000
39899,0.0005713701248168945,0.9995529055595398,0.002681,0.002681,0.0,0.001782,0.000179,0.9999910593032837,0.0,2e-06,0.001858,0.000191,1.000003457069397,nan,1000000
39999,0.00032150745391845703,1.0005147457122803,0.002813,0.002813,0.0,0.00184,0.00018,0.9999845027923584,0.0,2e-06,0.001858,0.000191,1.000003457069397,nan,1000000
40099,0.00018081068992614746,0.9996260404586792,0.003115,0.003114,0.0,0.001874,0.000176,0.9999945163726807,0.0,2e-06,0.001858,0.000191,1.000003457069397,nan,1000000
40199,0.0015916526317596436,1.0014663934707642,0.004054999999999975,0.002686,0.0,0.001695,0.000157,0.9999793767929077,0.0,2e-06,0.001858,0.000191,1.000003457069397,nan,1000000
40299,0.0006551742553710938,1.0013562440872192,0.002649,0.002649,0.0,0.001714,0.000163,0.9999995231628418,0.0,2e-06,0.001858,0.000191,1.000003457069397,nan,1000000
40399,0.0010355710983276367,1.001894474029541,0.002817000000000014,0.002598,0.0,0.00185,0.000175,0.9999983310699463,0.0,2e-06,0.001858,0.000191,1.000003457069397,nan,1000000
40499,0.001065671443939209,1.000200629234314,0.0030220000000000247,0.002753,0.0,0.001861,0.00019,0.9999959468841553,0.0,2e-06,0.001858,0.000191,1.000003457069397,nan,1000000
40599,0.00038546323776245117,0.9995032548904419,0.002829,0.002829,0.0,0.001496,0.00016,0.9999938011169434,0.0,2e-06,0.001858,0.000191,1.000003457069397,nan,1000000
40699,7.843971252441406e-05,1.0000947713851929,0.002767,0.002767,0.0,0.001674,0.000166,0.9999881982803345,0.0,2e-06,0.001858,0.000191,1.000003457069397,nan,1000000
40799,0.0008379220962524414,1.0004490613937378,0.0029689999999999994,0.002597,0.0,0.001591,0.000163,0.999984860420227,0.0,2e-06,0.001858,0.000191,1.000003457069397,nan,1000000
40899,0.0002753734588623047,0.9991270303726196,0.0026560000000000004,0.002655,0.0,0.001655,0.000143,0.9999722242355347,0.0,2e-06,0.001858,0.000191,1.000003457069397,nan,1000000
40999,-0.0005113482475280762,1.0001286268234253,0.003078,0.003077,0.0,0.001667,0.000124,0.9999902248382568,0.0,2e-06,0.001858,0.000191,1.000003457069397,nan,1000000
41099,0.0008764564990997314,1.0003983974456787,0.003250000000000001,0.002398,0.0,0.00162,0.000141,0.999993085861206,0.0,2e-06,0.001858,0.000191,1.000003457069397,nan,1000000
41199,0.0005888640880584717,1.0002036094665527,0.002884000000000001,0.002476,0.0,0.001772,0.000151,0.9999954700469971,0.0,2e-06,0.001858,0.000191,1.000003457069397,nan,1000000
41299,-0.00017011165618896484,1.000529170036316,0.002918,0.002918,0.0,0.002285,0.000224,0.9999908208847046,0.0,2e-06,0.001858,0.000191,1.000003457069397,nan,1000000
41399,0.0008384883403778076,1.0013242959976196,0.002652,0.002652,0.0,0.001909,0.00019,0.9999924302101135,0.0,2e-06,0.001858,0.000191,1.000003457069397,nan,1000000
41499,0.0012129247188568115,1.0012218952178955,0.003056000000000003,0.002624,0.0,0.001793,0.000195,0.9999979734420776,0.0,2e-06,0.001858,0.000191,1.000003457069397,nan,1000000
41599,0.0007353425025939941,1.001711130142212,0.002911,0.002911,0.0,0.001929,0.000191,0.9999840259552002,0.0,2e-06,0.001858,0.000191,1.000003457069397,nan,1000000
41699,0.0005238652229309082,1.0000603199005127,0.002354,0.002354,0.0,0.001997,0.000194,0.9999995231628418,0.0,2e-06,0.001858,0.000191,1.000003457069397,nan,1000000
41799,0.0005894601345062256,0.9995319843292236,0.003103999999999999,0.001943,0.0,0.002021,0.000202,0.9999964237213135,0.0,2e-06,0.001858,0.000191,1.000003457069397,nan,1000000
41899,0.0005047321319580078,1.0003858804702759,0.00238,0.00238,0.0,0.001949,0.0002,0.9999986886978149,0.0,2e-06,0.001858,0.000191,1.000003457069397,nan,1000000
41999,0.0013025999069213867,1.0009585618972778,0.0031929999999999997,0.002089,0.0,0.002078,0.000219,0.9999963045120239,0.0,2e-06,0.001858,0.000191,1.000003457069397,nan,1000000
42099,0.0006695687770843506,1.0003790855407715,0.002551,0.002551,0.0,0.001997,0.000213,0.9999988079071045,0.0,2e-06,0.001858,0.000191,1.000003457069397,nan,1000000
42199,0.0009239017963409424,1.0014580488204956,0.0026309999999999997,0.002203,0.0,0.002094,0.000224,0.9999967813491821,0.0,2e-06,0.001858,0.000191,1.000003457069397,nan,1000000
42299,0.00025644898414611816,0.9991190433502197,0.002563,0.002563,0.0,0.001735,0.00017,0.9999953508377075,0.0,2e-06,0.001858,0.000191,1.000003457069397,nan,1000000
42399,0.0011678338050842285,1.0016725063323975,0.003273999999999999,0.002805,0.0,0.001876,0.00021,0.9999872446060181,0.0,2e-06,0.001858,0.000191,1.000003457069397,nan,1000000
42499,0.0006159842014312744,0.9993529915809631,0.002682,0.00268,0.0,0.001988,0.000216,0.9999938011169434,0.0,2e-06,0.001858,0.000191,1.000003457069397,nan,1000000
42599,0.001471489667892456,1.0022488832473755,0.0032300000000000106,0.003139,0.0,0.002027,0.000215,0.999997615814209,0.0,2e-06,0.001858,0.000191,1.000003457069397,nan,1000000
42699,0.0011851191520690918,1.0017688274383545,0.003119,0.003115,0.0,0.002087,0.000226,0.9999958276748657,0.0,2e-06,0.001858,0.000191,1.000003457069397,nan,1000000
42799,0.0013759136199951172,1.0012856721878052,0.0030060000000000087,0.002733,0.0,0.002075,0.000206,0.9999998807907104,0.0,2e-06,0.001858,0.000191,1.000003457069397,nan,1000000
42899,0.0002644658088684082,0.9996597170829773,0.003101,0.003101,0.0,0.002015,0.000209,0.9999984502792358,0.0,2e-06,0.001858,0.000191,1.000003457069397,nan,1000000
42999,0.0011645853519439697,1.000293493270874,0.0030340000000000367,0.002734,0.0,0.001966,0.000195,0.9999945163726807,0.0,2e-06,0.001858,0.000191,1.000003457069397,nan,1000000
43099,0.0007170736789703369,1.000085473060608,0.003008,0.003008,0.0,0.001768,0.000173,0.9999946355819702,0.0,2e-06,0.001858,0.000191,1.000003457069397,nan,1000000
43199,0.0005353093147277832,1.000951886177063,0.003094,0.003092,0.0,0.002169,0.000237,0.9999990463256836,0.0,2e-06,0.001858,0.000191,1.000003457069397,nan,1000000
43299,0.0007850229740142822,1.000816822052002,0.003367,0.003367,0.0,0.002269,0.000243,0.9999961853027344,0.0,2e-06,0.001858,0.000191,1.000003457069397,nan,1000000
43399,0.0009593069553375244,1.0015082359313965,0.0031980000000000003,0.003196,0.0,0.002084,0.000217,0.9999785423278809,0.0,2e-06,0.001858,0.000191,1.000003457069397,nan,1000000
43499,0.002195000648498535,1.0038297176361084,0.003972000000000031,0.002672,0.0,0.00202,0.000216,0.9999983310699463,0.0,2e-06,0.001858,0.000191,1.000003457069397,nan,1000000
43599,0.0009323060512542725,1.0019049644470215,0.002788,0.002788,0.0,0.001918,0.000185,0.9999979734420776,0.0,2e-06,0.001858,0.000191,1.000003457069397,nan,1000000
43699,0.0004862844944000244,0.9998639225959778,0.003069,0.003068,0.0,0.001981,0.000228,0.9999915957450867,0.0,2e-06,0.001858,0.000191,1.000003457069397,nan,1000000
43799,0.0014601647853851318,1.0016443729400635,0.0037739999999999996,0.002384,0.0,0.002122,0.000244,0.9999984502792358,0.0,2e-06,0.001858,0.000191,1.000003457069397,nan,1000000
43899,0.000984877347946167,1.0009841918945312,0.0025120000000000003,0.002445,0.0,0.001935,0.000207,0.9999998807907104,0.0,2e-06,0.001858,0.000191,1.000003457069397,nan,1000000
43999,0.0004974901676177979,1.00127375125885,0.003179,0.003175,0.0,0.002028,0.000242,0.9999995231628418,0.0,2e-06,0.001858,0.000191,1.000003457069397,nan,1000000
44099,0.0002961158752441406,0.9996949434280396,0.002608,0.002608,0.0,0.001924,0.000207,0.9999960660934448,0.0,2e-06,0.001858,0.000191,1.000003457069397,nan,1000000
44199,0.00016188621520996094,1.0006734132766724,0.002585,0.002585,0.0,0.0022,0.000243,0.9999908208847046,0.0,2e-06,0.001858,0.000191,1.000003457069397,nan,1000000
44299,0.0012919604778289795,1.0024996995925903,0.002567,0.002556,0.0,0.00219,0.000239,0.9999842643737793,0.0,2e-06,0.001858,0.000191,1.000003457069397,nan,1000000
44399,0.0010671615600585938,1.0020748376846313,0.0027400000000000002,0.00274,0.0,0.002099,0.00023,0.9999891519546509,0.0,2e-06,0.001858,0.000191,1.000003457069397,nan,1000000
44499,0.0006448030471801758,1.000450849533081,0.002662,0.002662,0.0,0.002222,0.000215,0.9999915361404419,0.0,2e-06,0.001858,0.000191,1.000003457069397,nan,1000000
44599,0.00010755658149719238,1.0005159378051758,0.002743,0.002742,0.0,0.001993,0.000226,0.9999947547912598,0.0,2e-06,0.001858,0.000191,1.000003457069397,nan,1000000
44699,0.0015816092491149902,1.0014649629592896,0.0038140000000000014,0.002321,0.0,0.001814,0.000189,0.9999997019767761,0.0,2e-06,0.001858,0.000191,1.000003457069397,nan,1000000
44799,0.001212388277053833,1.0012868642807007,0.0029000000000000137,0.002815,0.0,0.001835,0.000205,0.9999984502792358,0.0,2e-06,0.001858,0.000191,1.000003457069397,nan,1000000
44899,0.0009184479713439941,1.000770926475525,0.002707,0.002707,0.0,0.001822,0.000206,0.999985933303833,0.0,2e-06,0.001858,0.000191,1.000003457069397,nan,1000000
44999,0.0004736185073852539,1.0007259845733643,0.00305,0.003047,0.0,0.001926,0.000213,0.9999765157699585,0.0,2e-06,0.001858,0.000191,1.000003457069397,nan,1000000
45099,0.0007425248622894287,1.002676248550415,0.003234,0.003234,0.0,0.001878,0.000199,0.9999982118606567,0.0,2e-06,0.001858,0.000191,1.000003457069397,nan,1000000
45199,0.0008852779865264893,1.0010768175125122,0.002433,0.002433,0.0,0.00177,0.000176,0.9999903440475464,0.0,2e-06,0.001858,0.000191,1.000003457069397,nan,1000000
45299,0.0006909668445587158,1.0015214681625366,0.003162,0.003162,0.0,0.001902,0.000212,0.9999994039535522,0.0,2e-06,0.001858,0.000191,1.000003457069397,nan,1000000
45399,-0.0003765523433685303,0.9992246627807617,0.003328,0.003327,0.0,0.001979,0.000225,0.9999978542327881,0.0,2e-06,0.001858,0.000191,1.000003457069397,nan,1000000
45499,0.0013807415962219238,1.0022844076156616,0.002939999999999998,0.002582,0.0,0.002029,0.000231,0.9999957084655762,0.0,2e-06,0.001858,0.000191,1.000003457069397,nan,1000000
45599,0.0005943775177001953,1.0001128911972046,0.002573,0.002572,0.0,0.001882,0.000197,0.99998939037323,0.0,2e-06,0.001858,0.000191,1.000003457069397,nan,1000000
45699,0.0008855462074279785,1.0005141496658325,0.00279,0.00279,0.0,0.002009,0.000235,0.9999967813491821,0.0,2e-06,0.001858,0.000191,1.000003457069397,nan,1000000
45799,0.001201927661895752,1.001786708831787,0.002794,0.002794,0.0,0.001919,0.000217,0.9999963045120239,0.0,2e-06,0.001858,0.000191,1.000003457069397,nan,1000000
45899,0.0007432103157043457,1.000590443611145,0.002636,0.002636,0.0,0.00173,0.000176,0.9999966621398926,0.0,2e-06,0.001858,0.000191,1.000003457069397,nan,1000000
45999,0.0012213587760925293,1.0020416975021362,0.0028740000000000016,0.002557,0.0,0.001999,0.000213,0.9999947547912598,0.0,2e-06,0.001858,0.000191,1.000003457069397,nan,1000000
46099,0.0010058581829071045,1.0008833408355713,0.0030950000000000005,0.00265,0.0,0.002108,0.00024,0.9999982118606567,0.0,2e-06,0.001858,0.000191,1.000003457069397,nan,1000000
46199,0.00032326579093933105,1.0003395080566406,0.003496,0.003493,0.0,0.0018,0.000187,0.9999946355819702,0.0,2e-06,0.001858,0.000191,1.000003457069397,nan,1000000
46299,0.0010907351970672607,1.0012588500976562,0.003033,0.003031,0.0,0.001668,0.000161,0.9999983310699463,0.0,2e-06,0.001858,0.000191,1.000003457069397,nan,1000000
46399,-0.0007216036319732666,0.9984480142593384,0.0033919999999999996,0.003391,0.0,0.00185,0.000195,0.9999977946281433,0.0,2e-06,0.001858,0.000191,1.000003457069397,nan,1000000
46499,0.001013338565826416,1.0014899969100952,0.0028639999999999985,0.002853,0.0,0.001967,0.000217,0.9999979734420776,0.0,2e-06,0.001858,0.000191,1.000003457069397,nan,1000000
46599,0.0007507503032684326,1.000801920890808,0.0029759999999999995,0.002571,0.0,0.001854,0.00018,0.9999997615814209,0.0,2e-06,0.001858,0.000191,1.000003457069397,nan,1000000
46699,0.000790715217590332,1.0014159679412842,0.00295,0.002948,0.0,0.001851,0.000197,0.9999878406524658,0.0,2e-06,0.001858,0.000191,1.000003457069397,nan,1000000
46799,0.0006466507911682129,1.0021854639053345,0.003036,0.003036,0.0,0.002047,0.000224,0.9999967813491821,0.0,2e-06,0.001858,0.000191,1.000003457069397,nan,1000000
46899,0.0012430250644683838,1.0008023977279663,0.0031659999999999987,0.002611,0.0,0.002021,0.000239,0.9999968409538269,0.0,2e-06,0.001858,0.000191,1.000003457069397,nan,1000000
46999,0.00026848912239074707,0.9996130466461182,0.0028320000000000003,0.00283,0.0,0.002037,0.000244,0.9999927282333374,0.0,2e-06,0.001858,0.000191,1.000003457069397,nan,1000000
47099,0.0009168088436126709,1.0020866394042969,0.003572,0.003572,1e-06,0.001802,0.000174,1.0,0.0,2e-06,0.001858,0.000191,1.000003457069397,nan,1000000
47199,0.0009243190288543701,1.0006170272827148,0.003017,0.003017,0.0,0.001973,0.00023,0.9999957084655762,0.0,2e-06,0.001858,0.000191,1.000003457069397,nan,1000000
47299,0.0011522471904754639,1.0004006624221802,0.003762999999999999,0.002497,0.0,0.001692,0.000163,0.9999971389770508,0.0,2e-06,0.001858,0.000191,1.000003457069397,nan,1000000
47399,0.0012819170951843262,1.0006754398345947,0.0029590000000000033,0.002734,0.0,0.001962,0.000221,0.9999867677688599,0.0,2e-06,0.001858,0.000191,1.000003457069397,nan,1000000
47499,0.0010405480861663818,1.0003446340560913,0.002836000000000005,0.002782,0.0,0.001775,0.000175,0.9999997615814209,0.0,2e-06,0.001858,0.000191,1.000003457069397,nan,1000000
47599,0.0009999573230743408,1.000773549079895,0.00301499999999999,0.002855,0.0,0.002137,0.000256,0.9999982118606567,0.0,2e-06,0.001858,0.000191,1.000003457069397,nan,1000000
47699,0.0010568201541900635,1.001163125038147,0.0031180000000000027,0.002751,0.0,0.002092,0.000249,0.9999969005584717,0.0,2e-06,0.001858,0.000191,1.000003457069397,nan,1000000
47799,0.0011644363403320312,1.0024349689483643,0.003092,0.003092,0.0,0.00204,0.000225,0.9999992251396179,0.0,2e-06,0.001858,0.000191,1.000003457069397,nan,1000000
47899,-6.732344627380371e-05,0.9996200799942017,0.003145,0.003145,0.0,0.001938,0.000207,0.9999996423721313,0.0,2e-06,0.001858,0.000191,1.000003457069397,nan,1000000
47999,0.0013718605041503906,1.0020644664764404,0.0030120000000000147,0.00299,0.0,0.002017,0.000233,0.9999864101409912,0.0,2e-06,0.001858,0.000191,1.000003457069397,nan,1000000
48099,0.0007740259170532227,1.0008344650268555,0.003298,0.003298,0.0,0.002125,0.000244,0.999997615814209,0.0,2e-06,0.001858,0.000191,1.000003457069397,nan,1000000
48199,-0.00023090839385986328,0.9992166757583618,0.003822,0.003822,0.0,0.001889,0.000194,0.9999997615814209,0.0,2e-06,0.001858,0.000191,1.000003457069397,nan,1000000
48299,-0.00012314319610595703,1.0011560916900635,0.003346,0.003345,0.0,0.001878,0.000196,0.9999980926513672,0.0,2e-06,0.001858,0.000191,1.000003457069397,nan,1000000
48399,0.0004977285861968994,1.0002291202545166,0.002716,0.002716,0.0,0.001948,0.00021,0.9999948740005493,0.0,2e-06,0.001858,0.000191,1.000003457069397,nan,1000000
48499,3.6388635635375977e-05,1.0017603635787964,0.003359,0.003359,0.0,0.002169,0.000264,0.9999935626983643,0.0,2e-06,0.001858,0.000191,1.000003457069397,nan,1000000
48599,0.000324934720993042,1.0016127824783325,0.0032010000000000003,0.003201,0.0,0.002132,0.000259,0.9999997615814209,0.0,2e-06,0.001858,0.000191,1.000003457069397,nan,1000000
48699,0.0006413161754608154,1.001454472541809,0.00283,0.00283,0.0,0.002235,0.000257,0.9999954700469971,0.0,2e-06,0.001858,0.000191,1.000003457069397,nan,1000000
48799,0.0011089146137237549,1.0016554594039917,0.002674,0.002674,0.0,0.002069,0.000248,0.9999954700469971,0.0,2e-06,0.001858,0.000191,1.000003457069397,nan,1000000
48899,0.0007112622261047363,1.001266598701477,0.002731,0.002731,0.0,0.001923,0.00022,0.9999973773956299,0.0,2e-06,0.001858,0.000191,1.000003457069397,nan,1000000
48999,0.00021478533744812012,1.0012937784194946,0.003183,0.003183,0.0,0.002029,0.000251,0.9999977350234985,0.0,2e-06,0.001858,0.000191,1.000003457069397,nan,1000000
49099,0.0011314153671264648,1.0009688138961792,0.00268,0.002679,0.0,0.001788,0.000188,0.9999977946281433,0.0,2e-06,0.001858,0.000191,1.000003457069397,nan,1000000
49199,0.0009122788906097412,1.0004024505615234,0.002971,0.002971,0.0,0.001804,0.000192,0.9999943971633911,0.0,2e-06,0.001858,0.000191,1.000003457069397,nan,1000000
49299,0.0006279349327087402,1.0015829801559448,0.00345,0.003449,0.0,0.00202,0.000252,0.9999977350234985,0.0,2e-06,0.001858,0.000191,1.000003457069397,nan,1000000
49399,0.0004609525203704834,1.0005581378936768,0.003306,0.003304,0.0,0.001813,0.000189,0.9999964833259583,0.0,2e-06,0.001858,0.000191,1.000003457069397,nan,1000000
49499,0.00020620226860046387,0.9999599456787109,0.003447,0.003444,0.0,0.001877,0.000206,0.9999846816062927,0.0,2e-06,0.001858,0.000191,1.000003457069397,nan,1000000
49599,0.0005227923393249512,1.0018632411956787,0.0033090000000000003,0.003309,0.0,0.002119,0.000261,0.9999973773956299,0.0,2e-06,0.001858,0.000191,1.000003457069397,nan,1000000
49699,0.0006760358810424805,1.000236988067627,0.002831,0.002699,0.0,0.001957,0.000228,0.9999973773956299,0.0,2e-06,0.001858,0.000191,1.000003457069397,nan,1000000
49799,0.0008614957332611084,1.0029175281524658,0.003283,0.003283,0.0,0.00219,0.000275,0.9999973773956299,0.0,2e-06,0.001858,0.000191,1.000003457069397,nan,1000000
49899,0.00020316243171691895,1.000226378440857,0.002841,0.002841,0.0,0.001818,0.000188,0.999997615814209,0.0,2e-06,0.001858,0.000191,1.000003457069397,nan,1000000
49999,0.0007399022579193115,1.00092613697052,0.002773,0.002773,0.0,0.002047,0.000236,0.9999984502792358,0.0,2e-06,0.001858,0.000191,1.000003457069397,nan,1000000
50099,0.0008912384510040283,1.001117467880249,0.002805000000000002,0.002634,0.0,0.001759,0.000201,0.9999940395355225,0.0,2e-06,0.001858,0.000191,1.000003457069397,nan,1000000
50199,0.001069873571395874,1.0020508766174316,0.003163,0.003162,0.0,0.001909,0.000214,0.999991774559021,0.0,2e-06,0.001858,0.000191,1.000003457069397,nan,1000000
50299,0.001085132360458374,1.0029277801513672,0.003053,0.003052,0.0,0.001915,0.000216,0.9999990463256836,0.0,2e-06,0.001858,0.000191,1.000003457069397,nan,1000000
50399,0.00036016106605529785,1.0004020929336548,0.0029530000000000003,0.002951,0.0,0.001957,0.000219,0.9999983310699463,0.0,2e-06,0.001858,0.000191,1.000003457069397,nan,1000000
50499,0.0005438923835754395,1.0009212493896484,0.002918,0.002917,0.0,0.002117,0.000267,0.9999994039535522,0.0,2e-06,0.001858,0.000191,1.000003457069397,nan,1000000
50599,0.0003617405891418457,0.9995971322059631,0.002811,0.002811,0.0,0.002086,0.000244,0.9999969005584717,0.0,2e-06,0.001858,0.000191,1.000003457069397,nan,1000000
50699,0.0007178783416748047,1.00131356716156,0.003069,0.003068,0.0,0.001959,0.000225,0.9999959468841553,0.0,2e-06,0.001858,0.000191,1.000003457069397,nan,1000000
50799,0.00038063526153564453,0.9996486306190491,0.002734,0.002734,0.0,0.002027,0.000237,0.9999971389770508,0.0,2e-06,0.001858,0.000191,1.000003457069397,nan,1000000
50899,0.001134425401687622,1.0020105838775635,0.0030250000000000003,0.003022,0.0,0.00202,0.000238,0.9999979734420776,0.0,2e-06,0.001858,0.000191,1.000003457069397,nan,1000000
50999,0.0010996758937835693,1.0015124082565308,0.003713000000000001,0.002469,0.0,0.002188,0.000254,0.9999988079071045,0.0,2e-06,0.001858,0.000191,1.000003457069397,nan,1000000
51099,0.0001920759677886963,0.9999513626098633,0.003181,0.003181,0.0,0.002157,0.000256,0.9999949932098389,0.0,2e-06,0.001858,0.000191,1.000003457069397,nan,1000000
51199,0.0005740225315093994,1.0013887882232666,0.0034100000000000003,0.003409,0.0,0.001975,0.000227,0.9999958276748657,0.0,2e-06,0.001858,0.000191,1.000003457069397,nan,1000000
51299,0.00044164061546325684,1.00083589553833,0.003,0.003,0.0,0.002256,0.000274,0.9999933242797852,0.0,2e-06,0.001858,0.000191,1.000003457069397,nan,1000000
51399,0.0015521347522735596,1.0024608373641968,0.002922000000000001,0.002665,0.0,0.002053,0.000255,0.9999940395355225,0.0,2e-06,0.001858,0.000191,1.000003457069397,nan,1000000
51499,0.0007917284965515137,1.0022051334381104,0.003912,0.003911,0.0,0.00189,0.000218,0.9999989867210388,0.0,2e-06,0.001858,0.000191,1.000003457069397,nan,1000000
51599,0.0006271600723266602,1.0006686449050903,0.003496,0.003495,0.0,0.001984,0.000227,0.9999947547912598,0.0,2e-06,0.001858,0.000191,1.000003457069397,nan,1000000
51699,-0.00029027462005615234,1.000677466392517,0.003853,0.003848,0.0,0.001949,0.000212,0.9999963641166687,0.0,2e-06,0.001858,0.000191,1.000003457069397,nan,1000000
51799,0.0013974010944366455,1.0033090114593506,0.003304,0.003304,0.0,0.002207,0.000243,0.9999935626983643,0.0,2e-06,0.001858,0.000191,1.000003457069397,nan,1000000
51899,0.0007357597351074219,1.0013279914855957,0.003206,0.003206,0.0,0.002232,0.000235,0.9999955892562866,0.0,2e-06,0.001858,0.000191,1.000003457069397,nan,1000000
51999,0.00038623809814453125,0.999772310256958,0.003028,0.003028,0.0,0.001986,0.000222,0.9999995827674866,0.0,2e-06,0.001858,0.000191,1.000003457069397,nan,1000000
52099,0.00043660402297973633,0.9997814297676086,0.003086,0.003085,0.0,0.001873,0.000227,0.9999880790710449,0.0,2e-06,0.001858,0.000191,1.000003457069397,nan,1000000
52199,0.0009586513042449951,1.0006790161132812,0.0031,0.0031,0.0,0.002048,0.00023,0.9999992847442627,0.0,2e-06,0.001858,0.000191,1.000003457069397,nan,1000000
52299,0.0006532669067382812,1.0023599863052368,0.00292,0.00292,0.0,0.002189,0.000226,0.9999961256980896,0.0,2e-06,0.001858,0.000191,1.000003457069397,nan,1000000
52399,0.0008348524570465088,1.000465989112854,0.003080000000000001,0.002363,0.0,0.002005,0.000234,0.9999898672103882,0.0,2e-06,0.001858,0.000191,1.000003457069397,nan,1000000
52499,0.00074005126953125,1.0016833543777466,0.002683,0.002683,0.0,0.002033,0.000235,0.9999946355819702,0.0,2e-06,0.001858,0.000191,1.000003457069397,nan,1000000
52599,0.0005251169204711914,1.001219391822815,0.002833,0.002833,0.0,0.002148,0.000244,0.9999955892562866,0.0,2e-06,0.001858,0.000191,1.000003457069397,nan,1000000
52699,0.0003482699394226074,1.0005589723587036,0.002934,0.002934,0.0,0.001962,0.000224,0.9999949932098389,0.0,2e-06,0.001858,0.000191,1.000003457069397,nan,1000000
52799,0.0007312893867492676,1.0014113187789917,0.003267,0.003267,0.0,0.001957,0.000218,0.9999990463256836,0.0,2e-06,0.001858,0.000191,1.000003457069397,nan,1000000
52899,0.00041863322257995605,1.0016010999679565,0.003417,0.003417,0.0,0.002054,0.000224,0.9999960660934448,0.0,2e-06,0.001858,0.000191,1.000003457069397,nan,1000000
52999,0.0014533400535583496,1.0020636320114136,0.0029279999999999307,0.002917,0.0,0.001683,0.000189,0.9999978542327881,0.0,2e-06,0.001858,0.000191,1.000003457069397,nan,1000000
53099,0.0009936690330505371,1.0022802352905273,0.003122,0.00312,0.0,0.001822,0.000195,0.9999982118606567,0.0,2e-06,0.001858,0.000191,1.000003457069397,nan,1000000
53199,0.00029093027114868164,1.0004289150238037,0.003131,0.003129,0.0,0.001842,0.000198,0.9999948740005493,0.0,2e-06,0.001858,0.000191,1.000003457069397,nan,1000000
53299,0.0005649328231811523,1.0015404224395752,0.002966,0.002966,0.0,0.002029,0.000235,0.9999716877937317,0.0,2e-06,0.001858,0.000191,1.000003457069397,nan,1000000
53399,0.0012280046939849854,1.0012860298156738,0.0034940000000000006,0.002569,0.0,0.001991,0.000224,0.9999979734420776,0.0,2e-06,0.001858,0.000191,1.000003457069397,nan,1000000
53499,0.0011320710182189941,1.0019875764846802,0.003744000000000001,0.002542,0.0,0.001832,0.000203,0.9999970197677612,0.0,2e-06,0.001858,0.000191,1.000003457069397,nan,1000000
53599,0.0016737580299377441,1.0019094944000244,0.004119999999999999,0.002397,0.0,0.002196,0.000251,0.9999969601631165,0.0,2e-06,0.001858,0.000191,1.000003457069397,nan,1000000
53699,0.0005949437618255615,1.0022244453430176,0.003261,0.003261,0.0,0.002138,0.000241,0.9999961256980896,0.0,2e-06,0.001858,0.000191,1.000003457069397,nan,1000000
53799,0.00026288628578186035,1.000441312789917,0.00344,0.00344,0.0,0.002063,0.000232,0.9999971389770508,0.0,2e-06,0.001858,0.000191,1.000003457069397,nan,1000000
53899,0.0017472803592681885,1.003358006477356,0.003134,0.003134,0.0,0.002103,0.000241,0.9999969005584717,0.0,2e-06,0.001858,0.000191,1.000003457069397,nan,1000000
53999,0.0009679496288299561,1.0019631385803223,0.002888,0.002887,0.0,0.002007,0.000235,0.9999995231628418,0.0,2e-06,0.001858,0.000191,1.000003457069397,nan,1000000
54099,0.0017547309398651123,1.0008258819580078,0.004154000000000019,0.002654,0.0,0.00198,0.000241,0.9999992847442627,0.0,2e-06,0.001858,0.000191,1.000003457069397,nan,1000000
54199,0.0009760260581970215,1.0011199712753296,0.003202,0.002548,0.0,0.002205,0.000232,0.9999996423721313,0.0,2e-06,0.001858,0.000191,1.000003457069397,nan,1000000
54299,0.0006053149700164795,1.0019757747650146,0.003163,0.003163,0.0,0.002052,0.000248,0.9999923706054688,0.0,2e-06,0.001858,0.000191,1.000003457069397,nan,1000000
54399,0.0005737543106079102,1.001335620880127,0.0031680000000000002,0.003168,0.0,0.002022,0.000236,0.9999988675117493,0.0,2e-06,0.001858,0.000191,1.000003457069397,nan,1000000
54499,0.0009608566761016846,1.001564621925354,0.003022,0.003022,0.0,0.001954,0.00023,0.9999961853027344,0.0,2e-06,0.001858,0.000191,1.000003457069397,nan,1000000
54599,0.0013090074062347412,1.001727819442749,0.003361000000000003,0.002767,0.0,0.00217,0.000255,0.9999946355819702,0.0,2e-06,0.001858,0.000191,1.000003457069397,nan,1000000
54699,0.0007758438587188721,1.0020545721054077,0.003738,0.003737,0.0,0.001913,0.000215,0.9999936819076538,0.0,2e-06,0.001858,0.000191,1.000003457069397,nan,1000000
54799,6.878376007080078e-05,1.0003505945205688,0.003315,0.003314,0.0,0.002004,0.000243,0.9999891519546509,0.0,2e-06,0.001858,0.000191,1.000003457069397,nan,1000000
54899,0.0011758208274841309,1.0011481046676636,0.004518000000000001,0.002432,0.0,0.002094,0.000244,0.9999998807907104,0.0,2e-06,0.001858,0.000191,1.000003457069397,nan,1000000
54999,0.001073300838470459,1.0025591850280762,0.003017,0.003017,0.0,0.002438,0.000263,0.9999961256980896,0.0,2e-06,0.001858,0.000191,1.000003457069397,nan,1000000
55099,0.0007238686084747314,1.0011465549468994,0.003186,0.003186,0.0,0.002366,0.000256,0.9999995231628418,0.0,2e-06,0.001858,0.000191,1.000003457069397,nan,1000000
55199,0.0009971559047698975,1.0002487897872925,0.0037250000000000026,0.002776,0.0,0.002303,0.000262,0.9999991655349731,0.0,2e-06,0.001858,0.000191,1.000003457069397,nan,1000000
55299,0.001620471477508545,1.0015863180160522,0.0034310000000000174,0.003162,0.0,0.002265,0.000261,0.9999977350234985,0.0,2e-06,0.001858,0.000191,1.000003457069397,nan,1000000
55399,0.0002575516700744629,1.0006012916564941,0.003271,0.003271,0.0,0.002278,0.000282,0.9999970197677612,0.0,2e-06,0.001858,0.000191,1.000003457069397,nan,1000000
55499,0.0013633966445922852,1.0023030042648315,0.003403,0.003402,0.0,0.002259,0.000275,0.9999973773956299,0.0,2e-06,0.001858,0.000191,1.000003457069397,nan,1000000
55599,0.0011767745018005371,1.0011199712753296,0.003085,0.003085,0.0,0.00202,0.000262,0.9999999403953552,0.0,2e-06,0.001858,0.000191,1.000003457069397,nan,1000000
55699,0.0006260871887207031,1.0016499757766724,0.003058,0.003058,0.0,0.002392,0.000265,0.9999998211860657,0.0,2e-06,0.001858,0.000191,1.000003457069397,nan,1000000
55799,0.0009382963180541992,1.0006853342056274,0.003209,0.002521,0.0,0.002117,0.000283,0.999987006187439,0.0,2e-06,0.001858,0.000191,1.000003457069397,nan,1000000
55899,0.0007819831371307373,1.000981330871582,0.002902,0.0029,0.0,0.001944,0.000252,0.9999902248382568,0.0,2e-06,0.001858,0.000191,1.000003457069397,nan,1000000
55999,0.0010794103145599365,1.0013935565948486,0.002666,0.002666,1e-06,0.002104,0.000275,1.0,0.0,2e-06,0.001858,0.000191,1.000003457069397,nan,1000000
56099,0.0008880496025085449,1.001879334449768,0.002667,0.002667,0.0,0.002191,0.000281,0.9999999403953552,0.0,2e-06,0.001858,0.000191,1.000003457069397,nan,1000000
56199,0.0009847581386566162,1.0020328760147095,0.0029990000000000017,0.002524,0.0,0.001982,0.00026,0.9999980926513672,0.0,2e-06,0.001858,0.000191,1.000003457069397,nan,1000000
56299,0.000621497631072998,1.0002703666687012,0.0027,0.0027,0.0,0.001997,0.000259,0.9999810457229614,0.0,2e-06,0.001858,0.000191,1.000003457069397,nan,1000000
56399,0.0010425150394439697,1.0021265745162964,0.0031530000000000013,0.002487,0.0,0.002106,0.000277,0.9999897480010986,0.0,2e-06,0.001858,0.000191,1.000003457069397,nan,1000000
56499,0.0009371936321258545,1.0017011165618896,0.0027660000000000002,0.002765,0.0,0.002036,0.000257,0.9999992847442627,0.0,2e-06,0.001858,0.000191,1.000003457069397,nan,1000000
56599,0.0003800690174102783,1.000306487083435,0.0028450000000000003,0.002545,0.0,0.001967,0.000252,0.9999852180480957,0.0,2e-06,0.001858,0.000191,1.000003457069397,nan,1000000
56699,0.0004972219467163086,1.001083254814148,0.00322,0.003219,0.0,0.002085,0.000253,0.9999995231628418,0.0,2e-06,0.001858,0.000191,1.000003457069397,nan,1000000
56799,0.000657886266708374,1.0010794401168823,0.003088,0.003088,0.0,0.001946,0.000247,0.9999949932098389,0.0,2e-06,0.001858,0.000191,1.000003457069397,nan,1000000
56899,0.0007951855659484863,1.0021973848342896,0.002673,0.002673,0.0,0.002137,0.000274,0.9999915361404419,0.0,2e-06,0.001858,0.000191,1.000003457069397,nan,1000000
56999,0.0004546642303466797,1.0009080171585083,0.003119,0.003118,0.0,0.002188,0.00029,0.9999992251396179,0.0,2e-06,0.001858,0.000191,1.000003457069397,nan,1000000
57099,0.0008289515972137451,1.002480387687683,0.003173,0.003173,0.0,0.002054,0.000254,0.999992847442627,0.0,2e-06,0.001858,0.000191,1.000003457069397,nan,1000000
57199,0.0008551478385925293,1.0008704662322998,0.002653,0.002653,0.0,0.001946,0.000252,0.9999997019767761,0.0,2e-06,0.001858,0.000191,1.000003457069397,nan,1000000
57299,0.0010435879230499268,1.0011259317398071,0.002655,0.002654,0.0,0.001603,0.000157,0.9999964237213135,0.0,2e-06,0.001858,0.000191,1.000003457069397,nan,1000000
57399,0.0012166202068328857,1.001310110092163,0.002725,0.002725,0.0,0.00195,0.000237,0.9999940395355225,0.0,2e-06,0.001858,0.000191,1.000003457069397,nan,1000000
57499,0.00057944655418396,1.0007985830307007,0.002813,0.002813,0.0,0.001912,0.000225,0.9999997615814209,0.0,2e-06,0.001858,0.000191,1.000003457069397,nan,1000000
57599,0.00037914514541625977,1.0007529258728027,0.003052,0.003051,0.0,0.001971,0.000219,0.9999997615814209,0.0,2e-06,0.001858,0.000191,1.000003457069397,nan,1000000
57699,0.001391083002090454,1.0016762018203735,0.0033609999999999994,0.002596,0.0,0.002151,0.000262,0.9999947547912598,0.0,2e-06,0.001858,0.000191,1.000003457069397,nan,1000000
57799,0.0009806156158447266,1.0008050203323364,0.003204000000000002,0.002668,0.0,0.002133,0.000253,0.9999992847442627,0.0,2e-06,0.001858,0.000191,1.000003457069397,nan,1000000
57899,0.0008754432201385498,0.9998822808265686,0.00315,0.002647,0.0,0.001997,0.000223,0.9999995231628418,0.0,2e-06,0.001858,0.000191,1.000003457069397,nan,1000000
57999,0.0010445117950439453,1.0022187232971191,0.003001,0.002522,0.0,0.002112,0.00026,0.9999988079071045,0.0,2e-06,0.001858,0.000191,1.000003457069397,nan,1000000
58099,0.0003330111503601074,1.0003498792648315,0.0026390000000000003,0.002638,0.0,0.002346,0.000278,0.9999993443489075,0.0,2e-06,0.001858,0.000191,1.000003457069397,nan,1000000
58199,0.0017320811748504639,1.0020424127578735,0.0033070000000000044,0.002563,0.0,0.002138,0.000259,0.9999977350234985,0.0,2e-06,0.001858,0.000191,1.000003457069397,nan,1000000
58299,0.0010030567646026611,1.0015097856521606,0.002702,0.002701,0.0,0.002259,0.000251,0.9999902844429016,0.0,2e-06,0.001858,0.000191,1.000003457069397,nan,1000000
58399,0.0002321302890777588,1.000623345375061,0.0034050000000000018,0.00251,0.0,0.002254,0.000251,0.9999997019767761,0.0,2e-06,0.001858,0.000191,1.000003457069397,nan,1000000
58499,7.277727127075195e-05,1.0003166198730469,0.00296,0.00296,0.0,0.00228,0.000271,0.9999991655349731,0.0,2e-06,0.001858,0.000191,1.000003457069397,nan,1000000
58599,0.0013233423233032227,1.001921534538269,0.002768,0.002768,0.0,0.002171,0.000261,0.9999999403953552,0.0,2e-06,0.001858,0.000191,1.000003457069397,nan,1000000
58699,0.00026923418045043945,1.0004361867904663,0.0031650000000000003,0.003165,0.0,0.002098,0.00027,0.999997615814209,0.0,2e-06,0.001858,0.000191,1.000003457069397,nan,1000000
58799,0.0006541311740875244,1.0012261867523193,0.003014,0.003014,0.0,0.001961,0.000235,0.999994158744812,0.0,2e-06,0.001858,0.000191,1.000003457069397,nan,1000000
58899,0.001324474811553955,1.0025326013565063,0.002682,0.002682,0.0,0.002141,0.000266,0.9999995231628418,0.0,2e-06,0.001858,0.000191,1.000003457069397,nan,1000000
58999,-2.849102020263672e-05,1.0005216598510742,0.002831,0.002831,0.0,0.001985,0.000239,0.9999947547912598,0.0,2e-06,0.001858,0.000191,1.000003457069397,nan,1000000
59099,0.0010510385036468506,1.000896692276001,0.002687,0.002439,0.0,0.002127,0.000258,0.9999970197677612,0.0,2e-06,0.001858,0.000191,1.000003457069397,nan,1000000
59199,0.00043398141860961914,1.0003278255462646,0.002504,0.002504,0.0,0.001933,0.000257,0.9999998211860657,0.0,2e-06,0.001858,0.000191,1.000003457069397,nan,1000000
59299,0.0013724267482757568,1.0025126934051514,0.002591,0.002591,0.0,0.002336,0.000269,0.9999992847442627,0.0,2e-06,0.001858,0.000191,1.000003457069397,nan,1000000
59399,0.0009833276271820068,1.0020214319229126,0.002586,0.002586,0.0,0.002145,0.000267,0.9999910593032837,0.0,2e-06,0.001858,0.000191,1.000003457069397,nan,1000000
59499,0.0008403658866882324,1.0013303756713867,0.0027340000000000003,0.002734,0.0,0.002155,0.000249,0.9999974966049194,0.0,2e-06,0.001858,0.000191,1.000003457069397,nan,1000000
59599,0.0006016790866851807,1.001492977142334,0.002462,0.002462,0.0,0.002195,0.000261,0.9999979734420776,0.0,2e-06,0.001858,0.000191,1.000003457069397,nan,1000000
59699,0.0008849203586578369,1.0021175146102905,0.002506,0.002506,0.0,0.002101,0.000257,0.9999984502792358,0.0,2e-06,0.001858,0.000191,1.000003457069397,nan,1000000
59799,0.00014123320579528809,1.000411868095398,0.0026810000000000002,0.00268,0.0,0.0019,0.000223,0.9999997615814209,0.0,2e-06,0.001858,0.000191,1.000003457069397,nan,1000000
59899,0.0009876787662506104,1.0008491277694702,0.0028190000000000003,0.002225,0.0,0.002023,0.000248,0.999998927116394,0.0,2e-06,0.001858,0.000191,1.000003457069397,nan,1000000
59999,0.0009858012199401855,1.0012065172195435,0.002477,0.002475,0.0,0.002154,0.000246,0.999995231628418,0.0,2e-06,0.001858,0.000191,1.000003457069397,nan,1000000
60099,0.0005542635917663574,1.0026922225952148,0.002687,0.002687,0.0,0.002043,0.000247,0.9999957084655762,0.0,2e-06,0.001858,0.000191,1.000003457069397,nan,1000000
60199,0.000469893217086792,1.0020663738250732,0.002446,0.002446,0.0,0.002359,0.000281,0.9999853372573853,0.0,2e-06,0.001858,0.000191,1.000003457069397,nan,1000000
60299,0.0005435943603515625,1.000192403793335,0.002446,0.002446,0.0,0.001998,0.000252,0.9999985694885254,0.0,2e-06,0.001858,0.000191,1.000003457069397,nan,1000000
60399,0.00021284818649291992,0.9999192953109741,0.002653,0.002653,1e-06,0.002011,0.000238,1.0,0.0,2e-06,0.001858,0.000191,1.000003457069397,nan,1000000
60499,0.0004868507385253906,1.0012273788452148,0.0025150000000000003,0.002513,0.0,0.002203,0.000251,0.9999995231628418,0.0,2e-06,0.001858,0.000191,1.000003457069397,nan,1000000
60599,0.0002664029598236084,0.9990786910057068,0.002354,0.002353,0.0,0.002031,0.00024,0.9999992251396179,0.0,2e-06,0.001858,0.000191,1.000003457069397,nan,1000000
60699,0.0012857615947723389,1.0014179944992065,0.004152000000000001,0.002181,0.0,0.002452,0.000284,0.9999973773956299,0.0,2e-06,0.001858,0.000191,1.000003457069397,nan,1000000
60799,0.0009930133819580078,1.0007708072662354,0.002765,0.002204,0.0,0.002353,0.000255,0.999997615814209,0.0,2e-06,0.001858,0.000191,1.000003457069397,nan,1000000
60899,0.001886218786239624,1.0022929906845093,0.004071,0.002011,0.0,0.002386,0.000231,0.9999915361404419,0.0,2e-06,0.001858,0.000191,1.000003457069397,nan,1000000
60999,0.0007766187191009521,1.0015382766723633,0.002245,0.002245,0.0,0.002242,0.00024,0.9999921321868896,0.0,2e-06,0.001858,0.000191,1.000003457069397,nan,1000000
61099,0.0004037022590637207,1.0006963014602661,0.002316,0.002316,0.0,0.002165,0.000227,0.9999992847442627,0.0,2e-06,0.001858,0.000191,1.000003457069397,nan,1000000
61199,9.906291961669922e-05,1.001531720161438,0.0023420000000000003,0.002342,0.0,0.002104,0.000235,0.99998939037323,0.0,2e-06,0.001858,0.000191,1.000003457069397,nan,1000000
61299,0.0005922615528106689,1.001178503036499,0.0022970000000000004,0.002145,0.0,0.002139,0.000229,0.9999973177909851,0.0,2e-06,0.001858,0.000191,1.000003457069397,nan,1000000
61399,0.0008972585201263428,0.999998927116394,0.0023029999999999995,0.002106,1e-06,0.002278,0.000252,1.0,0.0,2e-06,0.001858,0.000191,1.000003457069397,nan,1000000
61499,0.001365363597869873,1.0014125108718872,0.0027710000000000234,0.00227,0.0,0.002075,0.00024,0.9999899864196777,0.0,2e-06,0.001858,0.000191,1.000003457069397,nan,1000000
61599,0.0008133649826049805,1.0002120733261108,0.0022999999999999687,0.002292,0.0,0.002294,0.000237,0.9999934434890747,0.0,2e-06,0.001858,0.000191,1.000003457069397,nan,1000000
61699,9.444355964660645e-05,1.0013248920440674,0.0034319999999999997,0.003429,0.0,0.002082,0.000238,0.9999896287918091,0.0,2e-06,0.001858,0.000191,1.000003457069397,nan,1000000
61799,0.0010959804058074951,1.0022377967834473,0.0022629999999999595,0.002085,0.0,0.002483,0.000284,0.9999977350234985,0.0,2e-06,0.001858,0.000191,1.000003457069397,nan,1000000
61899,0.0012760162353515625,1.0030272006988525,0.0023829999999999997,0.00211,0.0,0.002152,0.000253,0.9999971389770508,0.0,2e-06,0.001858,0.000191,1.000003457069397,nan,1000000
61999,0.000625312328338623,1.001708984375,0.002389,0.002388,0.0,0.002428,0.000264,0.9999973773956299,0.0,2e-06,0.001858,0.000191,1.000003457069397,nan,1000000
62099,9.998679161071777e-05,1.0002671480178833,0.00223,0.00223,0.0,0.002282,0.000256,0.9999990463256836,0.0,2e-06,0.001858,0.000191,1.000003457069397,nan,1000000
62199,0.0008591711521148682,1.0020389556884766,0.002754,0.002754,0.0,0.002296,0.000247,0.9999954700469971,0.0,2e-06,0.001858,0.000191,1.000003457069397,nan,1000000
62299,0.0013238489627838135,1.0005837678909302,0.0030739999999999934,0.002104,0.0,0.001967,0.000241,0.9999983310699463,0.0,2e-06,0.001858,0.000191,1.000003457069397,nan,1000000
62399,0.0006906390190124512,1.001029372215271,0.002507,0.002507,0.0,0.002132,0.000247,0.9999960660934448,0.0,2e-06,0.001858,0.000191,1.000003457069397,nan,1000000
62499,0.0005972683429718018,1.0015534162521362,0.002611,0.002611,0.0,0.002262,0.000248,0.9999968409538269,0.0,2e-06,0.001858,0.000191,1.000003457069397,nan,1000000
62599,0.0011610090732574463,1.0025259256362915,0.002489999999999999,0.002299,0.0,0.002191,0.000266,0.9999957084655762,0.0,2e-06,0.001858,0.000191,1.000003457069397,nan,1000000
62699,0.000707477331161499,1.0015326738357544,0.002332,0.002331,0.0,0.002431,0.000264,0.9999953508377075,0.0,2e-06,0.001858,0.000191,1.000003457069397,nan,1000000
62799,0.0009149014949798584,1.001810908317566,0.002726000000000001,0.002226,0.0,0.001709,0.000177,0.9999992847442627,0.0,2e-06,0.001858,0.000191,1.000003457069397,nan,1000000
62899,3.489851951599121e-05,0.9998490214347839,0.002256,0.002256,0.0,0.00155,0.000161,0.9999868869781494,0.0,2e-06,0.001858,0.000191,1.000003457069397,nan,1000000
62999,0.0002670884132385254,0.999018669128418,0.0029779999999999997,0.002305,0.0,0.002018,0.000229,0.9999990463256836,0.0,2e-06,0.001858,0.000191,1.000003457069397,nan,1000000
63099,0.0010750293731689453,1.0006904602050781,0.0028870000000000284,0.002219,0.0,0.002021,0.000239,0.9999847412109375,0.0,2e-06,0.001858,0.000191,1.000003457069397,nan,1000000
63199,0.0006291568279266357,0.9994107484817505,0.00262100000000004,0.001997,0.0,0.002055,0.00024,0.9999974966049194,0.0,2e-06,0.001858,0.000191,1.000003457069397,nan,1000000
63299,0.0006429553031921387,1.0005863904953003,0.002281,0.002281,0.0,0.001854,0.000214,0.999998927116394,0.0,2e-06,0.001858,0.000191,1.000003457069397,nan,1000000
63399,0.0009666383266448975,1.0010058879852295,0.0023940000000000003,0.001992,0.0,0.001856,0.000218,0.9999974966049194,0.0,2e-06,0.001858,0.000191,1.000003457069397,nan,1000000
63499,0.001170426607131958,1.0013197660446167,0.002921,0.00193,0.0,0.00171,0.000176,0.9999948740005493,0.0,2e-06,0.001858,0.000191,1.000003457069397,nan,1000000
63599,0.0011041462421417236,1.001953363418579,0.003530000000000002,0.001775,0.0,0.001648,0.00016,0.9999922513961792,0.0,2e-06,0.001858,0.000191,1.000003457069397,nan,1000000
63699,0.0013735592365264893,1.0027425289154053,0.002876999999999963,0.002456,0.0,0.002103,0.000237,0.9999995231628418,0.0,2e-06,0.001858,0.000191,1.000003457069397,nan,1000000
63799,0.0009323358535766602,1.0021116733551025,0.002429,0.002429,0.0,0.002021,0.000234,0.9999953508377075,0.0,2e-06,0.001858,0.000191,1.000003457069397,nan,1000000
63899,0.00017338991165161133,1.0009825229644775,0.002303,0.002303,0.0,0.001843,0.000211,0.9999959468841553,0.0,2e-06,0.001858,0.000191,1.000003457069397,nan,1000000
63999,0.0011255443096160889,1.0012710094451904,0.0027719999999999967,0.002188,0.0,0.00204,0.000246,0.9999974370002747,0.0,2e-06,0.001858,0.000191,1.000003457069397,nan,1000000
64099,0.0010551214218139648,1.000385046005249,0.0039009999999999982,0.00191,0.0,0.002048,0.000239,0.9999920129776001,0.0,2e-06,0.001858,0.000191,1.000003457069397,nan,1000000
64199,0.00070229172706604,1.0018813610076904,0.002394,0.002394,0.0,0.002099,0.000252,0.9999997615814209,0.0,2e-06,0.001858,0.000191,1.000003457069397,nan,1000000
64299,0.0009152591228485107,1.0013607740402222,0.002424,0.002424,0.0,0.002356,0.000272,0.9999988079071045,0.0,2e-06,0.001858,0.000191,1.000003457069397,nan,1000000
64399,0.0010914206504821777,1.002789855003357,0.0037410000000000013,0.001752,0.0,0.002079,0.000237,0.9999948740005493,0.0,2e-06,0.001858,0.000191,1.000003457069397,nan,1000000
64499,0.0009880363941192627,1.0017571449279785,0.002648000000000001,0.002157,0.0,0.002275,0.000274,0.9999901056289673,0.0,2e-06,0.001858,0.000191,1.000003457069397,nan,1000000
64599,0.0008627772331237793,1.0010188817977905,0.0022260000000000058,0.002134,0.0,0.002363,0.000266,0.9999829530715942,0.0,2e-06,0.001858,0.000191,1.000003457069397,nan,1000000
64699,0.0012530982494354248,1.0005334615707397,0.0030150000000000454,0.002149,0.0,0.002406,0.000277,0.9999988079071045,0.0,2e-06,0.001858,0.000191,1.000003457069397,nan,1000000
64799,0.0008722245693206787,1.0021942853927612,0.002259,0.002259,0.0,0.002074,0.000229,0.9999920129776001,0.0,2e-06,0.001858,0.000191,1.000003457069397,nan,1000000
64899,0.0016363859176635742,1.0025966167449951,0.003451999999999955,0.002376,0.0,0.00231,0.000273,0.9999978542327881,0.0,2e-06,0.001858,0.000191,1.000003457069397,nan,1000000
64999,0.0012581050395965576,1.0014140605926514,0.002815999999999985,0.002272,0.0,0.002356,0.000265,0.9999995231628418,0.0,2e-06,0.001858,0.000191,1.000003457069397,nan,1000000
65099,4.9054622650146484e-05,0.9994179010391235,0.002645,0.002644,0.0,0.002102,0.000244,0.999998152256012,0.0,2e-06,0.001858,0.000191,1.000003457069397,nan,1000000
65199,0.0003877878189086914,0.9998644590377808,0.0023940000000000003,0.002392,0.0,0.002083,0.00024,0.9999959468841553,0.0,2e-06,0.001858,0.000191,1.000003457069397,nan,1000000
65299,0.0009908080101013184,1.0018341541290283,0.0030640000000000008,0.001955,0.0,0.002199,0.000262,0.9999977350234985,0.0,2e-06,0.001858,0.000191,1.000003457069397,nan,1000000
65399,0.0009956061840057373,1.0011277198791504,0.0023130000000000095,0.002026,0.0,0.002418,0.00028,0.9999927282333374,0.0,2e-06,0.001858,0.000191,1.000003457069397,nan,1000000
65499,0.00034683942794799805,1.0011173486709595,0.002237,0.002237,0.0,0.002454,0.000288,0.999998927116394,0.0,2e-06,0.001858,0.000191,1.000003457069397,nan,1000000
65599,0.001008361577987671,1.0009053945541382,0.002614000000000005,0.00197,0.0,0.002041,0.000246,0.9999904632568359,0.0,2e-06,0.001858,0.000191,1.000003457069397,nan,1000000
65699,-0.00014859437942504883,0.9993542432785034,0.002216,0.002216,0.0,0.002304,0.000274,0.9999970197677612,0.0,2e-06,0.001858,0.000191,1.000003457069397,nan,1000000
65799,-0.00018018484115600586,0.999872624874115,0.002299,0.002298,0.0,0.002061,0.000222,0.9999861121177673,0.0,2e-06,0.001858,0.000191,1.000003457069397,nan,1000000
65899,3.451108932495117e-05,1.0001847743988037,0.002073,0.002073,0.0,0.002328,0.000272,0.999990701675415,0.0,2e-06,0.001858,0.000191,1.000003457069397,nan,1000000
65999,0.0003228187561035156,1.0008245706558228,0.0026370000000000005,0.002096,0.0,0.002254,0.000278,0.9999957084655762,0.0,2e-06,0.001858,0.000191,1.000003457069397,nan,1000000
66099,0.0011205077171325684,1.0014821290969849,0.002594999999999986,0.002025,0.0,0.002513,0.000284,0.9999973773956299,0.0,2e-06,0.001858,0.000191,1.000003457069397,nan,1000000
66199,0.0008278489112854004,1.000404715538025,0.0025670000000000137,0.002026,0.0,0.001972,0.00024,0.9999970197677612,0.0,2e-06,0.001858,0.000191,1.000003457069397,nan,1000000
66299,0.0007456839084625244,1.0014182329177856,0.002367,0.002367,0.0,0.002083,0.000231,0.9999955892562866,0.0,2e-06,0.001858,0.000191,1.000003457069397,nan,1000000
66399,0.00161781907081604,1.002328872680664,0.0030890000000000084,0.002204,0.0,0.002178,0.000255,0.999995231628418,0.0,2e-06,0.001858,0.000191,1.000003457069397,nan,1000000
66499,0.0006203353404998779,0.9998300671577454,0.002037,0.002037,0.0,0.001877,0.000213,0.9999984502792358,0.0,2e-06,0.001858,0.000191,1.000003457069397,nan,1000000
66599,0.0012317299842834473,1.002298355102539,0.002538999999999958,0.002417,0.0,0.002264,0.000248,0.9999936819076538,0.0,2e-06,0.001858,0.000191,1.000003457069397,nan,1000000
66699,0.001110464334487915,1.0020281076431274,0.0027510000000000034,0.002079,0.0,0.002592,0.000287,0.9999964237213135,0.0,2e-06,0.001858,0.000191,1.000003457069397,nan,1000000
66799,0.0009613335132598877,1.001295804977417,0.0021930000000000005,0.002106,0.0,0.002263,0.000283,0.999996542930603,0.0,2e-06,0.001858,0.000191,1.000003457069397,nan,1000000
66899,0.0010684728622436523,1.0016412734985352,0.0020509999999999973,0.001835,0.0,0.001929,0.000214,0.9999921321868896,0.0,2e-06,0.001858,0.000191,1.000003457069397,nan,1000000
66999,0.0005045235157012939,1.0004937648773193,0.00206,0.00206,0.0,0.002066,0.000238,0.9999947547912598,0.0,2e-06,0.001858,0.000191,1.000003457069397,nan,1000000
67099,0.0002798736095428467,1.0000290870666504,0.0019850000000000007,0.001855,0.0,0.001961,0.0002,0.9999958276748657,0.0,2e-06,0.001858,0.000191,1.000003457069397,nan,1000000
67199,0.0012774467468261719,1.000312328338623,0.003039000000000014,0.001996,0.0,0.002014,0.000221,0.9999985694885254,0.0,2e-06,0.001858,0.000191,1.000003457069397,nan,1000000
67299,0.0010314583778381348,0.9997648596763611,0.002822999999999999,0.001537,0.0,0.001822,0.00019,0.9999986886978149,0.0,2e-06,0.001858,0.000191,1.000003457069397,nan,1000000
67399,0.00036662817001342773,1.0007551908493042,0.002960000000000001,0.001515,0.0,0.001981,0.000223,0.9999915361404419,0.0,2e-06,0.001858,0.000191,1.000003457069397,nan,1000000
67499,0.0016834437847137451,1.0030429363250732,0.003162,0.001226,0.0,0.002063,0.000254,0.9999982714653015,0.0,2e-06,0.001858,0.000191,1.000003457069397,nan,1000000
67599,0.0015711188316345215,1.0019230842590332,0.003974999999999999,0.001203,1e-06,0.001892,0.000219,1.0,0.0,2e-06,0.001858,0.000191,1.000003457069397,nan,1000000
67699,0.0011075735092163086,0.9998544454574585,0.0041080000000000005,0.001183,0.0,0.001973,0.000234,0.9999958276748657,0.0,2e-06,0.001858,0.000191,1.000003457069397,nan,1000000
67799,0.0007346868515014648,1.0018212795257568,0.001685999999999993,0.001503,0.0,0.002175,0.000265,0.9999988079071045,0.0,2e-06,0.001858,0.000191,1.000003457069397,nan,1000000
67899,0.0005227029323577881,1.0006245374679565,0.001753,0.001753,0.0,0.002235,0.000272,0.9999996423721313,0.0,2e-06,0.001858,0.000191,1.000003457069397,nan,1000000
67999,0.001321643590927124,1.0019893646240234,0.002935000000000021,0.001878,0.0,0.001923,0.000226,0.9999961853027344,0.0,2e-06,0.001858,0.000191,1.000003457069397,nan,1000000
68099,0.0005039870738983154,1.0016428232192993,0.001763,0.001763,0.0,0.002022,0.000242,0.999998927116394,0.0,2e-06,0.001858,0.000191,1.000003457069397,nan,1000000
68199,0.00014224648475646973,1.0003888607025146,0.001793,0.001793,0.0,0.002105,0.000241,0.9999990463256836,0.0,2e-06,0.001858,0.000191,1.000003457069397,nan,1000000
68299,0.0007974505424499512,1.0004836320877075,0.002392,0.00239,0.0,0.002005,0.000239,0.9999931454658508,0.0,2e-06,0.001858,0.000191,1.000003457069397,nan,1000000
68399,0.0003472268581390381,1.000573754310608,0.002049999999999998,0.001975,1e-06,0.002045,0.000244,1.0,0.0,2e-06,0.001858,0.000191,1.000003457069397,nan,1000000
68499,0.0009801983833312988,1.0004104375839233,0.0026490000000000125,0.001902,0.0,0.002118,0.000251,0.9999974966049194,0.0,2e-06,0.001858,0.000191,1.000003457069397,nan,1000000
68599,0.0005397796630859375,1.002651333808899,0.001874,0.001874,0.0,0.002034,0.000235,0.9999978542327881,0.0,2e-06,0.001858,0.000191,1.000003457069397,nan,1000000
68699,0.0006556808948516846,1.0012214183807373,0.0018939999999999999,0.001583,0.0,0.002189,0.000236,0.9999850988388062,0.0,2e-06,0.001858,0.000191,1.000003457069397,nan,1000000
68799,0.0010926127433776855,1.0009981393814087,0.0033170000000000005,0.001366,0.0,0.002129,0.000233,0.9999982118606567,0.0,2e-06,0.001858,0.000191,1.000003457069397,nan,1000000
68899,0.001169353723526001,1.002623200416565,0.002932,0.002931,0.0,0.00265,0.000283,0.9999969601631165,0.0,2e-06,0.001858,0.000191,1.000003457069397,nan,1000000
68999,0.0008207857608795166,1.0019491910934448,0.00305,0.00305,0.0,0.002494,0.000279,0.9999997615814209,0.0,2e-06,0.001858,0.000191,1.000003457069397,nan,1000000
69099,0.0002809464931488037,1.0007359981536865,0.003562,0.003561,0.0,0.00209,0.000244,0.9999966025352478,0.0,2e-06,0.001858,0.000191,1.000003457069397,nan,1000000
69199,0.0015052556991577148,1.0005762577056885,0.0033690000000000005,0.001693,0.0,0.001935,0.000201,0.9999994039535522,0.0,2e-06,0.001858,0.000191,1.000003457069397,nan,1000000
69299,0.0003393888473510742,1.0003212690353394,0.002009,0.002009,0.0,0.002186,0.00026,0.9999977350234985,0.0,2e-06,0.001858,0.000191,1.000003457069397,nan,1000000
69399,0.0012995898723602295,0.9994579553604126,0.0035450000000000204,0.001996,0.0,0.00212,0.000231,0.9999970197677612,0.0,2e-06,0.001858,0.000191,1.000003457069397,nan,1000000
69499,0.002006024122238159,1.0016252994537354,0.004058000000000006,0.002382,0.0,0.001657,0.000153,0.9999970197677612,0.0,2e-06,0.001858,0.000191,1.000003457069397,nan,1000000
69599,0.0005891919136047363,1.0016555786132812,0.002571,0.002571,1e-06,0.001696,0.000177,1.0,0.0,2e-06,0.001858,0.000191,1.000003457069397,nan,1000000
69699,0.0006242096424102783,1.000891089439392,0.002693,0.002692,0.0,0.002165,0.000255,0.999998927116394,0.0,2e-06,0.001858,0.000191,1.000003457069397,nan,1000000
69799,-0.00020378828048706055,0.9986862540245056,0.002825,0.002824,0.0,0.002098,0.00025,0.9999923706054688,0.0,2e-06,0.001858,0.000191,1.000003457069397,nan,1000000
69899,0.0011632144451141357,1.00296151638031,0.00234,0.00234,0.0,0.002056,0.000244,0.9999949932098389,0.0,2e-06,0.001858,0.000191,1.000003457069397,nan,1000000
69999,0.000368267297744751,1.0012680292129517,0.002447,0.002447,0.0,0.002129,0.000256,0.9999974966049194,0.0,2e-06,0.001858,0.000191,1.000003457069397,nan,1000000
70099,0.001051098108291626,1.00167977809906,0.002179,0.002178,0.0,0.002385,0.000284,0.9999951124191284,0.0,2e-06,0.001858,0.000191,1.000003457069397,nan,1000000
70199,0.0007857680320739746,1.0023854970932007,0.002369,0.002368,0.0,0.002314,0.000272,0.9999868869781494,0.0,2e-06,0.001858,0.000191,1.000003457069397,nan,1000000
70299,0.0008638203144073486,0.9984515905380249,0.002906999999999993,0.00169,0.0,0.002191,0.000234,0.9999979734420776,0.0,2e-06,0.001858,0.000191,1.000003457069397,nan,1000000
70399,0.0001747608184814453,1.002501130104065,0.002104,0.002104,0.0,0.002632,0.000278,0.9999991655349731,0.0,2e-06,0.001858,0.000191,1.000003457069397,nan,1000000
70499,0.0010961294174194336,1.0014208555221558,0.002145000000000008,0.001937,0.0,0.002459,0.000272,0.9999972581863403,0.0,2e-06,0.001858,0.000191,1.000003457069397,nan,1000000
70599,0.0019207596778869629,1.003440022468567,0.0030910000000000104,0.001801,0.0,0.002424,0.000258,0.9999995231628418,0.0,2e-06,0.001858,0.000191,1.000003457069397,nan,1000000
70699,0.0005724430084228516,1.000929594039917,0.002107,0.002107,0.0,0.002417,0.000279,0.9999984502792358,0.0,2e-06,0.001858,0.000191,1.000003457069397,nan,1000000
70799,0.0006015002727508545,0.9997692704200745,0.002352,0.002352,0.0,0.002202,0.000253,0.9999998807907104,0.0,2e-06,0.001858,0.000191,1.000003457069397,nan,1000000
70899,0.000800400972366333,1.0023821592330933,0.0022500000000000003,0.002249,0.0,0.002269,0.000262,0.9999997615814209,0.0,2e-06,0.001858,0.000191,1.000003457069397,nan,1000000
70999,0.001161426305770874,1.0042072534561157,0.0025720000000000187,0.001775,0.0,0.002332,0.000256,0.9999939203262329,0.0,2e-06,0.001858,0.000191,1.000003457069397,nan,1000000
71099,0.0002929568290710449,1.00104558467865,0.002028,0.002027,0.0,0.002144,0.000235,0.9999992847442627,0.0,2e-06,0.001858,0.000191,1.000003457069397,nan,1000000
71199,0.0007224977016448975,1.0027941465377808,0.0021869999999999997,0.001486,0.0,0.001881,0.000205,0.999998927116394,0.0,2e-06,0.001858,0.000191,1.000003457069397,nan,1000000
71299,0.0005059242248535156,1.0002479553222656,0.0022000000000000006,0.001318,0.0,0.002039,0.000232,0.9999992847442627,0.0,2e-06,0.001858,0.000191,1.000003457069397,nan,1000000
71399,0.00039705634117126465,1.0026707649230957,0.002376,0.002375,0.0,0.0022,0.000246,0.9999970197677612,0.0,2e-06,0.001858,0.000191,1.000003457069397,nan,1000000
71499,0.0013623237609863281,1.0025521516799927,0.0024230000000000085,0.001687,0.0,0.002387,0.000292,0.9999971389770508,0.0,2e-06,0.001858,0.000191,1.000003457069397,nan,1000000
71599,0.0015989840030670166,1.0021471977233887,0.003022999999999998,0.001718,0.0,0.002452,0.000281,0.9999992847442627,0.0,2e-06,0.001858,0.000191,1.000003457069397,nan,1000000
71699,0.0007627010345458984,1.0015968084335327,0.00206,0.00206,0.0,0.002331,0.000277,0.9999970197677612,0.0,2e-06,0.001858,0.000191,1.000003457069397,nan,1000000
71799,0.0008016228675842285,1.0018173456192017,0.0021899999999999975,0.001581,0.0,0.002407,0.000267,0.9999963641166687,0.0,2e-06,0.001858,0.000191,1.000003457069397,nan,1000000
71899,0.0014912784099578857,1.0025572776794434,0.0024889999999999912,0.001701,0.0,0.002246,0.000249,0.9999911785125732,0.0,2e-06,0.001858,0.000191,1.000003457069397,nan,1000000
71999,0.0006750822067260742,1.000463604927063,0.002124999999999988,0.001715,0.0,0.001181,8.1e-05,0.9999996423721313,0.0,2e-06,0.001858,0.000191,1.000003457069397,nan,1000000
72099,0.000805288553237915,1.0012059211730957,0.0020830000000000015,0.001443,0.0,0.001091,6.9e-05,0.9999860525131226,0.0,2e-06,0.001858,0.000191,1.000003457069397,nan,1000000
72199,0.0007155239582061768,1.0010727643966675,0.001849000000000045,0.001649,0.0,0.002019,0.000217,0.999992847442627,0.0,2e-06,0.001858,0.000191,1.000003457069397,nan,1000000
72299,0.0005821287631988525,0.9989989399909973,0.0029689999999999994,0.001552,0.0,0.00176,0.000203,0.9999918937683105,0.0,2e-06,0.001858,0.000191,1.000003457069397,nan,1000000
72399,0.0017245709896087646,1.0024676322937012,0.003813000000000011,0.001158,0.0,0.001844,0.000207,0.9999882578849792,0.0,2e-06,0.001858,0.000191,1.000003457069397,nan,1000000
72499,0.0005120933055877686,1.0000801086425781,0.0020649999999999835,0.001388,0.0,0.001166,8e-05,0.9999849200248718,0.0,2e-06,0.001858,0.000191,1.000003457069397,nan,1000000
72599,0.0001875162124633789,1.000605583190918,0.001735,0.001735,0.0,0.001392,0.000134,0.9999990463256836,0.0,2e-06,0.001858,0.000191,1.000003457069397,nan,1000000
72699,0.00031489133834838867,1.0018929243087769,0.002154,0.002154,0.0,0.001532,0.000161,0.9999862313270569,0.0,2e-06,0.001858,0.000191,1.000003457069397,nan,1000000
72799,0.0006931722164154053,1.0018634796142578,0.003042,0.00304,0.0,0.002042,0.000217,0.9999945163726807,0.0,2e-06,0.001858,0.000191,1.000003457069397,nan,1000000
72899,0.0007117390632629395,1.0011056661605835,0.002232,0.002231,0.0,0.001798,0.000206,0.9999985694885254,0.0,2e-06,0.001858,0.000191,1.000003457069397,nan,1000000
72999,0.0006659626960754395,1.0019534826278687,0.0027860000000000003,0.002781,0.0,0.001899,0.000196,0.9999927282333374,0.0,2e-06,0.001858,0.000191,1.000003457069397,nan,1000000
73099,0.00024509429931640625,0.9986487627029419,0.0020860000000000045,0.002002,0.0,0.002056,0.000214,0.9999971389770508,0.0,2e-06,0.001858,0.000191,1.000003457069397,nan,1000000
73199,0.0007432699203491211,1.001768708229065,0.0020380000000000003,0.002035,0.0,0.002007,0.000215,0.9999974370002747,0.0,2e-06,0.001858,0.000191,1.000003457069397,nan,1000000
73299,0.0010187029838562012,1.0017812252044678,0.0022840000000000082,0.002034,0.0,0.002027,0.00024,0.9999990463256836,0.0,2e-06,0.001858,0.000191,1.000003457069397,nan,1000000
73399,0.0012007951736450195,1.0013173818588257,0.0031909999999999994,0.00115,0.0,0.002008,0.00023,0.9999938011169434,0.0,2e-06,0.001858,0.000191,1.000003457069397,nan,1000000
73499,0.0005738735198974609,1.0017880201339722,0.002037,0.002037,0.0,0.002236,0.000239,0.9999994039535522,0.0,2e-06,0.001858,0.000191,1.000003457069397,nan,1000000
73599,0.0011505186557769775,1.0029356479644775,0.0021520000000000428,0.002029,0.0,0.002419,0.000269,0.9999991655349731,0.0,2e-06,0.001858,0.000191,1.000003457069397,nan,1000000
73699,-5.683302879333496e-05,0.9999186992645264,0.002759,0.002759,0.0,0.002325,0.00025,0.9999991655349731,0.0,2e-06,0.001858,0.000191,1.000003457069397,nan,1000000
73799,0.0018534660339355469,1.0041664838790894,0.002996999999999972,0.001879,0.0,0.002449,0.000255,0.9999988079071045,0.0,2e-06,0.001858,0.000191,1.000003457069397,nan,1000000
73899,0.0010957419872283936,1.002139925956726,0.003223,0.003222,0.0,0.002239,0.000238,0.9999924898147583,0.0,2e-06,0.001858,0.000191,1.000003457069397,nan,1000000
73999,0.0009620487689971924,1.0021939277648926,0.00272,0.00272,0.0,0.002231,0.000238,0.9999986886978149,0.0,2e-06,0.001858,0.000191,1.000003457069397,nan,1000000
74099,0.0010239779949188232,1.002699851989746,0.0030440000000000003,0.003044,0.0,0.001992,0.000216,0.9999996423721313,0.0,2e-06,0.001858,0.000191,1.000003457069397,nan,1000000
74199,0.0008034408092498779,1.0012927055358887,0.0019110000000000238,0.00144,0.0,0.001786,0.000195,0.9999895095825195,0.0,2e-06,0.001858,0.000191,1.000003457069397,nan,1000000
74299,0.0013428926467895508,1.0022125244140625,0.002705999999999986,0.002112,0.0,0.002029,0.000226,0.9999992847442627,0.0,2e-06,0.001858,0.000191,1.000003457069397,nan,1000000
74399,0.0006854236125946045,1.0032322406768799,0.002245,0.002245,0.0,0.002179,0.000226,0.9999996423721313,0.0,2e-06,0.001858,0.000191,1.000003457069397,nan,1000000
74499,0.0007264614105224609,1.0024389028549194,0.002321,0.002321,0.0,0.001955,0.00022,0.9999998211860657,0.0,2e-06,0.001858,0.000191,1.000003457069397,nan,1000000
74599,0.0012297332286834717,1.000108003616333,0.003312000000000037,0.001566,0.0,0.002203,0.000225,0.9999982118606567,0.0,2e-06,0.001858,0.000191,1.000003457069397,nan,1000000
74699,0.0009543001651763916,1.00196373462677,0.002391000000000032,0.001801,0.0,0.002287,0.000226,0.9999980926513672,0.0,2e-06,0.001858,0.000191,1.000003457069397,nan,1000000
74799,0.00021308660507202148,1.0017772912979126,0.002423,0.002421,0.0,0.002547,0.000279,0.9999997615814209,0.0,2e-06,0.001858,0.000191,1.000003457069397,nan,1000000
74899,0.0012714266777038574,1.0026795864105225,0.00270999999999999,0.001958,0.0,0.002678,0.000292,0.999997615814209,0.0,2e-06,0.001858,0.000191,1.000003457069397,nan,1000000
74999,0.0008501112461090088,1.000859260559082,0.0023059999999999747,0.001837,0.0,0.002311,0.000252,0.9999991655349731,0.0,2e-06,0.001858,0.000191,1.000003457069397,nan,1000000
75099,-0.0003115534782409668,0.9994763731956482,0.003208,0.003204,0.0,0.002237,0.000253,0.9999957084655762,0.0,2e-06,0.001858,0.000191,1.000003457069397,nan,1000000
75199,0.0005549192428588867,1.0010998249053955,0.0028480000000000003,0.002846,0.0,0.002167,0.000244,0.9999892711639404,0.0,2e-06,0.001858,0.000191,1.000003457069397,nan,1000000
75299,0.0013725459575653076,1.0022461414337158,0.003180000000000016,0.002223,0.0,0.002296,0.000262,0.9999991655349731,0.0,2e-06,0.001858,0.000191,1.000003457069397,nan,1000000
75399,0.000563502311706543,1.0014400482177734,0.002098,0.002098,0.0,0.002545,0.000277,0.9999918937683105,0.0,2e-06,0.001858,0.000191,1.000003457069397,nan,1000000
75499,0.0009935498237609863,1.0023614168167114,0.002387,0.002387,0.0,0.002284,0.000241,0.9999840259552002,0.0,2e-06,0.001858,0.000191,1.000003457069397,nan,1000000
75599,0.001310586929321289,1.0020172595977783,0.0028179999999999993,0.001869,0.0,0.002526,0.000255,0.999997615814209,0.0,2e-06,0.001858,0.000191,1.000003457069397,nan,1000000
75699,0.0007405579090118408,1.0018572807312012,0.002164,0.002164,0.0,0.002156,0.000235,0.9999887943267822,0.0,2e-06,0.001858,0.000191,1.000003457069397,nan,1000000
75799,0.0009927749633789062,1.0016417503356934,0.0019689999999999985,0.001819,0.0,0.002261,0.000251,0.9999991655349731,0.0,2e-06,0.001858,0.000191,1.000003457069397,nan,1000000
75899,0.0009501874446868896,1.00187349319458,0.002162,0.002162,0.0,0.002196,0.000246,0.9999982118606567,0.0,2e-06,0.001858,0.000191,1.000003457069397,nan,1000000
75999,0.0009137094020843506,1.0012999773025513,0.0022540000000000338,0.00204,0.0,0.002184,0.00023,0.9999927282333374,0.0,2e-06,0.001858,0.000191,1.000003457069397,nan,1000000
76099,0.001864403486251831,1.0028831958770752,0.0035159999999999636,0.001798,0.0,0.002527,0.000252,0.9999933242797852,0.0,2e-06,0.001858,0.000191,1.000003457069397,nan,1000000
76199,0.0010011494159698486,1.0022622346878052,0.002838,0.002838,0.0,0.002099,0.000234,0.9999979734420776,0.0,2e-06,0.001858,0.000191,1.000003457069397,nan,1000000
76299,0.0016986429691314697,1.0051676034927368,0.003122999999999987,0.003075,0.0,0.002182,0.000242,0.9999995231628418,0.0,2e-06,0.001858,0.000191,1.000003457069397,nan,1000000
76399,0.0009287595748901367,1.0019135475158691,0.002463,0.002463,0.0,0.001889,0.000204,0.9999990463256836,0.0,2e-06,0.001858,0.000191,1.000003457069397,nan,1000000
76499,0.0011206567287445068,1.0031545162200928,0.002654,0.002654,0.0,0.002044,0.000236,0.999995231628418,0.0,2e-06,0.001858,0.000191,1.000003457069397,nan,1000000
76599,0.0007637739181518555,1.0023019313812256,0.002193,0.002192,0.0,0.002167,0.000208,0.9999987483024597,0.0,2e-06,0.001858,0.000191,1.000003457069397,nan,1000000
76699,0.0006225705146789551,1.0017319917678833,0.001908,0.001907,0.0,0.002198,0.000239,0.9999783039093018,0.0,2e-06,0.001858,0.000191,1.000003457069397,nan,1000000
76799,0.0005150735378265381,1.0006818771362305,0.002372,0.002372,0.0,0.002091,0.000231,0.9999970197677612,0.0,2e-06,0.001858,0.000191,1.000003457069397,nan,1000000
76899,0.0003190934658050537,1.0018571615219116,0.00253,0.00253,0.0,0.002352,0.000248,0.9999940395355225,0.0,2e-06,0.001858,0.000191,1.000003457069397,nan,1000000
76999,0.0005533993244171143,1.001181721687317,0.002142,0.002142,0.0,0.00201,0.000216,0.9999843835830688,0.0,2e-06,0.001858,0.000191,1.000003457069397,nan,1000000
77099,0.0005212128162384033,0.9999446272850037,0.002257,0.002257,0.0,0.001652,0.000183,0.9999997615814209,0.0,2e-06,0.001858,0.000191,1.000003457069397,nan,1000000
77199,0.0010060667991638184,1.000767469406128,0.002492,0.002492,0.0,0.001688,0.000166,0.9999977946281433,0.0,2e-06,0.001858,0.000191,1.000003457069397,nan,1000000
77299,0.0002455413341522217,1.0012805461883545,0.002628,0.002628,0.0,0.001806,0.00022,0.9999960660934448,0.0,2e-06,0.001858,0.000191,1.000003457069397,nan,1000000
77399,0.0004757046699523926,1.0019941329956055,0.002354,0.002354,0.0,0.001766,0.000202,0.9999984502792358,0.0,2e-06,0.001858,0.000191,1.000003457069397,nan,1000000
77499,0.0004782676696777344,1.0008939504623413,0.002268,0.002266,0.0,0.001734,0.000193,0.9999964237213135,0.0,2e-06,0.001858,0.000191,1.000003457069397,nan,1000000
77599,0.0007233917713165283,1.002307415008545,0.001881,0.00188,0.0,0.001762,0.000196,0.9999944567680359,0.0,2e-06,0.001858,0.000191,1.000003457069397,nan,1000000
77699,0.0006654262542724609,1.002445101737976,0.00209,0.00209,0.0,0.001896,0.000203,0.999995231628418,0.0,2e-06,0.001858,0.000191,1.000003457069397,nan,1000000
77799,0.0006076991558074951,1.001177191734314,0.002321,0.002321,0.0,0.001588,0.000152,0.9999823570251465,0.0,2e-06,0.001858,0.000191,1.000003457069397,nan,1000000
77899,0.0011968910694122314,1.0026577711105347,0.0024410000000000265,0.00217,0.0,0.00177,0.000188,0.9999935626983643,0.0,2e-06,0.001858,0.000191,1.000003457069397,nan,1000000
77999,0.0006406307220458984,1.0009076595306396,0.00223,0.00223,0.0,0.001847,0.0002,0.99998939037323,0.0,2e-06,0.001858,0.000191,1.000003457069397,nan,1000000
78099,0.0014910697937011719,1.0023181438446045,0.003062000000000009,0.003022,0.0,0.001901,0.000221,0.9999996423721313,0.0,2e-06,0.001858,0.000191,1.000003457069397,nan,1000000
78199,0.0001443922519683838,1.0010910034179688,0.002374,0.002374,0.0,0.001572,0.000146,0.9999967813491821,0.0,2e-06,0.001858,0.000191,1.000003457069397,nan,1000000
78299,0.0010003745555877686,1.0025755167007446,0.002358,0.002358,0.0,0.001705,0.000171,0.9999830722808838,0.0,2e-06,0.001858,0.000191,1.000003457069397,nan,1000000
78399,0.000681459903717041,1.0018129348754883,0.002209,0.002209,0.0,0.001605,0.000133,0.9999902248382568,0.0,2e-06,0.001858,0.000191,1.000003457069397,nan,1000000
78499,-0.00020962953567504883,1.0004557371139526,0.002245,0.002244,0.0,0.001635,0.000138,0.9999954700469971,0.0,2e-06,0.001858,0.000191,1.000003457069397,nan,1000000
78599,0.0006755590438842773,1.000918984413147,0.002535,0.002535,0.0,0.001584,0.000137,0.9999954700469971,0.0,2e-06,0.001858,0.000191,1.000003457069397,nan,1000000
78699,0.0006733238697052002,1.0001790523529053,0.0024170000000000007,0.002301,0.0,0.001931,0.000219,0.9999998807907104,0.0,2e-06,0.001858,0.000191,1.000003457069397,nan,1000000
78799,0.0008848607540130615,1.0017520189285278,0.002125,0.002125,0.0,0.002083,0.000262,0.9999980926513672,0.0,2e-06,0.001858,0.000191,1.000003457069397,nan,1000000
78899,0.0008545517921447754,1.0001869201660156,0.0023279999999999967,0.001862,0.0,0.002088,0.000236,0.9999942779541016,0.0,2e-06,0.001858,0.000191,1.000003457069397,nan,1000000
78999,0.001059412956237793,1.0018415451049805,0.002503000000000033,0.001851,0.0,0.002207,0.000266,0.9999970197677612,0.0,2e-06,0.001858,0.000191,1.000003457069397,nan,1000000
79099,0.0005192756652832031,1.001150369644165,0.001846,0.001846,0.0,0.002208,0.000232,0.9999985098838806,0.0,2e-06,0.001858,0.000191,1.000003457069397,nan,1000000
79199,0.0012018680572509766,1.0014312267303467,0.0026109999999999745,0.001418,0.0,0.002152,0.000248,0.9999988079071045,0.0,2e-06,0.001858,0.000191,1.000003457069397,nan,1000000
79299,0.0012008845806121826,1.0013982057571411,0.002686999999999995,0.00163,0.0,0.001871,0.000213,0.9999998807907104,0.0,2e-06,0.001858,0.000191,1.000003457069397,nan,1000000
79399,0.0008495450019836426,1.0013684034347534,0.00243,0.002429,0.0,0.001893,0.000215,0.9999842643737793,0.0,2e-06,0.001858,0.000191,1.000003457069397,nan,1000000
79499,0.0005235671997070312,0.999549388885498,0.001848,0.001848,0.0,0.00181,0.000194,0.9999914169311523,0.0,2e-06,0.001858,0.000191,1.000003457069397,nan,1000000
79599,0.0008659064769744873,1.0002672672271729,0.002678,0.001937,0.0,0.001984,0.000212,0.9999973773956299,0.0,2e-06,0.001858,0.000191,1.000003457069397,nan,1000000
79699,0.0012207627296447754,1.0015993118286133,0.0026450000000000085,0.001527,0.0,0.001827,0.000203,0.9999916553497314,0.0,2e-06,0.001858,0.000191,1.000003457069397,nan,1000000
79799,0.0021049976348876953,1.0007630586624146,0.0046780000000000155,0.001285,0.0,0.001756,0.000196,0.9999972581863403,0.0,2e-06,0.001858,0.000191,1.000003457069397,nan,1000000
79899,0.0017803311347961426,1.0018548965454102,0.0035760000000000236,0.001472,0.0,0.001838,0.000209,0.9999937415122986,0.0,2e-06,0.001858,0.000191,1.000003457069397,nan,1000000
79999,0.001713573932647705,1.0021661520004272,0.0032580000000000386,0.001761,0.0,0.002027,0.000212,0.9999998807907104,0.0,2e-06,0.001858,0.000191,1.000003457069397,nan,1000000
80099,0.001111537218093872,1.0007740259170532,0.0026750000000000385,0.00175,0.0,0.001803,0.000204,0.9999868869781494,0.0,2e-06,0.001858,0.000191,1.000003457069397,nan,1000000
80199,0.000546187162399292,1.000715732574463,0.001788,0.001787,0.0,0.001271,7.5e-05,0.9999830722808838,0.0,2e-06,0.001858,0.000191,1.000003457069397,nan,1000000
80299,0.0008563101291656494,1.0008732080459595,0.0021659999999999457,0.001995,0.0,0.001036,1.5e-05,0.999993085861206,0.0,2e-06,0.001858,0.000191,1.000003457069397,nan,1000000
80399,0.0007692873477935791,1.0012705326080322,0.002024,0.002024,0.0,0.000963,1.2e-05,0.9999586343765259,0.0,2e-06,0.001858,0.000191,1.000003457069397,nan,1000000
80499,0.0006153881549835205,0.9991534352302551,0.002340999999999982,0.002072,0.0,0.000923,1.2e-05,0.9999533891677856,0.0,2e-06,0.001858,0.000191,1.000003457069397,nan,1000000
80599,0.0005482137203216553,1.0009313821792603,0.00233,0.002328,0.0,0.000891,8e-06,0.9997371435165405,0.0,2e-06,0.001858,0.000191,1.000003457069397,nan,1000000
80699,0.002078115940093994,1.0027576684951782,0.004583000000000004,0.001742,0.0,0.001089,2.6e-05,0.9999145865440369,0.0,2e-06,0.001858,0.000191,1.000003457069397,nan,1000000
80799,0.0011149346828460693,1.0024536848068237,0.002271000000000023,0.001577,0.0,0.001418,0.000127,0.9999978542327881,0.0,2e-06,0.001858,0.000191,1.000003457069397,nan,1000000
80899,0.0006971955299377441,1.000228762626648,0.0023619999999999752,0.001771,0.0,0.001409,0.000137,0.9999831914901733,0.0,2e-06,0.001858,0.000191,1.000003457069397,nan,1000000
80999,0.0012237727642059326,1.0019680261611938,0.0030689999999999884,0.001789,0.0,0.001446,0.000132,0.9999871253967285,0.0,2e-06,0.001858,0.000191,1.000003457069397,nan,1000000
81099,0.00030544400215148926,1.0015369653701782,0.0013230000000000002,0.001318,0.0,0.001589,0.000149,0.9999984502792358,0.0,2e-06,0.001858,0.000191,1.000003457069397,nan,1000000
81199,0.0010011494159698486,0.9999532103538513,0.0028890000000000304,0.001101,0.0,0.001011,2.1e-05,0.9999557733535767,0.0,2e-06,0.001858,0.000191,1.000003457069397,nan,1000000
81299,0.0005013048648834229,1.0009204149246216,0.001547000000000076,0.001494,0.0,0.001009,1.4e-05,0.9999368786811829,0.0,2e-06,0.001858,0.000191,1.000003457069397,nan,1000000
81399,8.52346420288086e-05,1.0012813806533813,0.002353,0.00235,0.0,0.001327,8.8e-05,0.9999997615814209,0.0,2e-06,0.001858,0.000191,1.000003457069397,nan,1000000
81499,0.0014201104640960693,1.0021541118621826,0.003026000000000084,0.001629,0.0,0.001484,0.000116,0.9999979734420776,0.0,2e-06,0.001858,0.000191,1.000003457069397,nan,1000000
81599,0.00020873546600341797,1.0008610486984253,0.002254,0.002254,0.0,0.001554,0.000143,0.9999929070472717,0.0,2e-06,0.001858,0.000191,1.000003457069397,nan,1000000
81699,0.0004952847957611084,1.0006505250930786,0.002487,0.002486,0.0,0.001364,0.000109,0.9999914169311523,0.0,2e-06,0.001858,0.000191,1.000003457069397,nan,1000000
81799,0.0013913214206695557,1.0018515586853027,0.003062000000000009,0.002069,0.0,0.001517,0.000123,0.9999901056289673,0.0,2e-06,0.001858,0.000191,1.000003457069397,nan,1000000
81899,0.0004025101661682129,1.0016931295394897,0.002614,0.002614,1e-06,0.001553,0.000133,1.0,0.0,2e-06,0.001858,0.000191,1.000003457069397,nan,1000000
81999,0.0005399882793426514,1.0006448030471802,0.001963,0.001963,0.0,0.001391,0.000101,0.9999991655349731,0.0,2e-06,0.001858,0.000191,1.000003457069397,nan,1000000
82099,0.0009969770908355713,1.0010349750518799,0.00245799999999996,0.002005,0.0,0.001153,4.2e-05,0.9999793767929077,0.0,2e-06,0.001858,0.000191,1.000003457069397,nan,1000000
82199,0.0009902715682983398,1.0027940273284912,0.0022300000000000653,0.002222,0.0,0.001371,8.6e-05,0.9999984502792358,0.0,2e-06,0.001858,0.000191,1.000003457069397,nan,1000000
82299,0.00033968687057495117,1.0000978708267212,0.002791,0.00279,0.0,0.001325,0.000104,0.9999955892562866,0.0,2e-06,0.001858,0.000191,1.000003457069397,nan,1000000
82399,0.001013040542602539,1.0015840530395508,0.002346999999999988,0.002078,0.0,0.001699,0.000181,0.9999997615814209,0.0,2e-06,0.001858,0.000191,1.000003457069397,nan,1000000
82499,0.0014458894729614258,1.0016446113586426,0.002857999999999916,0.002143,0.0,0.00158,0.000162,0.9999992847442627,0.0,2e-06,0.001858,0.000191,1.000003457069397,nan,1000000
82599,-7.134675979614258e-05,0.999328076839447,0.002625,0.002624,0.0,0.001362,0.000133,0.9999960660934448,0.0,2e-06,0.001858,0.000191,1.000003457069397,nan,1000000
82699,0.0009573996067047119,1.0007344484329224,0.00218700000000005,0.001817,0.0,0.001403,0.00013,0.999995231628418,0.0,2e-06,0.001858,0.000191,1.000003457069397,nan,1000000
82799,0.00019541382789611816,0.9996933341026306,0.002255,0.002253,0.0,0.001429,0.000141,0.9999772906303406,0.0,2e-06,0.001858,0.000191,1.000003457069397,nan,1000000
82899,0.0014211535453796387,1.0014400482177734,0.0029959999999999987,0.001873,0.0,0.001435,0.000141,0.9999973177909851,0.0,2e-06,0.001858,0.000191,1.000003457069397,nan,1000000
82999,0.0007960498332977295,1.000131368637085,0.0021500000000000408,0.001797,0.0,0.001299,0.000117,0.9999964237213135,0.0,2e-06,0.001858,0.000191,1.000003457069397,nan,1000000
83099,0.0008418560028076172,1.0016337633132935,0.0020700000000000163,0.001954,0.0,0.001614,0.000186,0.9999971389770508,0.0,2e-06,0.001858,0.000191,1.000003457069397,nan,1000000
83199,0.001270294189453125,1.001417636871338,0.0026519999999999877,0.001963,0.0,0.001912,0.000199,0.9999862313270569,0.0,2e-06,0.001858,0.000191,1.000003457069397,nan,1000000
83299,0.00036770105361938477,1.0005744695663452,0.00227,0.00227,0.0,0.001623,0.000169,0.9999992847442627,0.0,2e-06,0.001858,0.000191,1.000003457069397,nan,1000000
83399,-0.00024273991584777832,1.0003151893615723,0.00258,0.002578,0.0,0.001804,0.000208,0.9999953508377075,0.0,2e-06,0.001858,0.000191,1.000003457069397,nan,1000000
83499,0.00043144822120666504,0.9988362789154053,0.002346,0.002346,0.0,0.001657,0.000182,0.9999890327453613,0.0,2e-06,0.001858,0.000191,1.000003457069397,nan,1000000
83599,0.0002442896366119385,1.0004262924194336,0.00276,0.00276,0.0,0.001729,0.000198,0.9999960064888,0.0,2e-06,0.001858,0.000191,1.000003457069397,nan,1000000
83699,0.0006173849105834961,1.0012805461883545,0.002764,0.002763,0.0,0.001734,0.000191,0.9999986886978149,0.0,2e-06,0.001858,0.000191,1.000003457069397,nan,1000000
83799,0.0006723701953887939,1.0002459287643433,0.0022660000000000002,0.002265,0.0,0.001737,0.00019,0.9999963045120239,0.0,2e-06,0.001858,0.000191,1.000003457069397,nan,1000000
83899,0.0012453794479370117,0.999775767326355,0.0032099999999999906,0.001811,0.0,0.001442,0.000146,0.9999869465827942,0.0,2e-06,0.001858,0.000191,1.000003457069397,nan,1000000
83999,0.0007213950157165527,1.0015320777893066,0.00196,0.001959,0.0,0.001472,0.000147,0.9999918341636658,0.0,2e-06,0.001858,0.000191,1.000003457069397,nan,1000000
84099,0.0013448596000671387,1.0020020008087158,0.002819000000000016,0.001522,0.0,0.00139,0.000134,0.999993085861206,0.0,2e-06,0.001858,0.000191,1.000003457069397,nan,1000000
84199,0.0009364783763885498,1.0015137195587158,0.002059000000000033,0.001681,0.0,0.001578,0.000168,0.999995231628418,0.0,2e-06,0.001858,0.000191,1.000003457069397,nan,1000000
84299,0.0008466243743896484,1.0000545978546143,0.0026480000000000115,0.001736,0.0,0.001664,0.000161,0.9999946355819702,0.0,2e-06,0.001858,0.000191,1.000003457069397,nan,1000000
84399,0.0011779367923736572,1.0024304389953613,0.0024799999999999267,0.00178,0.0,0.001598,0.000162,0.9999979734420776,0.0,2e-06,0.001858,0.000191,1.000003457069397,nan,1000000
84499,0.0012440979480743408,1.0013692378997803,0.0029060000000000197,0.001827,0.0,0.00159,0.000154,0.9999963641166687,0.0,2e-06,0.001858,0.000191,1.000003457069397,nan,1000000
84599,0.0009112954139709473,1.0008469820022583,0.0022949999999999915,0.001691,0.0,0.001532,0.000153,0.9999966621398926,0.0,2e-06,0.001858,0.000191,1.000003457069397,nan,1000000
84699,0.0007984340190887451,1.0009757280349731,0.0022149999999999948,0.001571,0.0,0.001546,0.000148,0.9999954700469971,0.0,2e-06,0.001858,0.000191,1.000003457069397,nan,1000000
84799,0.001318216323852539,1.0024561882019043,0.002929000000000015,0.002138,0.0,0.001708,0.000151,0.9999756813049316,0.0,2e-06,0.001858,0.000191,1.000003457069397,nan,1000000
84899,0.0007077455520629883,1.002207636833191,0.002344,0.002343,0.0,0.001985,0.000222,0.9999951124191284,0.0,2e-06,0.001858,0.000191,1.000003457069397,nan,1000000
84999,0.0013692080974578857,1.002898931503296,0.002862000000000031,0.002451,0.0,0.001969,0.000202,0.9999920129776001,0.0,2e-06,0.001858,0.000191,1.000003457069397,nan,1000000
85099,0.0003838837146759033,1.0009255409240723,0.002207,0.002206,0.0,0.001865,0.000199,0.9999995827674866,0.0,2e-06,0.001858,0.000191,1.000003457069397,nan,1000000
85199,0.0008282661437988281,1.0013219118118286,0.002791,0.002791,0.0,0.001917,0.000201,0.9999932050704956,0.0,2e-06,0.001858,0.000191,1.000003457069397,nan,1000000
85299,0.0011780858039855957,1.0012766122817993,0.0027800000000000047,0.00188,0.0,0.002075,0.000226,0.9999985694885254,0.0,2e-06,0.001858,0.000191,1.000003457069397,nan,1000000
85399,0.0014652013778686523,1.0013985633850098,0.0034860000000000446,0.001459,0.0,0.002136,0.000212,0.9999982118606567,0.0,2e-06,0.001858,0.000191,1.000003457069397,nan,1000000
85499,0.0007794499397277832,0.9997387528419495,0.0023880000000000012,0.001539,0.0,0.002087,0.000205,0.9999890327453613,0.0,2e-06,0.001858,0.000191,1.000003457069397,nan,1000000
85599,0.0010280609130859375,1.0009911060333252,0.0027490000000000014,0.002107,0.0,0.002136,0.000233,0.9999997615814209,0.0,2e-06,0.001858,0.000191,1.000003457069397,nan,1000000
85699,0.0013634562492370605,1.0003917217254639,0.003536999999999957,0.001579,0.0,0.002068,0.000217,0.9999909400939941,0.0,2e-06,0.001858,0.000191,1.000003457069397,nan,1000000
85799,0.0015327036380767822,1.0008647441864014,0.004030999999999951,0.002098,0.0,0.00199,0.000213,0.9999998807907104,0.0,2e-06,0.001858,0.000191,1.000003457069397,nan,1000000
85899,0.0014264583587646484,1.001305103302002,0.0033580000000000276,0.001895,0.0,0.002105,0.000213,0.9999979138374329,0.0,2e-06,0.001858,0.000191,1.000003457069397,nan,1000000
85999,0.0007155239582061768,0.9996469616889954,0.0022040000000000393,0.001766,0.0,0.00191,0.000192,0.9999960064888,0.0,2e-06,0.001858,0.000191,1.000003457069397,nan,1000000
86099,0.0007711648941040039,1.0001062154769897,0.0024290000000000145,0.001918,0.0,0.001961,0.000201,0.9999990463256836,0.0,2e-06,0.001858,0.000191,1.000003457069397,nan,1000000
86199,0.00019654631614685059,0.9995592832565308,0.002445,0.002444,0.0,0.001886,0.000177,0.9999988079071045,0.0,2e-06,0.001858,0.000191,1.000003457069397,nan,1000000
86299,0.0001595914363861084,0.999656617641449,0.0023840000000000007,0.002288,0.0,0.001838,0.000185,0.9999955892562866,0.0,2e-06,0.001858,0.000191,1.000003457069397,nan,1000000
86399,0.0012233555316925049,0.9999365210533142,0.0035310000000000064,0.002035,0.0,0.001872,0.000195,0.9999853372573853,0.0,2e-06,0.001858,0.000191,1.000003457069397,nan,1000000
86499,0.0008716285228729248,1.0003677606582642,0.002581,0.002417,0.0,0.001938,0.0002,0.9999828338623047,0.0,2e-06,0.001858,0.000191,1.000003457069397,nan,1000000
86599,0.0013768374919891357,1.0005007982254028,0.0034330000000000194,0.002078,0.0,0.001785,0.000185,0.9999990463256836,0.0,2e-06,0.001858,0.000191,1.000003457069397,nan,1000000
86699,0.00040411949157714844,1.0000697374343872,0.002099,0.002099,0.0,0.001923,0.000218,0.999994695186615,0.0,2e-06,0.001858,0.000191,1.000003457069397,nan,1000000
86799,0.001306384801864624,1.0014162063598633,0.0030280000000000307,0.002143,0.0,0.001919,0.000205,0.9999997615814209,0.0,2e-06,0.001858,0.000191,1.000003457069397,nan,1000000
86899,0.0013095438480377197,1.0011796951293945,0.003498000000000001,0.001809,0.0,0.001817,0.000187,0.9999973773956299,0.0,2e-06,0.001858,0.000191,1.000003457069397,nan,1000000
86999,0.0011172890663146973,1.0005284547805786,0.003043000000000018,0.002031,0.0,0.001813,0.000191,0.9999961853027344,0.0,2e-06,0.001858,0.000191,1.000003457069397,nan,1000000
87099,0.0008746683597564697,1.0007083415985107,0.002438,0.002438,0.0,0.001848,0.000189,0.9999998807907104,0.0,2e-06,0.001858,0.000191,1.000003457069397,nan,1000000
87199,0.0009959638118743896,1.001348614692688,0.0025980000000000447,0.002285,0.0,0.002012,0.000203,0.9999949932098389,0.0,2e-06,0.001858,0.000191,1.000003457069397,nan,1000000
87299,0.0012923777103424072,1.0009853839874268,0.0029160000000000297,0.002111,0.0,0.001948,0.000194,0.999992847442627,0.0,2e-06,0.001858,0.000191,1.000003457069397,nan,1000000
87399,0.0008596181869506836,1.0012052059173584,0.0025319999999999787,0.001909,0.0,0.001926,0.000193,0.9999908208847046,0.0,2e-06,0.001858,0.000191,1.000003457069397,nan,1000000
87499,0.0004993677139282227,1.0001026391983032,0.001914,0.001914,0.0,0.001765,0.000169,0.9999963045120239,0.0,2e-06,0.001858,0.000191,1.000003457069397,nan,1000000
87599,0.0006086230278015137,1.0003999471664429,0.0019779999999999798,0.001941,0.0,0.001744,0.000178,0.9999967813491821,0.0,2e-06,0.001858,0.000191,1.000003457069397,nan,1000000
87699,0.0004430711269378662,1.002384901046753,0.0032860000000000007,0.002565,1e-06,0.00174,0.00019,1.0,0.0,2e-06,0.001858,0.000191,1.000003457069397,nan,1000000
87799,0.0008304715156555176,1.0001168251037598,0.002613000000000032,0.002413,0.0,0.001843,0.000193,0.9999977350234985,0.0,2e-06,0.001858,0.000191,1.000003457069397,nan,1000000
87899,0.0005525052547454834,1.0014355182647705,0.002207,0.002207,0.0,0.00172,0.00019,0.9999904632568359,0.0,2e-06,0.001858,0.000191,1.000003457069397,nan,1000000
87999,0.00038051605224609375,1.0004804134368896,0.002342,0.002342,0.0,0.001862,0.000193,0.9999873042106628,0.0,2e-06,0.001858,0.000191,1.000003457069397,nan,1000000
88099,0.0006143748760223389,1.000205159187317,0.0023299999999999987,0.002169,0.0,0.001717,0.000169,0.9999980926513672,0.0,2e-06,0.001858,0.000191,1.000003457069397,nan,1000000
88199,-0.00011330842971801758,0.9992517828941345,0.002581,0.002581,0.0,0.001888,0.000202,0.9999904632568359,0.0,2e-06,0.001858,0.000191,1.000003457069397,nan,1000000
88299,0.00013616681098937988,1.0002155303955078,0.002606,0.002606,0.0,0.001744,0.000187,0.9999898672103882,0.0,2e-06,0.001858,0.000191,1.000003457069397,nan,1000000
88399,0.0007341206073760986,1.0004432201385498,0.002492,0.002492,0.0,0.00192,0.000192,0.9999929666519165,0.0,2e-06,0.001858,0.000191,1.000003457069397,nan,1000000
88499,9.042024612426758e-05,1.0009160041809082,0.002931000000000003,0.002924,0.0,0.001983,0.000206,0.9999996423721313,0.0,2e-06,0.001858,0.000191,1.000003457069397,nan,1000000
88599,0.00021532177925109863,1.0007339715957642,0.003280999999999999,0.002995,0.0,0.001854,0.000183,0.9999964237213135,0.0,2e-06,0.001858,0.000191,1.000003457069397,nan,1000000
88699,0.001549065113067627,1.001613974571228,0.0036880000000000246,0.001944,0.0,0.001949,0.000205,0.9999984502792358,0.0,2e-06,0.001858,0.000191,1.000003457069397,nan,1000000
88799,0.0009343624114990234,1.0005724430084229,0.002856000000000025,0.002752,0.0,0.001649,0.000166,0.9999877214431763,0.0,2e-06,0.001858,0.000191,1.000003457069397,nan,1000000
88899,0.001034080982208252,1.0011526346206665,0.0031400000000000317,0.002214,0.0,0.001629,0.000172,0.9999816417694092,0.0,2e-06,0.001858,0.000191,1.000003457069397,nan,1000000
88999,0.0009967982769012451,0.9998071193695068,0.003540000000000043,0.002057,0.0,0.001529,0.000165,0.9999985694885254,0.0,2e-06,0.001858,0.000191,1.000003457069397,nan,1000000
89099,0.0014525055885314941,1.001288652420044,0.004022999999999999,0.002183,0.0,0.001502,0.000171,0.999990701675415,0.0,2e-06,0.001858,0.000191,1.000003457069397,nan,1000000
89199,0.0010965466499328613,1.0015347003936768,0.0032130000000000006,0.002779,0.0,0.001448,0.00016,0.9999984502792358,0.0,2e-06,0.001858,0.000191,1.000003457069397,nan,1000000
89299,0.0006684362888336182,1.0017821788787842,0.0018660000000000343,0.001561,0.0,0.00162,0.000171,0.999981164932251,0.0,2e-06,0.001858,0.000191,1.000003457069397,nan,1000000
89399,0.00045618414878845215,1.000579595565796,0.0028270000000000005,0.001571,0.0,0.001619,0.000163,0.9999914765357971,0.0,2e-06,0.001858,0.000191,1.000003457069397,nan,1000000
89499,0.0010700821876525879,1.0007250308990479,0.003803,0.001603,0.0,0.001616,0.000166,0.9999980926513672,0.0,2e-06,0.001858,0.000191,1.000003457069397,nan,1000000
89599,0.0008371472358703613,1.0003511905670166,0.003006000000000001,0.001406,0.0,0.001563,0.000163,0.9999890327453613,0.0,2e-06,0.001858,0.000191,1.000003457069397,nan,1000000
89699,0.0006708204746246338,1.0012730360031128,0.002928000000000001,0.001525,0.0,0.001605,0.000168,0.9999986886978149,0.0,2e-06,0.001858,0.000191,1.000003457069397,nan,1000000
89799,0.0009526610374450684,1.0013706684112549,0.0026630000000000004,0.001333,0.0,0.001811,0.000183,0.9999936819076538,0.0,2e-06,0.001858,0.000191,1.000003457069397,nan,1000000
89899,0.0009407401084899902,1.001417875289917,0.002765,0.001561,0.0,0.001718,0.000188,0.9999986886978149,0.0,2e-06,0.001858,0.000191,1.000003457069397,nan,1000000
89999,0.00041806697845458984,1.001786231994629,0.0018590000000000004,0.001524,0.0,0.001899,0.00019,0.9999960660934448,0.0,2e-06,0.001858,0.000191,1.000003457069397,nan,1000000
90099,0.0010233521461486816,1.001145362854004,0.003353000000000001,0.001505,0.0,0.001846,0.000188,0.999999463558197,0.0,2e-06,0.001858,0.000191,1.000003457069397,nan,1000000
90199,0.0006047487258911133,1.001405119895935,0.002301,0.001602,0.0,0.001965,0.000202,0.9999897480010986,0.0,2e-06,0.001858,0.000191,1.000003457069397,nan,1000000
90299,0.000686943531036377,1.002289891242981,0.003195999999999999,0.001592,0.0,0.002152,0.000217,0.9999908208847046,0.0,2e-06,0.001858,0.000191,1.000003457069397,nan,1000000
90399,0.00041154026985168457,1.0016785860061646,0.002164,0.001472,0.0,0.002191,0.000229,0.9999992847442627,0.0,2e-06,0.001858,0.000191,1.000003457069397,nan,1000000
90499,0.0011505484580993652,1.002125859260559,0.0028790000000000005,0.00133,0.0,0.002216,0.000229,0.9999982118606567,0.0,2e-06,0.001858,0.000191,1.000003457069397,nan,1000000
90599,0.00041216611862182617,1.000928521156311,0.001701,0.001701,0.0,0.002123,0.000227,0.9999998807907104,0.0,2e-06,0.001858,0.000191,1.000003457069397,nan,1000000
90699,0.00031557679176330566,1.0012516975402832,0.0029200000000000007,0.001859,0.0,0.002256,0.00023,0.9999872446060181,0.0,2e-06,0.001858,0.000191,1.000003457069397,nan,1000000
90799,0.0013394653797149658,1.0026496648788452,0.002583000000000002,0.001753,0.0,0.002223,0.000208,0.9999845027923584,0.0,2e-06,0.001858,0.000191,1.000003457069397,nan,1000000
90899,0.0009690523147583008,1.0013073682785034,0.0028629999999999992,0.001789,0.0,0.002141,0.000205,0.9999971389770508,0.0,2e-06,0.001858,0.000191,1.000003457069397,nan,1000000
90999,0.0009929835796356201,1.0027252435684204,0.0021200000000000108,0.001858,0.0,0.002075,0.000201,0.9999998807907104,0.0,2e-06,0.001858,0.000191,1.000003457069397,nan,1000000
91099,0.0007758736610412598,1.0006463527679443,0.0029230000000000003,0.001539,0.0,0.002084,0.000219,0.9999933242797852,0.0,2e-06,0.001858,0.000191,1.000003457069397,nan,1000000
91199,0.0008672177791595459,1.0024182796478271,0.0020120000000000003,0.002012,0.0,0.002002,0.000212,0.999993085861206,0.0,2e-06,0.001858,0.000191,1.000003457069397,nan,1000000
91299,0.0009529292583465576,1.0020862817764282,0.002236,0.002236,0.0,0.002035,0.000217,0.9999940395355225,0.0,2e-06,0.001858,0.000191,1.000003457069397,nan,1000000
91399,0.0014715194702148438,1.0008461475372314,0.0036660000000000026,0.002206,0.0,0.001607,0.00016,0.9999990463256836,0.0,2e-06,0.001858,0.000191,1.000003457069397,nan,1000000
91499,0.0007892847061157227,1.000525951385498,0.0026,0.0026,0.0,0.001646,0.000161,0.9999924898147583,0.0,2e-06,0.001858,0.000191,1.000003457069397,nan,1000000
91599,0.0005337297916412354,1.0004874467849731,0.0020960000000000423,0.001915,0.0,0.001716,0.000179,0.9999972581863403,0.0,2e-06,0.001858,0.000191,1.000003457069397,nan,1000000
91699,0.001432955265045166,1.0017468929290771,0.004029999999999978,0.001695,0.0,0.001698,0.000191,0.9999990463256836,0.0,2e-06,0.001858,0.000191,1.000003457069397,nan,1000000
91799,0.0007718205451965332,1.0002480745315552,0.0026249999999999885,0.001453,0.0,0.001822,0.000192,0.9999986886978149,0.0,2e-06,0.001858,0.000191,1.000003457069397,nan,1000000
91899,0.0011161863803863525,1.000563144683838,0.003451999999999955,0.001302,0.0,0.001711,0.0002,0.9999957084655762,0.0,2e-06,0.001858,0.000191,1.000003457069397,nan,1000000
91999,0.0008674561977386475,1.0010498762130737,0.0030020000000000047,0.001844,0.0,0.001662,0.000178,0.9999963045120239,0.0,2e-06,0.001858,0.000191,1.000003457069397,nan,1000000
92099,0.0012649595737457275,1.0021719932556152,0.003363000000000005,0.001792,0.0,0.001639,0.000191,0.9999933242797852,0.0,2e-06,0.001858,0.000191,1.000003457069397,nan,1000000
92199,0.0014679431915283203,1.0017638206481934,0.00371100000000002,0.001506,0.0,0.001948,0.000206,0.9999932050704956,0.0,2e-06,0.001858,0.000191,1.000003457069397,nan,1000000
92299,0.0016404986381530762,1.0029994249343872,0.0035299999999999776,0.001563,0.0,0.001827,0.000186,0.999987006187439,0.0,2e-06,0.001858,0.000191,1.000003457069397,nan,1000000
92399,0.0008735358715057373,1.001279592514038,0.0022840000000000082,0.001378,0.0,0.001622,0.000159,0.9999945163726807,0.0,2e-06,0.001858,0.000191,1.000003457069397,nan,1000000
92499,0.0010831952095031738,1.0015186071395874,0.002697000000000005,0.001451,0.0,0.00166,0.000152,0.9999933242797852,0.0,2e-06,0.001858,0.000191,1.000003457069397,nan,1000000
92599,0.0009341537952423096,1.000874638557434,0.0025390000000000135,0.001753,0.0,0.001424,0.000119,0.9999872446060181,0.0,2e-06,0.001858,0.000191,1.000003457069397,nan,1000000
92699,0.0011808574199676514,1.001505970954895,0.003202000000000038,0.001768,0.0,0.001486,0.000138,0.9999957084655762,0.0,2e-06,0.001858,0.000191,1.000003457069397,nan,1000000
92799,0.0010446012020111084,1.0014668703079224,0.0024640000000000217,0.001607,0.0,0.001648,0.000142,0.9999856948852539,0.0,2e-06,0.001858,0.000191,1.000003457069397,nan,1000000
92899,0.0007370114326477051,1.0015766620635986,0.001929000000000014,0.001857,0.0,0.001586,0.000133,0.999998927116394,0.0,2e-06,0.001858,0.000191,1.000003457069397,nan,1000000
92999,0.001663297414779663,1.0032432079315186,0.003400000000000014,0.001911,0.0,0.001465,0.000133,0.9999995231628418,0.0,2e-06,0.001858,0.000191,1.000003457069397,nan,1000000
93099,0.0005792677402496338,1.0016534328460693,0.0020479999999999943,0.001882,0.0,0.001286,0.000108,0.9999978542327881,0.0,2e-06,0.001858,0.000191,1.000003457069397,nan,1000000
93199,0.0011321008205413818,1.0012153387069702,0.0026029999999999665,0.001871,0.0,0.001339,0.000116,0.9999912977218628,0.0,2e-06,0.001858,0.000191,1.000003457069397,nan,1000000
93299,0.0011050105094909668,1.0018762350082397,0.0026390000000000025,0.00169,0.0,0.00155,0.000173,0.999981164932251,0.0,2e-06,0.001858,0.000191,1.000003457069397,nan,1000000
93399,0.001399904489517212,1.0031899213790894,0.0027619999999999867,0.001418,0.0,0.001663,0.00017,0.9999990463256836,0.0,2e-06,0.001858,0.000191,1.000003457069397,nan,1000000
93499,0.0008378922939300537,1.0016642808914185,0.0034339999999999996,0.001201,0.0,0.001781,0.000171,0.9999974966049194,0.0,2e-06,0.001858,0.000191,1.000003457069397,nan,1000000
93599,0.0013019740581512451,1.0025784969329834,0.003282000000000007,0.001529,0.0,0.00161,0.00017,0.999996542930603,0.0,2e-06,0.001858,0.000191,1.000003457069397,nan,1000000
93699,0.0008483827114105225,1.0008840560913086,0.0022360000000000158,0.001602,0.0,0.001444,0.000139,0.999991774559021,0.0,2e-06,0.001858,0.000191,1.000003457069397,nan,1000000
93799,0.0009593963623046875,1.0016261339187622,0.002354999999999996,0.001425,0.0,0.001662,0.00016,0.9999733567237854,0.0,2e-06,0.001858,0.000191,1.000003457069397,nan,1000000
93899,0.0013251900672912598,1.0021618604660034,0.003058000000000005,0.001612,0.0,0.001503,0.000152,0.9999961853027344,0.0,2e-06,0.001858,0.000191,1.000003457069397,nan,1000000
93999,0.0012093782424926758,1.0016868114471436,0.0031789999999999874,0.0018,0.0,0.001395,0.000124,0.9999892711639404,0.0,2e-06,0.001858,0.000191,1.000003457069397,nan,1000000
94099,0.0014896094799041748,1.0021051168441772,0.0038960000000000106,0.002279,0.0,0.001419,0.000144,0.9999833703041077,0.0,2e-06,0.001858,0.000191,1.000003457069397,nan,1000000
94199,0.0006355047225952148,1.001537561416626,0.0028919999999999996,0.001947,0.0,0.001648,0.000156,0.9999966621398926,0.0,2e-06,0.001858,0.000191,1.000003457069397,nan,1000000
94299,0.0007996559143066406,1.0014688968658447,0.0027290000000000005,0.001672,0.0,0.001564,0.000156,0.9999935626983643,0.0,2e-06,0.001858,0.000191,1.000003457069397,nan,1000000
94399,0.00020393729209899902,0.9999808669090271,0.001945,0.001945,0.0,0.001348,0.000143,0.9999957084655762,0.0,2e-06,0.001858,0.000191,1.000003457069397,nan,1000000
94499,0.00025475025177001953,1.0007356405258179,0.002109,0.002109,0.0,0.001601,0.000154,0.9999988079071045,0.0,2e-06,0.001858,0.000191,1.000003457069397,nan,1000000
94599,0.0014139413833618164,1.0017660856246948,0.003167000000000031,0.001747,0.0,0.00167,0.000163,0.9999876022338867,0.0,2e-06,0.001858,0.000191,1.000003457069397,nan,1000000
94699,0.0014220476150512695,1.0018547773361206,0.0035310000000000064,0.002161,0.0,0.0016,0.00016,0.9999932050704956,0.0,2e-06,0.001858,0.000191,1.000003457069397,nan,1000000
94799,0.001337975263595581,1.0028482675552368,0.002680999999999989,0.00183,0.0,0.001863,0.000192,0.9999948740005493,0.0,2e-06,0.001858,0.000191,1.000003457069397,nan,1000000
94899,0.001002579927444458,1.002130150794983,0.002487,0.002487,0.0,0.00171,0.000167,0.9999926090240479,0.0,2e-06,0.001858,0.000191,1.000003457069397,nan,1000000
94999,0.0015087127685546875,1.0032254457473755,0.003121999999999958,0.002394,0.0,0.00195,0.000185,0.9999910593032837,0.0,2e-06,0.001858,0.000191,1.000003457069397,nan,1000000
95099,0.0012554824352264404,1.001115322113037,0.003540000000000043,0.002566,0.0,0.00182,0.000205,0.9999958276748657,0.0,2e-06,0.001858,0.000191,1.000003457069397,nan,1000000
95199,0.0007292628288269043,1.0013306140899658,0.002634,0.002634,0.0,0.001914,0.000197,0.9999984502792358,0.0,2e-06,0.001858,0.000191,1.000003457069397,nan,1000000
95299,0.0006006360054016113,1.0010697841644287,0.002534,0.002534,0.0,0.001879,0.000175,0.9999980926513672,0.0,2e-06,0.001858,0.000191,1.000003457069397,nan,1000000
95399,0.0012590885162353516,1.0015510320663452,0.0033700000000000006,0.002665,0.0,0.002027,0.000203,0.999997615814209,0.0,2e-06,0.001858,0.000191,1.000003457069397,nan,1000000
95499,0.001511991024017334,1.0013706684112549,0.003613000000000033,0.002471,0.0,0.00213,0.00023,0.9999996423721313,0.0,2e-06,0.001858,0.000191,1.000003457069397,nan,1000000
95599,0.0015121400356292725,1.002240538597107,0.0033609999999999474,0.002154,0.0,0.002014,0.000228,0.9999999403953552,0.0,2e-06,0.001858,0.000191,1.000003457069397,nan,1000000
95699,0.0015130043029785156,1.0033044815063477,0.003502000000000005,0.002254,0.0,0.001949,0.000197,0.9999921321868896,0.0,2e-06,0.001858,0.000191,1.000003457069397,nan,1000000
95799,0.0009375512599945068,1.001486897468567,0.002369,0.002369,0.0,0.002025,0.000226,0.9999995231628418,0.0,2e-06,0.001858,0.000191,1.000003457069397,nan,1000000
95899,0.0014650225639343262,1.0016423463821411,0.003746000000000027,0.002715,0.0,0.001831,0.000202,0.9999715089797974,0.0,2e-06,0.001858,0.000191,1.000003457069397,nan,1000000
95999,0.0015339255332946777,1.002594232559204,0.0037269999999999803,0.002871,0.0,0.001864,0.000209,0.999996542930603,0.0,2e-06,0.001858,0.000191,1.000003457069397,nan,1000000
96099,0.0005265176296234131,1.0006505250930786,0.003046,0.003046,0.0,0.001888,0.000196,0.9999996423721313,0.0,2e-06,0.001858,0.000191,1.000003457069397,nan,1000000
96199,0.0007264912128448486,1.0005924701690674,0.0033369999999999997,0.00327,0.0,0.001839,0.0002,0.9999991655349731,0.0,2e-06,0.001858,0.000191,1.000003457069397,nan,1000000
96299,0.0010772645473480225,1.0005862712860107,0.0029669999999999974,0.002858,0.0,0.001808,0.000191,0.999998927116394,0.0,2e-06,0.001858,0.000191,1.000003457069397,nan,1000000
96399,0.0013386905193328857,1.0022249221801758,0.0033070000000000044,0.003113,0.0,0.001836,0.000196,0.9999967813491821,0.0,2e-06,0.001858,0.000191,1.000003457069397,nan,1000000
96499,0.0012535452842712402,1.0016745328903198,0.003213,0.003213,0.0,0.001985,0.000199,0.9999905824661255,0.0,2e-06,0.001858,0.000191,1.000003457069397,nan,1000000
96599,0.00036585330963134766,1.001400351524353,0.003098,0.003098,0.0,0.001861,0.000191,0.9999909400939941,0.0,2e-06,0.001858,0.000191,1.000003457069397,nan,1000000
96699,0.0016051828861236572,1.001678466796875,0.003848000000000018,0.002913,0.0,0.001863,0.000187,0.9999990463256836,0.0,2e-06,0.001858,0.000191,1.000003457069397,nan,1000000
96799,0.0007843375205993652,1.0013256072998047,0.00293,0.00293,0.0,0.001914,0.000196,0.9999918937683105,0.0,2e-06,0.001858,0.000191,1.000003457069397,nan,1000000
96899,0.0011355876922607422,1.002242088317871,0.003363,0.003363,0.0,0.001939,0.000206,0.9999990463256836,0.0,2e-06,0.001858,0.000191,1.000003457069397,nan,1000000
96999,0.001201629638671875,1.0014625787734985,0.003227,0.003227,0.0,0.001939,0.000214,0.9999978542327881,0.0,2e-06,0.001858,0.000191,1.000003457069397,nan,1000000
97099,0.00020802021026611328,0.9998393058776855,0.003604,0.003604,0.0,0.001865,0.000204,0.9999983310699463,0.0,2e-06,0.001858,0.000191,1.000003457069397,nan,1000000
97199,0.0008050501346588135,1.0012989044189453,0.003518,0.003518,0.0,0.002009,0.000235,0.9999971389770508,0.0,2e-06,0.001858,0.000191,1.000003457069397,nan,1000000
97299,0.0010914206504821777,1.0022693872451782,0.003145,0.003145,0.0,0.001962,0.000206,0.9999844431877136,0.0,2e-06,0.001858,0.000191,1.000003457069397,nan,1000000
97399,0.0012539923191070557,1.0007928609848022,0.0034520000000000106,0.003308,0.0,0.001948,0.000223,0.9999992847442627,0.0,2e-06,0.001858,0.000191,1.000003457069397,nan,1000000
97499,0.000892937183380127,1.0017333030700684,0.00326,0.00326,0.0,0.002053,0.00022,0.9999986886978149,0.0,2e-06,0.001858,0.000191,1.000003457069397,nan,1000000
97599,0.0010648071765899658,1.0015177726745605,0.003526,0.003526,0.0,0.00204,0.000213,0.9999992847442627,0.0,2e-06,0.001858,0.000191,1.000003457069397,nan,1000000
97699,0.0003108680248260498,0.9998975992202759,0.003601,0.003601,0.0,0.002024,0.000199,0.9999915361404419,0.0,2e-06,0.001858,0.000191,1.000003457069397,nan,1000000
97799,0.0012231767177581787,1.0008493661880493,0.003543,0.003543,0.0,0.002172,0.000224,0.9999916553497314,0.0,2e-06,0.001858,0.000191,1.000003457069397,nan,1000000
97899,0.000859677791595459,1.0010713338851929,0.003594,0.003594,0.0,0.002065,0.000243,0.9999957084655762,0.0,2e-06,0.001858,0.000191,1.000003457069397,nan,1000000
97999,0.0005636513233184814,1.0003730058670044,0.003986,0.003986,0.0,0.002081,0.000221,0.999998927116394,0.0,2e-06,0.001858,0.000191,1.000003457069397,nan,1000000
98099,0.0010072588920593262,0.9998573660850525,0.003579,0.003579,0.0,0.002069,0.000193,0.9999939203262329,0.0,2e-06,0.001858,0.000191,1.000003457069397,nan,1000000
98199,0.0008723437786102295,1.0011602640151978,0.003571,0.003571,0.0,0.002148,0.000234,0.9999983310699463,0.0,2e-06,0.001858,0.000191,1.000003457069397,nan,1000000
98299,0.0005226433277130127,1.0015685558319092,0.003444,0.003444,0.0,0.002059,0.000185,0.9999982118606567,0.0,2e-06,0.001858,0.000191,1.000003457069397,nan,1000000
98399,0.0008923709392547607,1.0020153522491455,0.003669,0.003669,0.0,0.002142,0.000233,0.9999983310699463,0.0,2e-06,0.001858,0.000191,1.000003457069397,nan,1000000
98499,0.0013394355773925781,1.003461480140686,0.003719,0.003719,0.0,0.002441,0.000263,0.9999983310699463,0.0,2e-06,0.001858,0.000191,1.000003457069397,nan,1000000
98599,0.0008141398429870605,1.0009313821792603,0.004071,0.00407,0.0,0.001994,0.000192,0.9999903440475464,0.0,2e-06,0.001858,0.000191,1.000003457069397,nan,1000000
98699,0.002088874578475952,1.0005333423614502,0.005253000000000008,0.003364,0.0,0.002102,0.000223,0.9999964237213135,0.0,2e-06,0.001858,0.000191,1.000003457069397,nan,1000000
98799,0.0004177391529083252,1.0040686130523682,0.003995,0.003995,0.0,0.00207,0.000189,0.9999958276748657,0.0,2e-06,0.001858,0.000191,1.000003457069397,nan,1000000
98899,-5.981326103210449e-05,0.9997579455375671,0.003347,0.003347,0.0,0.002173,0.000209,0.9999755620956421,0.0,2e-06,0.001858,0.000191,1.000003457069397,nan,1000000
98999,0.0003040432929992676,1.0007810592651367,0.003357,0.003357,0.0,0.002839,0.000268,0.9999994039535522,0.0,2e-06,0.001858,0.000191,1.000003457069397,nan,1000000
99099,4.7206878662109375e-05,1.0005254745483398,0.003396,0.003396,0.0,0.002789,0.000284,0.9999872446060181,0.0,2e-06,0.001858,0.000191,1.000003457069397,nan,1000000
99199,0.001487046480178833,1.0043214559555054,0.0032270000000000003,0.003227,0.0,0.002924,0.000309,0.9999969005584717,0.0,2e-06,0.001858,0.000191,1.000003457069397,nan,1000000
99299,0.0008364319801330566,1.001273512840271,0.003521,0.003521,0.0,0.002009,0.000221,0.9999876618385315,0.0,2e-06,0.001858,0.000191,1.000003457069397,nan,1000000
99399,0.0014072954654693604,1.0026450157165527,0.0038790000000000213,0.003083,0.0,0.002337,0.000223,0.9999980926513672,0.0,2e-06,0.001858,0.000191,1.000003457069397,nan,1000000
99499,0.00013375282287597656,1.001706600189209,0.003614,0.003614,0.0,0.002123,0.000191,0.9999922513961792,0.0,2e-06,0.001858,0.000191,1.000003457069397,nan,1000000
99599,0.0011344552040100098,1.0023937225341797,0.003862000000000001,0.003289,0.0,0.002531,0.000264,0.9999992847442627,0.0,2e-06,0.001858,0.000191,1.000003457069397,nan,1000000
99699,0.0013014376163482666,1.00160551071167,0.0029609999999999914,0.002795,0.0,0.002094,0.000208,0.999998927116394,0.0,2e-06,0.001858,0.000191,1.000003457069397,nan,1000000
99799,0.0006914138793945312,1.0032932758331299,0.002495,0.002494,0.0,0.002636,0.00026,0.9999810457229614,0.0,2e-06,0.001858,0.000191,1.000003457069397,nan,1000000
99899,0.0008649826049804688,1.0011303424835205,0.002884999999999971,0.002732,0.0,0.002762,0.000277,0.9999973773956299,0.0,2e-06,0.001858,0.000191,1.000003457069397,nan,1000000
99999,0.001125335693359375,1.001387119293213,0.002790999999999988,0.002559,0.0,0.002706,0.000291,0.9999992847442627,0.0,2e-06,0.001858,0.000191,1.000003457069397,nan,1000000
