epoch,z_bias,z_std_ratio,ks,gen_z_le_0,gen_z_ge_1,gen_z_gt_0.99,gen_z_gt_0.999,gen_z_max,g4_z_le_0,g4_z_ge_1,g4_z_gt_0.99,g4_z_gt_0.999,g4_z_max,phys_reg,n_rows
99,-0.012287735939025879,0.8865350484848022,0.160646,0.160648,0.0,0.0,0.0,0.699367105960846,2e-06,0.0,0.000772,7.4e-05,0.999993622303009,nan,1000000
199,-0.009371340274810791,0.9532167315483093,0.062814,0.062816,0.0,0.0,0.0,0.79413902759552,2e-06,0.0,0.000772,7.4e-05,0.999993622303009,nan,1000000
299,-0.007588028907775879,0.9604864120483398,0.037784,0.037785,0.0,0.0,0.0,0.8828273415565491,2e-06,0.0,0.000772,7.4e-05,0.999993622303009,nan,1000000
399,-0.0025977492332458496,0.9806690812110901,0.018611000000000003,0.018613,0.0,0.0,0.0,0.9767252206802368,2e-06,0.0,0.000772,7.4e-05,0.999993622303009,nan,1000000
499,0.0007265359163284302,1.0044519901275635,0.012844,0.012844,0.0,0.001198,0.00013,0.9999983310699463,2e-06,0.0,0.000772,7.4e-05,0.999993622303009,nan,1000000
599,0.0005870610475540161,1.006575107574463,0.015576,0.015578,0.0,0.001416,0.000138,0.9999995231628418,2e-06,0.0,0.000772,7.4e-05,0.999993622303009,nan,1000000
699,-0.0006416738033294678,1.0015572309494019,0.012315,0.012316,0.0,0.000817,7.6e-05,0.999982476234436,2e-06,0.0,0.000772,7.4e-05,0.999993622303009,nan,1000000
799,2.8014183044433594e-05,1.0024560689926147,0.009974,0.009976,0.0,0.001075,0.000101,0.9999866485595703,2e-06,0.0,0.000772,7.4e-05,0.999993622303009,nan,1000000
899,-0.0007750838994979858,0.9941791296005249,0.009122,0.009123,0.0,0.000615,6.4e-05,0.9999979734420776,2e-06,0.0,0.000772,7.4e-05,0.999993622303009,nan,1000000
999,-0.0004996061325073242,0.9975842833518982,0.007816,0.007818,0.0,0.000839,9.4e-05,0.9999988079071045,2e-06,0.0,0.000772,7.4e-05,0.999993622303009,nan,1000000
1099,0.00021335482597351074,1.0045210123062134,0.007405999999999999,0.007407,0.0,0.001209,0.000128,0.9999944567680359,2e-06,0.0,0.000772,7.4e-05,0.999993622303009,nan,1000000
1199,-0.0016117095947265625,0.9994429349899292,0.007888,0.00789,0.0,0.00082,0.000101,0.999924898147583,2e-06,0.0,0.000772,7.4e-05,0.999993622303009,nan,1000000
1299,0.0006199181079864502,1.0049686431884766,0.007574,0.007575,0.0,0.001144,0.000126,0.9999949932098389,2e-06,0.0,0.000772,7.4e-05,0.999993622303009,nan,1000000
1399,-0.0007846951484680176,0.9996891617774963,0.0069830000000000005,0.006985,0.0,0.000443,3.8e-05,0.9999916553497314,2e-06,0.0,0.000772,7.4e-05,0.999993622303009,nan,1000000
1499,-0.0013175159692764282,0.9982350468635559,0.006617,0.006616,0.0,0.000854,9.4e-05,0.999998927116394,2e-06,0.0,0.000772,7.4e-05,0.999993622303009,nan,1000000
1599,1.0669231414794922e-05,1.0033133029937744,0.007088,0.007089,0.0,0.000742,7.8e-05,0.999997615814209,2e-06,0.0,0.000772,7.4e-05,0.999993622303009,nan,1000000
1699,-0.003391951322555542,0.9850631952285767,0.008624,0.008625,0.0,0.000804,9.4e-05,0.9999935626983643,2e-06,0.0,0.000772,7.4e-05,0.999993622303009,nan,1000000
1799,0.0005296319723129272,1.0090854167938232,0.006818000000000001,0.005461,0.0,0.001296,0.000159,0.9999997615814209,2e-06,0.0,0.000772,7.4e-05,0.999993622303009,nan,1000000
1899,-0.0002585947513580322,1.000869870185852,0.0061360000000000026,0.005841,0.0,0.000981,0.000116,0.9999892711639404,2e-06,0.0,0.000772,7.4e-05,0.999993622303009,nan,1000000
1999,-0.001008749008178711,0.9996034502983093,0.006285,0.006286,0.0,0.000931,0.000107,0.9999991655349731,2e-06,0.0,0.000772,7.4e-05,0.999993622303009,nan,1000000
2099,-0.0003068894147872925,1.0005502700805664,0.007072,0.007071,0.0,0.000836,8.5e-05,0.9999778270721436,2e-06,0.0,0.000772,7.4e-05,0.999993622303009,nan,1000000
2199,-0.000533565878868103,0.9963239431381226,0.006804999999999999,0.006806,0.0,0.000341,2.2e-05,0.9999947547912598,2e-06,0.0,0.000772,7.4e-05,0.999993622303009,nan,1000000
2299,-0.00022970139980316162,0.9988287091255188,0.0060149999999999995,0.006017,0.0,0.00147,0.000164,0.9999732971191406,2e-06,0.0,0.000772,7.4e-05,0.999993622303009,nan,1000000
2399,-0.0007082074880599976,0.9987828731536865,0.0057799999999999995,0.00578,0.0,0.000809,9.5e-05,0.9999902844429016,2e-06,0.0,0.000772,7.4e-05,0.999993622303009,nan,1000000
2499,0.00033155083656311035,1.0161678791046143,0.0076,0.007601,0.0,0.001833,0.000193,0.9999918937683105,2e-06,0.0,0.000772,7.4e-05,0.999993622303009,nan,1000000
2599,-0.00015714764595031738,0.9977036714553833,0.007228000000000002,0.004924,0.0,0.000854,9.8e-05,0.9999955296516418,2e-06,0.0,0.000772,7.4e-05,0.999993622303009,nan,1000000
2699,0.00020809471607208252,1.0014368295669556,0.005272,0.005274,0.0,0.001337,0.000138,0.999998927116394,2e-06,0.0,0.000772,7.4e-05,0.999993622303009,nan,1000000
2799,3.1307339668273926e-05,1.0025221109390259,0.006332000000000001,0.005825,1e-06,0.001467,0.000163,1.0,2e-06,0.0,0.000772,7.4e-05,0.999993622303009,nan,1000000
2899,-0.00033496320247650146,0.9996460676193237,0.005565,0.005567,0.0,0.00048,3.9e-05,0.9999727010726929,2e-06,0.0,0.000772,7.4e-05,0.999993622303009,nan,1000000
2999,-0.0006667822599411011,0.9992412328720093,0.005052,0.005053,0.0,0.000791,9.5e-05,0.9999992847442627,2e-06,0.0,0.000772,7.4e-05,0.999993622303009,nan,1000000
3099,6.0245394706726074e-05,1.0018454790115356,0.004744,0.004745,0.0,0.000237,0.0,0.9989800453186035,2e-06,0.0,0.000772,7.4e-05,0.999993622303009,nan,1000000
3199,-0.0008701831102371216,0.9959908723831177,0.005550000000000003,0.004871,0.0,0.000776,8.7e-05,0.9999798536300659,2e-06,0.0,0.000772,7.4e-05,0.999993622303009,nan,1000000
3299,2.5331974029541016e-06,1.0025948286056519,0.004203,0.004204,0.0,0.000958,0.000109,0.9999818801879883,2e-06,0.0,0.000772,7.4e-05,0.999993622303009,nan,1000000
3399,-0.00038151443004608154,0.9983291029930115,0.004841999999999999,0.004156,0.0,0.001272,0.000122,0.9999979734420776,2e-06,0.0,0.000772,7.4e-05,0.999993622303009,nan,1000000
3499,-0.0003421306610107422,1.000662922859192,0.004373999999999999,0.004376,0.0,0.001096,0.000109,0.9999922513961792,2e-06,0.0,0.000772,7.4e-05,0.999993622303009,nan,1000000
3599,-6.911158561706543e-05,1.0008317232131958,0.0047279999999999996,0.004728,0.0,0.001367,0.000133,0.9999997615814209,2e-06,0.0,0.000772,7.4e-05,0.999993622303009,nan,1000000
3699,-0.00035919249057769775,0.9992455840110779,0.004338,0.004338,0.0,0.001044,0.000113,0.999995768070221,2e-06,0.0,0.000772,7.4e-05,0.999993622303009,nan,1000000
3799,-0.0003179609775543213,1.0025663375854492,0.00534,0.005342,0.0,0.000963,0.00011,0.9999969005584717,2e-06,0.0,0.000772,7.4e-05,0.999993622303009,nan,1000000
3899,1.4603137969970703e-06,1.0001798868179321,0.00407,0.004072,0.0,0.001019,0.0001,0.9999983310699463,2e-06,0.0,0.000772,7.4e-05,0.999993622303009,nan,1000000
3999,-0.0001942962408065796,1.0006064176559448,0.00463,0.004631,0.0,0.001159,0.000129,0.9999822378158569,2e-06,0.0,0.000772,7.4e-05,0.999993622303009,nan,1000000
4099,-0.00038802623748779297,1.0018036365509033,0.0041789999999999996,0.004181,0.0,0.001065,0.000113,0.9999977946281433,2e-06,0.0,0.000772,7.4e-05,0.999993622303009,nan,1000000
4199,-0.0005575120449066162,0.9980827569961548,0.004954999999999999,0.004957,0.0,0.000868,8.8e-05,0.9999998807907104,2e-06,0.0,0.000772,7.4e-05,0.999993622303009,nan,1000000
4299,-0.00029462575912475586,1.002548336982727,0.00511,0.005108,0.0,0.000926,8.4e-05,0.9999901056289673,2e-06,0.0,0.000772,7.4e-05,0.999993622303009,nan,1000000
4399,-0.000608980655670166,0.9978336691856384,0.004359,0.00436,0.0,0.00083,8.1e-05,0.9999971389770508,2e-06,0.0,0.000772,7.4e-05,0.999993622303009,nan,1000000
4499,8.162856101989746e-05,1.0005806684494019,0.0048779999999999995,0.004878,0.0,0.001247,0.000143,0.9999882578849792,2e-06,0.0,0.000772,7.4e-05,0.999993622303009,nan,1000000
4599,-0.0007233470678329468,1.001272439956665,0.005225,0.005227,0.0,0.001126,0.000113,0.9999818801879883,2e-06,0.0,0.000772,7.4e-05,0.999993622303009,nan,1000000
4699,0.0006739646196365356,1.003318428993225,0.0042959999999999995,0.004298,0.0,0.000985,9.8e-05,0.999994158744812,2e-06,0.0,0.000772,7.4e-05,0.999993622303009,nan,1000000
4799,0.00015664100646972656,1.0031565427780151,0.004712,0.004714,0.0,0.001266,0.000135,0.9999992847442627,2e-06,0.0,0.000772,7.4e-05,0.999993622303009,nan,1000000
4899,-9.241700172424316e-05,1.0021202564239502,0.003976,0.003839,0.0,0.000963,9.5e-05,0.9999808073043823,2e-06,0.0,0.000772,7.4e-05,0.999993622303009,nan,1000000
4999,-0.0006253421306610107,0.998019278049469,0.004123,0.004124,0.0,0.000867,8.8e-05,0.9999701976776123,2e-06,0.0,0.000772,7.4e-05,0.999993622303009,nan,1000000
5099,-0.0006002336740493774,0.997475266456604,0.004206000000000001,0.003991,0.0,0.001015,0.000107,0.9999955296516418,2e-06,0.0,0.000772,7.4e-05,0.999993622303009,nan,1000000
5199,-0.0002688765525817871,1.002859115600586,0.0053739999999999994,0.005375,0.0,0.00082,9.2e-05,0.999999463558197,2e-06,0.0,0.000772,7.4e-05,0.999993622303009,nan,1000000
5299,-0.0002669990062713623,0.999366283416748,0.004031,0.004033,0.0,0.000788,6.8e-05,0.9999943971633911,2e-06,0.0,0.000772,7.4e-05,0.999993622303009,nan,1000000
5399,-0.0005376935005187988,0.9995424151420593,0.0044020000000000005,0.004401,0.0,0.001162,0.00014,0.9999885559082031,2e-06,0.0,0.000772,7.4e-05,0.999993622303009,nan,1000000
5499,-0.00043210387229919434,1.0029520988464355,0.005368,0.00537,0.0,0.001015,0.000104,0.9999912977218628,2e-06,0.0,0.000772,7.4e-05,0.999993622303009,nan,1000000
5599,-0.0005318820476531982,0.9998412132263184,0.005163,0.005164,0.0,0.000918,9.3e-05,0.9999996423721313,2e-06,0.0,0.000772,7.4e-05,0.999993622303009,nan,1000000
5699,-0.000666305422782898,0.9987133145332336,0.004548,0.00455,0.0,0.001132,0.000125,0.9999987483024597,2e-06,0.0,0.000772,7.4e-05,0.999993622303009,nan,1000000
5799,-0.0008498728275299072,0.9989543557167053,0.004327999999999999,0.00433,0.0,0.001201,0.000134,0.9999727010726929,2e-06,0.0,0.000772,7.4e-05,0.999993622303009,nan,1000000
5899,-0.00022123754024505615,0.9989853501319885,0.004095000000000001,0.003833,0.0,0.001196,0.00013,0.9999943971633911,2e-06,0.0,0.000772,7.4e-05,0.999993622303009,nan,1000000
5999,-0.00035819411277770996,1.0036393404006958,0.004947,0.004949,0.0,0.001319,0.000127,0.9999978542327881,2e-06,0.0,0.000772,7.4e-05,0.999993622303009,nan,1000000
6099,-0.0007101893424987793,1.000363826751709,0.005278,0.00528,0.0,0.001007,9.4e-05,0.9999958276748657,2e-06,0.0,0.000772,7.4e-05,0.999993622303009,nan,1000000
6199,-0.000289037823677063,0.999560534954071,0.005071000000000003,0.003589,0.0,0.0011,0.000108,0.9999662637710571,2e-06,0.0,0.000772,7.4e-05,0.999993622303009,nan,1000000
6299,-6.845593452453613e-05,1.0002329349517822,0.004786000000000002,0.003601,0.0,0.001072,0.000109,0.9999995231628418,2e-06,0.0,0.000772,7.4e-05,0.999993622303009,nan,1000000
6399,-0.0006351172924041748,1.001869559288025,0.0051730000000000005,0.005175,0.0,0.001025,0.000103,0.999977171421051,2e-06,0.0,0.000772,7.4e-05,0.999993622303009,nan,1000000
6499,-0.0003716796636581421,1.001306176185608,0.0040950000000000005,0.004095,0.0,0.000945,8.5e-05,0.9999886751174927,2e-06,0.0,0.000772,7.4e-05,0.999993622303009,nan,1000000
6599,-0.0006538033485412598,0.9995401501655579,0.004205,0.003698,0.0,0.001064,0.000105,0.9999910593032837,2e-06,0.0,0.000772,7.4e-05,0.999993622303009,nan,1000000
6699,-0.00013741850852966309,1.0020519495010376,0.00436,0.004362,0.0,0.00111,0.00011,0.9999912977218628,2e-06,0.0,0.000772,7.4e-05,0.999993622303009,nan,1000000
6799,-0.0009596645832061768,1.0003726482391357,0.004601999999999999,0.004603,0.0,0.001045,0.0001,0.999991774559021,2e-06,0.0,0.000772,7.4e-05,0.999993622303009,nan,1000000
6899,-0.000308111310005188,1.000180959701538,0.004666,0.004668,0.0,0.001114,0.000112,0.9999908208847046,2e-06,0.0,0.000772,7.4e-05,0.999993622303009,nan,1000000
6999,4.738569259643555e-05,1.0010231733322144,0.004307999999999999,0.004309,0.0,0.001274,0.000139,0.999990701675415,2e-06,0.0,0.000772,7.4e-05,0.999993622303009,nan,1000000
7099,-0.000705420970916748,0.9996986985206604,0.004352,0.004354,0.0,0.001189,0.000126,0.9999948143959045,2e-06,0.0,0.000772,7.4e-05,0.999993622303009,nan,1000000
7199,-0.0008072555065155029,0.9988772869110107,0.003998999999999999,0.003438,0.0,0.0011,9.3e-05,0.9999979138374329,2e-06,0.0,0.000772,7.4e-05,0.999993622303009,nan,1000000
7299,0.0005101710557937622,1.001651406288147,0.00457,0.004572,0.0,0.001374,0.000133,0.9999912977218628,2e-06,0.0,0.000772,7.4e-05,0.999993622303009,nan,1000000
7399,-0.00025431811809539795,1.0007930994033813,0.005150999999999999,0.005153,0.0,0.001347,0.000145,0.9999980926513672,2e-06,0.0,0.000772,7.4e-05,0.999993622303009,nan,1000000
7499,0.00030672550201416016,1.001020073890686,0.005111,0.005113,0.0,0.001235,0.000138,0.9999910593032837,2e-06,0.0,0.000772,7.4e-05,0.999993622303009,nan,1000000
7599,-0.00016039609909057617,1.0013364553451538,0.0039629999999999995,0.003964,0.0,0.001186,0.000118,0.9999959468841553,2e-06,0.0,0.000772,7.4e-05,0.999993622303009,nan,1000000
7699,-0.00018699467182159424,1.0032217502593994,0.004281,0.004282,0.0,0.000942,8.8e-05,0.9999996423721313,2e-06,0.0,0.000772,7.4e-05,0.999993622303009,nan,1000000
7799,-0.00020548701286315918,1.0010305643081665,0.0049110000000000004,0.004911,0.0,0.001258,0.000139,0.9999971389770508,2e-06,0.0,0.000772,7.4e-05,0.999993622303009,nan,1000000
7899,-0.0003762245178222656,0.9997901320457458,0.005291,0.005293,0.0,0.001125,0.000105,0.999984622001648,2e-06,0.0,0.000772,7.4e-05,0.999993622303009,nan,1000000
7999,-0.0005892068147659302,1.0007301568984985,0.004686,0.004687,0.0,0.001284,0.000133,0.9999998211860657,2e-06,0.0,0.000772,7.4e-05,0.999993622303009,nan,1000000
8099,4.976987838745117e-05,1.0021758079528809,0.00458,0.00458,0.0,0.000316,0.0,0.9986658096313477,2e-06,0.0,0.000772,7.4e-05,0.999993622303009,nan,1000000
8199,-0.0004967451095581055,1.0006511211395264,0.00415,0.004152,0.0,0.000745,9.2e-05,0.9999949932098389,2e-06,0.0,0.000772,7.4e-05,0.999993622303009,nan,1000000
8299,-0.0006702840328216553,1.000636339187622,0.005141,0.005143,0.0,0.001062,9.7e-05,0.9999918937683105,2e-06,0.0,0.000772,7.4e-05,0.999993622303009,nan,1000000
8399,-0.0008099228143692017,0.9985153079032898,0.0038870000000000003,0.003889,0.0,0.000449,2.5e-05,0.9999799728393555,2e-06,0.0,0.000772,7.4e-05,0.999993622303009,nan,1000000
8499,-0.00039011240005493164,1.0017571449279785,0.004925,0.004926,0.0,0.000468,4.4e-05,0.9999957084655762,2e-06,0.0,0.000772,7.4e-05,0.999993622303009,nan,1000000
8599,-0.0007827877998352051,1.0010135173797607,0.0042639999999999996,0.004266,0.0,0.000566,6.1e-05,0.9999973773956299,2e-06,0.0,0.000772,7.4e-05,0.999993622303009,nan,1000000
8699,-0.0012598037719726562,0.9993331432342529,0.0046819999999999995,0.004683,0.0,0.000554,6.1e-05,0.9999765157699585,2e-06,0.0,0.000772,7.4e-05,0.999993622303009,nan,1000000
8799,-9.238719940185547e-05,1.0013854503631592,0.004138,0.004139,0.0,0.000701,7.2e-05,0.9999992847442627,2e-06,0.0,0.000772,7.4e-05,0.999993622303009,nan,1000000
8899,-0.00048041343688964844,0.9997912049293518,0.0043619999999999996,0.004363,0.0,0.000422,3.8e-05,0.9999926090240479,2e-06,0.0,0.000772,7.4e-05,0.999993622303009,nan,1000000
8999,-0.00040400028228759766,1.000333309173584,0.004723,0.004725,0.0,0.000372,2e-05,0.9999542236328125,2e-06,0.0,0.000772,7.4e-05,0.999993622303009,nan,1000000
9099,-0.0005113482475280762,0.9999262690544128,0.004013,0.004015,0.0,0.000458,4.1e-05,0.9999971389770508,2e-06,0.0,0.000772,7.4e-05,0.999993622303009,nan,1000000
9199,-0.00034934282302856445,1.001029133796692,0.00461,0.00461,0.0,0.000749,8.5e-05,0.9999949336051941,2e-06,0.0,0.000772,7.4e-05,0.999993622303009,nan,1000000
9299,-0.0005579888820648193,0.9990821480751038,0.003957,0.003957,0.0,0.001025,0.000109,0.9999954104423523,2e-06,0.0,0.000772,7.4e-05,0.999993622303009,nan,1000000
9399,-0.0004950612783432007,1.0005017518997192,0.004000999999999999,0.004003,0.0,0.000998,0.000111,0.9999890327453613,2e-06,0.0,0.000772,7.4e-05,0.999993622303009,nan,1000000
9499,-0.000713050365447998,1.0014209747314453,0.0041919999999999995,0.004194,0.0,0.001007,0.00011,0.9999905824661255,2e-06,0.0,0.000772,7.4e-05,0.999993622303009,nan,1000000
9599,-5.507469177246094e-05,1.000812292098999,0.003846000000000002,0.003506,0.0,0.001214,0.000124,0.9999903440475464,2e-06,0.0,0.000772,7.4e-05,0.999993622303009,nan,1000000
9699,5.0649046897888184e-05,1.0020843744277954,0.00379,0.003791,0.0,0.001255,0.000136,0.9999994039535522,2e-06,0.0,0.000772,7.4e-05,0.999993622303009,nan,1000000
9799,-0.0004372447729110718,1.000787615776062,0.003832000000000002,0.003358,0.0,0.001278,0.000149,0.9999792575836182,2e-06,0.0,0.000772,7.4e-05,0.999993622303009,nan,1000000
9899,-0.0007717609405517578,0.9994989633560181,0.003935000000000001,0.003252,0.0,0.001236,0.000139,0.9999995231628418,2e-06,0.0,0.000772,7.4e-05,0.999993622303009,nan,1000000
9999,-7.510185241699219e-05,0.9997671246528625,0.004763,0.003111,0.0,0.001192,0.000121,0.9999955892562866,2e-06,0.0,0.000772,7.4e-05,0.999993622303009,nan,1000000
10099,-6.636977195739746e-05,1.0004161596298218,0.003771,0.003489,0.0,0.001141,0.000102,0.9999762773513794,2e-06,0.0,0.000772,7.4e-05,0.999993622303009,nan,1000000
10199,-0.0008034408092498779,1.0002415180206299,0.004302999999999946,0.003938,0.0,0.001084,0.000105,0.9999961853027344,2e-06,0.0,0.000772,7.4e-05,0.999993622303009,nan,1000000
10299,-0.0008212924003601074,0.9985817074775696,0.004318,0.004318,0.0,0.001103,0.000111,0.9999996423721313,2e-06,0.0,0.000772,7.4e-05,0.999993622303009,nan,1000000
10399,-6.794929504394531e-06,1.0002020597457886,0.0039299999999999995,0.003932,0.0,0.001184,0.00012,0.9999947547912598,2e-06,0.0,0.000772,7.4e-05,0.999993622303009,nan,1000000
10499,-0.0002759099006652832,1.0000351667404175,0.003602,0.003602,0.0,0.000978,8.7e-05,0.9999812841415405,2e-06,0.0,0.000772,7.4e-05,0.999993622303009,nan,1000000
10599,-0.0008274465799331665,0.9990545511245728,0.0040149999999999995,0.004014,0.0,0.000806,8.3e-05,0.9999669790267944,2e-06,0.0,0.000772,7.4e-05,0.999993622303009,nan,1000000
10699,-0.0003497600555419922,0.9994102120399475,0.003906,0.003907,0.0,0.000834,8.9e-05,0.9999991655349731,2e-06,0.0,0.000772,7.4e-05,0.999993622303009,nan,1000000
10799,-0.0008358806371688843,0.999254584312439,0.004235999999999999,0.004237,0.0,0.000824,9.3e-05,0.9999933242797852,2e-06,0.0,0.000772,7.4e-05,0.999993622303009,nan,1000000
10899,-0.00037382543087005615,1.0007749795913696,0.0043,0.004301,0.0,0.000599,6.5e-05,0.9999980926513672,2e-06,0.0,0.000772,7.4e-05,0.999993622303009,nan,1000000
10999,-0.0005774050951004028,1.000289797782898,0.003986,0.003988,0.0,0.000507,5.3e-05,0.9999740123748779,2e-06,0.0,0.000772,7.4e-05,0.999993622303009,nan,1000000
11099,-0.0008009076118469238,0.9995468258857727,0.003935999999999999,0.003938,0.0,0.000584,6.4e-05,0.9999983310699463,2e-06,0.0,0.000772,7.4e-05,0.999993622303009,nan,1000000
11199,-0.0006667226552963257,0.9999305009841919,0.004318000000000001,0.00432,0.0,0.0009,9.1e-05,0.9999920129776001,2e-06,0.0,0.000772,7.4e-05,0.999993622303009,nan,1000000
11299,-0.0004988014698028564,0.997870147228241,0.004484999999999999,0.003773,0.0,0.000976,0.000114,0.9999983310699463,2e-06,0.0,0.000772,7.4e-05,0.999993622303009,nan,1000000
11399,-0.001496151089668274,0.9992265105247498,0.004850999999999999,0.004853,0.0,0.001019,0.000107,0.9999904036521912,2e-06,0.0,0.000772,7.4e-05,0.999993622303009,nan,1000000
11499,-0.0003736913204193115,1.0022979974746704,0.0040089999999999995,0.004011,0.0,0.000497,4.7e-05,0.999998927116394,2e-06,0.0,0.000772,7.4e-05,0.999993622303009,nan,1000000
11599,-0.0009285062551498413,0.9982874393463135,0.0039239999999999995,0.003926,0.0,0.000801,8.7e-05,0.9999992847442627,2e-06,0.0,0.000772,7.4e-05,0.999993622303009,nan,1000000
11699,-0.0006451159715652466,1.000150442123413,0.0039109999999999995,0.003913,0.0,0.001024,0.000102,0.9999902248382568,2e-06,0.0,0.000772,7.4e-05,0.999993622303009,nan,1000000
11799,-0.0003752410411834717,1.0003931522369385,0.003907,0.003909,0.0,0.001042,0.000106,0.9999983310699463,2e-06,0.0,0.000772,7.4e-05,0.999993622303009,nan,1000000
11899,-0.0007178783416748047,0.9994477033615112,0.004473,0.004472,0.0,0.001007,0.000101,0.9999874830245972,2e-06,0.0,0.000772,7.4e-05,0.999993622303009,nan,1000000
11999,-0.0009800642728805542,0.9989224076271057,0.004033999999999999,0.004034,0.0,0.001044,0.000115,0.9999798536300659,2e-06,0.0,0.000772,7.4e-05,0.999993622303009,nan,1000000
12099,-0.00039902329444885254,1.0009676218032837,0.0038420000000000004,0.003844,0.0,0.001072,9.6e-05,0.9999834895133972,2e-06,0.0,0.000772,7.4e-05,0.999993622303009,nan,1000000
12199,-0.00044670701026916504,1.000354290008545,0.004477,0.004479,0.0,0.001155,0.000108,0.9999971389770508,2e-06,0.0,0.000772,7.4e-05,0.999993622303009,nan,1000000
12299,-0.00037510693073272705,1.0011398792266846,0.003977,0.003979,0.0,0.001045,0.000102,0.9999957084655762,2e-06,0.0,0.000772,7.4e-05,0.999993622303009,nan,1000000
12399,-0.0006445050239562988,1.0004830360412598,0.003849,0.003851,0.0,0.001096,0.000114,0.9999911785125732,2e-06,0.0,0.000772,7.4e-05,0.999993622303009,nan,1000000
12499,-0.0001297295093536377,1.0022262334823608,0.003797,0.003798,0.0,0.000854,9e-05,0.9999737739562988,2e-06,0.0,0.000772,7.4e-05,0.999993622303009,nan,1000000
12599,-0.0004181116819381714,1.0004518032073975,0.004164999999999999,0.004166,0.0,0.000897,8.7e-05,0.9999768733978271,2e-06,0.0,0.000772,7.4e-05,0.999993622303009,nan,1000000
12699,-0.0002342313528060913,1.0009765625,0.003971000000000001,0.003973,0.0,0.001065,0.000114,0.9999971985816956,2e-06,0.0,0.000772,7.4e-05,0.999993622303009,nan,1000000
12799,-0.00011517107486724854,1.0007942914962769,0.0039120000000000005,0.003914,0.0,0.001019,0.000111,0.9999978542327881,2e-06,0.0,0.000772,7.4e-05,0.999993622303009,nan,1000000
12899,-0.0009037256240844727,0.9996528029441833,0.004189,0.00419,0.0,0.001028,0.00011,0.9999921321868896,2e-06,0.0,0.000772,7.4e-05,0.999993622303009,nan,1000000
12999,-0.00034312903881073,1.0005263090133667,0.003925,0.003927,0.0,0.001125,0.000118,0.9999920129776001,2e-06,0.0,0.000772,7.4e-05,0.999993622303009,nan,1000000
13099,-0.0001249164342880249,1.0000367164611816,0.00365,0.003651,0.0,0.001132,0.00012,0.9999862909317017,2e-06,0.0,0.000772,7.4e-05,0.999993622303009,nan,1000000
13199,-0.00043061375617980957,0.9994333982467651,0.004017,0.004019,0.0,0.001033,0.000105,0.9999756813049316,2e-06,0.0,0.000772,7.4e-05,0.999993622303009,nan,1000000
13299,4.431605339050293e-05,1.00117027759552,0.003543,0.003545,0.0,0.001085,0.000128,0.9999887943267822,2e-06,0.0,0.000772,7.4e-05,0.999993622303009,nan,1000000
13399,8.006393909454346e-05,1.0012176036834717,0.003608,0.00361,0.0,0.001009,0.000107,0.9999967813491821,2e-06,0.0,0.000772,7.4e-05,0.999993622303009,nan,1000000
13499,-0.0005927383899688721,1.0013235807418823,0.004085999999999999,0.004087,0.0,0.000946,8.9e-05,0.9999797344207764,2e-06,0.0,0.000772,7.4e-05,0.999993622303009,nan,1000000
13599,-0.000591471791267395,1.0000662803649902,0.003599,0.003601,0.0,0.000767,9.2e-05,0.9999909400939941,2e-06,0.0,0.000772,7.4e-05,0.999993622303009,nan,1000000
13699,-0.00012472271919250488,1.0017318725585938,0.003926000000000002,0.003338,0.0,0.001028,0.000114,0.9999973773956299,2e-06,0.0,0.000772,7.4e-05,0.999993622303009,nan,1000000
13799,4.708766937255859e-06,1.0030311346054077,0.0034400000000000003,0.003441,0.0,0.000693,7.9e-05,0.9999796152114868,2e-06,0.0,0.000772,7.4e-05,0.999993622303009,nan,1000000
13899,-0.0006350427865982056,0.9982575178146362,0.003993,0.003126,0.0,0.000716,8.4e-05,0.9999755620956421,2e-06,0.0,0.000772,7.4e-05,0.999993622303009,nan,1000000
13999,-0.0006101429462432861,0.9988666772842407,0.003359000000000001,0.003357,0.0,0.001079,0.000114,0.9999949932098389,2e-06,0.0,0.000772,7.4e-05,0.999993622303009,nan,1000000
14099,-0.0005942732095718384,0.9996320009231567,0.0035700000000000003,0.003572,0.0,0.001129,0.000105,0.9999910593032837,2e-06,0.0,0.000772,7.4e-05,0.999993622303009,nan,1000000
14199,-0.0012321174144744873,0.9988549947738647,0.00377100000000008,0.003592,0.0,0.001159,0.000128,0.9999938011169434,2e-06,0.0,0.000772,7.4e-05,0.999993622303009,nan,1000000
14299,-0.0009703338146209717,0.9983137249946594,0.003408,0.00341,0.0,0.00113,0.000123,0.9999972581863403,2e-06,0.0,0.000772,7.4e-05,0.999993622303009,nan,1000000
14399,-0.0005447715520858765,0.9982388019561768,0.003245,0.003247,0.0,0.001115,0.000111,0.9999998211860657,2e-06,0.0,0.000772,7.4e-05,0.999993622303009,nan,1000000
14499,-0.0005737990140914917,0.9995464086532593,0.003383,0.003385,0.0,0.001072,0.000105,0.9999996423721313,2e-06,0.0,0.000772,7.4e-05,0.999993622303009,nan,1000000
14599,-0.0001669377088546753,1.000156044960022,0.0031940000000000007,0.003171,0.0,0.001072,0.000106,0.9999816417694092,2e-06,0.0,0.000772,7.4e-05,0.999993622303009,nan,1000000
14699,-0.0008696317672729492,0.9983409643173218,0.0035240000000000002,0.003526,0.0,0.001117,9.3e-05,0.9999894499778748,2e-06,0.0,0.000772,7.4e-05,0.999993622303009,nan,1000000
14799,-2.5317072868347168e-05,1.0004627704620361,0.00335,0.003351,0.0,0.001161,9.9e-05,0.9999783039093018,2e-06,0.0,0.000772,7.4e-05,0.999993622303009,nan,1000000
14899,-0.0004509091377258301,1.0008010864257812,0.003428,0.00343,0.0,0.001176,0.000118,0.9999899864196777,2e-06,0.0,0.000772,7.4e-05,0.999993622303009,nan,1000000
14999,-0.0006651878356933594,1.0009573698043823,0.00382,0.003821,0.0,0.001134,0.000124,0.999997615814209,2e-06,0.0,0.000772,7.4e-05,0.999993622303009,nan,1000000
15099,-0.0005523860454559326,1.0007857084274292,0.003679,0.003679,0.0,0.001145,0.000121,0.9999994039535522,2e-06,0.0,0.000772,7.4e-05,0.999993622303009,nan,1000000
15199,-0.0009875744581222534,0.9992001056671143,0.003588,0.00359,0.0,0.001236,0.000143,0.9999887943267822,2e-06,0.0,0.000772,7.4e-05,0.999993622303009,nan,1000000
15299,-0.0006638020277023315,0.9989686012268066,0.003248,0.003247,0.0,0.001143,0.000131,0.9999990463256836,2e-06,0.0,0.000772,7.4e-05,0.999993622303009,nan,1000000
15399,-0.00030694901943206787,1.0015664100646973,0.0033040000000000014,0.003041,0.0,0.001127,0.000119,0.9999957084655762,2e-06,0.0,0.000772,7.4e-05,0.999993622303009,nan,1000000
15499,-0.0008181333541870117,1.0000410079956055,0.0033640000000000002,0.003366,0.0,0.000991,0.000101,0.9999991655349731,2e-06,0.0,0.000772,7.4e-05,0.999993622303009,nan,1000000
15599,-0.0005273520946502686,1.0018045902252197,0.003647,0.003649,0.0,0.000777,9.5e-05,0.9999927282333374,2e-06,0.0,0.000772,7.4e-05,0.999993622303009,nan,1000000
15699,-0.00011916458606719971,1.0017430782318115,0.003754,0.003753,0.0,0.000626,6.4e-05,0.9999992251396179,2e-06,0.0,0.000772,7.4e-05,0.999993622303009,nan,1000000
15799,-0.0005858391523361206,0.9991070628166199,0.00344,0.00344,0.0,0.000859,9.9e-05,0.9999998807907104,2e-06,0.0,0.000772,7.4e-05,0.999993622303009,nan,1000000
15899,-0.00017692148685455322,1.0007350444793701,0.003392,0.003393,0.0,0.000996,0.000117,0.999984622001648,2e-06,0.0,0.000772,7.4e-05,0.999993622303009,nan,1000000
15999,-0.0003565102815628052,1.0003076791763306,0.003651,0.003652,0.0,0.00112,0.000102,0.9999958276748657,2e-06,0.0,0.000772,7.4e-05,0.999993622303009,nan,1000000
16099,-0.0004930794239044189,1.001465082168579,0.003467,0.003469,0.0,0.001003,0.000126,0.9999988079071045,2e-06,0.0,0.000772,7.4e-05,0.999993622303009,nan,1000000
16199,-0.00047047436237335205,1.0008275508880615,0.0035460000000000005,0.003156,0.0,0.001108,0.000105,0.999987006187439,2e-06,0.0,0.000772,7.4e-05,0.999993622303009,nan,1000000
16299,-0.0003430396318435669,1.0003262758255005,0.003775999999999998,0.003151,1e-06,0.001066,0.000103,1.0,2e-06,0.0,0.000772,7.4e-05,0.999993622303009,nan,1000000
16399,-0.0005189180374145508,0.9997128844261169,0.0037310000000000004,0.003732,0.0,0.001137,0.000112,0.9999959468841553,2e-06,0.0,0.000772,7.4e-05,0.999993622303009,nan,1000000
16499,-0.0011685490608215332,0.9981574416160583,0.003728,0.00373,0.0,0.00108,0.000127,0.9999938011169434,2e-06,0.0,0.000772,7.4e-05,0.999993622303009,nan,1000000
16599,-0.00041553378105163574,0.9996484518051147,0.003562,0.003563,0.0,0.00101,0.000109,0.9999990463256836,2e-06,0.0,0.000772,7.4e-05,0.999993622303009,nan,1000000
16699,-0.0014014095067977905,0.998189389705658,0.004398,0.0044,0.0,0.001005,9.8e-05,0.9999917149543762,2e-06,0.0,0.000772,7.4e-05,0.999993622303009,nan,1000000
16799,-0.0009373575448989868,0.9999999403953552,0.004136,0.004138,0.0,0.001019,9.5e-05,0.9999946355819702,2e-06,0.0,0.000772,7.4e-05,0.999993622303009,nan,1000000
16899,-0.0006269663572311401,0.9995692372322083,0.003775,0.003777,0.0,0.000937,0.0001,0.9999836683273315,2e-06,0.0,0.000772,7.4e-05,0.999993622303009,nan,1000000
16999,-0.0006535500288009644,0.9998102188110352,0.004175,0.004177,0.0,0.00107,0.000125,0.9999977350234985,2e-06,0.0,0.000772,7.4e-05,0.999993622303009,nan,1000000
17099,-0.00020611286163330078,1.0010886192321777,0.004177999999999999,0.004178,0.0,0.001021,8.9e-05,0.9999992847442627,2e-06,0.0,0.000772,7.4e-05,0.999993622303009,nan,1000000
17199,-0.0010938197374343872,0.9989061951637268,0.004474,0.004474,0.0,0.00101,0.0001,0.9999830722808838,2e-06,0.0,0.000772,7.4e-05,0.999993622303009,nan,1000000
17299,-0.00027598440647125244,1.0004669427871704,0.003997,0.003999,0.0,0.000926,9.5e-05,0.9999969005584717,2e-06,0.0,0.000772,7.4e-05,0.999993622303009,nan,1000000
17399,-0.0009330511093139648,0.9985842704772949,0.0043029999999999995,0.004305,0.0,0.000874,0.0001,0.9999988079071045,2e-06,0.0,0.000772,7.4e-05,0.999993622303009,nan,1000000
17499,-0.000375404953956604,1.0010546445846558,0.00441,0.004412,0.0,0.00104,0.000104,0.9999912977218628,2e-06,0.0,0.000772,7.4e-05,0.999993622303009,nan,1000000
17599,-0.000974699854850769,0.9991090893745422,0.0043619999999999996,0.004364,0.0,0.000967,8.8e-05,0.9999988079071045,2e-06,0.0,0.000772,7.4e-05,0.999993622303009,nan,1000000
17699,-0.0008971542119979858,0.9986222982406616,0.004075,0.004077,0.0,0.001037,0.000102,0.999998927116394,2e-06,0.0,0.000772,7.4e-05,0.999993622303009,nan,1000000
17799,-0.0004659891128540039,1.000635027885437,0.004055,0.004057,0.0,0.001081,0.000126,0.9999938011169434,2e-06,0.0,0.000772,7.4e-05,0.999993622303009,nan,1000000
17899,-0.0002072155475616455,1.0010442733764648,0.0039689999999999994,0.003971,0.0,0.00094,0.000102,0.9999905824661255,2e-06,0.0,0.000772,7.4e-05,0.999993622303009,nan,1000000
17999,-0.001120835542678833,1.000360131263733,0.004359,0.004361,0.0,0.000955,9e-05,0.9999988079071045,2e-06,0.0,0.000772,7.4e-05,0.999993622303009,nan,1000000
18099,-0.00043660402297973633,1.0007749795913696,0.004012,0.004013,0.0,0.000893,9.4e-05,0.9999970197677612,2e-06,0.0,0.000772,7.4e-05,0.999993622303009,nan,1000000
18199,-0.0006369948387145996,1.0012359619140625,0.004585,0.004585,0.0,0.000841,6.9e-05,0.9999864101409912,2e-06,0.0,0.000772,7.4e-05,0.999993622303009,nan,1000000
18299,-0.0006391555070877075,1.0012763738632202,0.00497,0.00497,0.0,0.000945,0.000102,0.9999904632568359,2e-06,0.0,0.000772,7.4e-05,0.999993622303009,nan,1000000
18399,-0.00036075711250305176,1.0002188682556152,0.003918,0.00392,0.0,0.000923,0.000105,0.9999954700469971,2e-06,0.0,0.000772,7.4e-05,0.999993622303009,nan,1000000
18499,-0.00041316449642181396,1.001220703125,0.004268,0.004268,0.0,0.000858,9.3e-05,0.9999963045120239,2e-06,0.0,0.000772,7.4e-05,0.999993622303009,nan,1000000
18599,-0.0006184577941894531,0.9992927312850952,0.004183,0.004185,0.0,0.000917,8.3e-05,0.9999841451644897,2e-06,0.0,0.000772,7.4e-05,0.999993622303009,nan,1000000
18699,-0.00013318657875061035,1.0002772808074951,0.004323,0.004325,0.0,0.000949,9.6e-05,0.9999971389770508,2e-06,0.0,0.000772,7.4e-05,0.999993622303009,nan,1000000
18799,-0.001033484935760498,1.0002069473266602,0.00482,0.00482,0.0,0.0008,7.9e-05,0.9999639987945557,2e-06,0.0,0.000772,7.4e-05,0.999993622303009,nan,1000000
18899,-0.00081634521484375,1.000205636024475,0.004709,0.00471,0.0,0.000827,7.7e-05,0.9999823570251465,2e-06,0.0,0.000772,7.4e-05,0.999993622303009,nan,1000000
18999,-0.00043557584285736084,0.9998648166656494,0.003921,0.003922,0.0,0.000792,7.8e-05,0.9999967813491821,2e-06,0.0,0.000772,7.4e-05,0.999993622303009,nan,1000000
19099,-0.0008154213428497314,0.9991620779037476,0.003811,0.003813,0.0,0.000818,7.9e-05,0.9999935626983643,2e-06,0.0,0.000772,7.4e-05,0.999993622303009,nan,1000000
19199,-0.00048151612281799316,0.9988060593605042,0.003915999999999999,0.003916,0.0,0.000964,9.7e-05,0.9999749660491943,2e-06,0.0,0.000772,7.4e-05,0.999993622303009,nan,1000000
19299,-0.0008787363767623901,0.9997825622558594,0.004122,0.004124,0.0,0.000892,9.6e-05,0.9999949932098389,2e-06,0.0,0.000772,7.4e-05,0.999993622303009,nan,1000000
19399,-0.0009241402149200439,0.9979782104492188,0.0037930000000000004,0.003794,0.0,0.000841,8.1e-05,0.9999700784683228,2e-06,0.0,0.000772,7.4e-05,0.999993622303009,nan,1000000
19499,4.3720006942749023e-05,1.0017454624176025,0.004251,0.004252,0.0,0.000852,7.8e-05,0.9999959468841553,2e-06,0.0,0.000772,7.4e-05,0.999993622303009,nan,1000000
19599,-1.780688762664795e-05,1.0004502534866333,0.0036460000000000004,0.003647,0.0,0.000863,8.8e-05,0.999985933303833,2e-06,0.0,0.000772,7.4e-05,0.999993622303009,nan,1000000
19699,-0.00020757317543029785,0.9998713135719299,0.003966,0.003967,0.0,0.000903,9.6e-05,0.9999979734420776,2e-06,0.0,0.000772,7.4e-05,0.999993622303009,nan,1000000
19799,-0.0003750324249267578,1.0000876188278198,0.003582,0.003583,0.0,0.001026,0.000105,0.9999946355819702,2e-06,0.0,0.000772,7.4e-05,0.999993622303009,nan,1000000
19899,-0.0009571164846420288,0.9984941482543945,0.003863,0.003865,0.0,0.00082,9.5e-05,0.9999812841415405,2e-06,0.0,0.000772,7.4e-05,0.999993622303009,nan,1000000
19999,0.00012119114398956299,1.0021873712539673,0.0035840000000000004,0.003586,0.0,0.000828,9.2e-05,0.9999767541885376,2e-06,0.0,0.000772,7.4e-05,0.999993622303009,nan,1000000
20099,-0.00021944940090179443,1.0006402730941772,0.0033250000000000003,0.003326,0.0,0.000889,9.1e-05,0.9999988079071045,2e-06,0.0,0.000772,7.4e-05,0.999993622303009,nan,1000000
20199,-0.0008748620748519897,0.9985012412071228,0.0043219999999999995,0.004322,0.0,0.000827,8.9e-05,0.9999969601631165,2e-06,0.0,0.000772,7.4e-05,0.999993622303009,nan,1000000
20299,-0.0008061975240707397,0.9998687505722046,0.004340999999999999,0.004343,0.0,0.00104,9.8e-05,0.9999607801437378,2e-06,0.0,0.000772,7.4e-05,0.999993622303009,nan,1000000
20399,-0.0006252974271774292,0.9996892809867859,0.0036620000000000003,0.003662,0.0,0.001067,0.000104,0.9999921321868896,2e-06,0.0,0.000772,7.4e-05,0.999993622303009,nan,1000000
20499,-0.0005933791399002075,0.9992039203643799,0.0038290000000000004,0.003829,0.0,0.00089,8.3e-05,0.9999948740005493,2e-06,0.0,0.000772,7.4e-05,0.999993622303009,nan,1000000
20599,5.447864532470703e-05,1.000943899154663,0.003589,0.00359,0.0,0.001033,9.5e-05,0.9999871253967285,2e-06,0.0,0.000772,7.4e-05,0.999993622303009,nan,1000000
20699,-0.0008273720741271973,0.9989435076713562,0.004235,0.004235,0.0,0.001055,0.0001,0.9999945163726807,2e-06,0.0,0.000772,7.4e-05,0.999993622303009,nan,1000000
20799,-0.0006467849016189575,0.9999324679374695,0.004039999999999999,0.00404,0.0,0.001061,0.000107,0.9999998807907104,2e-06,0.0,0.000772,7.4e-05,0.999993622303009,nan,1000000
20899,-0.00036229193210601807,1.0003522634506226,0.0035350000000000004,0.003537,0.0,0.001,9.4e-05,0.9999985694885254,2e-06,0.0,0.000772,7.4e-05,0.999993622303009,nan,1000000
20999,-0.0005108118057250977,1.0006924867630005,0.0039499999999999995,0.003951,0.0,0.000998,9.3e-05,0.9999865293502808,2e-06,0.0,0.000772,7.4e-05,0.999993622303009,nan,1000000
21099,-0.0005683302879333496,1.0004408359527588,0.003803,0.003803,0.0,0.00105,0.000103,0.9999974966049194,2e-06,0.0,0.000772,7.4e-05,0.999993622303009,nan,1000000
21199,-0.0010598599910736084,0.9983012080192566,0.004123,0.004124,0.0,0.000869,9.2e-05,0.99998939037323,2e-06,0.0,0.000772,7.4e-05,0.999993622303009,nan,1000000
21299,-0.0007364749908447266,1.0011119842529297,0.0043479999999999994,0.004349,0.0,0.0009,9.9e-05,0.9999982118606567,2e-06,0.0,0.000772,7.4e-05,0.999993622303009,nan,1000000
21399,-0.00034449994564056396,1.000535488128662,0.0039030000000000002,0.003904,0.0,0.000955,9.1e-05,0.9999874830245972,2e-06,0.0,0.000772,7.4e-05,0.999993622303009,nan,1000000
21499,-0.0007351338863372803,1.0012576580047607,0.004150999999999999,0.004153,0.0,0.000941,9.8e-05,0.9999983310699463,2e-06,0.0,0.000772,7.4e-05,0.999993622303009,nan,1000000
21599,-4.722177982330322e-05,1.002193570137024,0.003899,0.003901,0.0,0.001019,0.000109,0.9999951124191284,2e-06,0.0,0.000772,7.4e-05,0.999993622303009,nan,1000000
21699,-0.0005467385053634644,1.000859260559082,0.00408,0.004082,0.0,0.000948,9.5e-05,0.9999891519546509,2e-06,0.0,0.000772,7.4e-05,0.999993622303009,nan,1000000
21799,-0.0006734281778335571,1.0006428956985474,0.003785,0.003786,0.0,0.000841,9.4e-05,0.9999955892562866,2e-06,0.0,0.000772,7.4e-05,0.999993622303009,nan,1000000
21899,-0.001035258173942566,1.0001078844070435,0.0043089999999999995,0.00431,0.0,0.000907,9.6e-05,0.9999986886978149,2e-06,0.0,0.000772,7.4e-05,0.999993622303009,nan,1000000
21999,-0.0006220340728759766,0.9996263384819031,0.004279000000000001,0.004281,0.0,0.000851,8.9e-05,0.9999825954437256,2e-06,0.0,0.000772,7.4e-05,0.999993622303009,nan,1000000
22099,-0.0011632293462753296,0.9992908239364624,0.004207,0.004208,0.0,0.000891,8.7e-05,0.999995231628418,2e-06,0.0,0.000772,7.4e-05,0.999993622303009,nan,1000000
22199,-0.0009539574384689331,0.9995208978652954,0.004304,0.004306,0.0,0.00086,7.3e-05,0.9999933838844299,2e-06,0.0,0.000772,7.4e-05,0.999993622303009,nan,1000000
22299,-0.0009099990129470825,0.9996230602264404,0.00432,0.004322,0.0,0.000942,0.00012,0.9999946355819702,2e-06,0.0,0.000772,7.4e-05,0.999993622303009,nan,1000000
22399,-0.0009642094373703003,0.9993810057640076,0.004421,0.004423,0.0,0.000873,8.2e-05,0.9999879598617554,2e-06,0.0,0.000772,7.4e-05,0.999993622303009,nan,1000000
22499,-0.0005808323621749878,1.0014362335205078,0.004562,0.004563,0.0,0.000729,6.9e-05,0.9999949932098389,2e-06,0.0,0.000772,7.4e-05,0.999993622303009,nan,1000000
22599,-0.00013819336891174316,1.0013724565505981,0.003987,0.003989,0.0,0.00087,8.2e-05,0.9999918937683105,2e-06,0.0,0.000772,7.4e-05,0.999993622303009,nan,1000000
22699,-0.001289457082748413,0.9987400770187378,0.004326,0.004328,0.0,0.000937,0.0001,0.9999940395355225,2e-06,0.0,0.000772,7.4e-05,0.999993622303009,nan,1000000
22799,-0.001113295555114746,0.9996685981750488,0.004167,0.004169,0.0,0.000942,0.000103,0.999998927116394,2e-06,0.0,0.000772,7.4e-05,0.999993622303009,nan,1000000
22899,-0.0006334483623504639,1.0003780126571655,0.004187,0.004189,0.0,0.000933,9.9e-05,0.9999949336051941,2e-06,0.0,0.000772,7.4e-05,0.999993622303009,nan,1000000
22999,-0.0007380545139312744,1.0015013217926025,0.0043419999999999995,0.004344,0.0,0.000955,0.000104,0.9999983310699463,2e-06,0.0,0.000772,7.4e-05,0.999993622303009,nan,1000000
23099,-0.0006022900342941284,1.0013014078140259,0.004464999999999999,0.004467,0.0,0.0009,9e-05,0.9999915361404419,2e-06,0.0,0.000772,7.4e-05,0.999993622303009,nan,1000000
23199,-0.0008205920457839966,0.9997015595436096,0.004581,0.004583,0.0,0.000782,7.3e-05,0.9999773502349854,2e-06,0.0,0.000772,7.4e-05,0.999993622303009,nan,1000000
23299,0.00021407008171081543,1.0028012990951538,0.004226,0.004227,0.0,0.000799,8.4e-05,0.9999809265136719,2e-06,0.0,0.000772,7.4e-05,0.999993622303009,nan,1000000
23399,-0.00032764673233032227,1.0005435943603516,0.003857,0.003859,0.0,0.000907,9.6e-05,0.9999983310699463,2e-06,0.0,0.000772,7.4e-05,0.999993622303009,nan,1000000
23499,-8.77678394317627e-05,1.00111985206604,0.0035900000000000003,0.003592,0.0,0.000939,9.2e-05,0.9999855756759644,2e-06,0.0,0.000772,7.4e-05,0.999993622303009,nan,1000000
23599,-0.00021092593669891357,1.0013152360916138,0.00431,0.004312,0.0,0.000935,0.000101,0.99997878074646,2e-06,0.0,0.000772,7.4e-05,0.999993622303009,nan,1000000
23699,-0.00028921663761138916,0.9996788501739502,0.003827,0.003829,0.0,0.000916,9.5e-05,0.9999947547912598,2e-06,0.0,0.000772,7.4e-05,0.999993622303009,nan,1000000
23799,-0.0006469935178756714,1.0007039308547974,0.004018,0.004019,0.0,0.001028,9.7e-05,0.9999819993972778,2e-06,0.0,0.000772,7.4e-05,0.999993622303009,nan,1000000
23899,-0.00033815205097198486,1.0005627870559692,0.004063,0.004063,0.0,0.000995,9.3e-05,0.9999717473983765,2e-06,0.0,0.000772,7.4e-05,0.999993622303009,nan,1000000
23999,-0.0007202774286270142,0.9993347525596619,0.00419,0.004192,0.0,0.00095,8.7e-05,0.9999671578407288,2e-06,0.0,0.000772,7.4e-05,0.999993622303009,nan,1000000
24099,-0.0008775144815444946,0.9999056458473206,0.004150999999999999,0.004153,0.0,0.000905,9.4e-05,0.9999876022338867,2e-06,0.0,0.000772,7.4e-05,0.999993622303009,nan,1000000
24199,-0.0009388625621795654,1.001359462738037,0.0045969999999999995,0.004599,0.0,0.000888,9.6e-05,0.9999843835830688,2e-06,0.0,0.000772,7.4e-05,0.999993622303009,nan,1000000
24299,-0.0007876157760620117,0.9999632239341736,0.004187000000000001,0.004188,0.0,0.000934,0.0001,0.999981164932251,2e-06,0.0,0.000772,7.4e-05,0.999993622303009,nan,1000000
24399,-0.0009548366069793701,1.000746250152588,0.004314,0.004315,0.0,0.000985,0.000115,0.9999896287918091,2e-06,0.0,0.000772,7.4e-05,0.999993622303009,nan,1000000
24499,-0.0004325956106185913,0.9999986886978149,0.0035800000000000003,0.003581,0.0,0.00093,9.1e-05,0.9999879598617554,2e-06,0.0,0.000772,7.4e-05,0.999993622303009,nan,1000000
24599,-0.00016412138938903809,1.0013810396194458,0.004104,0.004104,0.0,0.000846,8.8e-05,0.9999980926513672,2e-06,0.0,0.000772,7.4e-05,0.999993622303009,nan,1000000
24699,-0.0007541924715042114,0.999776303768158,0.0043879999999999995,0.004389,0.0,0.000826,8.7e-05,0.9999898672103882,2e-06,0.0,0.000772,7.4e-05,0.999993622303009,nan,1000000
24799,-0.000436440110206604,1.0001031160354614,0.0035250000000000004,0.003527,0.0,0.000921,9e-05,0.9999991655349731,2e-06,0.0,0.000772,7.4e-05,0.999993622303009,nan,1000000
24899,-0.000707477331161499,1.0002639293670654,0.004076,0.004077,0.0,0.000829,9.6e-05,0.9999863505363464,2e-06,0.0,0.000772,7.4e-05,0.999993622303009,nan,1000000
24999,-0.00022706389427185059,1.000265121459961,0.003965,0.003966,0.0,0.000712,7.1e-05,0.9999980926513672,2e-06,0.0,0.000772,7.4e-05,0.999993622303009,nan,1000000
25099,-0.0002011507749557495,1.0012362003326416,0.003859,0.00386,0.0,0.000811,8e-05,0.9999743700027466,2e-06,0.0,0.000772,7.4e-05,0.999993622303009,nan,1000000
25199,-0.00048092007637023926,1.0003958940505981,0.004038,0.00404,0.0,0.00098,0.000113,0.9999967813491821,2e-06,0.0,0.000772,7.4e-05,0.999993622303009,nan,1000000
25299,-0.001077890396118164,0.999002993106842,0.004279,0.004281,0.0,0.000814,8.4e-05,0.9999855756759644,2e-06,0.0,0.000772,7.4e-05,0.999993622303009,nan,1000000
25399,-0.0005671083927154541,1.0014855861663818,0.004203999999999999,0.004206,0.0,0.000787,7.5e-05,0.9999748468399048,2e-06,0.0,0.000772,7.4e-05,0.999993622303009,nan,1000000
25499,-0.0007516592741012573,0.9985311627388,0.004182,0.004182,0.0,0.000797,8.2e-05,0.9999418258666992,2e-06,0.0,0.000772,7.4e-05,0.999993622303009,nan,1000000
25599,-0.0002970844507217407,1.0019330978393555,0.003787,0.003789,0.0,0.000806,8.8e-05,0.9999722242355347,2e-06,0.0,0.000772,7.4e-05,0.999993622303009,nan,1000000
25699,-0.00034843385219573975,1.001570463180542,0.0039499999999999995,0.003952,0.0,0.00093,9.2e-05,0.9999929070472717,2e-06,0.0,0.000772,7.4e-05,0.999993622303009,nan,1000000
25799,-0.00033399462699890137,1.000151515007019,0.00378,0.003781,0.0,0.000886,8.6e-05,0.9999239444732666,2e-06,0.0,0.000772,7.4e-05,0.999993622303009,nan,1000000
25899,-0.0006480365991592407,1.0004076957702637,0.004342,0.004344,0.0,0.000818,8.4e-05,0.9999666213989258,2e-06,0.0,0.000772,7.4e-05,0.999993622303009,nan,1000000
25999,-0.0008874237537384033,0.9993798136711121,0.0038380000000000003,0.00384,0.0,0.000961,0.000105,0.9999889135360718,2e-06,0.0,0.000772,7.4e-05,0.999993622303009,nan,1000000
26099,-0.0007179230451583862,1.0003401041030884,0.0041199999999999995,0.004122,0.0,0.000944,9.7e-05,0.9999719858169556,2e-06,0.0,0.000772,7.4e-05,0.999993622303009,nan,1000000
26199,-0.0013812780380249023,0.9978508949279785,0.004078,0.00408,0.0,0.000743,7.9e-05,0.9999966621398926,2e-06,0.0,0.000772,7.4e-05,0.999993622303009,nan,1000000
26299,-0.0006237924098968506,1.0002597570419312,0.003852,0.003853,0.0,0.000922,8.8e-05,0.9999809265136719,2e-06,0.0,0.000772,7.4e-05,0.999993622303009,nan,1000000
26399,-0.0002361088991165161,1.0021430253982544,0.003908,0.00391,0.0,0.000883,8.7e-05,0.9999924898147583,2e-06,0.0,0.000772,7.4e-05,0.999993622303009,nan,1000000
26499,-0.0007925629615783691,0.9994086623191833,0.003455,0.003456,0.0,0.000875,8.9e-05,0.9999967813491821,2e-06,0.0,0.000772,7.4e-05,0.999993622303009,nan,1000000
26599,-0.00019775331020355225,1.001033902168274,0.003343,0.003344,0.0,0.000913,9.5e-05,0.9999980926513672,2e-06,0.0,0.000772,7.4e-05,0.999993622303009,nan,1000000
26699,-0.0005922168493270874,0.9997153878211975,0.0037470000000000003,0.003748,0.0,0.000867,8.6e-05,0.9999884366989136,2e-06,0.0,0.000772,7.4e-05,0.999993622303009,nan,1000000
26799,-0.0008544027805328369,1.0003708600997925,0.003918,0.00392,0.0,0.000894,8.2e-05,0.9999823570251465,2e-06,0.0,0.000772,7.4e-05,0.999993622303009,nan,1000000
26899,-0.0004620105028152466,0.9999659657478333,0.003844,0.003845,0.0,0.000878,8.5e-05,0.9999982118606567,2e-06,0.0,0.000772,7.4e-05,0.999993622303009,nan,1000000
26999,-0.0005645602941513062,1.0010136365890503,0.00403,0.00403,0.0,0.000808,8.5e-05,0.9999948740005493,2e-06,0.0,0.000772,7.4e-05,0.999993622303009,nan,1000000
27099,-0.00024372339248657227,1.0018576383590698,0.003742,0.003743,0.0,0.000891,8e-05,0.9999864101409912,2e-06,0.0,0.000772,7.4e-05,0.999993622303009,nan,1000000
27199,-0.00046284496784210205,1.0009716749191284,0.003715,0.003717,0.0,0.000977,9.1e-05,0.9999982118606567,2e-06,0.0,0.000772,7.4e-05,0.999993622303009,nan,1000000
27299,-0.000883057713508606,0.9992541074752808,0.003666,0.003668,0.0,0.000981,8.6e-05,0.9999967813491821,2e-06,0.0,0.000772,7.4e-05,0.999993622303009,nan,1000000
27399,-0.0009228140115737915,0.9997069239616394,0.0039689999999999994,0.00397,0.0,0.001008,8.2e-05,0.9999932050704956,2e-06,0.0,0.000772,7.4e-05,0.999993622303009,nan,1000000
27499,-0.0006766319274902344,1.0005807876586914,0.0037180000000000004,0.00372,0.0,0.00089,0.000103,0.9999862909317017,2e-06,0.0,0.000772,7.4e-05,0.999993622303009,nan,1000000
27599,-0.0008508265018463135,1.000038743019104,0.0038540000000000002,0.003854,0.0,0.000837,0.000103,0.9999693632125854,2e-06,0.0,0.000772,7.4e-05,0.999993622303009,nan,1000000
27699,-0.0003120601177215576,1.0009877681732178,0.003618,0.003619,0.0,0.000881,9.3e-05,0.9999904632568359,2e-06,0.0,0.000772,7.4e-05,0.999993622303009,nan,1000000
27799,-0.0008408427238464355,1.000693917274475,0.004266,0.004268,0.0,0.000915,9.4e-05,0.9999911785125732,2e-06,0.0,0.000772,7.4e-05,0.999993622303009,nan,1000000
27899,-0.00026522576808929443,1.0016369819641113,0.003911,0.00391,0.0,0.000797,0.000102,0.9999754428863525,2e-06,0.0,0.000772,7.4e-05,0.999993622303009,nan,1000000
27999,-0.0004690885543823242,1.0002784729003906,0.004164999999999999,0.004165,0.0,0.000775,9.7e-05,0.9999967813491821,2e-06,0.0,0.000772,7.4e-05,0.999993622303009,nan,1000000
28099,-0.000628247857093811,1.000992774963379,0.003638,0.003638,0.0,0.000818,0.000104,0.9999868869781494,2e-06,0.0,0.000772,7.4e-05,0.999993622303009,nan,1000000
28199,-0.0013759583234786987,0.9988197088241577,0.004058,0.004058,0.0,0.000792,8.8e-05,0.9999856948852539,2e-06,0.0,0.000772,7.4e-05,0.999993622303009,nan,1000000
28299,-0.0004322230815887451,1.001067876815796,0.003748,0.00375,0.0,0.000859,9.3e-05,0.9999915361404419,2e-06,0.0,0.000772,7.4e-05,0.999993622303009,nan,1000000
28399,-0.0009324401617050171,1.0003998279571533,0.0042439999999999995,0.004246,0.0,0.00075,9.5e-05,0.9999802112579346,2e-06,0.0,0.000772,7.4e-05,0.999993622303009,nan,1000000
28499,-0.00028486549854278564,1.0003008842468262,0.0038150000000000002,0.003816,0.0,0.000828,8.9e-05,0.9999990463256836,2e-06,0.0,0.000772,7.4e-05,0.999993622303009,nan,1000000
28599,-0.0007791221141815186,0.9994704723358154,0.004075,0.004075,0.0,0.000756,7e-05,0.9999840259552002,2e-06,0.0,0.000772,7.4e-05,0.999993622303009,nan,1000000
28699,-0.0003886222839355469,1.0012850761413574,0.003974,0.003976,0.0,0.000785,8.2e-05,0.999984860420227,2e-06,0.0,0.000772,7.4e-05,0.999993622303009,nan,1000000
28799,-0.000621303915977478,0.9998742938041687,0.003483,0.003485,0.0,0.000743,8.2e-05,0.9999960660934448,2e-06,0.0,0.000772,7.4e-05,0.999993622303009,nan,1000000
28899,-0.0010557472705841064,0.9990948438644409,0.003761,0.003762,0.0,0.000842,9.1e-05,0.9999983310699463,2e-06,0.0,0.000772,7.4e-05,0.999993622303009,nan,1000000
28999,-0.00038452446460723877,1.0018645524978638,0.004026,0.004028,0.0,0.000901,9.9e-05,0.9999878406524658,2e-06,0.0,0.000772,7.4e-05,0.999993622303009,nan,1000000
29099,-0.00034540891647338867,1.000932216644287,0.003755,0.003756,0.0,0.000919,9e-05,0.9999932050704956,2e-06,0.0,0.000772,7.4e-05,0.999993622303009,nan,1000000
29199,-0.000733792781829834,1.0003572702407837,0.003939,0.003941,0.0,0.000844,9.7e-05,0.9999944567680359,2e-06,0.0,0.000772,7.4e-05,0.999993622303009,nan,1000000
29299,-0.00040639936923980713,1.0006996393203735,0.003893,0.003895,0.0,0.000949,9.6e-05,0.9999990463256836,2e-06,0.0,0.000772,7.4e-05,0.999993622303009,nan,1000000
29399,-0.001071542501449585,0.999133288860321,0.004101,0.004103,0.0,0.000797,8.9e-05,0.999982476234436,2e-06,0.0,0.000772,7.4e-05,0.999993622303009,nan,1000000
29499,-0.000967666506767273,1.000319242477417,0.004562,0.004564,0.0,0.000846,8.5e-05,0.9999735951423645,2e-06,0.0,0.000772,7.4e-05,0.999993622303009,nan,1000000
29599,-0.0010910481214523315,1.0004690885543823,0.004366999999999999,0.004368,0.0,0.000967,8.7e-05,0.9999750256538391,2e-06,0.0,0.000772,7.4e-05,0.999993622303009,nan,1000000
29699,-0.0005579739809036255,1.0015082359313965,0.004247,0.004247,0.0,0.000902,8.5e-05,0.9999959468841553,2e-06,0.0,0.000772,7.4e-05,0.999993622303009,nan,1000000
29799,-0.0003389418125152588,1.0003864765167236,0.0036290000000000003,0.003631,0.0,0.000921,9.4e-05,0.9999966621398926,2e-06,0.0,0.000772,7.4e-05,0.999993622303009,nan,1000000
29899,-0.00011514127254486084,1.0016071796417236,0.0042179999999999995,0.00422,0.0,0.000806,7.3e-05,0.9999698400497437,2e-06,0.0,0.000772,7.4e-05,0.999993622303009,nan,1000000
29999,-0.001059025526046753,1.0012325048446655,0.005007,0.005005,0.0,0.000823,7.4e-05,0.9999997615814209,2e-06,0.0,0.000772,7.4e-05,0.999993622303009,nan,1000000
30099,-0.00044243037700653076,1.0020912885665894,0.004837,0.004839,0.0,0.000861,8.8e-05,0.9999754428863525,2e-06,0.0,0.000772,7.4e-05,0.999993622303009,nan,1000000
30199,-0.000649869441986084,1.0005980730056763,0.004809,0.00481,0.0,0.000745,8.5e-05,0.9999980926513672,2e-06,0.0,0.000772,7.4e-05,0.999993622303009,nan,1000000
30299,-0.0004936754703521729,1.0010157823562622,0.004305,0.004304,0.0,0.00077,8.4e-05,0.9999896287918091,2e-06,0.0,0.000772,7.4e-05,0.999993622303009,nan,1000000
30399,-0.001384049654006958,0.9980044364929199,0.0048720000000000005,0.004872,0.0,0.000762,8e-05,0.9999980926513672,2e-06,0.0,0.000772,7.4e-05,0.999993622303009,nan,1000000
30499,-0.0007206648588180542,1.0005005598068237,0.0041979999999999995,0.004199,0.0,0.000753,7.6e-05,0.9999619126319885,2e-06,0.0,0.000772,7.4e-05,0.999993622303009,nan,1000000
30599,-0.0014666467905044556,0.999255895614624,0.0044469999999999996,0.004449,0.0,0.000751,7e-05,0.9999929666519165,2e-06,0.0,0.000772,7.4e-05,0.999993622303009,nan,1000000
30699,-0.0008897930383682251,1.0005396604537964,0.004135000000000001,0.004135,0.0,0.000769,7.1e-05,0.999994158744812,2e-06,0.0,0.000772,7.4e-05,0.999993622303009,nan,1000000
30799,-0.00042003393173217773,1.0025103092193604,0.004023,0.004025,0.0,0.000822,7.7e-05,0.9999949932098389,2e-06,0.0,0.000772,7.4e-05,0.999993622303009,nan,1000000
30899,-0.00043654441833496094,0.9995633363723755,0.003722,0.003722,0.0,0.000847,7.9e-05,0.9999921321868896,2e-06,0.0,0.000772,7.4e-05,0.999993622303009,nan,1000000
30999,-0.0005037933588027954,1.000501036643982,0.003517,0.003519,0.0,0.000885,7.8e-05,0.9999940395355225,2e-06,0.0,0.000772,7.4e-05,0.999993622303009,nan,1000000
31099,-0.0011221915483474731,0.9987202882766724,0.003925,0.003927,0.0,0.000731,6.8e-05,0.9999866485595703,2e-06,0.0,0.000772,7.4e-05,0.999993622303009,nan,1000000
31199,-0.000622093677520752,1.000688910484314,0.004126,0.004125,0.0,0.000945,9.4e-05,0.9999973773956299,2e-06,0.0,0.000772,7.4e-05,0.999993622303009,nan,1000000
31299,-0.001079455018043518,1.0014126300811768,0.004802000000000001,0.004802,0.0,0.0008,7.3e-05,0.9999972581863403,2e-06,0.0,0.000772,7.4e-05,0.999993622303009,nan,1000000
31399,-0.000496789813041687,1.0022493600845337,0.00385,0.003851,0.0,0.000849,8.8e-05,0.9999990463256836,2e-06,0.0,0.000772,7.4e-05,0.999993622303009,nan,1000000
31499,-0.0005216151475906372,1.0002155303955078,0.004169,0.00417,0.0,0.000767,7.8e-05,0.9999985098838806,2e-06,0.0,0.000772,7.4e-05,0.999993622303009,nan,1000000
31599,-0.0004188716411590576,1.0009404420852661,0.004128000000000001,0.00413,0.0,0.000782,7.7e-05,0.9999921321868896,2e-06,0.0,0.000772,7.4e-05,0.999993622303009,nan,1000000
31699,-0.0004498809576034546,1.0016428232192993,0.004654,0.004656,0.0,0.000805,9.4e-05,0.9999974966049194,2e-06,0.0,0.000772,7.4e-05,0.999993622303009,nan,1000000
31799,-0.0006471723318099976,1.0006952285766602,0.0039759999999999995,0.003977,0.0,0.000831,8.6e-05,0.9999949932098389,2e-06,0.0,0.000772,7.4e-05,0.999993622303009,nan,1000000
31899,-0.0008465945720672607,1.0007129907608032,0.004501000000000001,0.004502,0.0,0.000747,7.8e-05,0.9999877214431763,2e-06,0.0,0.000772,7.4e-05,0.999993622303009,nan,1000000
31999,-0.0005595535039901733,1.001914381980896,0.004395,0.004396,1e-06,0.000744,6.5e-05,1.0,2e-06,0.0,0.000772,7.4e-05,0.999993622303009,nan,1000000
32099,-0.0006044209003448486,1.0003275871276855,0.0038410000000000002,0.003842,0.0,0.00077,7.2e-05,0.9999886751174927,2e-06,0.0,0.000772,7.4e-05,0.999993622303009,nan,1000000
32199,-0.0001761317253112793,1.0016340017318726,0.003608,0.003608,0.0,0.000693,8e-05,0.9999955892562866,2e-06,0.0,0.000772,7.4e-05,0.999993622303009,nan,1000000
32299,-0.0006690621376037598,0.9993939399719238,0.0038220000000000003,0.003824,0.0,0.000727,8e-05,0.9999915361404419,2e-06,0.0,0.000772,7.4e-05,0.999993622303009,nan,1000000
32399,-0.0012882649898529053,1.0000265836715698,0.0043340000000000045,0.003909,0.0,0.000793,7.6e-05,0.9999786615371704,2e-06,0.0,0.000772,7.4e-05,0.999993622303009,nan,1000000
32499,-0.0007044970989227295,1.0001990795135498,0.003278,0.00328,0.0,0.000771,6.9e-05,0.9999924898147583,2e-06,0.0,0.000772,7.4e-05,0.999993622303009,nan,1000000
32599,-0.0014882683753967285,0.9999791383743286,0.004389000000000032,0.004145,0.0,0.000814,8.3e-05,0.9999961853027344,2e-06,0.0,0.000772,7.4e-05,0.999993622303009,nan,1000000
32699,-0.00034874677658081055,1.0015536546707153,0.003706,0.003708,0.0,0.00076,7.4e-05,0.999993085861206,2e-06,0.0,0.000772,7.4e-05,0.999993622303009,nan,1000000
32799,-0.0005750209093093872,1.0010517835617065,0.003679,0.003681,0.0,0.000862,6.9e-05,0.999995231628418,2e-06,0.0,0.000772,7.4e-05,0.999993622303009,nan,1000000
32899,-0.0012672990560531616,1.0002846717834473,0.004410999999999998,0.003789,0.0,0.000803,6.7e-05,0.9999996423721313,2e-06,0.0,0.000772,7.4e-05,0.999993622303009,nan,1000000
32999,-0.00034268200397491455,1.002271294593811,0.003393,0.003393,0.0,0.000875,7.8e-05,0.9999940395355225,2e-06,0.0,0.000772,7.4e-05,0.999993622303009,nan,1000000
33099,-0.0002916306257247925,1.0016919374465942,0.0034750000000000002,0.003473,0.0,0.000819,6.3e-05,0.9999969005584717,2e-06,0.0,0.000772,7.4e-05,0.999993622303009,nan,1000000
33199,3.999471664428711e-05,1.0025418996810913,0.0032830000000000003,0.003284,0.0,0.000722,6.8e-05,0.9999934434890747,2e-06,0.0,0.000772,7.4e-05,0.999993622303009,nan,1000000
33299,-0.0011495202779769897,0.9984815716743469,0.003503,0.003503,0.0,0.0007,6.7e-05,0.9999798536300659,2e-06,0.0,0.000772,7.4e-05,0.999993622303009,nan,1000000
33399,-0.0007057785987854004,0.999666154384613,0.003143,0.003145,0.0,0.000787,7.4e-05,0.9999960660934448,2e-06,0.0,0.000772,7.4e-05,0.999993622303009,nan,1000000
33499,-0.0002288818359375,0.9997875094413757,0.003305,0.003307,0.0,0.000793,7.7e-05,0.9999977350234985,2e-06,0.0,0.000772,7.4e-05,0.999993622303009,nan,1000000
33599,-0.000531420111656189,1.0003950595855713,0.003614,0.003616,0.0,0.000804,8.3e-05,0.9999979734420776,2e-06,0.0,0.000772,7.4e-05,0.999993622303009,nan,1000000
33699,-0.00028207898139953613,1.0009304285049438,0.003859,0.003861,0.0,0.000793,7.2e-05,0.9999915361404419,2e-06,0.0,0.000772,7.4e-05,0.999993622303009,nan,1000000
33799,-0.0004566758871078491,1.0001894235610962,0.003849,0.003851,0.0,0.000678,7.7e-05,0.9999982118606567,2e-06,0.0,0.000772,7.4e-05,0.999993622303009,nan,1000000
33899,-0.0009247362613677979,0.9995154738426208,0.0039299999999999995,0.003932,0.0,0.000703,6.7e-05,0.9999938011169434,2e-06,0.0,0.000772,7.4e-05,0.999993622303009,nan,1000000
33999,-0.0004605203866958618,1.001737117767334,0.003408,0.00341,0.0,0.000828,9.5e-05,0.9999873638153076,2e-06,0.0,0.000772,7.4e-05,0.999993622303009,nan,1000000
34099,-0.00044661760330200195,1.0005817413330078,0.003746,0.003748,0.0,0.00085,7.6e-05,0.9999957084655762,2e-06,0.0,0.000772,7.4e-05,0.999993622303009,nan,1000000
34199,-0.00041632354259490967,1.0001627206802368,0.0038510000000000003,0.003853,0.0,0.000801,7.8e-05,0.9999872446060181,2e-06,0.0,0.000772,7.4e-05,0.999993622303009,nan,1000000
34299,-0.0002736002206802368,1.000314712524414,0.003599,0.003599,0.0,0.000898,0.000106,0.999973475933075,2e-06,0.0,0.000772,7.4e-05,0.999993622303009,nan,1000000
34399,-0.0005280375480651855,1.0012274980545044,0.003919,0.00392,0.0,0.000809,7.8e-05,0.9999793767929077,2e-06,0.0,0.000772,7.4e-05,0.999993622303009,nan,1000000
34499,-0.0003389716148376465,1.0010597705841064,0.004272,0.004274,0.0,0.000726,8.3e-05,0.9999836683273315,2e-06,0.0,0.000772,7.4e-05,0.999993622303009,nan,1000000
34599,-0.0007055699825286865,0.9987883567810059,0.004107,0.004107,0.0,0.000697,7.2e-05,0.9999808073043823,2e-06,0.0,0.000772,7.4e-05,0.999993622303009,nan,1000000
34699,-3.193318843841553e-05,1.0017006397247314,0.003416,0.003418,0.0,0.000802,8.7e-05,0.9999992847442627,2e-06,0.0,0.000772,7.4e-05,0.999993622303009,nan,1000000
34799,-0.0006313920021057129,1.0003516674041748,0.0037310000000000004,0.003732,0.0,0.000773,9e-05,0.9999858140945435,2e-06,0.0,0.000772,7.4e-05,0.999993622303009,nan,1000000
34899,-0.0005154162645339966,0.9988213777542114,0.004169,0.004169,0.0,0.00077,8.8e-05,0.9999955892562866,2e-06,0.0,0.000772,7.4e-05,0.999993622303009,nan,1000000
34999,0.00016005337238311768,1.0011042356491089,0.003429,0.003431,0.0,0.000742,8.2e-05,0.9999995827674866,2e-06,0.0,0.000772,7.4e-05,0.999993622303009,nan,1000000
35099,-0.0005255937576293945,0.9992177486419678,0.00391,0.003908,0.0,0.000885,0.000108,0.9999899864196777,2e-06,0.0,0.000772,7.4e-05,0.999993622303009,nan,1000000
35199,-0.0006497800350189209,0.9997280836105347,0.0039030000000000002,0.003904,0.0,0.000834,8.3e-05,0.999932050704956,2e-06,0.0,0.000772,7.4e-05,0.999993622303009,nan,1000000
35299,-0.0009169280529022217,1.0002589225769043,0.004006,0.004007,0.0,0.000649,7.1e-05,0.9999667406082153,2e-06,0.0,0.000772,7.4e-05,0.999993622303009,nan,1000000
35399,-0.0005595088005065918,1.001363754272461,0.0043029999999999995,0.004305,0.0,0.000836,9.2e-05,0.9999918937683105,2e-06,0.0,0.000772,7.4e-05,0.999993622303009,nan,1000000
35499,-0.00023020803928375244,1.0010807514190674,0.003666,0.003666,0.0,0.00077,7.3e-05,0.9999954700469971,2e-06,0.0,0.000772,7.4e-05,0.999993622303009,nan,1000000
35599,-0.0008092820644378662,1.000209927558899,0.0040609999999999995,0.004063,0.0,0.000659,6.7e-05,0.9999724626541138,2e-06,0.0,0.000772,7.4e-05,0.999993622303009,nan,1000000
35699,-0.00044555962085723877,1.0001477003097534,0.003771,0.003772,0.0,0.000688,7.6e-05,0.9999973773956299,2e-06,0.0,0.000772,7.4e-05,0.999993622303009,nan,1000000
35799,-0.001112714409828186,1.0006086826324463,0.004097,0.004099,0.0,0.000682,6.9e-05,0.9999932050704956,2e-06,0.0,0.000772,7.4e-05,0.999993622303009,nan,1000000
35899,-0.000756487250328064,0.9984455108642578,0.003663,0.003664,0.0,0.000627,7e-05,0.9999898672103882,2e-06,0.0,0.000772,7.4e-05,0.999993622303009,nan,1000000
35999,-0.00036631524562835693,1.0015407800674438,0.0035120000000000004,0.003514,0.0,0.000775,8e-05,0.9999990463256836,2e-06,0.0,0.000772,7.4e-05,0.999993622303009,nan,1000000
36099,-0.0009021610021591187,1.0006067752838135,0.004044,0.004045,0.0,0.000862,8.5e-05,0.999998152256012,2e-06,0.0,0.000772,7.4e-05,0.999993622303009,nan,1000000
36199,-0.0006764233112335205,0.9995664954185486,0.003647,0.003647,0.0,0.000735,6.9e-05,0.9999992847442627,2e-06,0.0,0.000772,7.4e-05,0.999993622303009,nan,1000000
36299,-0.00024078786373138428,1.0006709098815918,0.003412,0.003414,0.0,0.000662,6.9e-05,0.9999980926513672,2e-06,0.0,0.000772,7.4e-05,0.999993622303009,nan,1000000
36399,-0.0002991408109664917,1.0019748210906982,0.004103,0.004105,0.0,0.000677,6e-05,0.9999418258666992,2e-06,0.0,0.000772,7.4e-05,0.999993622303009,nan,1000000
36499,-0.0002767294645309448,1.0013163089752197,0.003124,0.003126,0.0,0.000743,8.3e-05,0.9999828338623047,2e-06,0.0,0.000772,7.4e-05,0.999993622303009,nan,1000000
36599,-0.0010145008563995361,0.9998311400413513,0.003643,0.003644,0.0,0.000632,6.7e-05,0.999997615814209,2e-06,0.0,0.000772,7.4e-05,0.999993622303009,nan,1000000
36699,-0.0013499259948730469,0.9975491762161255,0.003872,0.00387,0.0,0.000626,6.3e-05,0.9999940395355225,2e-06,0.0,0.000772,7.4e-05,0.999993622303009,nan,1000000
36799,-0.0008215159177780151,1.0001723766326904,0.003613,0.003613,0.0,0.000811,8e-05,0.9999444484710693,2e-06,0.0,0.000772,7.4e-05,0.999993622303009,nan,1000000
36899,-0.0007353425025939941,0.998845636844635,0.0034370000000000004,0.003439,0.0,0.000819,7.3e-05,0.9999717473983765,2e-06,0.0,0.000772,7.4e-05,0.999993622303009,nan,1000000
36999,-0.000946044921875,0.998996376991272,0.0038220000000000003,0.003821,0.0,0.000778,7.8e-05,0.999992847442627,2e-06,0.0,0.000772,7.4e-05,0.999993622303009,nan,1000000
37099,-0.000976264476776123,1.000219702720642,0.004089000000000001,0.004083,0.0,0.000751,7.5e-05,0.999993085861206,2e-06,0.0,0.000772,7.4e-05,0.999993622303009,nan,1000000
37199,-0.0003146827220916748,0.9994969367980957,0.003245,0.003247,0.0,0.000601,5.7e-05,0.9999346733093262,2e-06,0.0,0.000772,7.4e-05,0.999993622303009,nan,1000000
37299,-0.00014431774616241455,1.002030611038208,0.003387000000000001,0.003077,0.0,0.000719,8.4e-05,0.9999815225601196,2e-06,0.0,0.000772,7.4e-05,0.999993622303009,nan,1000000
37399,-0.00010636448860168457,1.000428318977356,0.003089,0.003091,0.0,0.000764,7.7e-05,0.9999802112579346,2e-06,0.0,0.000772,7.4e-05,0.999993622303009,nan,1000000
37499,-0.0005370527505874634,0.9989023208618164,0.003348,0.003348,0.0,0.00071,7.5e-05,0.9999983310699463,2e-06,0.0,0.000772,7.4e-05,0.999993622303009,nan,1000000
37599,-0.0004114210605621338,1.0010883808135986,0.0035180000000000003,0.003519,0.0,0.000685,7.3e-05,0.9999978542327881,2e-06,0.0,0.000772,7.4e-05,0.999993622303009,nan,1000000
37699,-0.0006183385848999023,1.000402569770813,0.003409,0.003409,0.0,0.000714,7.3e-05,0.9999935030937195,2e-06,0.0,0.000772,7.4e-05,0.999993622303009,nan,1000000
37799,-0.0006906241178512573,0.9991095662117004,0.003442,0.003442,0.0,0.00072,7.2e-05,0.9999635219573975,2e-06,0.0,0.000772,7.4e-05,0.999993622303009,nan,1000000
37899,-0.0007215589284896851,0.9997994899749756,0.0035350000000000004,0.003535,0.0,0.000764,6.9e-05,0.9999978542327881,2e-06,0.0,0.000772,7.4e-05,0.999993622303009,nan,1000000
37999,-0.000925600528717041,0.9984211325645447,0.003722,0.003724,0.0,0.000716,7e-05,0.9999975562095642,2e-06,0.0,0.000772,7.4e-05,0.999993622303009,nan,1000000
38099,-0.00018329918384552002,1.0002940893173218,0.0034690000000000003,0.003471,0.0,0.000734,6.8e-05,0.9999949932098389,2e-06,0.0,0.000772,7.4e-05,0.999993622303009,nan,1000000
38199,-0.0008340924978256226,0.9987952709197998,0.0037500000000000003,0.003751,0.0,0.000611,6.7e-05,0.9999942779541016,2e-06,0.0,0.000772,7.4e-05,0.999993622303009,nan,1000000
38299,-0.00017343461513519287,1.000091791152954,0.003468,0.003466,0.0,0.000625,6.4e-05,0.9999496936798096,2e-06,0.0,0.000772,7.4e-05,0.999993622303009,nan,1000000
38399,-0.00048065185546875,1.0005555152893066,0.003661,0.003662,0.0,0.000673,7.4e-05,0.9999706745147705,2e-06,0.0,0.000772,7.4e-05,0.999993622303009,nan,1000000
38499,-0.0006404519081115723,0.9982839822769165,0.003569,0.00357,0.0,0.000629,6.1e-05,0.9999879598617554,2e-06,0.0,0.000772,7.4e-05,0.999993622303009,nan,1000000
38599,-0.0013557225465774536,0.9992597103118896,0.004167,0.004169,0.0,0.000697,6.6e-05,0.99998939037323,2e-06,0.0,0.000772,7.4e-05,0.999993622303009,nan,1000000
38699,-0.0010553151369094849,0.9984420537948608,0.0043349999999999994,0.004337,0.0,0.000637,6.6e-05,0.9999927878379822,2e-06,0.0,0.000772,7.4e-05,0.999993622303009,nan,1000000
38799,-0.0008887201547622681,0.9979540705680847,0.0036590000000000004,0.00366,0.0,0.000681,7.4e-05,0.9999924898147583,2e-06,0.0,0.000772,7.4e-05,0.999993622303009,nan,1000000
38899,-0.0009565055370330811,0.998472273349762,0.0037530000000000003,0.003753,0.0,0.000619,6e-05,0.9999555349349976,2e-06,0.0,0.000772,7.4e-05,0.999993622303009,nan,1000000
38999,-0.0002958029508590698,0.9999896883964539,0.003664,0.003666,0.0,0.000664,6.7e-05,0.9999983310699463,2e-06,0.0,0.000772,7.4e-05,0.999993622303009,nan,1000000
39099,-0.00019419193267822266,1.0006564855575562,0.0036810000000000002,0.003682,0.0,0.000571,4.9e-05,0.9999055862426758,2e-06,0.0,0.000772,7.4e-05,0.999993622303009,nan,1000000
39199,-0.0010939985513687134,0.999491810798645,0.004149,0.004151,0.0,0.000543,4.9e-05,0.999991774559021,2e-06,0.0,0.000772,7.4e-05,0.999993622303009,nan,1000000
39299,-0.0004186183214187622,1.000679612159729,0.003857,0.003858,0.0,0.000599,5.1e-05,0.9999746084213257,2e-06,0.0,0.000772,7.4e-05,0.999993622303009,nan,1000000
39399,-0.0002601742744445801,1.000449538230896,0.0034530000000000003,0.003454,0.0,0.000675,7e-05,0.9999669790267944,2e-06,0.0,0.000772,7.4e-05,0.999993622303009,nan,1000000
39499,-0.00028312206268310547,1.0017483234405518,0.0038580000000000003,0.00386,0.0,0.000616,5.6e-05,0.9999303817749023,2e-06,0.0,0.000772,7.4e-05,0.999993622303009,nan,1000000
39599,-0.0008275508880615234,0.9996785521507263,0.0036590000000000004,0.003661,0.0,0.000591,5.3e-05,0.9999910593032837,2e-06,0.0,0.000772,7.4e-05,0.999993622303009,nan,1000000
39699,-0.00042228400707244873,1.0001871585845947,0.003388,0.00339,0.0,0.000706,6.3e-05,0.9999972581863403,2e-06,0.0,0.000772,7.4e-05,0.999993622303009,nan,1000000
39799,-0.0003411620855331421,0.9999741911888123,0.0031810000000000002,0.003182,0.0,0.000665,5.6e-05,0.9999977350234985,2e-06,0.0,0.000772,7.4e-05,0.999993622303009,nan,1000000
39899,-0.0002928227186203003,1.0017253160476685,0.0033770000000000002,0.003379,0.0,0.000605,5.5e-05,0.9999901056289673,2e-06,0.0,0.000772,7.4e-05,0.999993622303009,nan,1000000
39999,-0.0004159510135650635,1.0006581544876099,0.003536,0.003538,0.0,0.000623,5e-05,0.9999661445617676,2e-06,0.0,0.000772,7.4e-05,0.999993622303009,nan,1000000
40099,-0.0005903393030166626,1.000746250152588,0.003607,0.003607,0.0,0.000491,4.7e-05,0.9999945163726807,2e-06,0.0,0.000772,7.4e-05,0.999993622303009,nan,1000000
40199,-0.0004595518112182617,1.0002299547195435,0.00338,0.003382,0.0,0.000527,4.7e-05,0.999990701675415,2e-06,0.0,0.000772,7.4e-05,0.999993622303009,nan,1000000
40299,-0.0008573979139328003,1.0005755424499512,0.0034490000000000002,0.003449,0.0,0.000551,5.4e-05,0.9999732971191406,2e-06,0.0,0.000772,7.4e-05,0.999993622303009,nan,1000000
40399,-0.0005843043327331543,1.0013084411621094,0.003956,0.003955,0.0,0.000723,8e-05,0.999985933303833,2e-06,0.0,0.000772,7.4e-05,0.999993622303009,nan,1000000
40499,-0.0005250424146652222,0.9999843835830688,0.0032,0.003202,0.0,0.000796,7.4e-05,0.9999985694885254,2e-06,0.0,0.000772,7.4e-05,0.999993622303009,nan,1000000
40599,-0.0008549392223358154,0.9997410178184509,0.00363,0.003632,0.0,0.00073,6.9e-05,0.9999948740005493,2e-06,0.0,0.000772,7.4e-05,0.999993622303009,nan,1000000
40699,-0.000888139009475708,1.0001811981201172,0.0032080000000000003,0.003209,0.0,0.000711,6.6e-05,0.9999897480010986,2e-06,0.0,0.000772,7.4e-05,0.999993622303009,nan,1000000
40799,-0.0001303553581237793,1.0006940364837646,0.003029,0.00303,0.0,0.000787,8.8e-05,0.9999978542327881,2e-06,0.0,0.000772,7.4e-05,0.999993622303009,nan,1000000
40899,-0.00015960633754730225,1.0005110502243042,0.003269,0.003271,0.0,0.000857,9.1e-05,0.999966025352478,2e-06,0.0,0.000772,7.4e-05,0.999993622303009,nan,1000000
40999,-0.0005188882350921631,0.9997417330741882,0.003164,0.003166,0.0,0.000864,9.6e-05,0.9999641180038452,2e-06,0.0,0.000772,7.4e-05,0.999993622303009,nan,1000000
41099,-0.0007058233022689819,0.9996374845504761,0.003252,0.003254,0.0,0.000755,7.4e-05,0.9999896287918091,2e-06,0.0,0.000772,7.4e-05,0.999993622303009,nan,1000000
41199,-0.0007821917533874512,0.9987786412239075,0.003591,0.003593,0.0,0.000667,7.1e-05,0.9999708533287048,2e-06,0.0,0.000772,7.4e-05,0.999993622303009,nan,1000000
41299,-0.0008488893508911133,0.999232292175293,0.0036620000000000003,0.003664,0.0,0.000613,5.9e-05,0.9999898672103882,2e-06,0.0,0.000772,7.4e-05,0.999993622303009,nan,1000000
41399,-0.0005603432655334473,1.0006251335144043,0.003452,0.003454,0.0,0.000644,6.4e-05,0.9999637603759766,2e-06,0.0,0.000772,7.4e-05,0.999993622303009,nan,1000000
41499,-0.0008505135774612427,0.9997007250785828,0.003618,0.003618,0.0,0.000605,5.1e-05,0.9999954700469971,2e-06,0.0,0.000772,7.4e-05,0.999993622303009,nan,1000000
41599,-0.0005405247211456299,1.0016062259674072,0.003403,0.003405,0.0,0.000737,6.4e-05,0.9999987483024597,2e-06,0.0,0.000772,7.4e-05,0.999993622303009,nan,1000000
41699,1.3232231140136719e-05,1.001598834991455,0.003602,0.003602,0.0,0.000752,6.4e-05,0.9999995231628418,2e-06,0.0,0.000772,7.4e-05,0.999993622303009,nan,1000000
41799,-0.0009805262088775635,0.999870240688324,0.003592,0.003592,0.0,0.00079,7.5e-05,0.9999457597732544,2e-06,0.0,0.000772,7.4e-05,0.999993622303009,nan,1000000
41899,-0.0007311403751373291,1.0013272762298584,0.003725,0.003727,0.0,0.000712,6.4e-05,0.9999982118606567,2e-06,0.0,0.000772,7.4e-05,0.999993622303009,nan,1000000
41999,-0.0005215704441070557,1.0001469850540161,0.003171,0.003172,0.0,0.000731,7.1e-05,0.9999953508377075,2e-06,0.0,0.000772,7.4e-05,0.999993622303009,nan,1000000
42099,-0.0005995333194732666,0.9995781779289246,0.0036680000000000003,0.00367,0.0,0.000525,5.7e-05,0.999996542930603,2e-06,0.0,0.000772,7.4e-05,0.999993622303009,nan,1000000
42199,-0.0002390146255493164,0.9999637603759766,0.003889,0.002949,0.0,0.000678,6.7e-05,0.999962329864502,2e-06,0.0,0.000772,7.4e-05,0.999993622303009,nan,1000000
42299,-0.0010182857513427734,1.00033700466156,0.003866,0.003867,0.0,0.000666,6.9e-05,0.9999803304672241,2e-06,0.0,0.000772,7.4e-05,0.999993622303009,nan,1000000
42399,-0.0005075037479400635,1.001813292503357,0.003565,0.003567,0.0,0.000709,6.8e-05,0.9999585151672363,2e-06,0.0,0.000772,7.4e-05,0.999993622303009,nan,1000000
42499,-0.0010105520486831665,0.998559832572937,0.003366,0.003367,0.0,0.000672,6.9e-05,0.9999995231628418,2e-06,0.0,0.000772,7.4e-05,0.999993622303009,nan,1000000
42599,-0.0013787895441055298,0.9998611807823181,0.0042220000000000035,0.004006,0.0,0.000816,6.7e-05,0.9999788999557495,2e-06,0.0,0.000772,7.4e-05,0.999993622303009,nan,1000000
42699,7.593631744384766e-05,1.0023925304412842,0.003532,0.003534,0.0,0.000768,7.3e-05,0.9999878406524658,2e-06,0.0,0.000772,7.4e-05,0.999993622303009,nan,1000000
42799,-0.000858694314956665,1.0006693601608276,0.003634,0.003636,0.0,0.000678,6.8e-05,0.9999923706054688,2e-06,0.0,0.000772,7.4e-05,0.999993622303009,nan,1000000
42899,-0.00028505921363830566,1.0021553039550781,0.004007,0.004009,0.0,0.000764,6.4e-05,0.9999724626541138,2e-06,0.0,0.000772,7.4e-05,0.999993622303009,nan,1000000
42999,-0.0006175488233566284,0.9999046325683594,0.0035800000000000003,0.003581,0.0,0.0008,6.7e-05,0.9999698400497437,2e-06,0.0,0.000772,7.4e-05,0.999993622303009,nan,1000000
43099,-0.0005221664905548096,1.0001940727233887,0.003716,0.003718,0.0,0.00083,6.9e-05,0.999997079372406,2e-06,0.0,0.000772,7.4e-05,0.999993622303009,nan,1000000
43199,-0.0006883889436721802,1.0004706382751465,0.003999,0.004,0.0,0.000809,7.7e-05,0.9999809861183167,2e-06,0.0,0.000772,7.4e-05,0.999993622303009,nan,1000000
43299,-0.0007192343473434448,0.9989463090896606,0.004404,0.004406,0.0,0.000742,7.9e-05,0.9999967813491821,2e-06,0.0,0.000772,7.4e-05,0.999993622303009,nan,1000000
43399,-0.000673338770866394,0.9993524551391602,0.003725,0.003727,0.0,0.00075,7.3e-05,0.9999954700469971,2e-06,0.0,0.000772,7.4e-05,0.999993622303009,nan,1000000
43499,-0.00026650726795196533,1.0012081861495972,0.0038740000000000003,0.003876,0.0,0.000757,7.6e-05,0.9999805688858032,2e-06,0.0,0.000772,7.4e-05,0.999993622303009,nan,1000000
43599,7.003545761108398e-07,1.0014070272445679,0.0034300000000000003,0.003432,0.0,0.000794,7.8e-05,0.9999918937683105,2e-06,0.0,0.000772,7.4e-05,0.999993622303009,nan,1000000
43699,-0.0006309598684310913,1.000028371810913,0.0039499999999999995,0.003952,1e-06,0.00076,8.4e-05,1.0,2e-06,0.0,0.000772,7.4e-05,0.999993622303009,nan,1000000
43799,-0.0004626065492630005,1.0009013414382935,0.0035310000000000003,0.003533,0.0,0.000808,7.1e-05,0.999980092048645,2e-06,0.0,0.000772,7.4e-05,0.999993622303009,nan,1000000
43899,-0.0010008364915847778,0.99898362159729,0.0037370000000000003,0.003736,0.0,0.000806,7.5e-05,0.9999698400497437,2e-06,0.0,0.000772,7.4e-05,0.999993622303009,nan,1000000
43999,-0.0004115551710128784,1.0009946823120117,0.0033020000000000002,0.003303,0.0,0.000778,8.5e-05,0.9999970197677612,2e-06,0.0,0.000772,7.4e-05,0.999993622303009,nan,1000000
44099,-0.0006554126739501953,1.0011192560195923,0.003961,0.003962,0.0,0.000703,7.9e-05,0.9999966621398926,2e-06,0.0,0.000772,7.4e-05,0.999993622303009,nan,1000000
44199,-0.0005286931991577148,1.0006005764007568,0.003987999999999999,0.003989,0.0,0.000654,6.4e-05,0.9999865293502808,2e-06,0.0,0.000772,7.4e-05,0.999993622303009,nan,1000000
44299,-0.0005324035882949829,1.0008271932601929,0.00424,0.004242,0.0,0.000762,7.3e-05,0.9999990463256836,2e-06,0.0,0.000772,7.4e-05,0.999993622303009,nan,1000000
44399,-0.0006794929504394531,0.9990869760513306,0.0038050000000000002,0.003806,0.0,0.000676,6.7e-05,0.999994158744812,2e-06,0.0,0.000772,7.4e-05,0.999993622303009,nan,1000000
44499,9.329617023468018e-05,1.0019428730010986,0.0035730000000000002,0.003573,0.0,0.000844,7.5e-05,0.9999760389328003,2e-06,0.0,0.000772,7.4e-05,0.999993622303009,nan,1000000
44599,-7.610023021697998e-05,1.0021140575408936,0.0035570000000000003,0.003559,0.0,0.000755,7.3e-05,0.9999983310699463,2e-06,0.0,0.000772,7.4e-05,0.999993622303009,nan,1000000
44699,-0.00044843554496765137,1.0017821788787842,0.003759,0.003761,0.0,0.000786,7.4e-05,0.9999940395355225,2e-06,0.0,0.000772,7.4e-05,0.999993622303009,nan,1000000
44799,-0.00090770423412323,0.9995402693748474,0.004068,0.00407,0.0,0.000799,7.4e-05,0.9999803304672241,2e-06,0.0,0.000772,7.4e-05,0.999993622303009,nan,1000000
44899,-0.0006514787673950195,1.0004637241363525,0.003947999999999999,0.003949,0.0,0.000749,6.5e-05,0.9999635219573975,2e-06,0.0,0.000772,7.4e-05,0.999993622303009,nan,1000000
44999,-0.0006230324506759644,0.9995583295822144,0.00362,0.00362,0.0,0.000651,6.2e-05,0.9999777674674988,2e-06,0.0,0.000772,7.4e-05,0.999993622303009,nan,1000000
45099,-2.785027027130127e-05,1.0008257627487183,0.003625,0.003627,0.0,0.000759,6.4e-05,0.999991774559021,2e-06,0.0,0.000772,7.4e-05,0.999993622303009,nan,1000000
45199,-0.0005082786083221436,1.0012966394424438,0.004065,0.004067,0.0,0.000716,7.1e-05,0.9999842643737793,2e-06,0.0,0.000772,7.4e-05,0.999993622303009,nan,1000000
45299,-0.00027751922607421875,1.0013483762741089,0.003939,0.003941,0.0,0.000695,7.2e-05,0.9999759197235107,2e-06,0.0,0.000772,7.4e-05,0.999993622303009,nan,1000000
45399,-0.00047810375690460205,1.000612497329712,0.004000999999999999,0.004003,0.0,0.000764,7.8e-05,0.9999995231628418,2e-06,0.0,0.000772,7.4e-05,0.999993622303009,nan,1000000
45499,-0.0008149594068527222,1.000207543373108,0.004215,0.004217,0.0,0.000811,7.3e-05,0.9999604821205139,2e-06,0.0,0.000772,7.4e-05,0.999993622303009,nan,1000000
45599,-0.0011947005987167358,1.0001870393753052,0.00461,0.004609,0.0,0.000801,7.9e-05,0.9999855756759644,2e-06,0.0,0.000772,7.4e-05,0.999993622303009,nan,1000000
45699,-0.0003531426191329956,1.0011202096939087,0.003981999999999999,0.003983,0.0,0.000745,7.1e-05,0.9999728202819824,2e-06,0.0,0.000772,7.4e-05,0.999993622303009,nan,1000000
45799,-0.0007523447275161743,1.0008741617202759,0.004651,0.004651,0.0,0.00066,6.4e-05,0.9999816417694092,2e-06,0.0,0.000772,7.4e-05,0.999993622303009,nan,1000000
45899,-0.00032263994216918945,1.0006438493728638,0.0040420000000000005,0.004042,0.0,0.000782,7.9e-05,0.9999940395355225,2e-06,0.0,0.000772,7.4e-05,0.999993622303009,nan,1000000
45999,-0.0007781982421875,0.999713659286499,0.004011000000000001,0.004013,0.0,0.000792,7.4e-05,0.9999873638153076,2e-06,0.0,0.000772,7.4e-05,0.999993622303009,nan,1000000
46099,-0.0003616064786911011,1.0004022121429443,0.003896,0.003898,0.0,0.000824,7.4e-05,0.999984860420227,2e-06,0.0,0.000772,7.4e-05,0.999993622303009,nan,1000000
46199,-0.0007316768169403076,1.0014878511428833,0.004429,0.004431,0.0,0.000765,6.4e-05,0.9999803304672241,2e-06,0.0,0.000772,7.4e-05,0.999993622303009,nan,1000000
46299,-0.0006638318300247192,1.0001083612442017,0.004305000000000001,0.004307,0.0,0.000635,5.2e-05,0.9999430179595947,2e-06,0.0,0.000772,7.4e-05,0.999993622303009,nan,1000000
46399,-0.0010678768157958984,1.0005850791931152,0.00439,0.004392,0.0,0.000637,5.1e-05,0.9999931454658508,2e-06,0.0,0.000772,7.4e-05,0.999993622303009,nan,1000000
46499,-0.001254156231880188,0.999284565448761,0.004861,0.004862,0.0,0.00063,4.7e-05,0.9999927282333374,2e-06,0.0,0.000772,7.4e-05,0.999993622303009,nan,1000000
46599,-0.0011885017156600952,0.9982373714447021,0.00439,0.004392,0.0,0.000705,5.9e-05,0.9999598264694214,2e-06,0.0,0.000772,7.4e-05,0.999993622303009,nan,1000000
46699,-0.0007302761077880859,1.0004291534423828,0.004318,0.00432,0.0,0.000691,6.6e-05,0.9999992847442627,2e-06,0.0,0.000772,7.4e-05,0.999993622303009,nan,1000000
46799,-0.0009190887212753296,1.000260353088379,0.004379,0.00438,0.0,0.000632,6.3e-05,0.9999949336051941,2e-06,0.0,0.000772,7.4e-05,0.999993622303009,nan,1000000
46899,-0.00085468590259552,1.0009527206420898,0.004719999999999999,0.004721,0.0,0.000663,4.9e-05,0.9999940395355225,2e-06,0.0,0.000772,7.4e-05,0.999993622303009,nan,1000000
46999,-0.0006347894668579102,1.0011253356933594,0.004532,0.004534,0.0,0.000703,6.4e-05,0.9999868869781494,2e-06,0.0,0.000772,7.4e-05,0.999993622303009,nan,1000000
47099,-0.0006474107503890991,1.0000237226486206,0.004312,0.004314,0.0,0.000687,6.3e-05,0.9999956488609314,2e-06,0.0,0.000772,7.4e-05,0.999993622303009,nan,1000000
47199,-0.0007578432559967041,0.9997913837432861,0.0043219999999999995,0.004324,0.0,0.000654,4.8e-05,0.9999961256980896,2e-06,0.0,0.000772,7.4e-05,0.999993622303009,nan,1000000
47299,-0.0008589774370193481,1.001238465309143,0.004258,0.00426,0.0,0.000699,6.4e-05,0.9999566078186035,2e-06,0.0,0.000772,7.4e-05,0.999993622303009,nan,1000000
47399,-0.0010627210140228271,0.9987624883651733,0.0042899999999999995,0.00429,0.0,0.00085,7.2e-05,0.9999827146530151,2e-06,0.0,0.000772,7.4e-05,0.999993622303009,nan,1000000
47499,-0.0008959174156188965,0.9993218183517456,0.004395,0.004396,0.0,0.000856,6.9e-05,0.999985933303833,2e-06,0.0,0.000772,7.4e-05,0.999993622303009,nan,1000000
47599,-0.0004635155200958252,1.0005561113357544,0.003993,0.003994,0.0,0.000829,8.1e-05,0.9999902844429016,2e-06,0.0,0.000772,7.4e-05,0.999993622303009,nan,1000000
47699,-0.0010280758142471313,1.0005491971969604,0.004582999999999999,0.004584,0.0,0.000798,7.6e-05,0.999996542930603,2e-06,0.0,0.000772,7.4e-05,0.999993622303009,nan,1000000
47799,-0.0007690787315368652,0.9994671940803528,0.0041459999999999995,0.004147,0.0,0.000866,6.8e-05,0.9999790787696838,2e-06,0.0,0.000772,7.4e-05,0.999993622303009,nan,1000000
47899,-0.0002676248550415039,1.000407338142395,0.0039030000000000002,0.003905,0.0,0.000878,7.9e-05,0.9999939203262329,2e-06,0.0,0.000772,7.4e-05,0.999993622303009,nan,1000000
47999,-0.0006026327610015869,1.0004315376281738,0.004068,0.004069,0.0,0.000929,9.7e-05,0.9999560117721558,2e-06,0.0,0.000772,7.4e-05,0.999993622303009,nan,1000000
48099,-0.0008489340543746948,1.000447154045105,0.00419,0.004192,0.0,0.00087,6.6e-05,0.9999876022338867,2e-06,0.0,0.000772,7.4e-05,0.999993622303009,nan,1000000
48199,-0.0009754300117492676,0.9984510540962219,0.0037920000000000002,0.003793,0.0,0.000692,6.8e-05,0.9999707341194153,2e-06,0.0,0.000772,7.4e-05,0.999993622303009,nan,1000000
48299,-0.0005989968776702881,0.9994851350784302,0.003922,0.003924,0.0,0.000668,6.8e-05,0.9999739527702332,2e-06,0.0,0.000772,7.4e-05,0.999993622303009,nan,1000000
48399,-0.00036641955375671387,0.9999191761016846,0.004039999999999999,0.00404,0.0,0.000732,7e-05,0.9999817609786987,2e-06,0.0,0.000772,7.4e-05,0.999993622303009,nan,1000000
48499,-2.4110078811645508e-05,1.0013322830200195,0.003869,0.003871,0.0,0.000639,6.2e-05,0.9999715089797974,2e-06,0.0,0.000772,7.4e-05,0.999993622303009,nan,1000000
48599,-0.0006665289402008057,0.9986125826835632,0.003867,0.003869,0.0,0.000653,6.1e-05,0.9999946355819702,2e-06,0.0,0.000772,7.4e-05,0.999993622303009,nan,1000000
48699,-0.000733301043510437,1.0009180307388306,0.004173,0.004174,0.0,0.000854,8.2e-05,0.9999970197677612,2e-06,0.0,0.000772,7.4e-05,0.999993622303009,nan,1000000
48799,-0.0003340691328048706,0.999104917049408,0.0036650000000000003,0.003667,0.0,0.000789,7e-05,0.999988317489624,2e-06,0.0,0.000772,7.4e-05,0.999993622303009,nan,1000000
48899,-0.00021833181381225586,1.0007505416870117,0.0036880000000000003,0.00369,0.0,0.000916,0.000105,0.9999959468841553,2e-06,0.0,0.000772,7.4e-05,0.999993622303009,nan,1000000
48999,0.00043855607509613037,1.0035488605499268,0.004143,0.004144,0.0,0.00088,8.5e-05,0.999992847442627,2e-06,0.0,0.000772,7.4e-05,0.999993622303009,nan,1000000
49099,-0.000470966100692749,1.0010820627212524,0.004059999999999999,0.004061,0.0,0.000892,9.2e-05,0.999994158744812,2e-06,0.0,0.000772,7.4e-05,0.999993622303009,nan,1000000
49199,-0.0009646117687225342,0.9991070628166199,0.004072999999999999,0.004074,0.0,0.00088,9.3e-05,0.9999955892562866,2e-06,0.0,0.000772,7.4e-05,0.999993622303009,nan,1000000
49299,-0.000543937087059021,1.0004010200500488,0.004064,0.004066,0.0,0.000953,9.2e-05,0.9999983310699463,2e-06,0.0,0.000772,7.4e-05,0.999993622303009,nan,1000000
49399,-0.0003714263439178467,1.0002206563949585,0.003715,0.003717,0.0,0.000854,7.8e-05,0.9999998807907104,2e-06,0.0,0.000772,7.4e-05,0.999993622303009,nan,1000000
49499,-0.0008821785449981689,0.9999150037765503,0.004742,0.004742,0.0,0.000861,7.1e-05,0.9999977350234985,2e-06,0.0,0.000772,7.4e-05,0.999993622303009,nan,1000000
49599,-0.0003737509250640869,1.0015734434127808,0.003892,0.003894,0.0,0.000899,8.6e-05,0.9999867677688599,2e-06,0.0,0.000772,7.4e-05,0.999993622303009,nan,1000000
49699,-0.0009733736515045166,0.9997658133506775,0.003856,0.003857,0.0,0.000843,7.9e-05,0.9999818801879883,2e-06,0.0,0.000772,7.4e-05,0.999993622303009,nan,1000000
49799,-0.00039139389991760254,1.000892996788025,0.003869,0.003868,0.0,0.000857,7.6e-05,0.9999995231628418,2e-06,0.0,0.000772,7.4e-05,0.999993622303009,nan,1000000
49899,-0.0006093233823776245,1.0004775524139404,0.0037270000000000003,0.003729,0.0,0.000843,7.6e-05,0.999999463558197,2e-06,0.0,0.000772,7.4e-05,0.999993622303009,nan,1000000
49999,-0.0005069226026535034,0.9997777342796326,0.0034850000000000003,0.003483,0.0,0.000748,6.7e-05,0.9999980926513672,2e-06,0.0,0.000772,7.4e-05,0.999993622303009,nan,1000000
50099,-0.0008398443460464478,0.9998735189437866,0.00469,0.004692,0.0,0.000838,7.4e-05,0.9999856948852539,2e-06,0.0,0.000772,7.4e-05,0.999993622303009,nan,1000000
50199,-0.001273512840270996,0.9975507855415344,0.0034530000000000394,0.00325,0.0,0.000846,7.4e-05,0.9999868869781494,2e-06,0.0,0.000772,7.4e-05,0.999993622303009,nan,1000000
50299,-0.0009264200925827026,1.0002942085266113,0.0038320000000000003,0.003834,0.0,0.000889,8.2e-05,0.9999910593032837,2e-06,0.0,0.000772,7.4e-05,0.999993622303009,nan,1000000
50399,-0.0008409172296524048,0.9993547201156616,0.003943,0.003945,0.0,0.000799,7.2e-05,0.9999850988388062,2e-06,0.0,0.000772,7.4e-05,0.999993622303009,nan,1000000
50499,-0.00028924643993377686,1.0004373788833618,0.003411,0.003411,0.0,0.000794,7.5e-05,0.9999961853027344,2e-06,0.0,0.000772,7.4e-05,0.999993622303009,nan,1000000
50599,-0.0007541626691818237,1.0010324716567993,0.004011,0.004011,0.0,0.000778,7.1e-05,0.9999887943267822,2e-06,0.0,0.000772,7.4e-05,0.999993622303009,nan,1000000
50699,-0.00041322410106658936,1.0002578496932983,0.003627,0.003629,0.0,0.000769,7.5e-05,0.9999918937683105,2e-06,0.0,0.000772,7.4e-05,0.999993622303009,nan,1000000
50799,-0.0007441490888595581,1.0001721382141113,0.004118999999999999,0.004121,0.0,0.00072,7.5e-05,0.9999966025352478,2e-06,0.0,0.000772,7.4e-05,0.999993622303009,nan,1000000
50899,-0.0011642873287200928,0.9993639588356018,0.004605,0.004606,0.0,0.000688,7.1e-05,0.9999818801879883,2e-06,0.0,0.000772,7.4e-05,0.999993622303009,nan,1000000
50999,-0.00038857758045196533,1.0005897283554077,0.003627,0.003629,0.0,0.000678,7.4e-05,0.9999934434890747,2e-06,0.0,0.000772,7.4e-05,0.999993622303009,nan,1000000
51099,-0.0003709644079208374,1.0003678798675537,0.00366,0.003661,0.0,0.000612,6.2e-05,0.9999906420707703,2e-06,0.0,0.000772,7.4e-05,0.999993622303009,nan,1000000
51199,-0.00045937299728393555,1.0006052255630493,0.0035440000000000003,0.003546,0.0,0.000768,7.1e-05,0.9999892115592957,2e-06,0.0,0.000772,7.4e-05,0.999993622303009,nan,1000000
51299,-0.0005282014608383179,1.0004377365112305,0.003444,0.003445,0.0,0.000788,7e-05,0.9999991655349731,2e-06,0.0,0.000772,7.4e-05,0.999993622303009,nan,1000000
51399,-0.000855177640914917,1.000801682472229,0.003928999999999999,0.003931,0.0,0.000773,6.2e-05,0.9999805688858032,2e-06,0.0,0.000772,7.4e-05,0.999993622303009,nan,1000000
51499,1.856684684753418e-05,1.0023672580718994,0.003614,0.003615,0.0,0.000876,8.5e-05,0.9999946355819702,2e-06,0.0,0.000772,7.4e-05,0.999993622303009,nan,1000000
51599,-0.00041607022285461426,1.0008063316345215,0.0040279999999999995,0.00403,0.0,0.000895,0.000102,0.9999850392341614,2e-06,0.0,0.000772,7.4e-05,0.999993622303009,nan,1000000
51699,-0.00015428662300109863,0.9998912215232849,0.003742,0.003742,0.0,0.000747,6.2e-05,0.9999966621398926,2e-06,0.0,0.000772,7.4e-05,0.999993622303009,nan,1000000
51799,-0.0006512850522994995,0.9991594552993774,0.003973,0.003974,0.0,0.000666,5.4e-05,0.9999996423721313,2e-06,0.0,0.000772,7.4e-05,0.999993622303009,nan,1000000
51899,-0.0005778670310974121,1.001280665397644,0.0039959999999999996,0.003998,0.0,0.000711,8e-05,0.9999994039535522,2e-06,0.0,0.000772,7.4e-05,0.999993622303009,nan,1000000
51999,-0.0005175620317459106,1.000848412513733,0.004013999999999999,0.004015,0.0,0.000823,8.1e-05,0.999983549118042,2e-06,0.0,0.000772,7.4e-05,0.999993622303009,nan,1000000
52099,-0.0009475052356719971,0.9987494349479675,0.003846,0.003848,0.0,0.000756,7.8e-05,0.9999980926513672,2e-06,0.0,0.000772,7.4e-05,0.999993622303009,nan,1000000
52199,-0.0003612339496612549,0.9997861385345459,0.003409,0.003411,0.0,0.000763,8.1e-05,0.9999949932098389,2e-06,0.0,0.000772,7.4e-05,0.999993622303009,nan,1000000
52299,-0.0004944056272506714,1.0005639791488647,0.003706,0.003705,0.0,0.000817,8e-05,0.9999809265136719,2e-06,0.0,0.000772,7.4e-05,0.999993622303009,nan,1000000
52399,-0.0006504952907562256,1.0004349946975708,0.0034820000000000003,0.003483,0.0,0.000737,7.2e-05,0.99997878074646,2e-06,0.0,0.000772,7.4e-05,0.999993622303009,nan,1000000
52499,-0.0008154362440109253,1.000225305557251,0.0039759999999999995,0.003978,0.0,0.000757,7.5e-05,0.9999985694885254,2e-06,0.0,0.000772,7.4e-05,0.999993622303009,nan,1000000
52599,-0.0003076791763305664,1.0018256902694702,0.003161,0.003163,0.0,0.000681,6.3e-05,0.9999831914901733,2e-06,0.0,0.000772,7.4e-05,0.999993622303009,nan,1000000
52699,-0.0009437650442123413,0.9997043609619141,0.003684,0.003685,0.0,0.000662,7.2e-05,0.9999762773513794,2e-06,0.0,0.000772,7.4e-05,0.999993622303009,nan,1000000
52799,-0.0005419105291366577,1.0005319118499756,0.0032790000000000002,0.003279,0.0,0.000655,6.3e-05,0.9999698400497437,2e-06,0.0,0.000772,7.4e-05,0.999993622303009,nan,1000000
52899,-0.0008732229471206665,1.0008565187454224,0.004314999999999999,0.004316,0.0,0.000735,6.9e-05,0.9999858140945435,2e-06,0.0,0.000772,7.4e-05,0.999993622303009,nan,1000000
52999,-0.0007027089595794678,1.0009379386901855,0.003669,0.003671,0.0,0.000781,8e-05,0.9999847412109375,2e-06,0.0,0.000772,7.4e-05,0.999993622303009,nan,1000000
53099,-0.001019507646560669,1.000430703163147,0.0038779999999999926,0.003746,0.0,0.000687,6.9e-05,0.9999902248382568,2e-06,0.0,0.000772,7.4e-05,0.999993622303009,nan,1000000
53199,-0.0009489357471466064,1.000868320465088,0.0039559999999999994,0.003957,0.0,0.000706,7.3e-05,0.9999973773956299,2e-06,0.0,0.000772,7.4e-05,0.999993622303009,nan,1000000
53299,-0.000688210129737854,1.0004225969314575,0.0034690000000000003,0.003471,0.0,0.000707,6.1e-05,0.9999887943267822,2e-06,0.0,0.000772,7.4e-05,0.999993622303009,nan,1000000
53399,-9.685754776000977e-05,1.0018672943115234,0.0034500000000000004,0.00345,0.0,0.000749,6.7e-05,0.9999979734420776,2e-06,0.0,0.000772,7.4e-05,0.999993622303009,nan,1000000
53499,-0.0005440413951873779,1.0004912614822388,0.003347,0.003349,0.0,0.000722,7.1e-05,0.9999908208847046,2e-06,0.0,0.000772,7.4e-05,0.999993622303009,nan,1000000
53599,-0.0008328855037689209,1.0002481937408447,0.003702,0.003704,0.0,0.000701,7.5e-05,0.9999975562095642,2e-06,0.0,0.000772,7.4e-05,0.999993622303009,nan,1000000
53699,-0.00033289194107055664,1.0022205114364624,0.0037010000000000003,0.003703,0.0,0.000616,5.9e-05,0.9999427795410156,2e-06,0.0,0.000772,7.4e-05,0.999993622303009,nan,1000000
53799,-0.0010632425546646118,1.0006941556930542,0.004228,0.00423,0.0,0.000749,7.4e-05,0.9999828338623047,2e-06,0.0,0.000772,7.4e-05,0.999993622303009,nan,1000000
53899,-0.001016184687614441,1.000116229057312,0.004219,0.00422,1e-06,0.000598,7.6e-05,1.0,2e-06,0.0,0.000772,7.4e-05,0.999993622303009,nan,1000000
53999,-0.0007829368114471436,0.9999833703041077,0.00365,0.003651,0.0,0.000758,6e-05,0.9999505281448364,2e-06,0.0,0.000772,7.4e-05,0.999993622303009,nan,1000000
54099,-0.0010676831007003784,1.0000101327896118,0.004245,0.004247,0.0,0.000829,7.9e-05,0.9999895095825195,2e-06,0.0,0.000772,7.4e-05,0.999993622303009,nan,1000000
54199,-0.0011976361274719238,0.9986538887023926,0.003966,0.003966,0.0,0.000592,6.1e-05,0.9999717473983765,2e-06,0.0,0.000772,7.4e-05,0.999993622303009,nan,1000000
54299,1.601874828338623e-05,1.0019454956054688,0.003375,0.003377,0.0,0.000717,7.6e-05,0.9999706745147705,2e-06,0.0,0.000772,7.4e-05,0.999993622303009,nan,1000000
54399,-0.0006065070629119873,0.9990105628967285,0.0033510000000000002,0.003352,0.0,0.000725,6.8e-05,0.9999750256538391,2e-06,0.0,0.000772,7.4e-05,0.999993622303009,nan,1000000
54499,-0.0005974918603897095,0.9997453093528748,0.003571,0.003573,0.0,0.000811,7.4e-05,0.9999744892120361,2e-06,0.0,0.000772,7.4e-05,0.999993622303009,nan,1000000
54599,-0.00016638636589050293,1.0011049509048462,0.0032830000000000003,0.003285,0.0,0.000769,7.6e-05,0.999995231628418,2e-06,0.0,0.000772,7.4e-05,0.999993622303009,nan,1000000
54699,-0.0006566792726516724,1.0004792213439941,0.003568,0.00357,0.0,0.000817,7.4e-05,0.9999926090240479,2e-06,0.0,0.000772,7.4e-05,0.999993622303009,nan,1000000
54799,-9.12100076675415e-05,1.0012717247009277,0.0034059999999999993,0.003175,0.0,0.000772,6.7e-05,0.9999899864196777,2e-06,0.0,0.000772,7.4e-05,0.999993622303009,nan,1000000
54899,-0.00035643577575683594,1.0009422302246094,0.003363,0.003363,0.0,0.000765,6.2e-05,0.9999940395355225,2e-06,0.0,0.000772,7.4e-05,0.999993622303009,nan,1000000
54999,-0.00106126070022583,1.0003811120986938,0.0039829999999999996,0.003984,0.0,0.000733,6.1e-05,0.9999921917915344,2e-06,0.0,0.000772,7.4e-05,0.999993622303009,nan,1000000
55099,-0.0009352266788482666,0.9987438917160034,0.003676,0.003678,0.0,0.00076,6.3e-05,0.9999944567680359,2e-06,0.0,0.000772,7.4e-05,0.999993622303009,nan,1000000
55199,-0.00045290589332580566,0.9996909499168396,0.003846,0.003848,0.0,0.000768,5.8e-05,0.9999969601631165,2e-06,0.0,0.000772,7.4e-05,0.999993622303009,nan,1000000
55299,-0.0003043860197067261,1.0003608465194702,0.003686,0.003688,0.0,0.000702,6.8e-05,0.9999854564666748,2e-06,0.0,0.000772,7.4e-05,0.999993622303009,nan,1000000
55399,-0.0006914883852005005,0.9999890327453613,0.0038480000000000003,0.00385,0.0,0.000753,6e-05,0.9999823570251465,2e-06,0.0,0.000772,7.4e-05,0.999993622303009,nan,1000000
55499,-0.00011289119720458984,1.0007174015045166,0.0036090000000000002,0.00361,0.0,0.000713,6.1e-05,0.9999634027481079,2e-06,0.0,0.000772,7.4e-05,0.999993622303009,nan,1000000
55599,-0.0007611215114593506,1.0002379417419434,0.004191,0.004192,0.0,0.000784,6.3e-05,0.99997878074646,2e-06,0.0,0.000772,7.4e-05,0.999993622303009,nan,1000000
55699,-0.0007036328315734863,0.9989960789680481,0.0032890000000000003,0.003291,0.0,0.000789,6.4e-05,0.9999756813049316,2e-06,0.0,0.000772,7.4e-05,0.999993622303009,nan,1000000
55799,-0.001001983880996704,0.9997410774230957,0.003847,0.003849,0.0,0.000794,6.1e-05,0.9999951124191284,2e-06,0.0,0.000772,7.4e-05,0.999993622303009,nan,1000000
55899,-0.001034960150718689,0.998431384563446,0.0034720000000000003,0.003474,0.0,0.000734,6.7e-05,0.9999983310699463,2e-06,0.0,0.000772,7.4e-05,0.999993622303009,nan,1000000
55999,-0.0009526461362838745,0.9997040629386902,0.0037140000000000003,0.003715,0.0,0.000705,6.6e-05,0.9999896287918091,2e-06,0.0,0.000772,7.4e-05,0.999993622303009,nan,1000000
56099,-0.0013253986835479736,0.9998224377632141,0.0045259999999999745,0.003868,0.0,0.000733,7e-05,0.9999877214431763,2e-06,0.0,0.000772,7.4e-05,0.999993622303009,nan,1000000
56199,-0.0008817017078399658,1.0000025033950806,0.003465,0.003467,0.0,0.0008,6.8e-05,0.9999808073043823,2e-06,0.0,0.000772,7.4e-05,0.999993622303009,nan,1000000
56299,-0.00045368075370788574,1.00021493434906,0.003494,0.003495,0.0,0.000731,5.7e-05,0.9999874830245972,2e-06,0.0,0.000772,7.4e-05,0.999993622303009,nan,1000000
56399,-0.0009451806545257568,0.9993841052055359,0.004018,0.004019,0.0,0.000831,6e-05,0.999983549118042,2e-06,0.0,0.000772,7.4e-05,0.999993622303009,nan,1000000
56499,-0.0005051493644714355,1.0006006956100464,0.0036290000000000003,0.00363,0.0,0.000749,6.3e-05,0.9999842643737793,2e-06,0.0,0.000772,7.4e-05,0.999993622303009,nan,1000000
56599,-0.001135796308517456,0.9987371563911438,0.0036550000000000003,0.003655,0.0,0.0007,6.7e-05,0.9999849796295166,2e-06,0.0,0.000772,7.4e-05,0.999993622303009,nan,1000000
56699,-0.00036562979221343994,1.0010395050048828,0.0038450000000000003,0.003846,0.0,0.000932,7.6e-05,0.9999868869781494,2e-06,0.0,0.000772,7.4e-05,0.999993622303009,nan,1000000
56799,-0.0010254532098770142,0.9993289113044739,0.004331,0.004331,0.0,0.000778,7.3e-05,0.9999849796295166,2e-06,0.0,0.000772,7.4e-05,0.999993622303009,nan,1000000
56899,-0.00032639503479003906,1.001708984375,0.0036119999999999998,0.003613,0.0,0.000746,8.7e-05,0.9999831914901733,2e-06,0.0,0.000772,7.4e-05,0.999993622303009,nan,1000000
56999,-0.0009796321392059326,0.9995028376579285,0.004123,0.00412,0.0,0.00071,8.2e-05,0.9999973773956299,2e-06,0.0,0.000772,7.4e-05,0.999993622303009,nan,1000000
57099,-0.00013975799083709717,1.0018922090530396,0.003529,0.003528,0.0,0.000773,7.6e-05,0.9999935626983643,2e-06,0.0,0.000772,7.4e-05,0.999993622303009,nan,1000000
57199,-0.0006385594606399536,1.0008481740951538,0.0032470000000000003,0.003249,0.0,0.000875,6.9e-05,0.9999959468841553,2e-06,0.0,0.000772,7.4e-05,0.999993622303009,nan,1000000
57299,-0.0006421506404876709,1.000705599784851,0.003612,0.003613,0.0,0.000832,6.7e-05,0.9999933242797852,2e-06,0.0,0.000772,7.4e-05,0.999993622303009,nan,1000000
57399,-0.0009022802114486694,0.9992833733558655,0.0035470000000000002,0.003548,0.0,0.000716,8.5e-05,0.9999979734420776,2e-06,0.0,0.000772,7.4e-05,0.999993622303009,nan,1000000
57499,-0.000754624605178833,1.0001914501190186,0.00382,0.003822,0.0,0.000814,5.6e-05,0.9999980926513672,2e-06,0.0,0.000772,7.4e-05,0.999993622303009,nan,1000000
57599,-0.0007679909467697144,0.9998357892036438,0.0036490000000000003,0.003651,0.0,0.000772,8e-05,0.9999959468841553,2e-06,0.0,0.000772,7.4e-05,0.999993622303009,nan,1000000
57699,-0.0011565834283828735,0.9988956451416016,0.003704,0.003704,0.0,0.000608,5.7e-05,0.9999845027923584,2e-06,0.0,0.000772,7.4e-05,0.999993622303009,nan,1000000
57799,-9.199976921081543e-05,1.0008295774459839,0.0032430000000000002,0.003243,0.0,0.000738,7.2e-05,0.9999978542327881,2e-06,0.0,0.000772,7.4e-05,0.999993622303009,nan,1000000
57899,-0.000688210129737854,0.999311625957489,0.0032800000000000004,0.00328,0.0,0.000614,5.7e-05,0.9999963045120239,2e-06,0.0,0.000772,7.4e-05,0.999993622303009,nan,1000000
57999,-0.0004380643367767334,1.000458002090454,0.003797,0.003798,0.0,0.00077,8.1e-05,0.9999914169311523,2e-06,0.0,0.000772,7.4e-05,0.999993622303009,nan,1000000
58099,-0.0010803937911987305,0.9993530511856079,0.003697,0.003699,0.0,0.000552,5.6e-05,0.999995231628418,2e-06,0.0,0.000772,7.4e-05,0.999993622303009,nan,1000000
58199,-0.00037023425102233887,1.0017879009246826,0.003785,0.003786,0.0,0.000734,8e-05,0.9999990463256836,2e-06,0.0,0.000772,7.4e-05,0.999993622303009,nan,1000000
58299,-0.0007497519254684448,1.0010007619857788,0.003542,0.003544,0.0,0.000671,6.6e-05,0.9999979138374329,2e-06,0.0,0.000772,7.4e-05,0.999993622303009,nan,1000000
58399,-0.0008421838283538818,0.9996208548545837,0.003689,0.003689,0.0,0.00066,7.8e-05,0.9999950528144836,2e-06,0.0,0.000772,7.4e-05,0.999993622303009,nan,1000000
58499,-0.0005861222743988037,0.9993777871131897,0.0029939999999999984,0.002946,0.0,0.000588,6.6e-05,0.9999748468399048,2e-06,0.0,0.000772,7.4e-05,0.999993622303009,nan,1000000
58599,0.00040499866008758545,1.0032968521118164,0.0032570000000000003,0.003259,0.0,0.000763,7.9e-05,0.9999945163726807,2e-06,0.0,0.000772,7.4e-05,0.999993622303009,nan,1000000
58699,-0.0002343505620956421,1.0003345012664795,0.0033450000000000003,0.003347,0.0,0.000597,6.5e-05,0.9999780654907227,2e-06,0.0,0.000772,7.4e-05,0.999993622303009,nan,1000000
58799,-0.000431060791015625,1.0000392198562622,0.003452,0.003453,0.0,0.000571,6.3e-05,0.9999974370002747,2e-06,0.0,0.000772,7.4e-05,0.999993622303009,nan,1000000
58899,-0.000671878457069397,0.9997537136077881,0.0030510000000000003,0.003053,0.0,0.000609,6.6e-05,0.9999799132347107,2e-06,0.0,0.000772,7.4e-05,0.999993622303009,nan,1000000
58999,-0.0003378242254257202,0.9997996687889099,0.003417,0.002829,0.0,0.000709,7.5e-05,0.9999934434890747,2e-06,0.0,0.000772,7.4e-05,0.999993622303009,nan,1000000
59099,-0.000751882791519165,0.9994848370552063,0.003251,0.003252,0.0,0.00071,6.8e-05,0.999964714050293,2e-06,0.0,0.000772,7.4e-05,0.999993622303009,nan,1000000
59199,-0.0004936307668685913,1.000523567199707,0.003261,0.003263,0.0,0.000785,6.9e-05,0.9999991655349731,2e-06,0.0,0.000772,7.4e-05,0.999993622303009,nan,1000000
59299,-0.0006878077983856201,1.0005563497543335,0.003429,0.00343,0.0,0.0009,8.5e-05,0.9999914765357971,2e-06,0.0,0.000772,7.4e-05,0.999993622303009,nan,1000000
59399,-0.0006587058305740356,1.0011425018310547,0.003252,0.003253,0.0,0.000772,7e-05,0.9999974966049194,2e-06,0.0,0.000772,7.4e-05,0.999993622303009,nan,1000000
59499,-0.0005881786346435547,0.9998826384544373,0.0036190000000000003,0.003617,0.0,0.000672,7.2e-05,0.9999650716781616,2e-06,0.0,0.000772,7.4e-05,0.999993622303009,nan,1000000
59599,-0.0012026578187942505,0.9996675848960876,0.0037369999999999903,0.003716,0.0,0.000795,6.6e-05,0.9999887943267822,2e-06,0.0,0.000772,7.4e-05,0.999993622303009,nan,1000000
59699,-0.0005186200141906738,1.0011166334152222,0.003616,0.003616,0.0,0.000667,7.6e-05,0.9999973773956299,2e-06,0.0,0.000772,7.4e-05,0.999993622303009,nan,1000000
59799,-0.00067901611328125,0.9998296499252319,0.003656,0.003657,0.0,0.000617,6.4e-05,0.9999544024467468,2e-06,0.0,0.000772,7.4e-05,0.999993622303009,nan,1000000
59899,-0.0002066195011138916,1.0014417171478271,0.0034490000000000002,0.00345,0.0,0.000642,6.5e-05,0.9999966621398926,2e-06,0.0,0.000772,7.4e-05,0.999993622303009,nan,1000000
59999,-0.00029249489307403564,1.0005590915679932,0.0035640000000000003,0.003565,0.0,0.000725,7.5e-05,0.9999872446060181,2e-06,0.0,0.000772,7.4e-05,0.999993622303009,nan,1000000
60099,-0.0005904883146286011,1.0006757974624634,0.0034820000000000003,0.003483,0.0,0.0007,7.2e-05,0.9999983310699463,2e-06,0.0,0.000772,7.4e-05,0.999993622303009,nan,1000000
60199,-0.0004889518022537231,1.0010099411010742,0.0034360000000000003,0.003438,0.0,0.000701,8e-05,0.9999843835830688,2e-06,0.0,0.000772,7.4e-05,0.999993622303009,nan,1000000
60299,-0.0005882382392883301,0.9990172386169434,0.0034500000000000004,0.003452,0.0,0.000718,7.3e-05,0.999992847442627,2e-06,0.0,0.000772,7.4e-05,0.999993622303009,nan,1000000
60399,-0.0007048547267913818,1.0001657009124756,0.003138,0.00314,0.0,0.00073,7.9e-05,0.9999885559082031,2e-06,0.0,0.000772,7.4e-05,0.999993622303009,nan,1000000
60499,-0.0006156563758850098,1.0011682510375977,0.003455,0.003456,0.0,0.000601,5.5e-05,0.999999463558197,2e-06,0.0,0.000772,7.4e-05,0.999993622303009,nan,1000000
60599,-0.00045214593410491943,1.0010287761688232,0.003222,0.003223,0.0,0.000699,8e-05,0.9999961853027344,2e-06,0.0,0.000772,7.4e-05,0.999993622303009,nan,1000000
60699,-0.0002168715000152588,1.0028834342956543,0.003982,0.003983,0.0,0.000799,7.9e-05,0.9999977350234985,2e-06,0.0,0.000772,7.4e-05,0.999993622303009,nan,1000000
60799,-0.00033812224864959717,0.9998948574066162,0.003768,0.003769,0.0,0.000789,7.6e-05,0.9999974966049194,2e-06,0.0,0.000772,7.4e-05,0.999993622303009,nan,1000000
60899,-0.000914648175239563,0.9988850951194763,0.003661,0.003663,0.0,0.000817,6.9e-05,0.9999872446060181,2e-06,0.0,0.000772,7.4e-05,0.999993622303009,nan,1000000
60999,-0.0005157738924026489,1.0010077953338623,0.003444,0.003446,0.0,0.000743,7.2e-05,0.999992847442627,2e-06,0.0,0.000772,7.4e-05,0.999993622303009,nan,1000000
61099,-0.0007442831993103027,1.0008598566055298,0.004228,0.004229,0.0,0.000726,8.6e-05,0.9999912977218628,2e-06,0.0,0.000772,7.4e-05,0.999993622303009,nan,1000000
61199,-0.000589713454246521,1.0014361143112183,0.003882,0.003884,0.0,0.000764,8.5e-05,0.9999895095825195,2e-06,0.0,0.000772,7.4e-05,0.999993622303009,nan,1000000
61299,-0.0004869699478149414,0.9999288320541382,0.003491,0.003492,0.0,0.000744,7.9e-05,0.9999976754188538,2e-06,0.0,0.000772,7.4e-05,0.999993622303009,nan,1000000
61399,-0.0008593350648880005,0.999357283115387,0.003634,0.003636,0.0,0.000644,6.2e-05,0.999982476234436,2e-06,0.0,0.000772,7.4e-05,0.999993622303009,nan,1000000
61499,-0.00041493773460388184,1.0011494159698486,0.003533,0.003534,0.0,0.00071,7.3e-05,0.9999942779541016,2e-06,0.0,0.000772,7.4e-05,0.999993622303009,nan,1000000
61599,-0.00012150406837463379,1.0004099607467651,0.0030440000000000016,0.003005,0.0,0.000724,7.7e-05,0.999961256980896,2e-06,0.0,0.000772,7.4e-05,0.999993622303009,nan,1000000
61699,-0.0002778768539428711,1.001493215560913,0.003663,0.003663,0.0,0.000781,8.5e-05,0.9999997615814209,2e-06,0.0,0.000772,7.4e-05,0.999993622303009,nan,1000000
61799,-0.0010634809732437134,1.000676155090332,0.004114,0.004112,0.0,0.000856,7.9e-05,0.9999843239784241,2e-06,0.0,0.000772,7.4e-05,0.999993622303009,nan,1000000
61899,-0.0009631961584091187,0.9998847842216492,0.0032570000000000003,0.003258,0.0,0.000802,8.3e-05,0.9999629259109497,2e-06,0.0,0.000772,7.4e-05,0.999993622303009,nan,1000000
61999,-0.0002509206533432007,1.0018184185028076,0.004014,0.004014,0.0,0.000815,9.3e-05,0.9999783039093018,2e-06,0.0,0.000772,7.4e-05,0.999993622303009,nan,1000000
62099,-0.0005275607109069824,1.001224160194397,0.003553,0.003553,0.0,0.000793,8.4e-05,0.9999925494194031,2e-06,0.0,0.000772,7.4e-05,0.999993622303009,nan,1000000
62199,-0.000535622239112854,1.000720739364624,0.003683,0.003685,0.0,0.000742,7.3e-05,0.9999923706054688,2e-06,0.0,0.000772,7.4e-05,0.999993622303009,nan,1000000
62299,-0.00017693638801574707,1.0013821125030518,0.0034860000000000004,0.003485,0.0,0.000682,6.6e-05,0.9999924898147583,2e-06,0.0,0.000772,7.4e-05,0.999993622303009,nan,1000000
62399,-0.0007994174957275391,1.0008647441864014,0.003385,0.003387,0.0,0.000654,7.2e-05,0.9999930262565613,2e-06,0.0,0.000772,7.4e-05,0.999993622303009,nan,1000000
62499,-0.00044164061546325684,1.0004342794418335,0.003281,0.003282,0.0,0.000651,7.4e-05,0.9999412298202515,2e-06,0.0,0.000772,7.4e-05,0.999993622303009,nan,1000000
62599,-0.001107528805732727,0.9991309642791748,0.0038,0.003802,0.0,0.000712,6.4e-05,0.9999990463256836,2e-06,0.0,0.000772,7.4e-05,0.999993622303009,nan,1000000
62699,-0.0008904933929443359,1.0000479221343994,0.003836,0.003837,0.0,0.000777,7.5e-05,0.9999821782112122,2e-06,0.0,0.000772,7.4e-05,0.999993622303009,nan,1000000
62799,-0.00023658573627471924,1.0014022588729858,0.003755,0.003757,0.0,0.00081,8.6e-05,0.9999994039535522,2e-06,0.0,0.000772,7.4e-05,0.999993622303009,nan,1000000
62899,-7.987022399902344e-05,1.0030632019042969,0.004288,0.004288,0.0,0.000739,8e-05,0.9999909400939941,2e-06,0.0,0.000772,7.4e-05,0.999993622303009,nan,1000000
62999,-0.00016236305236816406,1.0022976398468018,0.0040089999999999995,0.00401,0.0,0.000737,7.1e-05,0.999996542930603,2e-06,0.0,0.000772,7.4e-05,0.999993622303009,nan,1000000
63099,-0.00019866228103637695,1.0027334690093994,0.004005,0.004005,0.0,0.000748,8e-05,0.9999974370002747,2e-06,0.0,0.000772,7.4e-05,0.999993622303009,nan,1000000
63199,-8.180737495422363e-06,1.000628113746643,0.003631,0.003632,0.0,0.000715,6.3e-05,0.9999984502792358,2e-06,0.0,0.000772,7.4e-05,0.999993622303009,nan,1000000
63299,0.0002494603395462036,1.0026854276657104,0.00331,0.003312,0.0,0.000777,7.2e-05,0.9999775886535645,2e-06,0.0,0.000772,7.4e-05,0.999993622303009,nan,1000000
63399,-0.0006879568099975586,1.0005744695663452,0.004007,0.004009,0.0,0.00079,7.3e-05,0.9999417066574097,2e-06,0.0,0.000772,7.4e-05,0.999993622303009,nan,1000000
63499,-0.000561639666557312,1.000019907951355,0.003728,0.00373,0.0,0.000835,7.7e-05,0.9999961853027344,2e-06,0.0,0.000772,7.4e-05,0.999993622303009,nan,1000000
63599,-0.00034900009632110596,1.001174807548523,0.004177,0.004178,0.0,0.0008,7.4e-05,0.9999765157699585,2e-06,0.0,0.000772,7.4e-05,0.999993622303009,nan,1000000
63699,-0.0003014206886291504,1.000944972038269,0.003661,0.003661,0.0,0.00081,7.3e-05,0.9999894499778748,2e-06,0.0,0.000772,7.4e-05,0.999993622303009,nan,1000000
63799,-0.00016646087169647217,1.0012028217315674,0.0036190000000000003,0.003619,0.0,0.000655,6.8e-05,0.9999977946281433,2e-06,0.0,0.000772,7.4e-05,0.999993622303009,nan,1000000
63899,-0.00025178492069244385,1.00194251537323,0.0036550000000000003,0.003656,0.0,0.000815,7.4e-05,0.9999966621398926,2e-06,0.0,0.000772,7.4e-05,0.999993622303009,nan,1000000
63999,-0.00010100007057189941,1.0014387369155884,0.004020999999999999,0.004022,0.0,0.000804,6.9e-05,0.9999700784683228,2e-06,0.0,0.000772,7.4e-05,0.999993622303009,nan,1000000
64099,-0.0008539259433746338,1.0001375675201416,0.0042699999999999995,0.004272,0.0,0.000764,7.8e-05,0.9999990463256836,2e-06,0.0,0.000772,7.4e-05,0.999993622303009,nan,1000000
64199,-0.0006863772869110107,1.0010192394256592,0.004461,0.004463,0.0,0.000651,6.7e-05,0.9999811053276062,2e-06,0.0,0.000772,7.4e-05,0.999993622303009,nan,1000000
64299,-0.001082777976989746,1.0000219345092773,0.004429,0.004431,0.0,0.00075,7.4e-05,0.9999969005584717,2e-06,0.0,0.000772,7.4e-05,0.999993622303009,nan,1000000
64399,-0.0006847232580184937,1.0011005401611328,0.0042369999999999994,0.004237,0.0,0.000771,6.3e-05,0.9999761581420898,2e-06,0.0,0.000772,7.4e-05,0.999993622303009,nan,1000000
64499,-0.0008091330528259277,1.0003330707550049,0.004262,0.004264,0.0,0.000783,6.6e-05,0.99996018409729,2e-06,0.0,0.000772,7.4e-05,0.999993622303009,nan,1000000
64599,0.00015617907047271729,1.002730369567871,0.0042769999999999996,0.004278,0.0,0.00088,8.4e-05,0.9999905824661255,2e-06,0.0,0.000772,7.4e-05,0.999993622303009,nan,1000000
64699,-0.0007152259349822998,1.0004523992538452,0.004484999999999999,0.004486,0.0,0.0007,7.2e-05,0.9999983310699463,2e-06,0.0,0.000772,7.4e-05,0.999993622303009,nan,1000000
64799,9.530782699584961e-05,1.0030444860458374,0.004111999999999999,0.004113,0.0,0.000803,8.3e-05,0.9999858736991882,2e-06,0.0,0.000772,7.4e-05,0.999993622303009,nan,1000000
64899,-0.0001609325408935547,1.0000213384628296,0.003738,0.00374,0.0,0.000686,7.3e-05,0.9999973177909851,2e-06,0.0,0.000772,7.4e-05,0.999993622303009,nan,1000000
64999,-4.141032695770264e-05,1.0017621517181396,0.00413,0.004131,0.0,0.000693,6.7e-05,0.9999735355377197,2e-06,0.0,0.000772,7.4e-05,0.999993622303009,nan,1000000
65099,-0.0006336867809295654,1.0008682012557983,0.004272,0.004274,0.0,0.000798,6.9e-05,0.9999948740005493,2e-06,0.0,0.000772,7.4e-05,0.999993622303009,nan,1000000
65199,-0.0010554343461990356,0.9985328316688538,0.004266000000000001,0.004268,0.0,0.000746,7.8e-05,0.9999995827674866,2e-06,0.0,0.000772,7.4e-05,0.999993622303009,nan,1000000
65299,-0.00029806792736053467,1.002214789390564,0.004033999999999999,0.004035,0.0,0.000878,7.5e-05,0.9999884366989136,2e-06,0.0,0.000772,7.4e-05,0.999993622303009,nan,1000000
65399,-0.0005125552415847778,1.0027341842651367,0.004678,0.00468,0.0,0.000741,7.8e-05,0.9999935626983643,2e-06,0.0,0.000772,7.4e-05,0.999993622303009,nan,1000000
65499,-0.0005352795124053955,1.0008294582366943,0.004575999999999999,0.004578,0.0,0.0007,7.1e-05,0.9999942183494568,2e-06,0.0,0.000772,7.4e-05,0.999993622303009,nan,1000000
65599,-0.0003651827573776245,1.002398133277893,0.0044659999999999995,0.004468,0.0,0.000699,8.4e-05,0.9999719858169556,2e-06,0.0,0.000772,7.4e-05,0.999993622303009,nan,1000000
65699,-0.0003522336483001709,1.001715898513794,0.004526,0.004527,0.0,0.000735,7.4e-05,0.9999830722808838,2e-06,0.0,0.000772,7.4e-05,0.999993622303009,nan,1000000
65799,-0.001069769263267517,1.000615119934082,0.004836,0.004835,0.0,0.000655,7.3e-05,0.9999969005584717,2e-06,0.0,0.000772,7.4e-05,0.999993622303009,nan,1000000
65899,-0.0010044574737548828,1.0010405778884888,0.005194,0.005196,0.0,0.000681,7.6e-05,0.9999942779541016,2e-06,0.0,0.000772,7.4e-05,0.999993622303009,nan,1000000
65999,-0.0008529573678970337,0.9994651675224304,0.004497,0.004499,0.0,0.000739,6.9e-05,0.9999895095825195,2e-06,0.0,0.000772,7.4e-05,0.999993622303009,nan,1000000
66099,-0.0004092901945114136,1.0019508600234985,0.004774,0.004776,0.0,0.000769,7e-05,0.9999805688858032,2e-06,0.0,0.000772,7.4e-05,0.999993622303009,nan,1000000
66199,-0.00035965442657470703,1.001871109008789,0.004342,0.004344,0.0,0.000819,7.8e-05,0.999996542930603,2e-06,0.0,0.000772,7.4e-05,0.999993622303009,nan,1000000
66299,-0.00020799040794372559,1.0015921592712402,0.0042899999999999995,0.004291,0.0,0.000759,8.4e-05,0.9999949932098389,2e-06,0.0,0.000772,7.4e-05,0.999993622303009,nan,1000000
66399,-0.0005502998828887939,1.000541090965271,0.004241,0.004243,0.0,0.000791,8.5e-05,0.9999997615814209,2e-06,0.0,0.000772,7.4e-05,0.999993622303009,nan,1000000
66499,-0.0006217211484909058,1.0007939338684082,0.004245,0.004244,0.0,0.000736,7.1e-05,0.9999856948852539,2e-06,0.0,0.000772,7.4e-05,0.999993622303009,nan,1000000
66599,-0.0003479272127151489,1.0012004375457764,0.0038150000000000002,0.003816,0.0,0.00074,7.3e-05,0.9999961853027344,2e-06,0.0,0.000772,7.4e-05,0.999993622303009,nan,1000000
66699,-0.0003659278154373169,1.0024311542510986,0.003973,0.003975,0.0,0.00072,7.7e-05,0.9999817609786987,2e-06,0.0,0.000772,7.4e-05,0.999993622303009,nan,1000000
66799,-0.00015971064567565918,1.0017929077148438,0.003833,0.003835,0.0,0.000772,7.7e-05,0.9999873042106628,2e-06,0.0,0.000772,7.4e-05,0.999993622303009,nan,1000000
66899,-0.00023418664932250977,1.001737117767334,0.003971,0.003972,0.0,0.000713,7.8e-05,0.9999971389770508,2e-06,0.0,0.000772,7.4e-05,0.999993622303009,nan,1000000
66999,-7.958710193634033e-05,1.0030713081359863,0.004038,0.00404,0.0,0.000689,8.4e-05,0.9999603033065796,2e-06,0.0,0.000772,7.4e-05,0.999993622303009,nan,1000000
67099,-0.00012122094631195068,1.0008037090301514,0.003811,0.003812,0.0,0.000659,7.6e-05,0.9999679327011108,2e-06,0.0,0.000772,7.4e-05,0.999993622303009,nan,1000000
67199,-0.000684693455696106,1.0004123449325562,0.004293,0.004295,0.0,0.000632,6.9e-05,0.9999958276748657,2e-06,0.0,0.000772,7.4e-05,0.999993622303009,nan,1000000
67299,-0.0006069093942642212,1.001832365989685,0.004582999999999999,0.004585,0.0,0.000739,8.1e-05,0.9999954700469971,2e-06,0.0,0.000772,7.4e-05,0.999993622303009,nan,1000000
67399,-0.00019513070583343506,1.002562403678894,0.004055,0.004057,0.0,0.000736,7.9e-05,0.9999896287918091,2e-06,0.0,0.000772,7.4e-05,0.999993622303009,nan,1000000
67499,-0.0002792626619338989,1.0028810501098633,0.004247,0.004249,0.0,0.000868,7.7e-05,0.9999610185623169,2e-06,0.0,0.000772,7.4e-05,0.999993622303009,nan,1000000
67599,-0.0006123781204223633,1.000862956047058,0.004221,0.004223,0.0,0.000717,6.1e-05,0.9999291896820068,2e-06,0.0,0.000772,7.4e-05,0.999993622303009,nan,1000000
67699,-0.00040018558502197266,1.001270055770874,0.004297,0.004299,0.0,0.000633,7e-05,0.9999701976776123,2e-06,0.0,0.000772,7.4e-05,0.999993622303009,nan,1000000
67799,-0.0007538795471191406,1.000363826751709,0.004317,0.004319,0.0,0.000681,6.7e-05,0.9999878406524658,2e-06,0.0,0.000772,7.4e-05,0.999993622303009,nan,1000000
67899,-0.0008600801229476929,1.0011179447174072,0.0043879999999999995,0.004389,0.0,0.000829,8.1e-05,0.9999987483024597,2e-06,0.0,0.000772,7.4e-05,0.999993622303009,nan,1000000
67999,-0.0003685802221298218,1.001451849937439,0.003862,0.003864,0.0,0.000815,7.9e-05,0.9999971389770508,2e-06,0.0,0.000772,7.4e-05,0.999993622303009,nan,1000000
68099,-0.000545889139175415,1.0013705492019653,0.004044000000000001,0.004046,0.0,0.000752,8.2e-05,0.9999919533729553,2e-06,0.0,0.000772,7.4e-05,0.999993622303009,nan,1000000
68199,-0.00016479194164276123,1.0013951063156128,0.003856,0.003856,0.0,0.000754,8e-05,0.9999836683273315,2e-06,0.0,0.000772,7.4e-05,0.999993622303009,nan,1000000
68299,-0.0006522387266159058,1.0000252723693848,0.003827,0.003829,0.0,0.000698,7.4e-05,0.9999864101409912,2e-06,0.0,0.000772,7.4e-05,0.999993622303009,nan,1000000
68399,-0.0004460662603378296,1.0008299350738525,0.004051,0.004051,0.0,0.000676,7.1e-05,0.9999781847000122,2e-06,0.0,0.000772,7.4e-05,0.999993622303009,nan,1000000
68499,-0.00048035383224487305,1.0021778345108032,0.004042,0.004044,0.0,0.000655,7.2e-05,0.9999948143959045,2e-06,0.0,0.000772,7.4e-05,0.999993622303009,nan,1000000
68599,-0.00037078559398651123,1.002249836921692,0.0044789999999999995,0.004481,0.0,0.000724,7.4e-05,0.9999950528144836,2e-06,0.0,0.000772,7.4e-05,0.999993622303009,nan,1000000
68699,-0.0007670223712921143,0.9993605017662048,0.004056000000000001,0.004058,1e-06,0.00058,6.8e-05,1.0,2e-06,0.0,0.000772,7.4e-05,0.999993622303009,nan,1000000
68799,-0.0003487616777420044,0.9999170899391174,0.004033,0.004034,0.0,0.000661,6.8e-05,0.9999963045120239,2e-06,0.0,0.000772,7.4e-05,0.999993622303009,nan,1000000
68899,-0.0007261782884597778,1.0008653402328491,0.004468,0.00447,0.0,0.000581,6.2e-05,0.999988317489624,2e-06,0.0,0.000772,7.4e-05,0.999993622303009,nan,1000000
68999,-0.000499531626701355,1.001025676727295,0.0042959999999999995,0.004298,0.0,0.000729,7.4e-05,0.9999716281890869,2e-06,0.0,0.000772,7.4e-05,0.999993622303009,nan,1000000
69099,-0.00017498433589935303,1.0013349056243896,0.004182,0.004183,0.0,0.000844,9e-05,0.9999994039535522,2e-06,0.0,0.000772,7.4e-05,0.999993622303009,nan,1000000
69199,-0.0005317926406860352,1.0009011030197144,0.004331,0.004332,0.0,0.000832,0.000101,0.9999938011169434,2e-06,0.0,0.000772,7.4e-05,0.999993622303009,nan,1000000
69299,-0.0005442649126052856,1.0010366439819336,0.004682,0.004683,0.0,0.000629,7.3e-05,0.9999994039535522,2e-06,0.0,0.000772,7.4e-05,0.999993622303009,nan,1000000
69399,-7.078051567077637e-05,1.0026911497116089,0.004614,0.004616,0.0,0.000643,7.2e-05,0.9999359846115112,2e-06,0.0,0.000772,7.4e-05,0.999993622303009,nan,1000000
69499,-0.00034128129482269287,1.0000011920928955,0.004181000000000001,0.004183,0.0,0.000695,7.9e-05,0.9999856948852539,2e-06,0.0,0.000772,7.4e-05,0.999993622303009,nan,1000000
69599,-0.00041618943214416504,1.0012198686599731,0.004554,0.004555,0.0,0.000761,8.6e-05,0.9999948740005493,2e-06,0.0,0.000772,7.4e-05,0.999993622303009,nan,1000000
69699,-0.001115366816520691,1.0003430843353271,0.005465,0.005466,0.0,0.000763,7.8e-05,0.9999722242355347,2e-06,0.0,0.000772,7.4e-05,0.999993622303009,nan,1000000
69799,-0.0001643449068069458,1.001967191696167,0.004323,0.004323,0.0,0.000703,7.6e-05,0.9999897480010986,2e-06,0.0,0.000772,7.4e-05,0.999993622303009,nan,1000000
69899,-0.0003981739282608032,1.001320242881775,0.004722,0.004723,0.0,0.000733,7.7e-05,0.999984622001648,2e-06,0.0,0.000772,7.4e-05,0.999993622303009,nan,1000000
69999,-0.0007615089416503906,1.0014272928237915,0.00502,0.005021,0.0,0.000716,8e-05,0.9999867677688599,2e-06,0.0,0.000772,7.4e-05,0.999993622303009,nan,1000000
70099,0.0001404285430908203,1.0023572444915771,0.00452,0.004522,0.0,0.000735,9e-05,0.9999902248382568,2e-06,0.0,0.000772,7.4e-05,0.999993622303009,nan,1000000
70199,-0.0006093382835388184,1.0024192333221436,0.004686999999999999,0.004689,0.0,0.000847,8.3e-05,0.9999982118606567,2e-06,0.0,0.000772,7.4e-05,0.999993622303009,nan,1000000
70299,-0.0006150007247924805,1.002286672592163,0.004772,0.004771,0.0,0.000799,9.7e-05,0.9999997615814209,2e-06,0.0,0.000772,7.4e-05,0.999993622303009,nan,1000000
70399,0.00013427436351776123,1.002664566040039,0.004535,0.00453,0.0,0.000861,8.3e-05,0.999992847442627,2e-06,0.0,0.000772,7.4e-05,0.999993622303009,nan,1000000
70499,-0.00042854249477386475,1.001630425453186,0.004170999999999999,0.004172,0.0,0.000885,8.2e-05,0.9999767541885376,2e-06,0.0,0.000772,7.4e-05,0.999993622303009,nan,1000000
70599,-0.0004584193229675293,0.9993037581443787,0.003958000000000001,0.003959,0.0,0.00083,8.5e-05,0.9999954700469971,2e-06,0.0,0.000772,7.4e-05,0.999993622303009,nan,1000000
70699,-0.0001914501190185547,1.003235101699829,0.0045390000000000005,0.004539,0.0,0.000823,8.2e-05,0.9999909400939941,2e-06,0.0,0.000772,7.4e-05,0.999993622303009,nan,1000000
70799,-0.0004866868257522583,1.0008924007415771,0.0042910000000000005,0.004293,0.0,0.000793,8.1e-05,0.9999939203262329,2e-06,0.0,0.000772,7.4e-05,0.999993622303009,nan,1000000
70899,0.00030612945556640625,1.002852201461792,0.004033999999999999,0.004035,0.0,0.000812,8.9e-05,0.9999921321868896,2e-06,0.0,0.000772,7.4e-05,0.999993622303009,nan,1000000
70999,-0.0002460777759552002,1.0018218755722046,0.00422,0.004221,0.0,0.000834,8.3e-05,0.9999970197677612,2e-06,0.0,0.000772,7.4e-05,0.999993622303009,nan,1000000
71099,-0.0005730539560317993,1.0016162395477295,0.004404,0.004405,0.0,0.000845,8.6e-05,0.9999823570251465,2e-06,0.0,0.000772,7.4e-05,0.999993622303009,nan,1000000
71199,-0.00012256205081939697,1.0024744272232056,0.004547,0.004549,0.0,0.000852,7.5e-05,0.9999954700469971,2e-06,0.0,0.000772,7.4e-05,0.999993622303009,nan,1000000
71299,-0.00020822882652282715,1.0011087656021118,0.004215,0.004217,0.0,0.000865,8.5e-05,0.9999812841415405,2e-06,0.0,0.000772,7.4e-05,0.999993622303009,nan,1000000
71399,-0.0005418956279754639,1.0008288621902466,0.004249,0.00425,0.0,0.000894,9e-05,0.9999980330467224,2e-06,0.0,0.000772,7.4e-05,0.999993622303009,nan,1000000
71499,0.0004957318305969238,1.0054457187652588,0.004125,0.004127,0.0,0.000923,9.3e-05,0.9999997615814209,2e-06,0.0,0.000772,7.4e-05,0.999993622303009,nan,1000000
71599,-0.0006241053342819214,1.0008305311203003,0.004312,0.004313,0.0,0.000875,7.4e-05,0.9999943971633911,2e-06,0.0,0.000772,7.4e-05,0.999993622303009,nan,1000000
71699,-2.403557300567627e-05,1.0028479099273682,0.004529,0.00453,0.0,0.000901,9.6e-05,0.999987006187439,2e-06,0.0,0.000772,7.4e-05,0.999993622303009,nan,1000000
71799,0.00036697089672088623,1.0030378103256226,0.003968000000000003,0.003951,0.0,0.000909,9.3e-05,0.9999842643737793,2e-06,0.0,0.000772,7.4e-05,0.999993622303009,nan,1000000
71899,-0.00012899935245513916,1.0015825033187866,0.004523999999999999,0.004524,0.0,0.000786,8.7e-05,0.9999988079071045,2e-06,0.0,0.000772,7.4e-05,0.999993622303009,nan,1000000
71999,-0.0004931837320327759,1.0021144151687622,0.0045899999999999995,0.004591,0.0,0.000766,8.9e-05,0.9999946355819702,2e-06,0.0,0.000772,7.4e-05,0.999993622303009,nan,1000000
72099,0.00020456314086914062,1.0032374858856201,0.004293,0.004293,0.0,0.000767,8.7e-05,0.9999955892562866,2e-06,0.0,0.000772,7.4e-05,0.999993622303009,nan,1000000
72199,-0.00014631450176239014,1.0025732517242432,0.004102,0.004104,0.0,0.000775,8.6e-05,0.9999817609786987,2e-06,0.0,0.000772,7.4e-05,0.999993622303009,nan,1000000
72299,4.373490810394287e-05,1.0015703439712524,0.0038130000000000004,0.003777,0.0,0.000752,8.6e-05,0.9999713897705078,2e-06,0.0,0.000772,7.4e-05,0.999993622303009,nan,1000000
72399,-0.0001035928726196289,1.002611756324768,0.0043419999999999995,0.004344,0.0,0.000756,7.9e-05,0.9999754428863525,2e-06,0.0,0.000772,7.4e-05,0.999993622303009,nan,1000000
72499,0.00031453371047973633,1.0019303560256958,0.004029000000000001,0.003936,0.0,0.000816,8.2e-05,0.9999837875366211,2e-06,0.0,0.000772,7.4e-05,0.999993622303009,nan,1000000
72599,-0.00028443336486816406,1.0021594762802124,0.004445,0.004447,0.0,0.000769,7e-05,0.9999997615814209,2e-06,0.0,0.000772,7.4e-05,0.999993622303009,nan,1000000
72699,0.00016550719738006592,1.003660798072815,0.0042840000000000005,0.004285,0.0,0.000829,8.2e-05,0.9999959468841553,2e-06,0.0,0.000772,7.4e-05,0.999993622303009,nan,1000000
72799,0.0001512765884399414,1.002426266670227,0.004203,0.004205,0.0,0.000806,8.2e-05,0.999990701675415,2e-06,0.0,0.000772,7.4e-05,0.999993622303009,nan,1000000
72899,-0.0002836883068084717,1.0005383491516113,0.004077,0.004078,0.0,0.00082,8.5e-05,0.9999884366989136,2e-06,0.0,0.000772,7.4e-05,0.999993622303009,nan,1000000
72999,0.00037945806980133057,1.0020588636398315,0.003797,0.003799,0.0,0.000798,8.1e-05,0.999991774559021,2e-06,0.0,0.000772,7.4e-05,0.999993622303009,nan,1000000
73099,0.0004287809133529663,1.002935767173767,0.004232,0.004233,0.0,0.000791,8.4e-05,0.9999826550483704,2e-06,0.0,0.000772,7.4e-05,0.999993622303009,nan,1000000
73199,0.0006694048643112183,1.0037983655929565,0.005038000000000001,0.004034,0.0,0.000836,7.9e-05,0.9999693632125854,2e-06,0.0,0.000772,7.4e-05,0.999993622303009,nan,1000000
73299,-0.00020703673362731934,1.0026171207427979,0.004487,0.004489,1e-06,0.000772,9.6e-05,1.0,2e-06,0.0,0.000772,7.4e-05,0.999993622303009,nan,1000000
73399,-0.00011517107486724854,1.001997947692871,0.004378,0.00438,0.0,0.000731,6.8e-05,0.9999933242797852,2e-06,0.0,0.000772,7.4e-05,0.999993622303009,nan,1000000
73499,0.00014156103134155273,1.0034879446029663,0.0044529999999999995,0.004454,0.0,0.000808,9.8e-05,0.9999979734420776,2e-06,0.0,0.000772,7.4e-05,0.999993622303009,nan,1000000
73599,0.0002802610397338867,1.002418041229248,0.004351,0.004353,0.0,0.000823,0.000103,0.9999891519546509,2e-06,0.0,0.000772,7.4e-05,0.999993622303009,nan,1000000
73699,-0.0005960762500762939,1.0004748106002808,0.004502,0.004504,0.0,0.000788,8.1e-05,0.9999757409095764,2e-06,0.0,0.000772,7.4e-05,0.999993622303009,nan,1000000
73799,0.00016236305236816406,1.0029553174972534,0.0041849999999999995,0.004186,0.0,0.000761,8.6e-05,0.999992847442627,2e-06,0.0,0.000772,7.4e-05,0.999993622303009,nan,1000000
73899,-0.0005177110433578491,1.0009433031082153,0.004404,0.004406,0.0,0.000757,9.6e-05,0.999988317489624,2e-06,0.0,0.000772,7.4e-05,0.999993622303009,nan,1000000
73999,0.0003586113452911377,1.0024322271347046,0.004326,0.004326,0.0,0.000775,0.000102,0.9999969601631165,2e-06,0.0,0.000772,7.4e-05,0.999993622303009,nan,1000000
74099,-0.00029762089252471924,1.0016320943832397,0.00424,0.004241,0.0,0.000804,8.2e-05,0.9999837875366211,2e-06,0.0,0.000772,7.4e-05,0.999993622303009,nan,1000000
74199,-0.00017617642879486084,1.0010300874710083,0.004105999999999999,0.004108,0.0,0.000769,9.3e-05,0.9999891519546509,2e-06,0.0,0.000772,7.4e-05,0.999993622303009,nan,1000000
74299,0.00011783838272094727,1.0021133422851562,0.004101,0.004103,0.0,0.000752,9.1e-05,0.9999985694885254,2e-06,0.0,0.000772,7.4e-05,0.999993622303009,nan,1000000
74399,-0.0001745671033859253,1.001621961593628,0.004252,0.004254,0.0,0.000721,9.1e-05,0.9999982118606567,2e-06,0.0,0.000772,7.4e-05,0.999993622303009,nan,1000000
74499,-0.00037752091884613037,0.9998353123664856,0.003946,0.003948,0.0,0.000735,8.5e-05,0.9999760389328003,2e-06,0.0,0.000772,7.4e-05,0.999993622303009,nan,1000000
74599,-4.602968692779541e-05,1.0015596151351929,0.004124999999999999,0.004127,0.0,0.000774,7.9e-05,0.9999985694885254,2e-06,0.0,0.000772,7.4e-05,0.999993622303009,nan,1000000
74699,-0.0003215968608856201,1.0011825561523438,0.0044210000000000005,0.004421,0.0,0.000734,8.8e-05,0.999998927116394,2e-06,0.0,0.000772,7.4e-05,0.999993622303009,nan,1000000
74799,-0.0006510019302368164,1.0009713172912598,0.00465,0.004652,0.0,0.000747,9.3e-05,0.9999958276748657,2e-06,0.0,0.000772,7.4e-05,0.999993622303009,nan,1000000
74899,-0.00013816356658935547,1.001245141029358,0.004343,0.004344,0.0,0.000716,8.3e-05,0.9999979734420776,2e-06,0.0,0.000772,7.4e-05,0.999993622303009,nan,1000000
74999,-0.00019502639770507812,1.0014454126358032,0.004386,0.004386,0.0,0.000679,8.1e-05,0.9999990463256836,2e-06,0.0,0.000772,7.4e-05,0.999993622303009,nan,1000000
75099,-0.0003428459167480469,1.0019524097442627,0.004366999999999999,0.004369,0.0,0.000747,8.9e-05,0.9999879598617554,2e-06,0.0,0.000772,7.4e-05,0.999993622303009,nan,1000000
75199,-0.0005987882614135742,1.001189112663269,0.004418999999999999,0.004421,0.0,0.000742,9.4e-05,0.9999918937683105,2e-06,0.0,0.000772,7.4e-05,0.999993622303009,nan,1000000
75299,-0.0002418309450149536,1.0006123781204224,0.0041519999999999994,0.004154,0.0,0.000736,9.1e-05,0.9999973773956299,2e-06,0.0,0.000772,7.4e-05,0.999993622303009,nan,1000000
75399,-0.00022743642330169678,1.0008352994918823,0.004434,0.004436,0.0,0.000705,7.6e-05,0.999993085861206,2e-06,0.0,0.000772,7.4e-05,0.999993622303009,nan,1000000
75499,-0.00037610530853271484,1.0000367164611816,0.004196,0.004198,0.0,0.000713,8.5e-05,0.999971866607666,2e-06,0.0,0.000772,7.4e-05,0.999993622303009,nan,1000000
75599,-0.0010838806629180908,0.999226987361908,0.004552,0.004554,0.0,0.000736,8.7e-05,0.9999924898147583,2e-06,0.0,0.000772,7.4e-05,0.999993622303009,nan,1000000
75699,-0.0010948628187179565,0.9994894862174988,0.004902999999999999,0.004905,0.0,0.000711,7.6e-05,0.9999934434890747,2e-06,0.0,0.000772,7.4e-05,0.999993622303009,nan,1000000
75799,-0.00026738643646240234,1.0013395547866821,0.004599,0.004601,0.0,0.000705,7.7e-05,0.9999902248382568,2e-06,0.0,0.000772,7.4e-05,0.999993622303009,nan,1000000
75899,-0.00027179718017578125,1.0010221004486084,0.004391,0.004393,0.0,0.000765,8.8e-05,0.9999993443489075,2e-06,0.0,0.000772,7.4e-05,0.999993622303009,nan,1000000
75999,-5.5029988288879395e-05,1.000536322593689,0.00454,0.004542,0.0,0.000731,9.1e-05,0.9999828338623047,2e-06,0.0,0.000772,7.4e-05,0.999993622303009,nan,1000000
76099,-0.00014796853065490723,1.0009498596191406,0.004706999999999999,0.004709,0.0,0.000739,8.4e-05,0.9999895095825195,2e-06,0.0,0.000772,7.4e-05,0.999993622303009,nan,1000000
76199,-0.00038695335388183594,0.9985657930374146,0.0045119999999999995,0.004514,0.0,0.000709,6.6e-05,0.9999984502792358,2e-06,0.0,0.000772,7.4e-05,0.999993622303009,nan,1000000
76299,-0.00014610588550567627,1.0012704133987427,0.004391,0.004393,0.0,0.00075,8.9e-05,0.9999856948852539,2e-06,0.0,0.000772,7.4e-05,0.999993622303009,nan,1000000
76399,-0.0005998611450195312,0.9992365837097168,0.0043479999999999994,0.00435,0.0,0.000725,8.4e-05,0.9999736547470093,2e-06,0.0,0.000772,7.4e-05,0.999993622303009,nan,1000000
76499,-0.0008093863725662231,0.9995684623718262,0.004431,0.004433,0.0,0.000723,8.4e-05,0.999971866607666,2e-06,0.0,0.000772,7.4e-05,0.999993622303009,nan,1000000
76599,-0.00017628073692321777,1.0022623538970947,0.004859,0.004861,0.0,0.000749,9.3e-05,0.9999998807907104,2e-06,0.0,0.000772,7.4e-05,0.999993622303009,nan,1000000
76699,0.00017862021923065186,1.0005731582641602,0.004102,0.004104,0.0,0.000791,8.1e-05,0.9999991655349731,2e-06,0.0,0.000772,7.4e-05,0.999993622303009,nan,1000000
76799,-0.00038601458072662354,1.0005260705947876,0.003915,0.003917,0.0,0.000761,8.4e-05,0.999997615814209,2e-06,0.0,0.000772,7.4e-05,0.999993622303009,nan,1000000
76899,-0.0004307776689529419,0.9976666569709778,0.004462,0.004463,0.0,0.000695,6.6e-05,0.9999976754188538,2e-06,0.0,0.000772,7.4e-05,0.999993622303009,nan,1000000
76999,-0.0006878525018692017,0.9980770349502563,0.004331,0.004331,0.0,0.000702,5.6e-05,0.9999796152114868,2e-06,0.0,0.000772,7.4e-05,0.999993622303009,nan,1000000
77099,0.00023765861988067627,1.0004159212112427,0.004474,0.004476,0.0,0.000764,7.7e-05,0.9999921321868896,2e-06,0.0,0.000772,7.4e-05,0.999993622303009,nan,1000000
77199,-0.0004712343215942383,0.9965596199035645,0.004729,0.004731,0.0,0.000742,7.4e-05,0.9999969005584717,2e-06,0.0,0.000772,7.4e-05,0.999993622303009,nan,1000000
77299,-0.00042270123958587646,0.9965350031852722,0.004921,0.004923,0.0,0.000723,6.7e-05,0.9999910593032837,2e-06,0.0,0.000772,7.4e-05,0.999993622303009,nan,1000000
77399,-0.001317739486694336,0.9948993921279907,0.004752,0.004754,0.0,0.000756,7e-05,0.9998940229415894,2e-06,0.0,0.000772,7.4e-05,0.999993622303009,nan,1000000
77499,-0.0008093565702438354,0.9946616291999817,0.004474,0.004476,0.0,0.000755,8.6e-05,0.9999953508377075,2e-06,0.0,0.000772,7.4e-05,0.999993622303009,nan,1000000
77599,-0.0007839798927307129,0.9958853125572205,0.004453,0.004455,0.0,0.000731,7.1e-05,0.999991774559021,2e-06,0.0,0.000772,7.4e-05,0.999993622303009,nan,1000000
77699,-0.0005579888820648193,0.9981330037117004,0.004680999999999999,0.004683,0.0,0.000705,6.9e-05,0.9999520778656006,2e-06,0.0,0.000772,7.4e-05,0.999993622303009,nan,1000000
77799,-2.8654932975769043e-05,0.9971958994865417,0.0038870000000000003,0.003889,0.0,0.000685,6e-05,0.9999785423278809,2e-06,0.0,0.000772,7.4e-05,0.999993622303009,nan,1000000
77899,0.00011324882507324219,0.9970855116844177,0.004124,0.004126,0.0,0.000665,5.6e-05,0.9999934434890747,2e-06,0.0,0.000772,7.4e-05,0.999993622303009,nan,1000000
77999,0.0003155916929244995,0.9985100030899048,0.004275,0.004277,0.0,0.000666,5.6e-05,0.9999809265136719,2e-06,0.0,0.000772,7.4e-05,0.999993622303009,nan,1000000
78099,-0.0006998181343078613,0.9969544410705566,0.004606,0.004607,0.0,0.00068,6.3e-05,0.9999915957450867,2e-06,0.0,0.000772,7.4e-05,0.999993622303009,nan,1000000
78199,-0.0007319748401641846,0.9976651668548584,0.004889999999999999,0.004892,0.0,0.000718,7.5e-05,0.9999964237213135,2e-06,0.0,0.000772,7.4e-05,0.999993622303009,nan,1000000
78299,-0.0006897151470184326,0.9966908097267151,0.004847,0.004848,0.0,0.00071,7.4e-05,0.9999980926513672,2e-06,0.0,0.000772,7.4e-05,0.999993622303009,nan,1000000
78399,-0.00011605024337768555,0.9981797933578491,0.004502,0.004504,0.0,0.000714,7.1e-05,0.9999932050704956,2e-06,0.0,0.000772,7.4e-05,0.999993622303009,nan,1000000
78499,-0.0005646944046020508,0.9978475570678711,0.004682,0.004684,0.0,0.000723,6.1e-05,0.9999771118164062,2e-06,0.0,0.000772,7.4e-05,0.999993622303009,nan,1000000
78599,8.732080459594727e-06,0.9994857907295227,0.004539,0.004541,0.0,0.000737,6.5e-05,0.9999969005584717,2e-06,0.0,0.000772,7.4e-05,0.999993622303009,nan,1000000
78699,-0.0005293488502502441,0.9973475933074951,0.004782,0.004783,0.0,0.000717,6.8e-05,0.9999918937683105,2e-06,0.0,0.000772,7.4e-05,0.999993622303009,nan,1000000
78799,-0.0003352165222167969,0.9969477653503418,0.004919,0.004921,0.0,0.000684,6.6e-05,0.9999985694885254,2e-06,0.0,0.000772,7.4e-05,0.999993622303009,nan,1000000
78899,9.010732173919678e-05,0.998681366443634,0.004815,0.004815,0.0,0.000689,7.1e-05,0.9999736547470093,2e-06,0.0,0.000772,7.4e-05,0.999993622303009,nan,1000000
78999,-0.0008328258991241455,0.9971177577972412,0.005212,0.005214,0.0,0.000681,6.4e-05,0.9999752044677734,2e-06,0.0,0.000772,7.4e-05,0.999993622303009,nan,1000000
79099,-0.0006786137819290161,0.9964034557342529,0.0052439999999999995,0.005245,0.0,0.000649,7.6e-05,0.9999977350234985,2e-06,0.0,0.000772,7.4e-05,0.999993622303009,nan,1000000
79199,-0.0003954768180847168,0.9976643323898315,0.005075,0.005077,0.0,0.000681,7e-05,0.9999657869338989,2e-06,0.0,0.000772,7.4e-05,0.999993622303009,nan,1000000
79299,-0.0008214116096496582,0.9960950613021851,0.004935,0.004937,0.0,0.000671,7e-05,0.9999935626983643,2e-06,0.0,0.000772,7.4e-05,0.999993622303009,nan,1000000
79399,-0.00020973384380340576,0.9983847737312317,0.0049169999999999995,0.004919,0.0,0.000672,7.5e-05,0.999983549118042,2e-06,0.0,0.000772,7.4e-05,0.999993622303009,nan,1000000
79499,9.709596633911133e-05,0.998833954334259,0.005043,0.005045,0.0,0.000639,6.7e-05,0.9999856948852539,2e-06,0.0,0.000772,7.4e-05,0.999993622303009,nan,1000000
79599,0.00011259317398071289,0.9995291829109192,0.005101,0.005102,0.0,0.000637,7.1e-05,0.999984622001648,2e-06,0.0,0.000772,7.4e-05,0.999993622303009,nan,1000000
79699,-0.0008787959814071655,0.9972286224365234,0.00486,0.004862,0.0,0.000638,7.5e-05,0.9999949932098389,2e-06,0.0,0.000772,7.4e-05,0.999993622303009,nan,1000000
79799,-0.0007382631301879883,0.998826801776886,0.005174,0.005176,0.0,0.000681,5.2e-05,0.9999697208404541,2e-06,0.0,0.000772,7.4e-05,0.999993622303009,nan,1000000
79899,-0.0003155916929244995,0.9979647397994995,0.004914,0.004915,0.0,0.000689,6.3e-05,0.9999788403511047,2e-06,0.0,0.000772,7.4e-05,0.999993622303009,nan,1000000
79999,-0.0015323907136917114,0.9961375594139099,0.005228,0.00523,0.0,0.00067,7.8e-05,0.9999899864196777,2e-06,0.0,0.000772,7.4e-05,0.999993622303009,nan,1000000
80099,-6.303191184997559e-05,0.9994431138038635,0.004213,0.004215,0.0,0.000743,6.8e-05,0.9999852776527405,2e-06,0.0,0.000772,7.4e-05,0.999993622303009,nan,1000000
80199,-0.0005070269107818604,0.9974039793014526,0.004425999999999999,0.004428,0.0,0.000757,7.1e-05,0.9999926090240479,2e-06,0.0,0.000772,7.4e-05,0.999993622303009,nan,1000000
80299,-0.00041371583938598633,0.9964429140090942,0.004667999999999999,0.00467,0.0,0.00077,7.5e-05,0.9999916553497314,2e-06,0.0,0.000772,7.4e-05,0.999993622303009,nan,1000000
80399,-0.00017175078392028809,0.9986619353294373,0.004592,0.004594,0.0,0.000788,8.5e-05,0.9999982118606567,2e-06,0.0,0.000772,7.4e-05,0.999993622303009,nan,1000000
80499,-0.00039733946323394775,0.9970707893371582,0.00456,0.004562,0.0,0.000786,7.9e-05,0.9999860525131226,2e-06,0.0,0.000772,7.4e-05,0.999993622303009,nan,1000000
80599,-0.0004928857088088989,0.9960793256759644,0.004908,0.004908,0.0,0.000777,6.8e-05,0.9999747276306152,2e-06,0.0,0.000772,7.4e-05,0.999993622303009,nan,1000000
80699,-0.0008069723844528198,0.9972012639045715,0.004378,0.004379,0.0,0.000785,6.3e-05,0.9999958872795105,2e-06,0.0,0.000772,7.4e-05,0.999993622303009,nan,1000000
80799,-0.00047078728675842285,0.9968965649604797,0.003795,0.003796,0.0,0.000781,8.5e-05,0.9999700784683228,2e-06,0.0,0.000772,7.4e-05,0.999993622303009,nan,1000000
80899,-0.0010537058115005493,0.995686948299408,0.0042970000000000005,0.004299,0.0,0.000763,8.6e-05,0.9999819993972778,2e-06,0.0,0.000772,7.4e-05,0.999993622303009,nan,1000000
80999,-0.0012365728616714478,0.9959073066711426,0.004830999999999999,0.004833,0.0,0.000737,6.3e-05,0.9999932646751404,2e-06,0.0,0.000772,7.4e-05,0.999993622303009,nan,1000000
81099,-0.0007476210594177246,0.9978037476539612,0.005424,0.005426,0.0,0.00074,8.7e-05,0.9999963045120239,2e-06,0.0,0.000772,7.4e-05,0.999993622303009,nan,1000000
81199,-0.0006055086851119995,0.9972174167633057,0.005115,0.005117,0.0,0.000701,7.9e-05,0.999994158744812,2e-06,0.0,0.000772,7.4e-05,0.999993622303009,nan,1000000
81299,0.0004810243844985962,1.001206398010254,0.004757,0.004759,0.0,0.000718,6e-05,0.9999909400939941,2e-06,0.0,0.000772,7.4e-05,0.999993622303009,nan,1000000
81399,-0.00012430548667907715,0.9994605183601379,0.0051719999999999995,0.005174,0.0,0.000748,6.2e-05,0.9999916553497314,2e-06,0.0,0.000772,7.4e-05,0.999993622303009,nan,1000000
81499,-0.00032167136669158936,0.9991572499275208,0.00483,0.004832,0.0,0.000737,7.5e-05,0.9999957084655762,2e-06,0.0,0.000772,7.4e-05,0.999993622303009,nan,1000000
81599,-0.00046691298484802246,0.9971587657928467,0.004715,0.004717,0.0,0.00073,6.4e-05,0.9999773502349854,2e-06,0.0,0.000772,7.4e-05,0.999993622303009,nan,1000000
81699,-0.00025482475757598877,0.9997273087501526,0.005046,0.005048,0.0,0.000696,6.2e-05,0.9999998807907104,2e-06,0.0,0.000772,7.4e-05,0.999993622303009,nan,1000000
81799,-0.000306740403175354,0.9981380105018616,0.004471999999999999,0.004474,0.0,0.000612,6.1e-05,0.999991774559021,2e-06,0.0,0.000772,7.4e-05,0.999993622303009,nan,1000000
81899,-0.0003135949373245239,0.9999892115592957,0.005026999999999999,0.005029,0.0,0.000616,5.6e-05,0.999974250793457,2e-06,0.0,0.000772,7.4e-05,0.999993622303009,nan,1000000
81999,-0.00019073486328125,0.999549388885498,0.004932,0.004934,0.0,0.000624,5.7e-05,0.9999891519546509,2e-06,0.0,0.000772,7.4e-05,0.999993622303009,nan,1000000
82099,-0.0003738105297088623,0.9984707236289978,0.005408,0.00541,0.0,0.000597,5e-05,0.9999240636825562,2e-06,0.0,0.000772,7.4e-05,0.999993622303009,nan,1000000
82199,-0.0006951093673706055,0.9976155757904053,0.005751,0.005753,0.0,0.000599,5.7e-05,0.9999926090240479,2e-06,0.0,0.000772,7.4e-05,0.999993622303009,nan,1000000
82299,-0.0003333091735839844,0.9986180663108826,0.0053219999999999995,0.005324,0.0,0.000629,7e-05,0.9999985694885254,2e-06,0.0,0.000772,7.4e-05,0.999993622303009,nan,1000000
82399,-0.0010842829942703247,0.9972454309463501,0.005559,0.005561,0.0,0.000649,5.5e-05,0.9999957084655762,2e-06,0.0,0.000772,7.4e-05,0.999993622303009,nan,1000000
82499,-0.0004956573247909546,0.9990131258964539,0.0057209999999999995,0.005722,0.0,0.000648,6.9e-05,0.9999872446060181,2e-06,0.0,0.000772,7.4e-05,0.999993622303009,nan,1000000
82599,-0.0010895580053329468,0.9988126754760742,0.005640999999999999,0.005643,0.0,0.000643,7.4e-05,0.999983549118042,2e-06,0.0,0.000772,7.4e-05,0.999993622303009,nan,1000000
82699,-0.0002947002649307251,1.0005542039871216,0.00549,0.00549,0.0,0.000663,6.7e-05,0.9999895095825195,2e-06,0.0,0.000772,7.4e-05,0.999993622303009,nan,1000000
82799,-0.0009005814790725708,0.997765064239502,0.005617,0.005619,0.0,0.000636,8e-05,0.9999971389770508,2e-06,0.0,0.000772,7.4e-05,0.999993622303009,nan,1000000
82899,-0.001014024019241333,0.9937974810600281,0.0038770000000000002,0.003879,0.0,0.000623,6e-05,0.9999414682388306,2e-06,0.0,0.000772,7.4e-05,0.999993622303009,nan,1000000
82999,-0.0003947615623474121,1.001136302947998,0.0027439999999999687,0.002744,0.0,0.000783,8e-05,0.9999837875366211,2e-06,0.0,0.000772,7.4e-05,0.999993622303009,nan,1000000
83099,-0.000562325119972229,0.999457597732544,0.002834,0.002836,0.0,0.000728,6.5e-05,0.9999845027923584,2e-06,0.0,0.000772,7.4e-05,0.999993622303009,nan,1000000
83199,-0.00045099854469299316,0.9990312457084656,0.002843,0.002845,0.0,0.000691,6.5e-05,0.9999778270721436,2e-06,0.0,0.000772,7.4e-05,0.999993622303009,nan,1000000
83299,-0.001085624098777771,0.9971535205841064,0.004013,0.004014,0.0,0.000666,6.3e-05,0.9999948740005493,2e-06,0.0,0.000772,7.4e-05,0.999993622303009,nan,1000000
83399,-0.0006799995899200439,0.9982025623321533,0.003455,0.003457,0.0,0.000664,7.7e-05,0.999988317489624,2e-06,0.0,0.000772,7.4e-05,0.999993622303009,nan,1000000
83499,-0.0005364567041397095,0.997128963470459,0.002817,0.002819,0.0,0.000568,4.3e-05,0.9999999403953552,2e-06,0.0,0.000772,7.4e-05,0.999993622303009,nan,1000000
83599,-0.0007947832345962524,0.9966228008270264,0.003317,0.003318,0.0,0.00054,6.1e-05,0.9999696016311646,2e-06,0.0,0.000772,7.4e-05,0.999993622303009,nan,1000000
83699,-0.0008202344179153442,0.9961029887199402,0.0027830000000000003,0.002784,0.0,0.000604,7.2e-05,0.9999874830245972,2e-06,0.0,0.000772,7.4e-05,0.999993622303009,nan,1000000
83799,-0.0007580220699310303,0.996372401714325,0.0028610000000000003,0.002863,0.0,0.000559,6e-05,0.9999721050262451,2e-06,0.0,0.000772,7.4e-05,0.999993622303009,nan,1000000
83899,-0.0012300610542297363,0.9944411516189575,0.0030090000000000394,0.002745,0.0,0.000565,5.8e-05,0.9999157190322876,2e-06,0.0,0.000772,7.4e-05,0.999993622303009,nan,1000000
83999,-0.0009972453117370605,0.9966762065887451,0.002911,0.00291,0.0,0.00058,6.4e-05,0.9999682903289795,2e-06,0.0,0.000772,7.4e-05,0.999993622303009,nan,1000000
84099,-0.0009126216173171997,0.996526837348938,0.0032400000000000003,0.003241,0.0,0.000581,6.1e-05,0.9999792575836182,2e-06,0.0,0.000772,7.4e-05,0.999993622303009,nan,1000000
84199,-0.0008890479803085327,0.9975036382675171,0.003003,0.003,0.0,0.000577,4.7e-05,0.9999469518661499,2e-06,0.0,0.000772,7.4e-05,0.999993622303009,nan,1000000
84299,-0.0004915446043014526,0.9964811205863953,0.0025130000000000013,0.002414,0.0,0.000624,5.6e-05,0.9998936653137207,2e-06,0.0,0.000772,7.4e-05,0.999993622303009,nan,1000000
84399,-0.0010637938976287842,0.9990586042404175,0.0038559999999999706,0.003348,0.0,0.000649,6.3e-05,0.9999827742576599,2e-06,0.0,0.000772,7.4e-05,0.999993622303009,nan,1000000
84499,-0.0012779384851455688,0.996087372303009,0.003178000000000014,0.002954,0.0,0.000588,6.7e-05,0.9999747276306152,2e-06,0.0,0.000772,7.4e-05,0.999993622303009,nan,1000000
84599,-0.0006518512964248657,0.998184859752655,0.002916,0.002917,0.0,0.000669,6.9e-05,0.9999962449073792,2e-06,0.0,0.000772,7.4e-05,0.999993622303009,nan,1000000
84699,-0.0010646730661392212,0.996340811252594,0.003167000000000031,0.002656,0.0,0.00061,6.1e-05,0.9999854564666748,2e-06,0.0,0.000772,7.4e-05,0.999993622303009,nan,1000000
84799,-0.0003720223903656006,0.9994944334030151,0.00315,0.003152,0.0,0.000658,5.8e-05,0.9999953508377075,2e-06,0.0,0.000772,7.4e-05,0.999993622303009,nan,1000000
84899,-0.0002563893795013428,0.9987727999687195,0.002462,0.002464,0.0,0.000635,5.9e-05,0.9999985694885254,2e-06,0.0,0.000772,7.4e-05,0.999993622303009,nan,1000000
84999,-0.0010420382022857666,0.9985507130622864,0.003339,0.003339,0.0,0.000545,5.8e-05,0.9999935030937195,2e-06,0.0,0.000772,7.4e-05,0.999993622303009,nan,1000000
85099,-0.0009871721267700195,0.996915340423584,0.00284,0.002842,0.0,0.000541,5.7e-05,0.9999856948852539,2e-06,0.0,0.000772,7.4e-05,0.999993622303009,nan,1000000
85199,-0.000567510724067688,0.9990611672401428,0.002759,0.00276,0.0,0.000584,6.7e-05,0.999984622001648,2e-06,0.0,0.000772,7.4e-05,0.999993622303009,nan,1000000
85299,-0.0008874237537384033,0.997646152973175,0.002730999999999928,0.00265,0.0,0.000523,4.9e-05,0.9999746084213257,2e-06,0.0,0.000772,7.4e-05,0.999993622303009,nan,1000000
85399,-0.0007314532995223999,0.9990246295928955,0.0027700000000000003,0.002771,0.0,0.000488,6e-05,0.9999532699584961,2e-06,0.0,0.000772,7.4e-05,0.999993622303009,nan,1000000
85499,-0.00021733343601226807,0.9991005659103394,0.0027050000000000004,0.002706,0.0,0.000474,4.7e-05,0.9999675750732422,2e-06,0.0,0.000772,7.4e-05,0.999993622303009,nan,1000000
85599,-0.00020843744277954102,0.9991809725761414,0.0026290000000000003,0.002631,0.0,0.000471,4.9e-05,0.999976634979248,2e-06,0.0,0.000772,7.4e-05,0.999993622303009,nan,1000000
85699,-0.0010232031345367432,0.9967952966690063,0.002807,0.002807,0.0,0.000468,4.7e-05,0.9999961853027344,2e-06,0.0,0.000772,7.4e-05,0.999993622303009,nan,1000000
85799,-0.0007019191980361938,0.9976060390472412,0.002971,0.002973,0.0,0.000493,4.5e-05,0.9999713897705078,2e-06,0.0,0.000772,7.4e-05,0.999993622303009,nan,1000000
85899,-0.0009745806455612183,0.9977388978004456,0.0028570000000001095,0.002637,0.0,0.000497,4.9e-05,0.999997615814209,2e-06,0.0,0.000772,7.4e-05,0.999993622303009,nan,1000000
85999,-0.0003356039524078369,0.9994536638259888,0.002641,0.002642,0.0,0.000451,4.9e-05,0.9999716281890869,2e-06,0.0,0.000772,7.4e-05,0.999993622303009,nan,1000000
86099,-0.0006858110427856445,0.9981253743171692,0.003236,0.003236,0.0,0.000501,5.3e-05,0.9999948740005493,2e-06,0.0,0.000772,7.4e-05,0.999993622303009,nan,1000000
86199,-0.0007524490356445312,0.999107837677002,0.003628,0.003628,0.0,0.000494,5.2e-05,0.9999955892562866,2e-06,0.0,0.000772,7.4e-05,0.999993622303009,nan,1000000
86299,-0.0012819916009902954,0.9964596033096313,0.003354999999999997,0.002911,0.0,0.000511,5.7e-05,0.999988853931427,2e-06,0.0,0.000772,7.4e-05,0.999993622303009,nan,1000000
86399,-0.0004231780767440796,0.99947190284729,0.002323,0.002325,0.0,0.000567,6.5e-05,0.9999986886978149,2e-06,0.0,0.000772,7.4e-05,0.999993622303009,nan,1000000
86499,-0.0005481988191604614,0.9978072643280029,0.002614,0.002613,0.0,0.000566,5.3e-05,0.9999998807907104,2e-06,0.0,0.000772,7.4e-05,0.999993622303009,nan,1000000
86599,-0.0003860592842102051,0.9984415173530579,0.0024399999999999977,0.002337,0.0,0.000596,6e-05,0.9999420642852783,2e-06,0.0,0.000772,7.4e-05,0.999993622303009,nan,1000000
86699,-0.0004236847162246704,0.9995874166488647,0.002716,0.002718,0.0,0.000584,5.4e-05,0.999993085861206,2e-06,0.0,0.000772,7.4e-05,0.999993622303009,nan,1000000
86799,-0.0002680569887161255,1.0001583099365234,0.002638,0.002638,0.0,0.000579,5.2e-05,0.9999840259552002,2e-06,0.0,0.000772,7.4e-05,0.999993622303009,nan,1000000
86899,-0.0008981525897979736,0.9986297488212585,0.0035199999999999997,0.00352,0.0,0.000552,5.6e-05,0.9999963045120239,2e-06,0.0,0.000772,7.4e-05,0.999993622303009,nan,1000000
86999,-0.0013916641473770142,0.9978060126304626,0.003981000000000012,0.003526,0.0,0.000594,5.9e-05,0.9999949932098389,2e-06,0.0,0.000772,7.4e-05,0.999993622303009,nan,1000000
87099,-0.000713646411895752,0.9976992011070251,0.002791,0.002792,0.0,0.000522,5.5e-05,0.9999972581863403,2e-06,0.0,0.000772,7.4e-05,0.999993622303009,nan,1000000
87199,-0.0010218322277069092,0.9971842169761658,0.0031130000000000003,0.003113,0.0,0.000575,5.5e-05,0.9999957084655762,2e-06,0.0,0.000772,7.4e-05,0.999993622303009,nan,1000000
87299,-0.0007301867008209229,0.9986909031867981,0.0025770000000000003,0.002578,0.0,0.000559,5.8e-05,0.9999937415122986,2e-06,0.0,0.000772,7.4e-05,0.999993622303009,nan,1000000
87399,-0.0005983412265777588,0.9986881017684937,0.0024990000000000004,0.0025,0.0,0.000533,5.6e-05,0.9999865293502808,2e-06,0.0,0.000772,7.4e-05,0.999993622303009,nan,1000000
87499,-0.0006158053874969482,0.9985501766204834,0.0026430000000000004,0.002645,0.0,0.000558,5.9e-05,0.9999011754989624,2e-06,0.0,0.000772,7.4e-05,0.999993622303009,nan,1000000
87599,-0.00045746564865112305,0.999187707901001,0.002699,0.0027,0.0,0.000454,4.9e-05,0.9999872446060181,2e-06,0.0,0.000772,7.4e-05,0.999993622303009,nan,1000000
87699,-0.0005058646202087402,1.0005762577056885,0.0035,0.0035,0.0,0.00051,4.6e-05,0.9999737739562988,2e-06,0.0,0.000772,7.4e-05,0.999993622303009,nan,1000000
87799,-0.0007446110248565674,0.998674213886261,0.0031390000000000003,0.003141,0.0,0.00049,4.5e-05,0.9999275207519531,2e-06,0.0,0.000772,7.4e-05,0.999993622303009,nan,1000000
87899,-0.0006429105997085571,0.9990782737731934,0.00338,0.003382,0.0,0.00049,4.3e-05,0.9999697208404541,2e-06,0.0,0.000772,7.4e-05,0.999993622303009,nan,1000000
87999,-0.0005973279476165771,1.0003670454025269,0.0033780000000000004,0.003378,0.0,0.000503,4.8e-05,0.999983549118042,2e-06,0.0,0.000772,7.4e-05,0.999993622303009,nan,1000000
88099,-0.0009714365005493164,0.998941957950592,0.0030789999999999984,0.002772,0.0,0.000458,4.4e-05,0.9999892711639404,2e-06,0.0,0.000772,7.4e-05,0.999993622303009,nan,1000000
88199,-0.000933036208152771,0.9985387325286865,0.0031390000000000003,0.003141,0.0,0.000479,4.1e-05,0.9999954700469971,2e-06,0.0,0.000772,7.4e-05,0.999993622303009,nan,1000000
88299,-0.0009719878435134888,0.9999475479125977,0.0033090000000000064,0.003284,0.0,0.000566,4.3e-05,0.9999847412109375,2e-06,0.0,0.000772,7.4e-05,0.999993622303009,nan,1000000
88399,-0.0008817166090011597,0.9971535205841064,0.0024689999999999435,0.002415,0.0,0.000529,4.1e-05,0.9999675154685974,2e-06,0.0,0.000772,7.4e-05,0.999993622303009,nan,1000000
88499,-0.0011162161827087402,0.9962469935417175,0.0026729999999999254,0.002653,0.0,0.000545,4.9e-05,0.9999972581863403,2e-06,0.0,0.000772,7.4e-05,0.999993622303009,nan,1000000
88599,-0.0017727762460708618,0.995368480682373,0.0038359999999999506,0.003094,0.0,0.000484,5.3e-05,0.9999613761901855,2e-06,0.0,0.000772,7.4e-05,0.999993622303009,nan,1000000
88699,-0.0008292198181152344,0.9998480081558228,0.003335,0.003333,0.0,0.000501,5.2e-05,0.9999908208847046,2e-06,0.0,0.000772,7.4e-05,0.999993622303009,nan,1000000
88799,-0.0007014423608779907,0.9989253878593445,0.003452,0.003454,0.0,0.000449,4.2e-05,0.9999762773513794,2e-06,0.0,0.000772,7.4e-05,0.999993622303009,nan,1000000
88899,-0.0005358457565307617,0.999351978302002,0.003085,0.003087,0.0,0.000682,7.6e-05,0.9999982118606567,2e-06,0.0,0.000772,7.4e-05,0.999993622303009,nan,1000000
88999,-0.0012624263763427734,0.9968003034591675,0.003229,0.003228,0.0,0.000655,7.2e-05,0.9999982118606567,2e-06,0.0,0.000772,7.4e-05,0.999993622303009,nan,1000000
89099,-0.0008090287446975708,0.9983344078063965,0.0031850000000000003,0.003187,0.0,0.000639,6.5e-05,0.9999969005584717,2e-06,0.0,0.000772,7.4e-05,0.999993622303009,nan,1000000
89199,-0.0005739182233810425,0.9993301630020142,0.0035180000000000003,0.003519,0.0,0.00065,8.2e-05,0.9999991655349731,2e-06,0.0,0.000772,7.4e-05,0.999993622303009,nan,1000000
89299,-0.0008655041456222534,0.9986805319786072,0.003104,0.003104,0.0,0.000674,8.5e-05,0.9999904632568359,2e-06,0.0,0.000772,7.4e-05,0.999993622303009,nan,1000000
89399,-0.0006412416696548462,0.9997367858886719,0.003098,0.003099,0.0,0.00072,6.2e-05,0.9999840259552002,2e-06,0.0,0.000772,7.4e-05,0.999993622303009,nan,1000000
89499,-0.0011001825332641602,0.9971538782119751,0.0031450000000000644,0.002723,0.0,0.000667,7.6e-05,0.9999967813491821,2e-06,0.0,0.000772,7.4e-05,0.999993622303009,nan,1000000
89599,-0.0008856207132339478,0.9974512457847595,0.002922,0.002924,0.0,0.000623,6.8e-05,0.9999896287918091,2e-06,0.0,0.000772,7.4e-05,0.999993622303009,nan,1000000
89699,-0.0006746351718902588,0.9978305101394653,0.002569,0.00257,0.0,0.000598,5.5e-05,0.9999786019325256,2e-06,0.0,0.000772,7.4e-05,0.999993622303009,nan,1000000
89799,-0.0004653036594390869,0.9991421699523926,0.0027110000000000003,0.002712,0.0,0.000572,5.6e-05,0.9999659061431885,2e-06,0.0,0.000772,7.4e-05,0.999993622303009,nan,1000000
89899,-0.0006758272647857666,0.998694896697998,0.0031390000000000003,0.003141,0.0,0.000556,5.4e-05,0.9999886155128479,2e-06,0.0,0.000772,7.4e-05,0.999993622303009,nan,1000000
89999,-0.0008195340633392334,0.9982985854148865,0.002634000000000025,0.002439,0.0,0.000544,4.6e-05,0.9999740123748779,2e-06,0.0,0.000772,7.4e-05,0.999993622303009,nan,1000000
90099,-0.0005751103162765503,0.998511552810669,0.002345,0.002149,0.0,0.000571,6.3e-05,0.9999856948852539,2e-06,0.0,0.000772,7.4e-05,0.999993622303009,nan,1000000
90199,-0.0009128451347351074,0.9992067813873291,0.003092,0.00309,0.0,0.000543,5.9e-05,0.999995231628418,2e-06,0.0,0.000772,7.4e-05,0.999993622303009,nan,1000000
90299,-0.001062542200088501,0.9971168041229248,0.0030000000000000027,0.002154,0.0,0.000485,5.7e-05,0.999997079372406,2e-06,0.0,0.000772,7.4e-05,0.999993622303009,nan,1000000
90399,-0.0005962103605270386,0.9979023933410645,0.002348,0.002347,0.0,0.000482,5.5e-05,0.9999874830245972,2e-06,0.0,0.000772,7.4e-05,0.999993622303009,nan,1000000
90499,-0.0011594295501708984,0.9981372356414795,0.003251000000000004,0.002831,0.0,0.000483,5e-05,0.9999964237213135,2e-06,0.0,0.000772,7.4e-05,0.999993622303009,nan,1000000
90599,-0.0006868094205856323,0.9990279674530029,0.0023870000000000002,0.002388,0.0,0.000461,5.5e-05,0.9999912977218628,2e-06,0.0,0.000772,7.4e-05,0.999993622303009,nan,1000000
90699,-0.0008881539106369019,0.9981768131256104,0.0026639999999999997,0.002317,0.0,0.000509,6e-05,0.999988317489624,2e-06,0.0,0.000772,7.4e-05,0.999993622303009,nan,1000000
90799,-0.0007962286472320557,0.9987732172012329,0.00268999999999997,0.002054,0.0,0.000565,5.1e-05,0.9999911785125732,2e-06,0.0,0.000772,7.4e-05,0.999993622303009,nan,1000000
90899,-0.0002473890781402588,0.9996796250343323,0.0024720000000000002,0.002022,0.0,0.000516,5.2e-05,0.9999966621398926,2e-06,0.0,0.000772,7.4e-05,0.999993622303009,nan,1000000
90999,-0.0007722973823547363,1.000509262084961,0.0030250000000000003,0.003027,0.0,0.000505,5.4e-05,0.9999912977218628,2e-06,0.0,0.000772,7.4e-05,0.999993622303009,nan,1000000
91099,-0.0006837993860244751,0.9984674453735352,0.002696,0.002697,0.0,0.000488,6.4e-05,0.9999693632125854,2e-06,0.0,0.000772,7.4e-05,0.999993622303009,nan,1000000
91199,-0.0008895993232727051,0.9987833499908447,0.00303,0.003031,0.0,0.000584,5.8e-05,0.9999747276306152,2e-06,0.0,0.000772,7.4e-05,0.999993622303009,nan,1000000
91299,-0.0006468296051025391,0.9996741414070129,0.0030540000000000003,0.003056,0.0,0.000732,7.9e-05,0.9999985694885254,2e-06,0.0,0.000772,7.4e-05,0.999993622303009,nan,1000000
91399,-0.0003111511468887329,0.9996058344841003,0.002808,0.00281,0.0,0.000699,5.7e-05,0.9999905228614807,2e-06,0.0,0.000772,7.4e-05,0.999993622303009,nan,1000000
91499,-0.00012472271919250488,0.9992181658744812,0.0028280000000000002,0.00283,0.0,0.000756,7.1e-05,0.9999970197677612,2e-06,0.0,0.000772,7.4e-05,0.999993622303009,nan,1000000
91599,-0.00045339763164520264,0.998347818851471,0.0029130000000000002,0.002914,0.0,0.000695,6.8e-05,0.9999896287918091,2e-06,0.0,0.000772,7.4e-05,0.999993622303009,nan,1000000
91699,-0.0006607472896575928,0.9976725578308105,0.0033650000000000004,0.003366,0.0,0.00054,5.6e-05,0.9999972581863403,2e-06,0.0,0.000772,7.4e-05,0.999993622303009,nan,1000000
91799,-0.0005150586366653442,0.9981578588485718,0.003457,0.003459,0.0,0.000622,6.4e-05,0.9999897480010986,2e-06,0.0,0.000772,7.4e-05,0.999993622303009,nan,1000000
91899,-0.0009916126728057861,0.9977368116378784,0.0035050000000000003,0.003507,0.0,0.000609,6.3e-05,0.999995231628418,2e-06,0.0,0.000772,7.4e-05,0.999993622303009,nan,1000000
91999,-0.00024111568927764893,0.9990740418434143,0.00351,0.003512,0.0,0.00065,7e-05,0.9999982118606567,2e-06,0.0,0.000772,7.4e-05,0.999993622303009,nan,1000000
92099,-0.0004927217960357666,0.9998800158500671,0.003836,0.003836,0.0,0.000608,6.5e-05,0.9999536275863647,2e-06,0.0,0.000772,7.4e-05,0.999993622303009,nan,1000000
92199,-0.0008280724287033081,0.9991647005081177,0.004014,0.004016,0.0,0.000618,6.3e-05,0.999993085861206,2e-06,0.0,0.000772,7.4e-05,0.999993622303009,nan,1000000
92299,-0.0010669529438018799,0.9967530369758606,0.004307999999999999,0.004309,0.0,0.000587,7e-05,0.9999722242355347,2e-06,0.0,0.000772,7.4e-05,0.999993622303009,nan,1000000
92399,-0.0012948811054229736,0.9973387718200684,0.004568,0.00457,0.0,0.000598,6.9e-05,0.9999990463256836,2e-06,0.0,0.000772,7.4e-05,0.999993622303009,nan,1000000
92499,-0.0007642507553100586,0.9976894855499268,0.004124,0.004126,0.0,0.00063,6.9e-05,0.9999632835388184,2e-06,0.0,0.000772,7.4e-05,0.999993622303009,nan,1000000
92599,-0.0006408840417861938,0.9983210563659668,0.003745,0.003745,0.0,0.000654,6.2e-05,0.9999967813491821,2e-06,0.0,0.000772,7.4e-05,0.999993622303009,nan,1000000
92699,-7.487833499908447e-05,0.999980628490448,0.003323,0.003324,0.0,0.000655,7.3e-05,0.9999988675117493,2e-06,0.0,0.000772,7.4e-05,0.999993622303009,nan,1000000
92799,-0.000965803861618042,0.9975319504737854,0.0036650000000000003,0.003667,0.0,0.000644,6.9e-05,0.9999783039093018,2e-06,0.0,0.000772,7.4e-05,0.999993622303009,nan,1000000
92899,-0.0011266469955444336,0.9980670809745789,0.004025,0.004027,0.0,0.000669,6.7e-05,0.9999762773513794,2e-06,0.0,0.000772,7.4e-05,0.999993622303009,nan,1000000
92999,-0.000651046633720398,0.9961615204811096,0.003379,0.003381,0.0,0.000679,8e-05,0.9999828338623047,2e-06,0.0,0.000772,7.4e-05,0.999993622303009,nan,1000000
93099,-0.00038501620292663574,0.9991030693054199,0.0038090000000000003,0.003811,0.0,0.000665,6.9e-05,0.9999986886978149,2e-06,0.0,0.000772,7.4e-05,0.999993622303009,nan,1000000
93199,-0.0007599890232086182,0.9965289235115051,0.003529,0.003529,0.0,0.000657,6.1e-05,0.9999707937240601,2e-06,0.0,0.000772,7.4e-05,0.999993622303009,nan,1000000
93299,-0.0012530237436294556,0.9977313280105591,0.004252000000000001,0.004254,0.0,0.000696,6.8e-05,0.9999637603759766,2e-06,0.0,0.000772,7.4e-05,0.999993622303009,nan,1000000
93399,-0.00015246868133544922,0.9987297654151917,0.0036820000000000004,0.003683,0.0,0.000653,6.3e-05,0.9999746084213257,2e-06,0.0,0.000772,7.4e-05,0.999993622303009,nan,1000000
93499,-0.000398784875869751,0.9986859560012817,0.0035020000000000003,0.003504,0.0,0.000649,7.3e-05,0.9999988079071045,2e-06,0.0,0.000772,7.4e-05,0.999993622303009,nan,1000000
93599,-0.0007663965225219727,0.9988325834274292,0.003925,0.003926,0.0,0.000674,6.7e-05,0.9999990463256836,2e-06,0.0,0.000772,7.4e-05,0.999993622303009,nan,1000000
93699,-0.0004182159900665283,0.996605396270752,0.00353,0.003531,0.0,0.000638,7.5e-05,0.9999916553497314,2e-06,0.0,0.000772,7.4e-05,0.999993622303009,nan,1000000
93799,-5.556643009185791e-05,0.9989586472511292,0.003311,0.003313,0.0,0.000645,7.2e-05,0.9999994039535522,2e-06,0.0,0.000772,7.4e-05,0.999993622303009,nan,1000000
93899,-0.0007812827825546265,0.9971661567687988,0.003602,0.003604,0.0,0.000654,6.3e-05,0.9999990463256836,2e-06,0.0,0.000772,7.4e-05,0.999993622303009,nan,1000000
93999,-0.0002510547637939453,1.000594139099121,0.004225,0.004227,0.0,0.000677,8e-05,0.9999895095825195,2e-06,0.0,0.000772,7.4e-05,0.999993622303009,nan,1000000
94099,2.1383166313171387e-05,0.9970919489860535,0.003928999999999999,0.003931,0.0,0.000625,6.2e-05,0.9999639987945557,2e-06,0.0,0.000772,7.4e-05,0.999993622303009,nan,1000000
94199,-0.00041174888610839844,0.9972840547561646,0.004123,0.004125,0.0,0.000651,6.4e-05,0.9999983310699463,2e-06,0.0,0.000772,7.4e-05,0.999993622303009,nan,1000000
94299,-0.0005879998207092285,0.9974972605705261,0.003849,0.00385,0.0,0.000634,6.2e-05,0.9999914765357971,2e-06,0.0,0.000772,7.4e-05,0.999993622303009,nan,1000000
94399,-0.0004372894763946533,0.9997082352638245,0.0039040000000000004,0.003906,0.0,0.000644,7.4e-05,0.9999905824661255,2e-06,0.0,0.000772,7.4e-05,0.999993622303009,nan,1000000
94499,-0.0006298571825027466,0.9985786080360413,0.004031,0.004033,0.0,0.000633,5.8e-05,0.9999997615814209,2e-06,0.0,0.000772,7.4e-05,0.999993622303009,nan,1000000
94599,-0.00020018219947814941,0.9990212321281433,0.00385,0.003852,0.0,0.000637,5.4e-05,0.9999731779098511,2e-06,0.0,0.000772,7.4e-05,0.999993622303009,nan,1000000
94699,-0.00033114850521087646,1.0004005432128906,0.004141,0.004142,0.0,0.000642,6.9e-05,0.9999896287918091,2e-06,0.0,0.000772,7.4e-05,0.999993622303009,nan,1000000
94799,-0.0005115866661071777,0.9985790252685547,0.004242,0.004244,0.0,0.000643,6.4e-05,0.9999988079071045,2e-06,0.0,0.000772,7.4e-05,0.999993622303009,nan,1000000
94899,-0.0003361999988555908,0.9984982013702393,0.004268,0.004269,0.0,0.000629,7.2e-05,0.9999856948852539,2e-06,0.0,0.000772,7.4e-05,0.999993622303009,nan,1000000
94999,-9.451806545257568e-05,0.9971087574958801,0.0035670000000000003,0.003568,0.0,0.000593,5.2e-05,0.9999925494194031,2e-06,0.0,0.000772,7.4e-05,0.999993622303009,nan,1000000
95099,-0.0003324151039123535,0.9973453879356384,0.0038120000000000003,0.003813,0.0,0.000602,6.3e-05,0.9999839067459106,2e-06,0.0,0.000772,7.4e-05,0.999993622303009,nan,1000000
95199,-0.0005006492137908936,0.9979643225669861,0.0037920000000000002,0.003794,0.0,0.000576,5.6e-05,0.9999616146087646,2e-06,0.0,0.000772,7.4e-05,0.999993622303009,nan,1000000
95299,-0.00036528706550598145,1.0020936727523804,0.003827,0.003828,0.0,0.000627,6.8e-05,0.9999967813491821,2e-06,0.0,0.000772,7.4e-05,0.999993622303009,nan,1000000
95399,-6.203353404998779e-05,0.9998087286949158,0.00296,0.002961,0.0,0.00064,5.4e-05,0.9999995231628418,2e-06,0.0,0.000772,7.4e-05,0.999993622303009,nan,1000000
95499,-0.0006580352783203125,0.9969133138656616,0.0025700000000000002,0.002571,0.0,0.000695,6.2e-05,0.9999887943267822,2e-06,0.0,0.000772,7.4e-05,0.999993622303009,nan,1000000
95599,-0.0010482370853424072,0.9968129992485046,0.0031610000000000804,0.002981,0.0,0.000713,6.6e-05,0.9999878406524658,2e-06,0.0,0.000772,7.4e-05,0.999993622303009,nan,1000000
95699,-0.00036059319972991943,0.9971172213554382,0.002055,0.002057,0.0,0.000739,7e-05,0.9999951124191284,2e-06,0.0,0.000772,7.4e-05,0.999993622303009,nan,1000000
95799,-0.000815466046333313,0.9941632151603699,0.002534999999999954,0.002245,0.0,0.000742,7.6e-05,0.9999778270721436,2e-06,0.0,0.000772,7.4e-05,0.999993622303009,nan,1000000
95899,-0.0007554143667221069,0.9989593029022217,0.003422999999999954,0.002301,0.0,0.000782,8.9e-05,0.9999985694885254,2e-06,0.0,0.000772,7.4e-05,0.999993622303009,nan,1000000
95999,-0.0004898756742477417,0.9963583946228027,0.002967000000000001,0.002299,0.0,0.000727,7.3e-05,0.9999942779541016,2e-06,0.0,0.000772,7.4e-05,0.999993622303009,nan,1000000
96099,-0.001360386610031128,0.9986122846603394,0.004863000000000006,0.004176,0.0,0.000719,6.1e-05,0.9999858140945435,2e-06,0.0,0.000772,7.4e-05,0.999993622303009,nan,1000000
96199,-0.0006007254123687744,0.9997603893280029,0.003073,0.003074,0.0,0.000631,5.9e-05,0.9999964237213135,2e-06,0.0,0.000772,7.4e-05,0.999993622303009,nan,1000000
96299,-0.0003801882266998291,0.9977174401283264,0.0032440000000000004,0.003246,0.0,0.000578,7.3e-05,0.9999920129776001,2e-06,0.0,0.000772,7.4e-05,0.999993622303009,nan,1000000
96399,-0.0004379451274871826,0.9980947971343994,0.003138,0.00314,0.0,0.00063,5.4e-05,0.9999920129776001,2e-06,0.0,0.000772,7.4e-05,0.999993622303009,nan,1000000
96499,-0.000639304518699646,0.9970043897628784,0.003033,0.003034,0.0,0.000679,5.7e-05,0.9999794960021973,2e-06,0.0,0.000772,7.4e-05,0.999993622303009,nan,1000000
96599,-0.00015267729759216309,0.9970327615737915,0.0028740000000000003,0.002876,0.0,0.00068,7e-05,0.9999790191650391,2e-06,0.0,0.000772,7.4e-05,0.999993622303009,nan,1000000
96699,-0.000493854284286499,0.9988230466842651,0.00318,0.00318,0.0,0.000682,6.6e-05,0.9999679923057556,2e-06,0.0,0.000772,7.4e-05,0.999993622303009,nan,1000000
96799,0.00025634467601776123,1.0002086162567139,0.004177999999999999,0.004179,0.0,0.000689,7.2e-05,0.9999905824661255,2e-06,0.0,0.000772,7.4e-05,0.999993622303009,nan,1000000
96899,-0.0007293671369552612,0.9989951252937317,0.004167,0.004168,0.0,0.000656,6.2e-05,0.999984860420227,2e-06,0.0,0.000772,7.4e-05,0.999993622303009,nan,1000000
96999,-0.00024840235710144043,0.9992673993110657,0.003993,0.003995,0.0,0.000664,7.7e-05,0.9999897480010986,2e-06,0.0,0.000772,7.4e-05,0.999993622303009,nan,1000000
97099,-0.00044508278369903564,0.998227059841156,0.004227,0.004229,0.0,0.000657,6e-05,0.9999973773956299,2e-06,0.0,0.000772,7.4e-05,0.999993622303009,nan,1000000
97199,0.0002107471227645874,1.0003482103347778,0.004088,0.004089,0.0,0.0007,6.6e-05,0.9999611377716064,2e-06,0.0,0.000772,7.4e-05,0.999993622303009,nan,1000000
97299,-0.0005851536989212036,0.9972266554832458,0.004395,0.004395,0.0,0.000671,6.7e-05,0.9999994039535522,2e-06,0.0,0.000772,7.4e-05,0.999993622303009,nan,1000000
97399,-0.0006135702133178711,0.9986852407455444,0.0052309999999999995,0.005233,0.0,0.000615,5.9e-05,0.9999989867210388,2e-06,0.0,0.000772,7.4e-05,0.999993622303009,nan,1000000
97499,0.00011573731899261475,0.9983936548233032,0.003144,0.003146,0.0,0.000668,5.6e-05,0.9999895095825195,2e-06,0.0,0.000772,7.4e-05,0.999993622303009,nan,1000000
97599,-0.00045971572399139404,0.9963276386260986,0.0030800000000000003,0.003082,0.0,0.000674,5.6e-05,0.9999892711639404,2e-06,0.0,0.000772,7.4e-05,0.999993622303009,nan,1000000
97699,-0.0005732625722885132,0.9972273707389832,0.0034300000000000003,0.003432,0.0,0.000739,8.6e-05,0.9999662637710571,2e-06,0.0,0.000772,7.4e-05,0.999993622303009,nan,1000000
97799,-0.0003490149974822998,1.003421664237976,0.011203,0.011205,0.0,0.000752,7.2e-05,0.999992847442627,2e-06,0.0,0.000772,7.4e-05,0.999993622303009,nan,1000000
97899,-0.0003200024366378784,1.0025092363357544,0.01061,0.010612,0.0,0.00073,6.2e-05,0.999992847442627,2e-06,0.0,0.000772,7.4e-05,0.999993622303009,nan,1000000
97999,0.0008887946605682373,1.0053927898406982,0.007915,0.007917,0.0,0.000717,7.4e-05,0.9999924898147583,2e-06,0.0,0.000772,7.4e-05,0.999993622303009,nan,1000000
98099,-0.0006117522716522217,1.0009459257125854,0.008075,0.008077,0.0,0.000672,6e-05,0.999992847442627,2e-06,0.0,0.000772,7.4e-05,0.999993622303009,nan,1000000
98199,-6.67870044708252e-05,1.0021357536315918,0.007683,0.007685,0.0,0.000669,5.5e-05,0.9999529123306274,2e-06,0.0,0.000772,7.4e-05,0.999993622303009,nan,1000000
98299,-3.5569071769714355e-05,1.0030300617218018,0.007183999999999999,0.007186,0.0,0.000673,6.9e-05,0.9999724626541138,2e-06,0.0,0.000772,7.4e-05,0.999993622303009,nan,1000000
98399,-0.0001678466796875,1.0023603439331055,0.007266,0.007268,0.0,0.000658,6.3e-05,0.9999600648880005,2e-06,0.0,0.000772,7.4e-05,0.999993622303009,nan,1000000
98499,-9.711086750030518e-05,1.0023785829544067,0.006162,0.006164,0.0,0.000646,8.3e-05,0.9999896287918091,2e-06,0.0,0.000772,7.4e-05,0.999993622303009,nan,1000000
98599,-0.00045737624168395996,1.0004584789276123,0.005201,0.005203,0.0,0.000623,5.9e-05,0.9999790191650391,2e-06,0.0,0.000772,7.4e-05,0.999993622303009,nan,1000000
98699,-0.0004190206527709961,0.9994469881057739,0.005867,0.005869,0.0,0.000615,6.5e-05,0.9999932050704956,2e-06,0.0,0.000772,7.4e-05,0.999993622303009,nan,1000000
98799,-0.0010495930910110474,0.9969748854637146,0.004977,0.004979,0.0,0.000572,4.6e-05,0.9999589920043945,2e-06,0.0,0.000772,7.4e-05,0.999993622303009,nan,1000000
98899,-0.00020004808902740479,1.0009360313415527,0.00494,0.004942,0.0,0.00061,6.8e-05,0.9999849796295166,2e-06,0.0,0.000772,7.4e-05,0.999993622303009,nan,1000000
98999,-0.0002964287996292114,1.0005940198898315,0.004853,0.004854,0.0,0.000592,7.8e-05,0.9999799728393555,2e-06,0.0,0.000772,7.4e-05,0.999993622303009,nan,1000000
99099,-0.0005155950784683228,0.9997023344039917,0.005149,0.005151,0.0,0.000575,5.3e-05,0.9999899864196777,2e-06,0.0,0.000772,7.4e-05,0.999993622303009,nan,1000000
99199,-0.0005455762147903442,0.997246503829956,0.006494,0.006496,0.0,0.000613,5.5e-05,0.9999659061431885,2e-06,0.0,0.000772,7.4e-05,0.999993622303009,nan,1000000
99299,-0.0003887563943862915,1.0003877878189087,0.00699,0.00699,0.0,0.000658,6.8e-05,0.999993622303009,2e-06,0.0,0.000772,7.4e-05,0.999993622303009,nan,1000000
99399,-0.0015667080879211426,0.9929922223091125,0.00581799999999999,0.002493,0.0,0.000534,5.1e-05,0.9999804496765137,2e-06,0.0,0.000772,7.4e-05,0.999993622303009,nan,1000000
99499,2.555549144744873e-05,1.0002902746200562,0.002268,0.00227,0.0,0.000814,8.2e-05,0.9999765753746033,2e-06,0.0,0.000772,7.4e-05,0.999993622303009,nan,1000000
99599,-0.00038532912731170654,0.9951826333999634,0.0030349999999999995,0.001573,0.0,0.00071,7e-05,0.9999979138374329,2e-06,0.0,0.000772,7.4e-05,0.999993622303009,nan,1000000
99699,-0.0005741268396377563,0.9958490133285522,0.002009,0.002009,0.0,0.000623,6.9e-05,0.9999865293502808,2e-06,0.0,0.000772,7.4e-05,0.999993622303009,nan,1000000
99799,-0.0010203421115875244,0.9930718541145325,0.002886,0.002887,0.0,0.000618,6.7e-05,0.9999821186065674,2e-06,0.0,0.000772,7.4e-05,0.999993622303009,nan,1000000
99899,-5.4448843002319336e-05,0.9968858361244202,0.0023510000000000002,0.002352,0.0,0.000625,6.4e-05,0.9999492168426514,2e-06,0.0,0.000772,7.4e-05,0.999993622303009,nan,1000000
99999,-0.0001726597547531128,1.0026987791061401,0.0025120000000000697,0.002437,0.0,0.000741,7e-05,0.9999470710754395,2e-06,0.0,0.000772,7.4e-05,0.999993622303009,nan,1000000
