epoch,z_bias,z_std_ratio,ks,gen_z_le_0,gen_z_ge_1,gen_z_gt_0.99,gen_z_gt_0.999,gen_z_max,g4_z_le_0,g4_z_ge_1,g4_z_gt_0.99,g4_z_gt_0.999,g4_z_max,phys_reg,n_rows
99,-0.011603772640228271,0.888010561466217,0.160139,0.160139,0.0,0.0,0.0,0.6991986036300659,0.0,0.0,0.000737,6.1e-05,0.999998152256012,nan,1000000
199,-0.008615240454673767,0.9552556872367859,0.06268,0.06268,0.0,0.0,0.0,0.7943235039710999,0.0,0.0,0.000737,6.1e-05,0.999998152256012,nan,1000000
299,-0.00680658221244812,0.9624695181846619,0.037932,0.037932,0.0,0.0,0.0,0.8826484084129333,0.0,0.0,0.000737,6.1e-05,0.999998152256012,nan,1000000
399,-0.0020005404949188232,0.9822002053260803,0.019018,0.019018,0.0,0.0,0.0,0.9768338203430176,0.0,0.0,0.000737,6.1e-05,0.999998152256012,nan,1000000
499,0.001217767596244812,1.0055915117263794,0.013025,0.013024,0.0,0.001137,0.000106,0.9999690055847168,0.0,0.0,0.000737,6.1e-05,0.999998152256012,nan,1000000
599,0.0011813938617706299,1.0078966617584229,0.015969,0.015969,0.0,0.001353,0.000136,0.9999854564666748,0.0,0.0,0.000737,6.1e-05,0.999998152256012,nan,1000000
699,-6.961822509765625e-05,1.0027028322219849,0.012789,0.012789,0.0,0.000819,8.7e-05,0.9999926090240479,0.0,0.0,0.000737,6.1e-05,0.999998152256012,nan,1000000
799,0.0006268620491027832,1.003720760345459,0.010247000000000001,0.010246,0.0,0.001059,0.00011,0.9999723434448242,0.0,0.0,0.000737,6.1e-05,0.999998152256012,nan,1000000
899,-0.00017617642879486084,0.9953936338424683,0.00937,0.00937,0.0,0.000578,6.2e-05,0.9999960660934448,0.0,0.0,0.000737,6.1e-05,0.999998152256012,nan,1000000
999,7.827579975128174e-05,0.9988207817077637,0.008012,0.008012,0.0,0.00083,8.2e-05,0.9999921917915344,0.0,0.0,0.000737,6.1e-05,0.999998152256012,nan,1000000
1099,0.0008119642734527588,1.0057039260864258,0.007425,0.007425,0.0,0.001179,0.000121,0.9999989867210388,0.0,0.0,0.000737,6.1e-05,0.999998152256012,nan,1000000
1199,-0.0010036975145339966,1.0005431175231934,0.008002,0.008002,0.0,0.000749,8e-05,0.9999925494194031,0.0,0.0,0.000737,6.1e-05,0.999998152256012,nan,1000000
1299,0.0012262612581253052,1.0061087608337402,0.007644,0.007644,0.0,0.001117,9.8e-05,0.9999995231628418,0.0,0.0,0.000737,6.1e-05,0.999998152256012,nan,1000000
1399,-0.00018061697483062744,1.000746488571167,0.006992,0.006992,0.0,0.000412,2.7e-05,0.9999885559082031,0.0,0.0,0.000737,6.1e-05,0.999998152256012,nan,1000000
1499,-0.0007295310497283936,0.9992613196372986,0.006551,0.006551,0.0,0.000836,7.7e-05,0.9999979138374329,0.0,0.0,0.000737,6.1e-05,0.999998152256012,nan,1000000
1599,0.0006002932786941528,1.0044063329696655,0.007096,0.007096,0.0,0.000685,8.5e-05,0.9999834299087524,0.0,0.0,0.000737,6.1e-05,0.999998152256012,nan,1000000
1699,-0.002813011407852173,0.9861649870872498,0.008556000000000001,0.008556,0.0,0.000763,7.5e-05,0.9999985694885254,0.0,0.0,0.000737,6.1e-05,0.999998152256012,nan,1000000
1799,0.0011480003595352173,1.0101630687713623,0.0066380000000000015,0.005357,0.0,0.001226,0.000134,0.9999934434890747,0.0,0.0,0.000737,6.1e-05,0.999998152256012,nan,1000000
1899,0.00035600364208221436,1.0018994808197021,0.006607000000000002,0.005815,0.0,0.000955,8.5e-05,0.9999864101409912,0.0,0.0,0.000737,6.1e-05,0.999998152256012,nan,1000000
1999,-0.0003842264413833618,1.0007333755493164,0.006328,0.006328,0.0,0.000901,9.1e-05,0.999976634979248,0.0,0.0,0.000737,6.1e-05,0.999998152256012,nan,1000000
2099,0.0002929121255874634,1.0016545057296753,0.007092,0.007092,0.0,0.00081,8.6e-05,0.999994158744812,0.0,0.0,0.000737,6.1e-05,0.999998152256012,nan,1000000
2199,3.905594348907471e-05,0.9973799586296082,0.0067,0.0067,0.0,0.000348,1.9e-05,0.9999682903289795,0.0,0.0,0.000737,6.1e-05,0.999998152256012,nan,1000000
2299,0.00038316845893859863,0.9998721480369568,0.006018,0.006018,0.0,0.001416,0.000166,0.9999877214431763,0.0,0.0,0.000737,6.1e-05,0.999998152256012,nan,1000000
2399,-0.00011149048805236816,0.999896764755249,0.005748,0.005748,0.0,0.000767,8.5e-05,0.9999949932098389,0.0,0.0,0.000737,6.1e-05,0.999998152256012,nan,1000000
2499,0.000943109393119812,1.017205834388733,0.007553,0.007553,0.0,0.001771,0.000184,0.9999953508377075,0.0,0.0,0.000737,6.1e-05,0.999998152256012,nan,1000000
2599,0.0004565417766571045,0.9987967610359192,0.007168999999999998,0.004972,0.0,0.000796,7.8e-05,0.9999899864196777,0.0,0.0,0.000737,6.1e-05,0.999998152256012,nan,1000000
2699,0.0008206218481063843,1.0025198459625244,0.005304,0.005304,0.0,0.00125,0.000132,0.9999948740005493,0.0,0.0,0.000737,6.1e-05,0.999998152256012,nan,1000000
2799,0.0006671249866485596,1.0036870241165161,0.006454999999999999,0.005767,0.0,0.001404,0.000154,0.9999984502792358,0.0,0.0,0.000737,6.1e-05,0.999998152256012,nan,1000000
2899,0.00028827786445617676,1.0007786750793457,0.00556,0.00556,0.0,0.000453,5e-05,0.9999820590019226,0.0,0.0,0.000737,6.1e-05,0.999998152256012,nan,1000000
2999,-7.919967174530029e-05,1.0002338886260986,0.005078,0.005078,0.0,0.000744,7.9e-05,0.999993085861206,0.0,0.0,0.000737,6.1e-05,0.999998152256012,nan,1000000
3099,0.000676378607749939,1.002929925918579,0.004716,0.004716,0.0,0.000238,3e-06,0.9997802972793579,0.0,0.0,0.000737,6.1e-05,0.999998152256012,nan,1000000
3199,-0.00024481117725372314,0.9970386624336243,0.005649000000000001,0.004919,0.0,0.000744,7.3e-05,0.999983549118042,0.0,0.0,0.000737,6.1e-05,0.999998152256012,nan,1000000
3299,0.0006093531847000122,1.003578543663025,0.004226000000000001,0.004182,0.0,0.000923,9.2e-05,0.9999754428863525,0.0,0.0,0.000737,6.1e-05,0.999998152256012,nan,1000000
3399,0.0002332925796508789,0.9993136525154114,0.005041,0.004223,0.0,0.00121,0.000116,0.9999873638153076,0.0,0.0,0.000737,6.1e-05,0.999998152256012,nan,1000000
3499,0.00027111172676086426,1.0016599893569946,0.004353,0.004353,0.0,0.001038,0.0001,0.9999983310699463,0.0,0.0,0.000737,6.1e-05,0.999998152256012,nan,1000000
3599,0.0005514770746231079,1.001804232597351,0.004686,0.004686,0.0,0.001308,0.000136,0.9999990463256836,0.0,0.0,0.000737,6.1e-05,0.999998152256012,nan,1000000
3699,0.00025853514671325684,1.000241756439209,0.004362,0.004362,0.0,0.000989,9.5e-05,0.999998927116394,0.0,0.0,0.000737,6.1e-05,0.999998152256012,nan,1000000
3799,0.00030422210693359375,1.0036036968231201,0.005399,0.005399,0.0,0.000923,0.000108,0.9999927282333374,0.0,0.0,0.000737,6.1e-05,0.999998152256012,nan,1000000
3899,0.000607222318649292,1.0011566877365112,0.004202000000000001,0.004016,0.0,0.000955,0.000108,0.9999982118606567,0.0,0.0,0.000737,6.1e-05,0.999998152256012,nan,1000000
3999,0.00042185187339782715,1.0016248226165771,0.004711,0.004711,0.0,0.00111,0.000115,0.9999998807907104,0.0,0.0,0.000737,6.1e-05,0.999998152256012,nan,1000000
4099,0.000221937894821167,1.002825379371643,0.004151,0.004151,0.0,0.000987,0.000108,0.999989926815033,0.0,0.0,0.000737,6.1e-05,0.999998152256012,nan,1000000
4199,7.97659158706665e-05,0.9991887211799622,0.004972,0.004972,0.0,0.000847,8e-05,0.9999617338180542,0.0,0.0,0.000737,6.1e-05,0.999998152256012,nan,1000000
4299,0.00033061206340789795,1.0036624670028687,0.005123,0.005123,0.0,0.000909,8.7e-05,0.9999964237213135,0.0,0.0,0.000737,6.1e-05,0.999998152256012,nan,1000000
4399,1.9475817680358887e-05,0.9989383816719055,0.004429,0.004429,0.0,0.000791,7e-05,0.9999986886978149,0.0,0.0,0.000737,6.1e-05,0.999998152256012,nan,1000000
4499,0.0007169991731643677,1.0017197132110596,0.004995,0.004995,0.0,0.001219,0.000132,0.9999800324440002,0.0,0.0,0.000737,6.1e-05,0.999998152256012,nan,1000000
4599,-8.447468280792236e-05,1.0024362802505493,0.005349,0.005349,0.0,0.001078,0.000107,0.9999964237213135,0.0,0.0,0.000737,6.1e-05,0.999998152256012,nan,1000000
4699,0.0013043731451034546,1.004452109336853,0.004401,0.0044,0.0,0.000948,9.2e-05,0.9999963045120239,0.0,0.0,0.000737,6.1e-05,0.999998152256012,nan,1000000
4799,0.0007944554090499878,1.0043152570724487,0.004775,0.004775,0.0,0.001203,0.000127,0.9999938011169434,0.0,0.0,0.000737,6.1e-05,0.999998152256012,nan,1000000
4899,0.0005349814891815186,1.003219723701477,0.004244999999999999,0.003841,0.0,0.000925,9.3e-05,0.999993085861206,0.0,0.0,0.000737,6.1e-05,0.999998152256012,nan,1000000
4999,8.374452590942383e-06,0.9991183280944824,0.004136,0.004136,0.0,0.000835,8.2e-05,0.9999805092811584,0.0,0.0,0.000737,6.1e-05,0.999998152256012,nan,1000000
5099,4.616379737854004e-05,0.9986554384231567,0.00442,0.004043,0.0,0.000992,0.000102,0.9999915361404419,0.0,0.0,0.000737,6.1e-05,0.999998152256012,nan,1000000
5199,0.0003773123025894165,1.0040278434753418,0.005474,0.005474,0.0,0.000801,7.7e-05,0.9999953508377075,0.0,0.0,0.000737,6.1e-05,0.999998152256012,nan,1000000
5299,0.0003859400749206543,1.0005065202713013,0.004093,0.004093,0.0,0.00077,7.2e-05,0.9999954700469971,0.0,0.0,0.000737,6.1e-05,0.999998152256012,nan,1000000
5399,0.00011558830738067627,1.0007020235061646,0.004445,0.004445,0.0,0.001132,0.000123,0.9999974370002747,0.0,0.0,0.000737,6.1e-05,0.999998152256012,nan,1000000
5499,0.00022192299365997314,1.0041136741638184,0.005478,0.005478,0.0,0.000984,0.000101,0.9999951124191284,0.0,0.0,0.000737,6.1e-05,0.999998152256012,nan,1000000
5599,0.00011502206325531006,1.0009336471557617,0.005213,0.005213,0.0,0.000897,9.1e-05,0.9999665021896362,0.0,0.0,0.000737,6.1e-05,0.999998152256012,nan,1000000
5699,-1.0222196578979492e-05,0.9997916221618652,0.00452,0.00452,0.0,0.001068,0.000116,0.9999958276748657,0.0,0.0,0.000737,6.1e-05,0.999998152256012,nan,1000000
5799,-0.0001951456069946289,1.0000455379486084,0.004313,0.004312,0.0,0.001118,0.000102,0.9999724626541138,0.0,0.0,0.000737,6.1e-05,0.999998152256012,nan,1000000
5899,0.0004499852657318115,1.0001459121704102,0.0043900000000000015,0.003859,0.0,0.001141,0.000111,0.9999831914901733,0.0,0.0,0.000737,6.1e-05,0.999998152256012,nan,1000000
5999,0.0003427565097808838,1.004840612411499,0.004945,0.004945,0.0,0.001316,0.000137,0.9999991655349731,0.0,0.0,0.000737,6.1e-05,0.999998152256012,nan,1000000
6099,-3.6329030990600586e-05,1.0015698671340942,0.005374,0.005374,0.0,0.000983,0.000109,0.9999890327453613,0.0,0.0,0.000737,6.1e-05,0.999998152256012,nan,1000000
6199,0.0003872513771057129,1.0007448196411133,0.0053360000000000005,0.003592,0.0,0.001053,0.000102,0.9999880790710449,0.0,0.0,0.000737,6.1e-05,0.999998152256012,nan,1000000
6299,0.0006177723407745361,1.001491904258728,0.005091999999999999,0.003613,0.0,0.001022,0.000104,0.9999933242797852,0.0,0.0,0.000737,6.1e-05,0.999998152256012,nan,1000000
6399,4.677474498748779e-05,1.003127932548523,0.005188,0.005188,0.0,0.000994,8.6e-05,0.9999985098838806,0.0,0.0,0.000737,6.1e-05,0.999998152256012,nan,1000000
6499,0.00030538439750671387,1.0025129318237305,0.00412,0.00412,0.0,0.000916,9.5e-05,0.9999892711639404,0.0,0.0,0.000737,6.1e-05,0.999998152256012,nan,1000000
6599,3.536045551300049e-05,1.0007619857788086,0.004458999999999998,0.003684,0.0,0.000998,0.000105,0.999969482421875,0.0,0.0,0.000737,6.1e-05,0.999998152256012,nan,1000000
6699,0.0005541741847991943,1.0032768249511719,0.004334,0.004333,0.0,0.00104,0.000114,0.9999983310699463,0.0,0.0,0.000737,6.1e-05,0.999998152256012,nan,1000000
6799,-0.00029018521308898926,1.0015254020690918,0.004563,0.004563,0.0,0.000974,9.5e-05,0.9999748468399048,0.0,0.0,0.000737,6.1e-05,0.999998152256012,nan,1000000
6899,0.00036625564098358154,1.00130033493042,0.004618,0.004618,0.0,0.001043,0.000112,0.9999997615814209,0.0,0.0,0.000737,6.1e-05,0.999998152256012,nan,1000000
6999,0.0006955862045288086,1.0021404027938843,0.004313,0.004313,0.0,0.001242,0.000117,0.9999774694442749,0.0,0.0,0.000737,6.1e-05,0.999998152256012,nan,1000000
7099,-3.679096698760986e-05,1.0008670091629028,0.004276,0.004276,0.0,0.001106,0.000121,0.9999927878379822,0.0,0.0,0.000737,6.1e-05,0.999998152256012,nan,1000000
7199,-0.00013139843940734863,1.0000672340393066,0.004232,0.003395,0.0,0.001052,0.000111,0.9999935626983643,0.0,0.0,0.000737,6.1e-05,0.999998152256012,nan,1000000
7299,0.0011819303035736084,1.0028235912322998,0.004524,0.004524,0.0,0.001311,0.000136,0.9999876022338867,0.0,0.0,0.000737,6.1e-05,0.999998152256012,nan,1000000
7399,0.00040730834007263184,1.0019747018814087,0.005128,0.005128,0.0,0.001255,0.000121,0.999997615814209,0.0,0.0,0.000737,6.1e-05,0.999998152256012,nan,1000000
7499,0.000946044921875,1.0022058486938477,0.005181,0.005181,0.0,0.001159,0.000127,0.9999948740005493,0.0,0.0,0.000737,6.1e-05,0.999998152256012,nan,1000000
7599,0.00048695504665374756,1.0025326013565063,0.003973,0.003971,0.0,0.001145,0.000118,0.999998927116394,0.0,0.0,0.000737,6.1e-05,0.999998152256012,nan,1000000
7699,0.0005010068416595459,1.0045186281204224,0.004252,0.004252,0.0,0.000942,0.000113,0.9999979734420776,0.0,0.0,0.000737,6.1e-05,0.999998152256012,nan,1000000
7799,0.00045590102672576904,1.0022399425506592,0.004965,0.004965,0.0,0.001248,0.00012,0.999996542930603,0.0,0.0,0.000737,6.1e-05,0.999998152256012,nan,1000000
7899,0.0002716630697250366,1.0010038614273071,0.005322,0.005322,0.0,0.001144,0.000123,0.9999998807907104,0.0,0.0,0.000737,6.1e-05,0.999998152256012,nan,1000000
7999,7.958710193634033e-05,1.001970887184143,0.004618,0.004618,0.0,0.001275,0.000141,0.9999933242797852,0.0,0.0,0.000737,6.1e-05,0.999998152256012,nan,1000000
8099,0.0007316470146179199,1.003452181816101,0.004508,0.004507,0.0,0.000301,0.0,0.9989700317382812,0.0,0.0,0.000737,6.1e-05,0.999998152256012,nan,1000000
8199,0.00017978250980377197,1.0018401145935059,0.004135,0.004135,0.0,0.000728,8.6e-05,0.999981164932251,0.0,0.0,0.000737,6.1e-05,0.999998152256012,nan,1000000
8299,-1.9073486328125e-06,1.0018045902252197,0.005097,0.005097,0.0,0.001029,0.000113,0.9999954700469971,0.0,0.0,0.000737,6.1e-05,0.999998152256012,nan,1000000
8399,-0.00015547871589660645,0.9996739625930786,0.003913,0.003913,0.0,0.00046,2.8e-05,0.9999994039535522,0.0,0.0,0.000737,6.1e-05,0.999998152256012,nan,1000000
8499,0.00026729702949523926,1.0029289722442627,0.004942,0.004942,0.0,0.000468,3e-05,0.999990701675415,0.0,0.0,0.000737,6.1e-05,0.999998152256012,nan,1000000
8599,-0.00011657178401947021,1.002215027809143,0.004323,0.004323,0.0,0.000575,5.9e-05,0.9999897480010986,0.0,0.0,0.000737,6.1e-05,0.999998152256012,nan,1000000
8699,-0.0005930066108703613,1.0005356073379517,0.004713,0.004713,0.0,0.000584,6.1e-05,0.9999815225601196,0.0,0.0,0.000737,6.1e-05,0.999998152256012,nan,1000000
8799,0.0005721896886825562,1.0025992393493652,0.004156,0.004156,0.0,0.000731,7.8e-05,0.9999778270721436,0.0,0.0,0.000737,6.1e-05,0.999998152256012,nan,1000000
8899,0.00019030272960662842,1.0010125637054443,0.004386,0.004386,0.0,0.000434,2.9e-05,0.9999860525131226,0.0,0.0,0.000737,6.1e-05,0.999998152256012,nan,1000000
8999,0.00026154518127441406,1.001534104347229,0.004735,0.004735,0.0,0.000376,1.6e-05,0.9999663233757019,0.0,0.0,0.000737,6.1e-05,0.999998152256012,nan,1000000
9099,0.00015550851821899414,1.0011298656463623,0.00409,0.004089,0.0,0.000458,3.7e-05,0.9998797178268433,0.0,0.0,0.000737,6.1e-05,0.999998152256012,nan,1000000
9199,0.0003095269203186035,1.0022302865982056,0.00468,0.00468,0.0,0.000779,9.4e-05,0.9999911189079285,0.0,0.0,0.000737,6.1e-05,0.999998152256012,nan,1000000
9299,9.164214134216309e-05,1.0002667903900146,0.004078,0.004077,0.0,0.001028,0.000121,0.9999959468841553,0.0,0.0,0.000737,6.1e-05,0.999998152256012,nan,1000000
9399,0.00016558170318603516,1.001699447631836,0.004152,0.004152,0.0,0.000991,0.000116,0.9999746680259705,0.0,0.0,0.000737,6.1e-05,0.999998152256012,nan,1000000
9499,-5.6937336921691895e-05,1.0026044845581055,0.004251,0.004251,0.0,0.001001,0.000105,0.999997615814209,0.0,0.0,0.000737,6.1e-05,0.999998152256012,nan,1000000
9599,0.000581398606300354,1.0019458532333374,0.004202000000000001,0.003594,0.0,0.001159,0.00013,0.9999972581863403,0.0,0.0,0.000737,6.1e-05,0.999998152256012,nan,1000000
9699,0.0006954371929168701,1.0031821727752686,0.003857,0.003857,0.0,0.001172,0.000128,0.999990701675415,0.0,0.0,0.000737,6.1e-05,0.999998152256012,nan,1000000
9799,0.00020606815814971924,1.0018928050994873,0.0041100000000000025,0.003409,0.0,0.001195,0.00012,0.9999872446060181,0.0,0.0,0.000737,6.1e-05,0.999998152256012,nan,1000000
9899,-0.00014060735702514648,1.0005745887756348,0.004164000000000001,0.003312,0.0,0.001167,0.000142,0.9999982118606567,0.0,0.0,0.000737,6.1e-05,0.999998152256012,nan,1000000
9999,0.000567018985748291,1.0008527040481567,0.005014000000000001,0.003156,0.0,0.001148,0.00014,0.9999978542327881,0.0,0.0,0.000737,6.1e-05,0.999998152256012,nan,1000000
10099,0.0005614906549453735,1.0014934539794922,0.003980999999999998,0.00352,0.0,0.001105,0.000146,0.9999934434890747,0.0,0.0,0.000737,6.1e-05,0.999998152256012,nan,1000000
10199,-0.00017033517360687256,1.0013296604156494,0.003977,0.003977,0.0,0.001087,0.000123,0.9999961853027344,0.0,0.0,0.000737,6.1e-05,0.999998152256012,nan,1000000
10299,-0.00018240511417388916,0.9996781349182129,0.004344,0.004344,0.0,0.001089,0.000123,0.9999520778656006,0.0,0.0,0.000737,6.1e-05,0.999998152256012,nan,1000000
10399,0.000642821192741394,1.0013293027877808,0.004014,0.004014,0.0,0.001157,0.000121,0.9999998807907104,0.0,0.0,0.000737,6.1e-05,0.999998152256012,nan,1000000
10499,0.0003620237112045288,1.0012015104293823,0.003629,0.003629,0.0,0.000964,0.000106,0.9999963045120239,0.0,0.0,0.000737,6.1e-05,0.999998152256012,nan,1000000
10599,-0.00017546117305755615,1.0002437829971313,0.00411,0.00411,0.0,0.000833,8.7e-05,0.9999903440475464,0.0,0.0,0.000737,6.1e-05,0.999998152256012,nan,1000000
10699,0.00031991302967071533,1.0005903244018555,0.004035,0.004033,0.0,0.000831,8.2e-05,0.9999837875366211,0.0,0.0,0.000737,6.1e-05,0.999998152256012,nan,1000000
10799,-0.00016890466213226318,1.0004223585128784,0.004335,0.004335,0.0,0.000849,9.3e-05,0.9999875426292419,0.0,0.0,0.000737,6.1e-05,0.999998152256012,nan,1000000
10899,0.00030018389225006104,1.001965880393982,0.004412,0.004412,0.0,0.000613,6.6e-05,0.9999768733978271,0.0,0.0,0.000737,6.1e-05,0.999998152256012,nan,1000000
10999,9.191036224365234e-05,1.0015192031860352,0.004154,0.004154,0.0,0.000513,5.8e-05,0.9999785423278809,0.0,0.0,0.000737,6.1e-05,0.999998152256012,nan,1000000
11099,-0.00013144314289093018,1.0007845163345337,0.004134,0.004134,0.0,0.000599,6e-05,0.9999831914901733,0.0,0.0,0.000737,6.1e-05,0.999998152256012,nan,1000000
11199,4.127621650695801e-06,1.0011752843856812,0.004502,0.004502,0.0,0.000924,9.4e-05,0.9999845027923584,0.0,0.0,0.000737,6.1e-05,0.999998152256012,nan,1000000
11299,0.00017055869102478027,0.9991317391395569,0.004704,0.003944,0.0,0.001,9.4e-05,0.9999974966049194,0.0,0.0,0.000737,6.1e-05,0.999998152256012,nan,1000000
11399,-0.0008226633071899414,1.0004839897155762,0.005037,0.005037,0.0,0.001039,0.00011,0.9999973773956299,0.0,0.0,0.000737,6.1e-05,0.999998152256012,nan,1000000
11499,0.00030265748500823975,1.0035823583602905,0.004109,0.004109,0.0,0.000515,5.1e-05,0.99998539686203,0.0,0.0,0.000737,6.1e-05,0.999998152256012,nan,1000000
11599,-0.00026752054691314697,0.9995673298835754,0.004135,0.004135,0.0,0.000818,7.8e-05,0.9999746084213257,0.0,0.0,0.000737,6.1e-05,0.999998152256012,nan,1000000
11699,2.0563602447509766e-05,1.0014477968215942,0.00406,0.00406,0.0,0.001069,9.1e-05,0.9999915361404419,0.0,0.0,0.000737,6.1e-05,0.999998152256012,nan,1000000
11799,0.00028505921363830566,1.0016722679138184,0.004067,0.004067,0.0,0.001071,0.000105,0.9999966621398926,0.0,0.0,0.000737,6.1e-05,0.999998152256012,nan,1000000
11899,-5.905330181121826e-05,1.000730037689209,0.004654,0.004654,0.0,0.00104,9.7e-05,0.9999946355819702,0.0,0.0,0.000737,6.1e-05,0.999998152256012,nan,1000000
11999,-0.0003252774477005005,1.0001652240753174,0.004133,0.004133,0.0,0.001044,0.000104,0.9999995231628418,0.0,0.0,0.000737,6.1e-05,0.999998152256012,nan,1000000
12099,0.0002537369728088379,1.0022109746932983,0.003929,0.003929,0.0,0.001062,0.000111,0.9999862909317017,0.0,0.0,0.000737,6.1e-05,0.999998152256012,nan,1000000
12199,0.0002094954252243042,1.0015921592712402,0.004625,0.004625,0.0,0.001109,0.000107,0.9999672174453735,0.0,0.0,0.000737,6.1e-05,0.999998152256012,nan,1000000
12299,0.00030162930488586426,1.002372145652771,0.004044,0.004044,0.0,0.001041,0.000112,0.9999910593032837,0.0,0.0,0.000737,6.1e-05,0.999998152256012,nan,1000000
12399,3.0368566513061523e-05,1.0017164945602417,0.003917,0.003917,0.0,0.001089,9.9e-05,0.9999685287475586,0.0,0.0,0.000737,6.1e-05,0.999998152256012,nan,1000000
12499,0.0005436688661575317,1.003462553024292,0.003943,0.003943,0.0,0.000846,8.8e-05,0.9999973177909851,0.0,0.0,0.000737,6.1e-05,0.999998152256012,nan,1000000
12599,0.00025747716426849365,1.0017008781433105,0.004294,0.004294,0.0,0.00089,9.6e-05,0.9999982118606567,0.0,0.0,0.000737,6.1e-05,0.999998152256012,nan,1000000
12699,0.00042010843753814697,1.0021874904632568,0.00413,0.00413,0.0,0.001046,0.000102,0.9999914169311523,0.0,0.0,0.000737,6.1e-05,0.999998152256012,nan,1000000
12799,0.0005454272031784058,1.0020155906677246,0.004037,0.004037,0.0,0.001,9.7e-05,0.9999631643295288,0.0,0.0,0.000737,6.1e-05,0.999998152256012,nan,1000000
12899,-0.00023302435874938965,1.0009064674377441,0.004366,0.004366,0.0,0.00102,0.000108,0.999995231628418,0.0,0.0,0.000737,6.1e-05,0.999998152256012,nan,1000000
12999,0.00033815205097198486,1.0018117427825928,0.004055,0.004055,0.0,0.001098,0.000105,0.9999890327453613,0.0,0.0,0.000737,6.1e-05,0.999998152256012,nan,1000000
13099,0.0005510896444320679,1.0013176202774048,0.00385,0.003849,0.0,0.001093,0.000114,0.9999909400939941,0.0,0.0,0.000737,6.1e-05,0.999998152256012,nan,1000000
13199,0.00023718178272247314,1.000738263130188,0.004166,0.004166,0.0,0.001012,9.6e-05,0.9999980926513672,0.0,0.0,0.000737,6.1e-05,0.999998152256012,nan,1000000
13299,0.0006986558437347412,1.0024797916412354,0.003726,0.003726,0.0,0.001039,0.000103,0.999993085861206,0.0,0.0,0.000737,6.1e-05,0.999998152256012,nan,1000000
13399,0.000734671950340271,1.002562165260315,0.003696,0.003696,0.0,0.000995,0.000106,0.999996542930603,0.0,0.0,0.000737,6.1e-05,0.999998152256012,nan,1000000
13499,6.721913814544678e-05,1.0026799440383911,0.004177,0.004177,0.0,0.000937,9e-05,0.999988317489624,0.0,0.0,0.000737,6.1e-05,0.999998152256012,nan,1000000
13599,7.884204387664795e-05,1.0014396905899048,0.003749,0.003749,0.0,0.000775,7.6e-05,0.9999991655349731,0.0,0.0,0.000737,6.1e-05,0.999998152256012,nan,1000000
13699,0.0005357116460800171,1.0031323432922363,0.0040999999999999995,0.003437,0.0,0.001009,0.000101,0.9999775886535645,0.0,0.0,0.000737,6.1e-05,0.999998152256012,nan,1000000
13799,0.0006882846355438232,1.0044431686401367,0.003632,0.00363,0.0,0.000683,8e-05,0.9999964833259583,0.0,0.0,0.000737,6.1e-05,0.999998152256012,nan,1000000
13899,4.1097402572631836e-05,0.9996559023857117,0.004257,0.003227,0.0,0.000707,7.4e-05,0.999997615814209,0.0,0.0,0.000737,6.1e-05,0.999998152256012,nan,1000000
13999,5.02169132232666e-05,1.0002397298812866,0.003525999999999998,0.003452,0.0,0.001025,0.000108,0.9999936819076538,0.0,0.0,0.000737,6.1e-05,0.999998152256012,nan,1000000
14099,5.4448843002319336e-05,1.0009568929672241,0.00365,0.003649,0.0,0.001037,9.4e-05,0.9999977350234985,0.0,0.0,0.000737,6.1e-05,0.999998152256012,nan,1000000
14199,-0.000593140721321106,1.0001494884490967,0.00371,0.00371,0.0,0.001068,9.6e-05,0.9999971389770508,0.0,0.0,0.000737,6.1e-05,0.999998152256012,nan,1000000
14299,-0.00032882392406463623,0.9996020197868347,0.0035069999999999997,0.003505,0.0,0.001046,0.0001,0.9999882578849792,0.0,0.0,0.000737,6.1e-05,0.999998152256012,nan,1000000
14399,8.48919153213501e-05,0.9995079636573792,0.00336,0.00336,0.0,0.001036,0.000107,0.9999890327453613,0.0,0.0,0.000737,6.1e-05,0.999998152256012,nan,1000000
14499,5.874037742614746e-05,1.0008251667022705,0.003505,0.003505,0.0,0.001004,0.000105,0.9999949932098389,0.0,0.0,0.000737,6.1e-05,0.999998152256012,nan,1000000
14599,0.00045818090438842773,1.0014203786849976,0.003473999999999998,0.003292,0.0,0.001005,0.000102,0.9999839663505554,0.0,0.0,0.000737,6.1e-05,0.999998152256012,nan,1000000
14699,-0.0002151578664779663,0.9996657371520996,0.003649,0.003649,0.0,0.001045,0.000105,0.9999921321868896,0.0,0.0,0.000737,6.1e-05,0.999998152256012,nan,1000000
14799,0.0006286948919296265,1.0017882585525513,0.003465,0.003465,0.0,0.00107,0.000102,0.9999651908874512,0.0,0.0,0.000737,6.1e-05,0.999998152256012,nan,1000000
14899,0.00021955370903015137,1.0021698474884033,0.003503,0.003503,0.0,0.001086,0.00012,0.9999963045120239,0.0,0.0,0.000737,6.1e-05,0.999998152256012,nan,1000000
14999,6.616115570068359e-06,1.0023306608200073,0.0039,0.0039,0.0,0.001056,0.000115,0.9999904632568359,0.0,0.0,0.000737,6.1e-05,0.999998152256012,nan,1000000
15099,0.00012034177780151367,1.002163290977478,0.003755,0.003755,0.0,0.001065,0.00011,0.9999969005584717,0.0,0.0,0.000737,6.1e-05,0.999998152256012,nan,1000000
15199,-0.0003242790699005127,1.000557541847229,0.00372,0.00372,0.0,0.001158,9.7e-05,0.9999960660934448,0.0,0.0,0.000737,6.1e-05,0.999998152256012,nan,1000000
15299,-1.1622905731201172e-06,1.0003528594970703,0.003387,0.003387,0.0,0.001064,0.000106,0.9999873638153076,0.0,0.0,0.000737,6.1e-05,0.999998152256012,nan,1000000
15399,0.00036281347274780273,1.0029646158218384,0.003486000000000003,0.003212,0.0,0.001076,0.000102,0.9999976754188538,0.0,0.0,0.000737,6.1e-05,0.999998152256012,nan,1000000
15499,-0.0001606196165084839,1.0014005899429321,0.003453,0.003453,0.0,0.000956,0.0001,0.9999616146087646,0.0,0.0,0.000737,6.1e-05,0.999998152256012,nan,1000000
15599,0.00013434886932373047,1.0031933784484863,0.003802,0.003802,0.0,0.000787,7.1e-05,0.9999697208404541,0.0,0.0,0.000737,6.1e-05,0.999998152256012,nan,1000000
15699,0.0005387812852859497,1.0031521320343018,0.003902,0.003902,0.0,0.00063,7.1e-05,0.9999895095825195,0.0,0.0,0.000737,6.1e-05,0.999998152256012,nan,1000000
15799,5.988776683807373e-05,1.0004795789718628,0.003543,0.003543,0.0,0.000848,8.6e-05,0.9999769330024719,0.0,0.0,0.000737,6.1e-05,0.999998152256012,nan,1000000
15899,0.00048191845417022705,1.0021040439605713,0.003425,0.003425,0.0,0.001016,0.000112,0.9999996423721313,0.0,0.0,0.000737,6.1e-05,0.999998152256012,nan,1000000
15999,0.00029286742210388184,1.0016863346099854,0.003696,0.003696,0.0,0.00109,0.000137,0.9999840259552002,0.0,0.0,0.000737,6.1e-05,0.999998152256012,nan,1000000
16099,0.00015410780906677246,1.0028284788131714,0.003551,0.003551,0.0,0.000998,0.000109,0.9999954104423523,0.0,0.0,0.000737,6.1e-05,0.999998152256012,nan,1000000
16199,0.00017815828323364258,1.0021719932556152,0.003825000000000002,0.003182,0.0,0.001084,0.000124,0.9999880790710449,0.0,0.0,0.000737,6.1e-05,0.999998152256012,nan,1000000
16299,0.0003009587526321411,1.001693606376648,0.003972999999999997,0.003238,0.0,0.001024,0.000129,0.9999973773956299,0.0,0.0,0.000737,6.1e-05,0.999998152256012,nan,1000000
16399,0.00011254847049713135,1.0010349750518799,0.0038,0.0038,0.0,0.001082,0.000134,0.9999876022338867,0.0,0.0,0.000737,6.1e-05,0.999998152256012,nan,1000000
16499,-0.0005253404378890991,0.9994946122169495,0.003791,0.003791,0.0,0.001062,0.00011,0.9999940395355225,0.0,0.0,0.000737,6.1e-05,0.999998152256012,nan,1000000
16599,0.00022342801094055176,1.0009937286376953,0.003655,0.003655,0.0,0.001016,0.000107,0.9999548196792603,0.0,0.0,0.000737,6.1e-05,0.999998152256012,nan,1000000
16699,-0.0007521212100982666,0.9995588064193726,0.004552,0.004552,0.0,0.00098,0.000102,0.9999991655349731,0.0,0.0,0.000737,6.1e-05,0.999998152256012,nan,1000000
16799,-0.0002961158752441406,1.0013684034347534,0.004272,0.004272,0.0,0.001001,0.000108,0.9999905824661255,0.0,0.0,0.000737,6.1e-05,0.999998152256012,nan,1000000
16899,1.099705696105957e-05,1.0009149312973022,0.003879,0.003879,0.0,0.000926,0.00011,0.9999973177909851,0.0,0.0,0.000737,6.1e-05,0.999998152256012,nan,1000000
16999,-1.52587890625e-05,1.0011473894119263,0.004376,0.004376,0.0,0.001027,0.000101,0.9999959468841553,0.0,0.0,0.000737,6.1e-05,0.999998152256012,nan,1000000
17099,0.00043754279613494873,1.0024112462997437,0.004301,0.004301,0.0,0.000986,9.8e-05,0.9999701976776123,0.0,0.0,0.000737,6.1e-05,0.999998152256012,nan,1000000
17199,-0.00045017898082733154,1.0002354383468628,0.004581,0.004581,0.0,0.000972,0.000101,0.9999799728393555,0.0,0.0,0.000737,6.1e-05,0.999998152256012,nan,1000000
17299,0.0003666877746582031,1.0017833709716797,0.004105,0.004104,0.0,0.000916,9.1e-05,0.9999933242797852,0.0,0.0,0.000737,6.1e-05,0.999998152256012,nan,1000000
17399,-0.000280037522315979,0.999916672706604,0.004448,0.004448,0.0,0.000875,8.6e-05,0.9999959468841553,0.0,0.0,0.000737,6.1e-05,0.999998152256012,nan,1000000
17499,0.00027261674404144287,1.0023738145828247,0.004445,0.004444,0.0,0.001015,9.6e-05,0.9999862313270569,0.0,0.0,0.000737,6.1e-05,0.999998152256012,nan,1000000
17599,-0.0003293156623840332,1.0004560947418213,0.004491,0.004491,0.0,0.000945,8.7e-05,0.9999874830245972,0.0,0.0,0.000737,6.1e-05,0.999998152256012,nan,1000000
17699,-0.0002509951591491699,0.9999484419822693,0.004192,0.004192,0.0,0.001009,8.9e-05,0.9999858140945435,0.0,0.0,0.000737,6.1e-05,0.999998152256012,nan,1000000
17799,0.000182226300239563,1.0019989013671875,0.00416,0.00416,0.0,0.001037,0.000104,0.9999696612358093,0.0,0.0,0.000737,6.1e-05,0.999998152256012,nan,1000000
17899,0.00044555962085723877,1.0023952722549438,0.004051,0.004051,0.0,0.000914,8.1e-05,0.999984622001648,0.0,0.0,0.000737,6.1e-05,0.999998152256012,nan,1000000
17999,-0.0004633218050003052,1.0017341375350952,0.0045,0.0045,0.0,0.000943,9e-05,0.9999865293502808,0.0,0.0,0.000737,6.1e-05,0.999998152256012,nan,1000000
18099,0.00021870434284210205,1.0021536350250244,0.004119,0.004119,0.0,0.000899,8.9e-05,0.99998939037323,0.0,0.0,0.000737,6.1e-05,0.999998152256012,nan,1000000
18199,2.7552247047424316e-05,1.0026485919952393,0.004684,0.004684,0.0,0.000847,8.6e-05,0.9999978542327881,0.0,0.0,0.000737,6.1e-05,0.999998152256012,nan,1000000
18299,2.0802021026611328e-05,1.0026911497116089,0.00509,0.00509,0.0,0.000943,9e-05,0.9999988079071045,0.0,0.0,0.000737,6.1e-05,0.999998152256012,nan,1000000
18399,0.000299796462059021,1.0016393661499023,0.004055,0.004055,0.0,0.000927,7.8e-05,0.9999992251396179,0.0,0.0,0.000737,6.1e-05,0.999998152256012,nan,1000000
18499,0.0002524852752685547,1.0026414394378662,0.00439,0.00439,0.0,0.000855,9.8e-05,0.9999827146530151,0.0,0.0,0.000737,6.1e-05,0.999998152256012,nan,1000000
18599,4.991888999938965e-05,1.0007007122039795,0.004323,0.004323,0.0,0.000906,8.1e-05,0.9999821186065674,0.0,0.0,0.000737,6.1e-05,0.999998152256012,nan,1000000
18699,0.0005396604537963867,1.0017038583755493,0.004467,0.004467,0.0,0.000933,9.5e-05,0.9999910593032837,0.0,0.0,0.000737,6.1e-05,0.999998152256012,nan,1000000
18799,-0.00035725533962249756,1.0016390085220337,0.00493,0.00493,0.0,0.000796,8e-05,0.9999561309814453,0.0,0.0,0.000737,6.1e-05,0.999998152256012,nan,1000000
18899,-0.0001424252986907959,1.0016032457351685,0.004838,0.004838,0.0,0.00081,7.4e-05,0.9999940395355225,0.0,0.0,0.000737,6.1e-05,0.999998152256012,nan,1000000
18999,0.00023552775382995605,1.001223087310791,0.004041,0.00404,0.0,0.000792,7.9e-05,0.9999920129776001,0.0,0.0,0.000737,6.1e-05,0.999998152256012,nan,1000000
19099,-0.00015132129192352295,1.0004957914352417,0.00391,0.00391,0.0,0.000813,7.7e-05,0.9999793767929077,0.0,0.0,0.000737,6.1e-05,0.999998152256012,nan,1000000
19199,0.0001811981201171875,1.0001214742660522,0.004025,0.004024,0.0,0.00094,0.0001,0.9999998807907104,0.0,0.0,0.000737,6.1e-05,0.999998152256012,nan,1000000
19299,-0.00020119547843933105,1.0011489391326904,0.004201,0.004201,0.0,0.000875,8.3e-05,0.9999828338623047,0.0,0.0,0.000737,6.1e-05,0.999998152256012,nan,1000000
19399,-0.00023451447486877441,0.9993776679039001,0.003836,0.003836,0.0,0.000829,7.4e-05,0.999997615814209,0.0,0.0,0.000737,6.1e-05,0.999998152256012,nan,1000000
19499,0.0007355064153671265,1.0031723976135254,0.004262,0.004262,0.0,0.000844,7e-05,0.9999885559082031,0.0,0.0,0.000737,6.1e-05,0.999998152256012,nan,1000000
19599,0.000670507550239563,1.00186288356781,0.003683,0.003683,0.0,0.000869,9.1e-05,0.9999864101409912,0.0,0.0,0.000737,6.1e-05,0.999998152256012,nan,1000000
19699,0.00046688318252563477,1.0012627840042114,0.00399,0.00399,0.0,0.000888,9.1e-05,0.9999816417694092,0.0,0.0,0.000737,6.1e-05,0.999998152256012,nan,1000000
19799,0.0002957284450531006,1.001468539237976,0.003703,0.003703,0.0,0.001023,9.8e-05,0.9999597072601318,0.0,0.0,0.000737,6.1e-05,0.999998152256012,nan,1000000
19899,-0.0002853572368621826,0.9998767971992493,0.003996,0.003996,0.0,0.000837,9.3e-05,0.9999524354934692,0.0,0.0,0.000737,6.1e-05,0.999998152256012,nan,1000000
19999,0.0007916241884231567,1.0035628080368042,0.003688,0.003688,0.0,0.000842,9e-05,0.9999994039535522,0.0,0.0,0.000737,6.1e-05,0.999998152256012,nan,1000000
20099,0.0004458427429199219,1.0019898414611816,0.003414,0.003414,0.0,0.00092,8.7e-05,0.9999971389770508,0.0,0.0,0.000737,6.1e-05,0.999998152256012,nan,1000000
20199,-0.0002055913209915161,0.9998652338981628,0.004376,0.004376,0.0,0.000839,8e-05,0.9999918937683105,0.0,0.0,0.000737,6.1e-05,0.999998152256012,nan,1000000
20299,-0.00014065206050872803,1.0012171268463135,0.004422,0.004422,0.0,0.001031,0.00011,0.9999943971633911,0.0,0.0,0.000737,6.1e-05,0.999998152256012,nan,1000000
20399,4.1931867599487305e-05,1.0010290145874023,0.00378,0.00378,0.0,0.001032,0.000109,0.999992847442627,0.0,0.0,0.000737,6.1e-05,0.999998152256012,nan,1000000
20499,8.26716423034668e-05,1.0005810260772705,0.003855,0.003855,0.0,0.000898,8.7e-05,0.9999654293060303,0.0,0.0,0.000737,6.1e-05,0.999998152256012,nan,1000000
20599,0.0007360577583312988,1.0023438930511475,0.003665,0.003664,0.0,0.000997,0.0001,0.9999992847442627,0.0,0.0,0.000737,6.1e-05,0.999998152256012,nan,1000000
20699,-0.00014799833297729492,1.0003129243850708,0.004279,0.004279,0.0,0.001018,0.000106,0.9999964237213135,0.0,0.0,0.000737,6.1e-05,0.999998152256012,nan,1000000
20799,2.384185791015625e-05,1.0012969970703125,0.004093,0.004093,0.0,0.001038,9.7e-05,0.9999985694885254,0.0,0.0,0.000737,6.1e-05,0.999998152256012,nan,1000000
20899,0.00031128525733947754,1.0016976594924927,0.00357,0.00357,0.0,0.000971,0.0001,0.9999971389770508,0.0,0.0,0.000737,6.1e-05,0.999998152256012,nan,1000000
20999,0.00016014277935028076,1.0020545721054077,0.003975,0.003975,0.0,0.000989,0.000103,0.999995231628418,0.0,0.0,0.000737,6.1e-05,0.999998152256012,nan,1000000
21099,9.866058826446533e-05,1.0017813444137573,0.003821,0.003821,0.0,0.00103,0.000106,0.9999923706054688,0.0,0.0,0.000737,6.1e-05,0.999998152256012,nan,1000000
21199,-0.00038455426692962646,0.9997038245201111,0.004177,0.004177,0.0,0.000881,6.9e-05,0.9999563694000244,0.0,0.0,0.000737,6.1e-05,0.999998152256012,nan,1000000
21299,-5.4329633712768555e-05,1.002544641494751,0.004374,0.004374,0.0,0.000929,8.4e-05,0.9999626278877258,0.0,0.0,0.000737,6.1e-05,0.999998152256012,nan,1000000
21399,0.00034299492835998535,1.001944899559021,0.003979,0.003979,0.0,0.00095,8.6e-05,0.9999927282333374,0.0,0.0,0.000737,6.1e-05,0.999998152256012,nan,1000000
21499,-5.56260347366333e-05,1.0026576519012451,0.004218,0.004218,0.0,0.000925,7.5e-05,0.9999639987945557,0.0,0.0,0.000737,6.1e-05,0.999998152256012,nan,1000000
21599,0.0006357133388519287,1.0035737752914429,0.003953,0.003953,0.0,0.001034,0.000101,0.9999942779541016,0.0,0.0,0.000737,6.1e-05,0.999998152256012,nan,1000000
21699,0.00013527274131774902,1.002254843711853,0.00415,0.00415,0.0,0.000954,8.7e-05,0.9999957084655762,0.0,0.0,0.000737,6.1e-05,0.999998152256012,nan,1000000
21799,5.826354026794434e-06,1.0020346641540527,0.003835,0.003835,0.0,0.00085,9.6e-05,0.9999797344207764,0.0,0.0,0.000737,6.1e-05,0.999998152256012,nan,1000000
21899,-0.00035452842712402344,1.0015103816986084,0.004357,0.004357,0.0,0.00091,9.1e-05,0.9999974966049194,0.0,0.0,0.000737,6.1e-05,0.999998152256012,nan,1000000
21999,6.091594696044922e-05,1.0010403394699097,0.00436,0.00436,0.0,0.000852,9.3e-05,0.9999966621398926,0.0,0.0,0.000737,6.1e-05,0.999998152256012,nan,1000000
22099,-0.0004769265651702881,1.0007134675979614,0.004322,0.004322,0.0,0.000898,9e-05,0.9999767541885376,0.0,0.0,0.000737,6.1e-05,0.999998152256012,nan,1000000
22199,-0.0002749115228652954,1.0009170770645142,0.004333,0.004333,0.0,0.000872,8.9e-05,0.9999949336051941,0.0,0.0,0.000737,6.1e-05,0.999998152256012,nan,1000000
22299,-0.0002246946096420288,1.0010122060775757,0.004362,0.004362,0.0,0.000951,9.8e-05,0.9999992847442627,0.0,0.0,0.000737,6.1e-05,0.999998152256012,nan,1000000
22399,-0.00028067827224731445,1.0007596015930176,0.004485,0.004485,0.0,0.000885,0.000102,0.9999942779541016,0.0,0.0,0.000737,6.1e-05,0.999998152256012,nan,1000000
22499,0.00011025369167327881,1.0028419494628906,0.00461,0.00461,0.0,0.000728,9.2e-05,0.999983549118042,0.0,0.0,0.000737,6.1e-05,0.999998152256012,nan,1000000
22599,0.0005398541688919067,1.0027779340744019,0.004069,0.004069,0.0,0.000874,9.8e-05,0.9999936819076538,0.0,0.0,0.000737,6.1e-05,0.999998152256012,nan,1000000
22699,-0.0006247162818908691,1.0001230239868164,0.004433,0.004433,0.0,0.000939,9.6e-05,0.9999922513961792,0.0,0.0,0.000737,6.1e-05,0.999998152256012,nan,1000000
22799,-0.00045032799243927,1.0010545253753662,0.004232,0.004232,0.0,0.000946,8.6e-05,0.9999727010726929,0.0,0.0,0.000737,6.1e-05,0.999998152256012,nan,1000000
22899,3.662705421447754e-05,1.001776099205017,0.004253,0.004253,0.0,0.000941,7.9e-05,0.9999878406524658,0.0,0.0,0.000737,6.1e-05,0.999998152256012,nan,1000000
22999,-6.812810897827148e-05,1.0028908252716064,0.004364,0.004364,0.0,0.000956,8.4e-05,0.9999979734420776,0.0,0.0,0.000737,6.1e-05,0.999998152256012,nan,1000000
23099,7.902085781097412e-05,1.00271475315094,0.00446,0.00446,0.0,0.000898,8.5e-05,0.9999977350234985,0.0,0.0,0.000737,6.1e-05,0.999998152256012,nan,1000000
23199,-0.0001388639211654663,1.0010952949523926,0.004633,0.004632,0.0,0.000775,7.3e-05,0.999976634979248,0.0,0.0,0.000737,6.1e-05,0.999998152256012,nan,1000000
23299,0.0008990615606307983,1.0041948556900024,0.004257,0.004256,0.0,0.000802,8e-05,0.9999969005584717,0.0,0.0,0.000737,6.1e-05,0.999998152256012,nan,1000000
23399,0.0003613084554672241,1.001928687095642,0.003903,0.003902,0.0,0.000881,8.2e-05,0.999998927116394,0.0,0.0,0.000737,6.1e-05,0.999998152256012,nan,1000000
23499,0.0006055235862731934,1.0024852752685547,0.00364,0.00364,0.0,0.000935,8.4e-05,0.9999935626983643,0.0,0.0,0.000737,6.1e-05,0.999998152256012,nan,1000000
23599,0.0004906207323074341,1.0026837587356567,0.004307,0.004307,0.0,0.000933,8.3e-05,0.9999969005584717,0.0,0.0,0.000737,6.1e-05,0.999998152256012,nan,1000000
23699,0.00041593611240386963,1.0010640621185303,0.003812,0.003812,0.0,0.000901,8e-05,0.9999948143959045,0.0,0.0,0.000737,6.1e-05,0.999998152256012,nan,1000000
23799,4.629790782928467e-05,1.0020651817321777,0.004087,0.004087,0.0,0.001009,0.000106,0.9999946355819702,0.0,0.0,0.000737,6.1e-05,0.999998152256012,nan,1000000
23899,0.0003506988286972046,1.001927137374878,0.004062,0.004062,0.0,0.000979,9.8e-05,0.9999959468841553,0.0,0.0,0.000737,6.1e-05,0.999998152256012,nan,1000000
23999,-2.0310282707214355e-05,1.0007065534591675,0.004227,0.004227,0.0,0.000944,8.3e-05,0.999985933303833,0.0,0.0,0.000737,6.1e-05,0.999998152256012,nan,1000000
24099,-0.00017990171909332275,1.001264214515686,0.004202,0.004202,0.0,0.000902,7.6e-05,0.9999831914901733,0.0,0.0,0.000737,6.1e-05,0.999998152256012,nan,1000000
24199,-0.00024244189262390137,1.00270676612854,0.004683,0.004683,0.0,0.000887,7.6e-05,0.9999970197677612,0.0,0.0,0.000737,6.1e-05,0.999998152256012,nan,1000000
24299,-9.486079216003418e-05,1.0012873411178589,0.004265,0.004265,0.0,0.000936,9.5e-05,0.9999914169311523,0.0,0.0,0.000737,6.1e-05,0.999998152256012,nan,1000000
24399,-0.000261843204498291,1.0020614862442017,0.004382,0.004382,0.0,0.000962,0.000103,0.9999993443489075,0.0,0.0,0.000737,6.1e-05,0.999998152256012,nan,1000000
24499,0.00025647878646850586,1.0013114213943481,0.003638,0.003638,0.0,0.000927,8.9e-05,0.9999730587005615,0.0,0.0,0.000737,6.1e-05,0.999998152256012,nan,1000000
24599,0.0005286335945129395,1.0027194023132324,0.004144,0.004144,0.0,0.000859,7.4e-05,0.9999860525131226,0.0,0.0,0.000737,6.1e-05,0.999998152256012,nan,1000000
24699,-5.906820297241211e-05,1.0010943412780762,0.004369,0.004369,0.0,0.000842,7.3e-05,0.9999861717224121,0.0,0.0,0.000737,6.1e-05,0.999998152256012,nan,1000000
24799,0.0002681463956832886,1.0014299154281616,0.003596,0.003596,0.0,0.000931,7.1e-05,0.9999668598175049,0.0,0.0,0.000737,6.1e-05,0.999998152256012,nan,1000000
24899,-5.811452865600586e-07,1.001595377922058,0.004073,0.004073,0.0,0.000836,8.2e-05,0.9999627470970154,0.0,0.0,0.000737,6.1e-05,0.999998152256012,nan,1000000
24999,0.00048020482063293457,1.001568078994751,0.003927,0.003927,0.0,0.000716,6.9e-05,0.9999842643737793,0.0,0.0,0.000737,6.1e-05,0.999998152256012,nan,1000000
25099,0.0005012750625610352,1.0025063753128052,0.003845,0.003845,0.0,0.000825,7.5e-05,0.9999741315841675,0.0,0.0,0.000737,6.1e-05,0.999998152256012,nan,1000000
25199,0.00022636353969573975,1.0016690492630005,0.004088,0.004088,0.0,0.00098,8.7e-05,0.9999856948852539,0.0,0.0,0.000737,6.1e-05,0.999998152256012,nan,1000000
25299,-0.00038026273250579834,1.0002624988555908,0.004247,0.004247,0.0,0.000841,7.5e-05,0.9999980926513672,0.0,0.0,0.000737,6.1e-05,0.999998152256012,nan,1000000
25399,0.0001322627067565918,1.0027425289154053,0.004194,0.004194,0.0,0.000799,7.6e-05,0.9999735355377197,0.0,0.0,0.000737,6.1e-05,0.999998152256012,nan,1000000
25499,-5.523860454559326e-05,0.9997507333755493,0.00415,0.00415,0.0,0.000803,7.1e-05,0.9999871253967285,0.0,0.0,0.000737,6.1e-05,0.999998152256012,nan,1000000
25599,0.00040416419506073,1.0031541585922241,0.00377,0.00377,0.0,0.000811,7.4e-05,0.9999704360961914,0.0,0.0,0.000737,6.1e-05,0.999998152256012,nan,1000000
25699,0.00036235153675079346,1.0027978420257568,0.003904,0.003904,0.0,0.00093,9.7e-05,0.9999841451644897,0.0,0.0,0.000737,6.1e-05,0.999998152256012,nan,1000000
25799,0.0003809034824371338,1.0013962984085083,0.00372,0.00372,0.0,0.000881,9.3e-05,0.9999672174453735,0.0,0.0,0.000737,6.1e-05,0.999998152256012,nan,1000000
25899,5.619227886199951e-05,1.0016497373580933,0.004352,0.004351,0.0,0.000816,8.3e-05,0.9999854564666748,0.0,0.0,0.000737,6.1e-05,0.999998152256012,nan,1000000
25999,-0.00017915666103363037,1.0006686449050903,0.0038,0.0038,0.0,0.000974,8.3e-05,0.9999997615814209,0.0,0.0,0.000737,6.1e-05,0.999998152256012,nan,1000000
26099,-3.874301910400391e-06,1.0016429424285889,0.004085,0.004085,0.0,0.000954,9.9e-05,0.9999575614929199,0.0,0.0,0.000737,6.1e-05,0.999998152256012,nan,1000000
26199,-0.0006660670042037964,0.9991424083709717,0.004024,0.004024,0.0,0.00074,7.9e-05,0.9999985694885254,0.0,0.0,0.000737,6.1e-05,0.999998152256012,nan,1000000
26299,8.133053779602051e-05,1.0015289783477783,0.003792,0.003792,0.0,0.000913,9.3e-05,0.9999908208847046,0.0,0.0,0.000737,6.1e-05,0.999998152256012,nan,1000000
26399,0.00046865642070770264,1.003381371498108,0.003833,0.003833,0.0,0.00088,8.9e-05,0.9999963045120239,0.0,0.0,0.000737,6.1e-05,0.999998152256012,nan,1000000
26499,-9.28044319152832e-05,1.0006566047668457,0.003431,0.00343,0.0,0.000863,8.7e-05,0.9999855756759644,0.0,0.0,0.000737,6.1e-05,0.999998152256012,nan,1000000
26599,0.0005128830671310425,1.002282977104187,0.003261,0.003261,0.0,0.000921,8.9e-05,0.9999973773956299,0.0,0.0,0.000737,6.1e-05,0.999998152256012,nan,1000000
26699,0.00011709332466125488,1.000957727432251,0.003659,0.003659,0.0,0.00086,8.6e-05,0.999995231628418,0.0,0.0,0.000737,6.1e-05,0.999998152256012,nan,1000000
26799,-0.00014640390872955322,1.0016199350357056,0.003795,0.003795,0.0,0.000894,9e-05,0.9999791979789734,0.0,0.0,0.000737,6.1e-05,0.999998152256012,nan,1000000
26899,0.0002446472644805908,1.0011882781982422,0.003783,0.003783,0.0,0.000873,8.8e-05,0.9999874830245972,0.0,0.0,0.000737,6.1e-05,0.999998152256012,nan,1000000
26999,0.00013634562492370605,1.002240538597107,0.004014,0.004014,0.0,0.000803,8e-05,0.9999976754188538,0.0,0.0,0.000737,6.1e-05,0.999998152256012,nan,1000000
27099,0.000458642840385437,1.0030817985534668,0.003687,0.003686,0.0,0.000869,8.4e-05,0.9999814033508301,0.0,0.0,0.000737,6.1e-05,0.999998152256012,nan,1000000
27199,0.00022995471954345703,1.0021864175796509,0.003734,0.003733,0.0,0.000971,0.0001,0.9999998211860657,0.0,0.0,0.000737,6.1e-05,0.999998152256012,nan,1000000
27299,-0.0001907944679260254,1.0004994869232178,0.003633,0.003633,0.0,0.000979,0.000106,0.9999850988388062,0.0,0.0,0.000737,6.1e-05,0.999998152256012,nan,1000000
27399,-0.0002358853816986084,1.0009267330169678,0.003925,0.003925,0.0,0.001003,0.000113,0.9999998807907104,0.0,0.0,0.000737,6.1e-05,0.999998152256012,nan,1000000
27499,1.5407800674438477e-05,1.0018270015716553,0.003653,0.003653,0.0,0.000887,9.9e-05,0.9999961853027344,0.0,0.0,0.000737,6.1e-05,0.999998152256012,nan,1000000
27599,-0.00016632676124572754,1.0012568235397339,0.003886,0.003886,0.0,0.000851,8.7e-05,0.9999934434890747,0.0,0.0,0.000737,6.1e-05,0.999998152256012,nan,1000000
27699,0.000372275710105896,1.0021969079971313,0.003624,0.003624,0.0,0.000892,9.7e-05,0.9999860525131226,0.0,0.0,0.000737,6.1e-05,0.999998152256012,nan,1000000
27799,-0.00015707314014434814,1.001944661140442,0.004285,0.004285,0.0,0.000914,9.2e-05,0.9999969005584717,0.0,0.0,0.000737,6.1e-05,0.999998152256012,nan,1000000
27899,0.0004200935363769531,1.0029067993164062,0.003985,0.003985,0.0,0.000833,8.1e-05,0.9999969005584717,0.0,0.0,0.000737,6.1e-05,0.999998152256012,nan,1000000
27999,0.00021825730800628662,1.0015493631362915,0.004173,0.004173,0.0,0.000814,6.4e-05,0.9999866485595703,0.0,0.0,0.000737,6.1e-05,0.999998152256012,nan,1000000
28099,5.555152893066406e-05,1.0022358894348145,0.0037,0.0037,0.0,0.000839,8.3e-05,0.9999905824661255,0.0,0.0,0.000737,6.1e-05,0.999998152256012,nan,1000000
28199,-0.0006949007511138916,0.9999923706054688,0.004059,0.004059,0.0,0.000803,9.9e-05,0.9999706745147705,0.0,0.0,0.000737,6.1e-05,0.999998152256012,nan,1000000
28299,0.00024378299713134766,1.0022404193878174,0.003755,0.003755,0.0,0.000852,0.000105,0.9999955892562866,0.0,0.0,0.000737,6.1e-05,0.999998152256012,nan,1000000
28399,-0.00024358928203582764,1.0015794038772583,0.004299,0.004299,0.0,0.000771,8.4e-05,0.9999895095825195,0.0,0.0,0.000737,6.1e-05,0.999998152256012,nan,1000000
28499,0.00039999186992645264,1.0014965534210205,0.003856,0.003856,0.0,0.000828,8.9e-05,0.9999786019325256,0.0,0.0,0.000737,6.1e-05,0.999998152256012,nan,1000000
28599,-8.858740329742432e-05,1.0006674528121948,0.004129,0.004129,0.0,0.000765,9.4e-05,0.999993085861206,0.0,0.0,0.000737,6.1e-05,0.999998152256012,nan,1000000
28699,0.0002968013286590576,1.0024720430374146,0.003998,0.003998,0.0,0.000789,9.1e-05,0.9999994039535522,0.0,0.0,0.000737,6.1e-05,0.999998152256012,nan,1000000
28799,5.887448787689209e-05,1.0010417699813843,0.003506,0.003506,0.0,0.000754,8.6e-05,0.9999881982803345,0.0,0.0,0.000737,6.1e-05,0.999998152256012,nan,1000000
28899,-0.0003768056631088257,1.0002530813217163,0.00373,0.00373,0.0,0.000842,8.9e-05,0.9999991059303284,0.0,0.0,0.000737,6.1e-05,0.999998152256012,nan,1000000
28999,0.00030049681663513184,1.0030378103256226,0.003959,0.003959,0.0,0.000875,0.000104,0.9999847412109375,0.0,0.0,0.000737,6.1e-05,0.999998152256012,nan,1000000
29099,0.00033655762672424316,1.0021308660507202,0.003677,0.003677,0.0,0.000898,0.000102,0.9999933242797852,0.0,0.0,0.000737,6.1e-05,0.999998152256012,nan,1000000
29199,-5.726516246795654e-05,1.0014989376068115,0.00391,0.00391,0.0,0.000841,9e-05,0.9999992847442627,0.0,0.0,0.000737,6.1e-05,0.999998152256012,nan,1000000
29299,0.00028155744075775146,1.001866102218628,0.003902,0.003902,0.0,0.000921,9.6e-05,0.9999995827674866,0.0,0.0,0.000737,6.1e-05,0.999998152256012,nan,1000000
29399,-0.0003895759582519531,1.000279426574707,0.004137,0.004137,0.0,0.000808,9.6e-05,0.999969482421875,0.0,0.0,0.000737,6.1e-05,0.999998152256012,nan,1000000
29499,-0.0002783238887786865,1.0015056133270264,0.00462,0.00462,0.0,0.000838,9.5e-05,0.9999780654907227,0.0,0.0,0.000737,6.1e-05,0.999998152256012,nan,1000000
29599,-0.00040359795093536377,1.0016475915908813,0.004392,0.004392,0.0,0.000927,0.000102,0.9999920129776001,0.0,0.0,0.000737,6.1e-05,0.999998152256012,nan,1000000
29699,0.0001306682825088501,1.0027121305465698,0.004328,0.004328,0.0,0.000888,0.000103,0.9999969005584717,0.0,0.0,0.000737,6.1e-05,0.999998152256012,nan,1000000
29799,0.00034230947494506836,1.0015583038330078,0.003726,0.003726,0.0,0.000903,9.9e-05,0.9999923706054688,0.0,0.0,0.000737,6.1e-05,0.999998152256012,nan,1000000
29899,0.0005740970373153687,1.0027867555618286,0.004287,0.004287,0.0,0.000797,8.2e-05,0.9999784231185913,0.0,0.0,0.000737,6.1e-05,0.999998152256012,nan,1000000
29999,-0.0003713071346282959,1.0023797750473022,0.00513,0.00513,0.0,0.000812,8.8e-05,0.9999945163726807,0.0,0.0,0.000737,6.1e-05,0.999998152256012,nan,1000000
30099,0.00025431811809539795,1.0032567977905273,0.004964,0.004964,0.0,0.000853,8e-05,0.9999866485595703,0.0,0.0,0.000737,6.1e-05,0.999998152256012,nan,1000000
30199,4.559755325317383e-05,1.001779556274414,0.004951,0.004951,0.0,0.000754,9.4e-05,0.9999646544456482,0.0,0.0,0.000737,6.1e-05,0.999998152256012,nan,1000000
30299,0.00020202994346618652,1.0021917819976807,0.004352,0.004352,0.0,0.000777,9.7e-05,0.9999740123748779,0.0,0.0,0.000737,6.1e-05,0.999998152256012,nan,1000000
30399,-0.0006885379552841187,0.9991361498832703,0.004939,0.004939,0.0,0.000762,8.7e-05,0.9999994039535522,0.0,0.0,0.000737,6.1e-05,0.999998152256012,nan,1000000
30499,-2.2843480110168457e-05,1.0016673803329468,0.004252,0.004252,0.0,0.000769,9.4e-05,0.9999933242797852,0.0,0.0,0.000737,6.1e-05,0.999998152256012,nan,1000000
30599,-0.0007711797952651978,1.0004029273986816,0.004535,0.004535,0.0,0.000758,8.8e-05,0.9999986886978149,0.0,0.0,0.000737,6.1e-05,0.999998152256012,nan,1000000
30699,-0.00019143521785736084,1.001711130142212,0.004229,0.004229,0.0,0.000775,9.4e-05,0.9999760389328003,0.0,0.0,0.000737,6.1e-05,0.999998152256012,nan,1000000
30799,0.0002750009298324585,1.003662347793579,0.004129,0.004129,0.0,0.000819,9.9e-05,0.9999961853027344,0.0,0.0,0.000737,6.1e-05,0.999998152256012,nan,1000000
30899,0.00025340914726257324,1.0007104873657227,0.0038,0.0038,0.0,0.000834,0.000102,0.9999963045120239,0.0,0.0,0.000737,6.1e-05,0.999998152256012,nan,1000000
30999,0.00017175078392028809,1.0016165971755981,0.003623,0.003623,0.0,0.000865,0.000109,0.9999740123748779,0.0,0.0,0.000737,6.1e-05,0.999998152256012,nan,1000000
31099,-0.00044840574264526367,0.999803364276886,0.004042,0.004042,0.0,0.000734,7.8e-05,0.9999979734420776,0.0,0.0,0.000737,6.1e-05,0.999998152256012,nan,1000000
31199,5.2616000175476074e-05,1.0017719268798828,0.00421,0.00421,0.0,0.000903,9.3e-05,0.9999955892562866,0.0,0.0,0.000737,6.1e-05,0.999998152256012,nan,1000000
31299,-0.0003946572542190552,1.0025194883346558,0.004867,0.004867,0.0,0.000797,0.0001,0.9999951124191284,0.0,0.0,0.000737,6.1e-05,0.999998152256012,nan,1000000
31399,0.0001963973045349121,1.0033061504364014,0.003961,0.003961,0.0,0.000852,9.7e-05,0.9999709129333496,0.0,0.0,0.000737,6.1e-05,0.999998152256012,nan,1000000
31499,0.0001698136329650879,1.0012675523757935,0.004217,0.004216,0.0,0.000776,8.9e-05,0.9999871253967285,0.0,0.0,0.000737,6.1e-05,0.999998152256012,nan,1000000
31599,0.0002709031105041504,1.00198233127594,0.004187,0.004187,0.0,0.000787,8.9e-05,0.9999994039535522,0.0,0.0,0.000737,6.1e-05,0.999998152256012,nan,1000000
31699,0.00022806227207183838,1.0026472806930542,0.004824,0.004824,0.0,0.000806,8.9e-05,0.9999934434890747,0.0,0.0,0.000737,6.1e-05,0.999998152256012,nan,1000000
31799,3.263354301452637e-05,1.0016796588897705,0.004102,0.004102,0.0,0.000829,9.1e-05,0.9999730587005615,0.0,0.0,0.000737,6.1e-05,0.999998152256012,nan,1000000
31899,-0.00016234815120697021,1.0017353296279907,0.004564,0.004564,0.0,0.000764,8e-05,0.9999737739562988,0.0,0.0,0.000737,6.1e-05,0.999998152256012,nan,1000000
31999,0.0001105964183807373,1.0029183626174927,0.004484,0.004484,0.0,0.000736,7.9e-05,0.9999975562095642,0.0,0.0,0.000737,6.1e-05,0.999998152256012,nan,1000000
32099,5.863606929779053e-05,1.0012913942337036,0.003865,0.003865,0.0,0.000765,8.6e-05,0.9999912977218628,0.0,0.0,0.000737,6.1e-05,0.999998152256012,nan,1000000
32199,0.0004945695400238037,1.0026808977127075,0.003716,0.003716,0.0,0.000693,6.2e-05,0.9999616146087646,0.0,0.0,0.000737,6.1e-05,0.999998152256012,nan,1000000
32299,-1.3113021850585938e-06,1.000460147857666,0.003968,0.003968,0.0,0.000725,8.1e-05,0.999974250793457,0.0,0.0,0.000737,6.1e-05,0.999998152256012,nan,1000000
32399,-0.0006164759397506714,1.0011180639266968,0.003976,0.003976,0.0,0.000782,9e-05,0.9999852776527405,0.0,0.0,0.000737,6.1e-05,0.999998152256012,nan,1000000
32499,-3.488361835479736e-05,1.0012770891189575,0.003338,0.003338,0.0,0.000765,8.7e-05,0.9999988675117493,0.0,0.0,0.000737,6.1e-05,0.999998152256012,nan,1000000
32599,-0.0008143037557601929,1.0010470151901245,0.004191,0.004191,0.0,0.0008,8.3e-05,0.9999961853027344,0.0,0.0,0.000737,6.1e-05,0.999998152256012,nan,1000000
32699,0.00033067166805267334,1.0026562213897705,0.003797,0.003797,0.0,0.000773,9.3e-05,0.9999864101409912,0.0,0.0,0.000737,6.1e-05,0.999998152256012,nan,1000000
32799,0.0001010894775390625,1.0021196603775024,0.00382,0.00382,0.0,0.000851,9.2e-05,0.9999934434890747,0.0,0.0,0.000737,6.1e-05,0.999998152256012,nan,1000000
32899,-0.0005973726511001587,1.0013668537139893,0.003887,0.003887,0.0,0.000779,8.8e-05,0.9999961853027344,0.0,0.0,0.000737,6.1e-05,0.999998152256012,nan,1000000
32999,0.0003239363431930542,1.0033340454101562,0.003477,0.003477,0.0,0.000862,9.4e-05,0.9999833106994629,0.0,0.0,0.000737,6.1e-05,0.999998152256012,nan,1000000
33099,0.00036534667015075684,1.0027616024017334,0.003558,0.003558,0.0,0.000791,8.3e-05,0.9999884366989136,0.0,0.0,0.000737,6.1e-05,0.999998152256012,nan,1000000
33199,0.000701606273651123,1.0036202669143677,0.00339,0.00339,0.0,0.00072,6.9e-05,0.9999819993972778,0.0,0.0,0.000737,6.1e-05,0.999998152256012,nan,1000000
33299,-0.0004881918430328369,0.9995633363723755,0.003611,0.003611,0.0,0.000717,7.1e-05,0.9999982118606567,0.0,0.0,0.000737,6.1e-05,0.999998152256012,nan,1000000
33399,-4.1961669921875e-05,1.0007368326187134,0.003243,0.003242,0.0,0.000792,8.9e-05,0.9999997615814209,0.0,0.0,0.000737,6.1e-05,0.999998152256012,nan,1000000
33499,0.00043736398220062256,1.0008480548858643,0.003398,0.003398,0.0,0.000793,8.8e-05,0.999998927116394,0.0,0.0,0.000737,6.1e-05,0.999998152256012,nan,1000000
33599,0.00012409687042236328,1.0014063119888306,0.0037229999999999997,0.003722,0.0,0.000801,9.6e-05,0.9999997615814209,0.0,0.0,0.000737,6.1e-05,0.999998152256012,nan,1000000
33699,0.00037238001823425293,1.001956820487976,0.003957,0.003957,0.0,0.000786,8.3e-05,0.9999823570251465,0.0,0.0,0.000737,6.1e-05,0.999998152256012,nan,1000000
33799,0.00019308924674987793,1.0011650323867798,0.004006,0.004006,0.0,0.000689,6.1e-05,0.9999920129776001,0.0,0.0,0.000737,6.1e-05,0.999998152256012,nan,1000000
33899,-0.00027666985988616943,1.000486135482788,0.004086,0.004086,0.0,0.000715,6.5e-05,0.9999996423721313,0.0,0.0,0.000737,6.1e-05,0.999998152256012,nan,1000000
33999,0.00019219517707824707,1.002731442451477,0.003536,0.003536,0.0,0.00083,8.8e-05,0.9999927878379822,0.0,0.0,0.000737,6.1e-05,0.999998152256012,nan,1000000
34099,0.00020743906497955322,1.001559853553772,0.003873,0.003873,0.0,0.000861,8.9e-05,0.999996542930603,0.0,0.0,0.000737,6.1e-05,0.999998152256012,nan,1000000
34199,0.00023809075355529785,1.0011241436004639,0.003939,0.003939,0.0,0.000817,9e-05,0.9999933242797852,0.0,0.0,0.000737,6.1e-05,0.999998152256012,nan,1000000
34299,0.0003721565008163452,1.0012933015823364,0.003712,0.003712,0.0,0.000886,0.000108,0.9999944567680359,0.0,0.0,0.000737,6.1e-05,0.999998152256012,nan,1000000
34399,0.00011776387691497803,1.0022307634353638,0.00407,0.00407,0.0,0.000813,8.4e-05,0.9999812841415405,0.0,0.0,0.000737,6.1e-05,0.999998152256012,nan,1000000
34499,0.0003005713224411011,1.002051591873169,0.004404,0.004404,0.0,0.000753,7.7e-05,0.9999961853027344,0.0,0.0,0.000737,6.1e-05,0.999998152256012,nan,1000000
34599,-6.912648677825928e-05,0.9997474551200867,0.004223,0.004222,0.0,0.000725,7.5e-05,0.9999544620513916,0.0,0.0,0.000737,6.1e-05,0.999998152256012,nan,1000000
34699,0.0006055235862731934,1.0026707649230957,0.003498,0.003498,0.0,0.000807,8.8e-05,0.9999985694885254,0.0,0.0,0.000737,6.1e-05,0.999998152256012,nan,1000000
34799,2.2202730178833008e-06,1.0013049840927124,0.003784,0.003784,0.0,0.000783,7.8e-05,0.9999914169311523,0.0,0.0,0.000737,6.1e-05,0.999998152256012,nan,1000000
34899,0.00011613965034484863,0.9997949004173279,0.004229,0.004229,0.0,0.00077,7.9e-05,0.9999854564666748,0.0,0.0,0.000737,6.1e-05,0.999998152256012,nan,1000000
34999,0.0007984936237335205,1.0021271705627441,0.003496,0.003496,0.0,0.000741,8.1e-05,0.9999996423721313,0.0,0.0,0.000737,6.1e-05,0.999998152256012,nan,1000000
35099,0.00012618303298950195,1.0002257823944092,0.003972,0.003972,0.0,0.000889,8.9e-05,0.9999966621398926,0.0,0.0,0.000737,6.1e-05,0.999998152256012,nan,1000000
35199,-5.8710575103759766e-06,1.0007163286209106,0.003962,0.003962,0.0,0.000837,8.7e-05,0.9999984502792358,0.0,0.0,0.000737,6.1e-05,0.999998152256012,nan,1000000
35299,-0.0002695620059967041,1.0012561082839966,0.004141,0.00414,0.0,0.000661,5.9e-05,0.9999794960021973,0.0,0.0,0.000737,6.1e-05,0.999998152256012,nan,1000000
35399,8.985400199890137e-05,1.002362847328186,0.004455,0.004453,0.0,0.000825,6.7e-05,0.9999773502349854,0.0,0.0,0.000737,6.1e-05,0.999998152256012,nan,1000000
35499,0.00041525065898895264,1.0020723342895508,0.003737,0.003737,0.0,0.000749,8e-05,0.9999978542327881,0.0,0.0,0.000737,6.1e-05,0.999998152256012,nan,1000000
35599,-0.00017185509204864502,1.0011675357818604,0.004114,0.004114,0.0,0.000649,6.3e-05,0.9999847412109375,0.0,0.0,0.000737,6.1e-05,0.999998152256012,nan,1000000
35699,0.0001949220895767212,1.0011684894561768,0.003857,0.003857,0.0,0.000681,6.3e-05,0.9999973773956299,0.0,0.0,0.000737,6.1e-05,0.999998152256012,nan,1000000
35799,-0.0004667043685913086,1.0016593933105469,0.004252,0.004252,0.0,0.000679,6.3e-05,0.999988317489624,0.0,0.0,0.000737,6.1e-05,0.999998152256012,nan,1000000
35899,-0.00010819733142852783,0.9995239973068237,0.003732,0.003732,0.0,0.000623,6e-05,0.9999908208847046,0.0,0.0,0.000737,6.1e-05,0.999998152256012,nan,1000000
35999,0.00028267502784729004,1.0025838613510132,0.003602,0.003601,0.0,0.000766,7.8e-05,0.9999973773956299,0.0,0.0,0.000737,6.1e-05,0.999998152256012,nan,1000000
36099,-0.00024138391017913818,1.001678705215454,0.004141,0.004141,0.0,0.000854,9.6e-05,0.9999851584434509,0.0,0.0,0.000737,6.1e-05,0.999998152256012,nan,1000000
36199,-2.1517276763916016e-05,1.0006296634674072,0.003742,0.003742,0.0,0.000745,8.2e-05,0.9999558925628662,0.0,0.0,0.000737,6.1e-05,0.999998152256012,nan,1000000
36299,0.0004135221242904663,1.0017271041870117,0.003527,0.003527,0.0,0.000666,6.3e-05,0.9999622106552124,0.0,0.0,0.000737,6.1e-05,0.999998152256012,nan,1000000
36399,0.00035350024700164795,1.0030149221420288,0.004178,0.004177,0.0,0.000685,6e-05,0.9999860525131226,0.0,0.0,0.000737,6.1e-05,0.999998152256012,nan,1000000
36499,0.000367969274520874,1.002346396446228,0.003262,0.003262,0.0,0.000741,7.3e-05,0.9999927282333374,0.0,0.0,0.000737,6.1e-05,0.999998152256012,nan,1000000
36599,-0.0003627389669418335,1.0008740425109863,0.003766,0.003766,0.0,0.000645,6.1e-05,0.9999709129333496,0.0,0.0,0.000737,6.1e-05,0.999998152256012,nan,1000000
36699,-0.0006993412971496582,0.99860018491745,0.003973,0.003973,0.0,0.000633,6.3e-05,0.9999990463256836,0.0,0.0,0.000737,6.1e-05,0.999998152256012,nan,1000000
36799,-0.00017079710960388184,1.001220941543579,0.003807,0.003807,0.0,0.000812,7.9e-05,0.9999953508377075,0.0,0.0,0.000737,6.1e-05,0.999998152256012,nan,1000000
36899,-9.210407733917236e-05,0.9998782277107239,0.003563,0.003563,0.0,0.000818,7.6e-05,0.9999988079071045,0.0,0.0,0.000737,6.1e-05,0.999998152256012,nan,1000000
36999,-0.00031691789627075195,1.0000165700912476,0.003904,0.003904,0.0,0.000753,7.7e-05,0.999995231628418,0.0,0.0,0.000737,6.1e-05,0.999998152256012,nan,1000000
37099,-0.0003594011068344116,1.0012003183364868,0.004142,0.004141,0.0,0.000724,7.4e-05,0.9999892711639404,0.0,0.0,0.000737,6.1e-05,0.999998152256012,nan,1000000
37199,0.000311434268951416,1.000527024269104,0.003198,0.003198,0.0,0.000616,5e-05,0.9999569654464722,0.0,0.0,0.000737,6.1e-05,0.999998152256012,nan,1000000
37299,0.0004847496747970581,1.003103494644165,0.0034019999999999988,0.003036,0.0,0.000717,7.2e-05,0.9999836683273315,0.0,0.0,0.000737,6.1e-05,0.999998152256012,nan,1000000
37399,0.0005278587341308594,1.0015193223953247,0.003041,0.003041,0.0,0.000741,7.9e-05,0.999990701675415,0.0,0.0,0.000737,6.1e-05,0.999998152256012,nan,1000000
37499,9.137392044067383e-05,0.99997478723526,0.003295,0.003295,0.0,0.000701,7.3e-05,0.9999932050704956,0.0,0.0,0.000737,6.1e-05,0.999998152256012,nan,1000000
37599,0.00020663440227508545,1.0021370649337769,0.003589,0.003589,0.0,0.000692,6.5e-05,0.9999619722366333,0.0,0.0,0.000737,6.1e-05,0.999998152256012,nan,1000000
37699,-1.430511474609375e-05,1.001383900642395,0.003428,0.003428,0.0,0.000717,7.3e-05,0.9999976754188538,0.0,0.0,0.000737,6.1e-05,0.999998152256012,nan,1000000
37799,-9.267032146453857e-05,1.0001014471054077,0.003503,0.003503,0.0,0.000717,6.8e-05,0.9999978542327881,0.0,0.0,0.000737,6.1e-05,0.999998152256012,nan,1000000
37899,-0.00011508166790008545,1.000815987586975,0.003622,0.003621,0.0,0.00076,8.5e-05,0.9999929666519165,0.0,0.0,0.000737,6.1e-05,0.999998152256012,nan,1000000
37999,-0.00030872225761413574,0.9994717836380005,0.003849,0.003849,0.0,0.000709,7.3e-05,0.9999995231628418,0.0,0.0,0.000737,6.1e-05,0.999998152256012,nan,1000000
38099,0.0004228353500366211,1.00130033493042,0.0035410000000000003,0.00354,0.0,0.000751,7.7e-05,0.9999963045120239,0.0,0.0,0.000737,6.1e-05,0.999998152256012,nan,1000000
38199,-0.00022834539413452148,0.9997878074645996,0.003852,0.003852,0.0,0.000621,5.7e-05,0.9999607801437378,0.0,0.0,0.000737,6.1e-05,0.999998152256012,nan,1000000
38299,0.00043070316314697266,1.001078724861145,0.003531,0.003531,0.0,0.000632,6.8e-05,0.9999756813049316,0.0,0.0,0.000737,6.1e-05,0.999998152256012,nan,1000000
38399,0.00012829899787902832,1.0015060901641846,0.003759,0.003759,0.0,0.000671,6.2e-05,0.9999790191650391,0.0,0.0,0.000737,6.1e-05,0.999998152256012,nan,1000000
38499,-3.84598970413208e-05,0.9992543458938599,0.003621,0.00362,0.0,0.000624,6.2e-05,0.9999250173568726,0.0,0.0,0.000737,6.1e-05,0.999998152256012,nan,1000000
38599,-0.0007468909025192261,1.0002611875534058,0.004244,0.004244,0.0,0.000705,6.6e-05,0.999981164932251,0.0,0.0,0.000737,6.1e-05,0.999998152256012,nan,1000000
38699,-0.00045399367809295654,0.9993982911109924,0.004417,0.004417,0.0,0.000637,6e-05,0.9999992251396179,0.0,0.0,0.000737,6.1e-05,0.999998152256012,nan,1000000
38799,-0.00029297173023223877,0.998909056186676,0.00371,0.00371,0.0,0.000679,7.1e-05,0.9999851584434509,0.0,0.0,0.000737,6.1e-05,0.999998152256012,nan,1000000
38899,-0.0003615915775299072,0.9994391202926636,0.003846,0.003846,0.0,0.000613,6e-05,0.999993085861206,0.0,0.0,0.000737,6.1e-05,0.999998152256012,nan,1000000
38999,0.0002884119749069214,1.000917911529541,0.003722,0.003722,0.0,0.000657,6.5e-05,0.9999997615814209,0.0,0.0,0.000737,6.1e-05,0.999998152256012,nan,1000000
39099,0.0003849118947982788,1.0015556812286377,0.003697,0.003697,0.0,0.000561,5e-05,0.9999828338623047,0.0,0.0,0.000737,6.1e-05,0.999998152256012,nan,1000000
39199,-0.000500902533531189,1.0004358291625977,0.004297,0.004297,0.0,0.000565,5.1e-05,0.9999958276748657,0.0,0.0,0.000737,6.1e-05,0.999998152256012,nan,1000000
39299,0.0001700073480606079,1.0016573667526245,0.003941,0.003941,0.0,0.000585,5.9e-05,0.9999678134918213,0.0,0.0,0.000737,6.1e-05,0.999998152256012,nan,1000000
39399,0.00032047927379608154,1.001402497291565,0.003543,0.003543,0.0,0.000676,6.4e-05,0.9999868869781494,0.0,0.0,0.000737,6.1e-05,0.999998152256012,nan,1000000
39499,0.00030632317066192627,1.0027507543563843,0.003994,0.003994,0.0,0.000625,6.6e-05,0.9999969005584717,0.0,0.0,0.000737,6.1e-05,0.999998152256012,nan,1000000
39599,-0.0002443045377731323,1.0006906986236572,0.003737,0.003737,0.0,0.00058,6.8e-05,0.9999692440032959,0.0,0.0,0.000737,6.1e-05,0.999998152256012,nan,1000000
39699,0.00015066564083099365,1.001172661781311,0.003428,0.003428,0.0,0.00071,7e-05,0.9999909400939941,0.0,0.0,0.000737,6.1e-05,0.999998152256012,nan,1000000
39799,0.00023080408573150635,1.0009554624557495,0.003218,0.003218,0.0,0.000662,6.4e-05,0.9999890327453613,0.0,0.0,0.000737,6.1e-05,0.999998152256012,nan,1000000
39899,0.00027532875537872314,1.0026745796203613,0.003399,0.003399,0.0,0.000601,7e-05,0.9999985694885254,0.0,0.0,0.000737,6.1e-05,0.999998152256012,nan,1000000
39999,0.0001452118158340454,1.0015869140625,0.003632,0.003632,0.0,0.000621,6.3e-05,0.9999914169311523,0.0,0.0,0.000737,6.1e-05,0.999998152256012,nan,1000000
40099,-1.901388168334961e-05,1.0016899108886719,0.00372,0.00372,0.0,0.000504,4.1e-05,0.9999907612800598,0.0,0.0,0.000737,6.1e-05,0.999998152256012,nan,1000000
40199,0.00011652708053588867,1.001204252243042,0.003474,0.003474,0.0,0.00054,5.2e-05,0.9999969005584717,0.0,0.0,0.000737,6.1e-05,0.999998152256012,nan,1000000
40299,-0.00028093159198760986,1.001564860343933,0.003556,0.003556,0.0,0.000558,5.1e-05,0.9999721050262451,0.0,0.0,0.000737,6.1e-05,0.999998152256012,nan,1000000
40399,-1.0728836059570312e-06,1.0022881031036377,0.004118,0.004117,0.0,0.000707,7.5e-05,0.9999454021453857,0.0,0.0,0.000737,6.1e-05,0.999998152256012,nan,1000000
40499,5.8397650718688965e-05,1.0009937286376953,0.003295,0.003295,0.0,0.000762,8.6e-05,0.9999991655349731,0.0,0.0,0.000737,6.1e-05,0.999998152256012,nan,1000000
40599,-0.00026792287826538086,1.0007438659667969,0.003768,0.003767,0.0,0.000706,7.6e-05,0.9999814033508301,0.0,0.0,0.000737,6.1e-05,0.999998152256012,nan,1000000
40699,-0.0003085583448410034,1.0011646747589111,0.003292,0.003291,0.0,0.000687,6.7e-05,0.9999778270721436,0.0,0.0,0.000737,6.1e-05,0.999998152256012,nan,1000000
40799,0.0004502534866333008,1.0016926527023315,0.0031,0.003099,0.0,0.000772,7.9e-05,0.9999922513961792,0.0,0.0,0.000737,6.1e-05,0.999998152256012,nan,1000000
40899,0.00042603909969329834,1.0015323162078857,0.003331,0.003331,0.0,0.000842,8.7e-05,0.9999964237213135,0.0,0.0,0.000737,6.1e-05,0.999998152256012,nan,1000000
40999,6.45071268081665e-05,1.0007504224777222,0.003243,0.003243,0.0,0.000859,8.8e-05,0.999990701675415,0.0,0.0,0.000737,6.1e-05,0.999998152256012,nan,1000000
41099,-0.000108376145362854,1.000688076019287,0.003258,0.003258,0.0,0.000745,8.7e-05,0.9999963045120239,0.0,0.0,0.000737,6.1e-05,0.999998152256012,nan,1000000
41199,-0.00018300116062164307,0.9998241066932678,0.003617,0.003617,0.0,0.000657,5.9e-05,0.9999508857727051,0.0,0.0,0.000737,6.1e-05,0.999998152256012,nan,1000000
41299,-0.0002455413341522217,1.000283122062683,0.003738,0.003738,0.0,0.000619,6.1e-05,0.9999679327011108,0.0,0.0,0.000737,6.1e-05,0.999998152256012,nan,1000000
41399,3.8295984268188477e-05,1.0016390085220337,0.003491,0.003491,0.0,0.000638,6.7e-05,0.9999861717224121,0.0,0.0,0.000737,6.1e-05,0.999998152256012,nan,1000000
41499,-0.00024478137493133545,1.000754714012146,0.003638,0.003638,0.0,0.000606,6.1e-05,0.9999792575836182,0.0,0.0,0.000737,6.1e-05,0.999998152256012,nan,1000000
41599,5.9932470321655273e-05,1.0026360750198364,0.003458,0.003458,0.0,0.000724,8.2e-05,0.9999982714653015,0.0,0.0,0.000737,6.1e-05,0.999998152256012,nan,1000000
41699,0.0006126165390014648,1.002617597579956,0.003616,0.003615,0.0,0.000744,7.5e-05,0.9999974966049194,0.0,0.0,0.000737,6.1e-05,0.999998152256012,nan,1000000
41799,-0.0003839433193206787,1.0008983612060547,0.003584,0.003583,0.0,0.00079,7.8e-05,0.9999908208847046,0.0,0.0,0.000737,6.1e-05,0.999998152256012,nan,1000000
41899,-0.00013117492198944092,1.002362608909607,0.003769,0.003769,0.0,0.000713,8e-05,0.9999992847442627,0.0,0.0,0.000737,6.1e-05,0.999998152256012,nan,1000000
41999,7.897615432739258e-05,1.001158356666565,0.003184,0.003184,0.0,0.000745,8.4e-05,0.9999936819076538,0.0,0.0,0.000737,6.1e-05,0.999998152256012,nan,1000000
42099,1.963973045349121e-05,1.0006420612335205,0.003633,0.003633,0.0,0.000517,5.3e-05,0.9999889135360718,0.0,0.0,0.000737,6.1e-05,0.999998152256012,nan,1000000
42199,0.00037857890129089355,1.001032829284668,0.003791000000000001,0.002931,0.0,0.000676,7.6e-05,0.9999953508377075,0.0,0.0,0.000737,6.1e-05,0.999998152256012,nan,1000000
42299,-0.00040505826473236084,1.0013837814331055,0.003901,0.003901,0.0,0.000669,5.9e-05,0.9999953508377075,0.0,0.0,0.000737,6.1e-05,0.999998152256012,nan,1000000
42399,0.00010126829147338867,1.0028624534606934,0.003578,0.003578,0.0,0.000707,7.4e-05,0.9999891519546509,0.0,0.0,0.000737,6.1e-05,0.999998152256012,nan,1000000
42499,-0.00040490925312042236,0.9995912909507751,0.003373,0.003373,0.0,0.000676,7.7e-05,0.9999905824661255,0.0,0.0,0.000737,6.1e-05,0.999998152256012,nan,1000000
42599,-0.0007753670215606689,1.0008893013000488,0.004066,0.004066,0.0,0.000794,8.5e-05,0.9999792575836182,0.0,0.0,0.000737,6.1e-05,0.999998152256012,nan,1000000
42699,0.0007040798664093018,1.0035202503204346,0.003581,0.003581,0.0,0.000765,7.8e-05,0.9999921321868896,0.0,0.0,0.000737,6.1e-05,0.999998152256012,nan,1000000
42799,-0.00023260712623596191,1.0017832517623901,0.003716,0.003716,0.0,0.000675,6.8e-05,0.999992847442627,0.0,0.0,0.000737,6.1e-05,0.999998152256012,nan,1000000
42899,0.000330314040184021,1.0032711029052734,0.004073,0.004072,0.0,0.000746,8.5e-05,0.9999957084655762,0.0,0.0,0.000737,6.1e-05,0.999998152256012,nan,1000000
42999,-2.1472573280334473e-05,1.0009777545928955,0.003639,0.003639,0.0,0.000779,8.8e-05,0.9999885559082031,0.0,0.0,0.000737,6.1e-05,0.999998152256012,nan,1000000
43099,8.07344913482666e-05,1.0012744665145874,0.00381,0.00381,0.0,0.000809,9.4e-05,0.9999889135360718,0.0,0.0,0.000737,6.1e-05,0.999998152256012,nan,1000000
43199,-8.493661880493164e-05,1.0015640258789062,0.004104,0.004104,0.0,0.000774,7.4e-05,0.9999925494194031,0.0,0.0,0.000737,6.1e-05,0.999998152256012,nan,1000000
43299,-0.00011974573135375977,1.000027060508728,0.004434,0.004434,0.0,0.000719,9.4e-05,0.9999910593032837,0.0,0.0,0.000737,6.1e-05,0.999998152256012,nan,1000000
43399,-8.222460746765137e-05,1.0004262924194336,0.003739,0.003739,0.0,0.000735,9.1e-05,0.9999572038650513,0.0,0.0,0.000737,6.1e-05,0.999998152256012,nan,1000000
43499,0.00034408271312713623,1.0023378133773804,0.0039,0.0039,0.0,0.000734,9e-05,0.9999547600746155,0.0,0.0,0.000737,6.1e-05,0.999998152256012,nan,1000000
43599,0.0006031543016433716,1.0024991035461426,0.003517,0.003517,0.0,0.000771,8.1e-05,0.9999790191650391,0.0,0.0,0.000737,6.1e-05,0.999998152256012,nan,1000000
43699,-3.4749507904052734e-05,1.0011073350906372,0.004069,0.004069,0.0,0.000728,8.3e-05,0.9999986886978149,0.0,0.0,0.000737,6.1e-05,0.999998152256012,nan,1000000
43799,0.00013631582260131836,1.001985788345337,0.003598,0.003598,0.0,0.000779,8.7e-05,0.9999904632568359,0.0,0.0,0.000737,6.1e-05,0.999998152256012,nan,1000000
43899,-0.00039102137088775635,1.0001190900802612,0.003807,0.003807,0.0,0.000788,9.1e-05,0.9999958276748657,0.0,0.0,0.000737,6.1e-05,0.999998152256012,nan,1000000
43999,0.00020579993724822998,1.002161979675293,0.003308,0.003308,0.0,0.000748,8.9e-05,0.9999966621398926,0.0,0.0,0.000737,6.1e-05,0.999998152256012,nan,1000000
44099,-3.2335519790649414e-05,1.0023256540298462,0.003997,0.003997,0.0,0.000684,8.7e-05,0.9999915361404419,0.0,0.0,0.000737,6.1e-05,0.999998152256012,nan,1000000
44199,9.262561798095703e-05,1.0018292665481567,0.003974,0.003974,0.0,0.00065,7.9e-05,0.9999803304672241,0.0,0.0,0.000737,6.1e-05,0.999998152256012,nan,1000000
44299,9.074807167053223e-05,1.0020421743392944,0.004211,0.004211,0.0,0.000766,8.4e-05,0.9999793767929077,0.0,0.0,0.000737,6.1e-05,0.999998152256012,nan,1000000
44399,-5.190074443817139e-05,1.0002914667129517,0.003824,0.003824,0.0,0.000665,7.7e-05,0.9999947547912598,0.0,0.0,0.000737,6.1e-05,0.999998152256012,nan,1000000
44499,0.0007262676954269409,1.0031379461288452,0.003576,0.003576,0.0,0.000843,9.4e-05,0.9999982118606567,0.0,0.0,0.000737,6.1e-05,0.999998152256012,nan,1000000
44599,0.0005458146333694458,1.0032867193222046,0.003532,0.003532,0.0,0.000763,7.8e-05,0.9999717473983765,0.0,0.0,0.000737,6.1e-05,0.999998152256012,nan,1000000
44699,0.00017683207988739014,1.002959966659546,0.003801,0.003801,0.0,0.000781,8.5e-05,0.9999945163726807,0.0,0.0,0.000737,6.1e-05,0.999998152256012,nan,1000000
44799,-0.0002864450216293335,1.0006910562515259,0.004061,0.004061,0.0,0.000795,9.5e-05,0.9999979734420776,0.0,0.0,0.000737,6.1e-05,0.999998152256012,nan,1000000
44899,-3.091990947723389e-05,1.001544713973999,0.003991,0.003991,0.0,0.000743,7.6e-05,0.9999986886978149,0.0,0.0,0.000737,6.1e-05,0.999998152256012,nan,1000000
44999,-1.7762184143066406e-05,1.0006290674209595,0.003644,0.003644,0.0,0.000641,6.4e-05,0.9999946355819702,0.0,0.0,0.000737,6.1e-05,0.999998152256012,nan,1000000
45099,0.0005798786878585815,1.001920461654663,0.003615,0.003615,0.0,0.000756,7.5e-05,0.9999912977218628,0.0,0.0,0.000737,6.1e-05,0.999998152256012,nan,1000000
45199,0.00010617077350616455,1.0023919343948364,0.004117,0.004117,0.0,0.000702,6.6e-05,0.9999796748161316,0.0,0.0,0.000737,6.1e-05,0.999998152256012,nan,1000000
45299,0.0003398805856704712,1.002481460571289,0.003974,0.003974,0.0,0.00068,6.3e-05,0.9999862909317017,0.0,0.0,0.000737,6.1e-05,0.999998152256012,nan,1000000
45399,0.00014355778694152832,1.00174081325531,0.003993,0.003993,0.0,0.000736,6.8e-05,0.9999887943267822,0.0,0.0,0.000737,6.1e-05,0.999998152256012,nan,1000000
45499,-0.00018870830535888672,1.001348614692688,0.004229,0.004229,0.0,0.000785,8.2e-05,0.9999999403953552,0.0,0.0,0.000737,6.1e-05,0.999998152256012,nan,1000000
45599,-0.0005671381950378418,1.0013067722320557,0.004672,0.004672,0.0,0.000795,8.6e-05,0.9999679923057556,0.0,0.0,0.000737,6.1e-05,0.999998152256012,nan,1000000
45699,0.00027945637702941895,1.002256989479065,0.003949,0.003949,0.0,0.000734,6.9e-05,0.9999988079071045,0.0,0.0,0.000737,6.1e-05,0.999998152256012,nan,1000000
45799,-0.00012049078941345215,1.0019862651824951,0.004604,0.004604,0.0,0.000652,5.8e-05,0.9999752640724182,0.0,0.0,0.000737,6.1e-05,0.999998152256012,nan,1000000
45899,0.0003002434968948364,1.0017304420471191,0.004087,0.004086,0.0,0.000814,7.9e-05,0.999995231628418,0.0,0.0,0.000737,6.1e-05,0.999998152256012,nan,1000000
45999,-0.00015573203563690186,1.000825047492981,0.004072,0.004072,0.0,0.000806,7.6e-05,0.9999953508377075,0.0,0.0,0.000737,6.1e-05,0.999998152256012,nan,1000000
46099,0.0002495795488357544,1.0014923810958862,0.00391,0.00391,0.0,0.000832,9.6e-05,0.9999914169311523,0.0,0.0,0.000737,6.1e-05,0.999998152256012,nan,1000000
46199,-0.000110626220703125,1.0025978088378906,0.00447,0.00447,0.0,0.00075,7.6e-05,0.9999927282333374,0.0,0.0,0.000737,6.1e-05,0.999998152256012,nan,1000000
46299,-3.7863850593566895e-05,1.0012489557266235,0.004345,0.004345,0.0,0.000615,6.1e-05,0.9999568462371826,0.0,0.0,0.000737,6.1e-05,0.999998152256012,nan,1000000
46399,-0.0004491657018661499,1.0016627311706543,0.004362,0.004362,0.0,0.000616,6e-05,0.9999763369560242,0.0,0.0,0.000737,6.1e-05,0.999998152256012,nan,1000000
46499,-0.0006334483623504639,1.000362515449524,0.004937,0.004937,0.0,0.000624,6e-05,0.9999884366989136,0.0,0.0,0.000737,6.1e-05,0.999998152256012,nan,1000000
46599,-0.0005723685026168823,0.9993027448654175,0.004437,0.004437,0.0,0.000689,6e-05,0.9999726414680481,0.0,0.0,0.000737,6.1e-05,0.999998152256012,nan,1000000
46699,-0.0001214444637298584,1.0014843940734863,0.004371,0.004371,0.0,0.000679,6e-05,0.9999563694000244,0.0,0.0,0.000737,6.1e-05,0.999998152256012,nan,1000000
46799,-0.00031299889087677,1.0013099908828735,0.004365,0.004365,0.0,0.000635,6e-05,0.9999996423721313,0.0,0.0,0.000737,6.1e-05,0.999998152256012,nan,1000000
46899,-0.0002466738224029541,1.0019975900650024,0.004785,0.004785,0.0,0.00066,7e-05,0.999985933303833,0.0,0.0,0.000737,6.1e-05,0.999998152256012,nan,1000000
46999,-3.255903720855713e-05,1.0021692514419556,0.004625,0.004625,0.0,0.000691,6.6e-05,0.9999983310699463,0.0,0.0,0.000737,6.1e-05,0.999998152256012,nan,1000000
47099,-3.954768180847168e-05,1.0011097192764282,0.004372,0.004372,0.0,0.000696,6.9e-05,0.9999954700469971,0.0,0.0,0.000737,6.1e-05,0.999998152256012,nan,1000000
47199,-0.00016392767429351807,1.0008752346038818,0.004417,0.004416,0.0,0.000649,7.1e-05,0.9999996423721313,0.0,0.0,0.000737,6.1e-05,0.999998152256012,nan,1000000
47299,-0.00026670098304748535,1.002303123474121,0.004366,0.004366,0.0,0.000689,6.7e-05,0.9999980926513672,0.0,0.0,0.000737,6.1e-05,0.999998152256012,nan,1000000
47399,-0.00047218799591064453,0.9998286962509155,0.00438,0.00438,0.0,0.000839,7.6e-05,0.9999986886978149,0.0,0.0,0.000737,6.1e-05,0.999998152256012,nan,1000000
47499,-0.0002942383289337158,1.0004432201385498,0.00446,0.00446,0.0,0.000844,8.4e-05,0.999993622303009,0.0,0.0,0.000737,6.1e-05,0.999998152256012,nan,1000000
47599,0.00014100968837738037,1.00163733959198,0.004112,0.004112,0.0,0.000828,7.4e-05,0.9999858140945435,0.0,0.0,0.000737,6.1e-05,0.999998152256012,nan,1000000
47699,-0.0004203319549560547,1.0016692876815796,0.004692,0.004692,0.0,0.000792,8.9e-05,0.9999996423721313,0.0,0.0,0.000737,6.1e-05,0.999998152256012,nan,1000000
47799,-0.00015625357627868652,1.000597357749939,0.004276,0.004276,0.0,0.000834,7.9e-05,0.9999441504478455,0.0,0.0,0.000737,6.1e-05,0.999998152256012,nan,1000000
47899,0.00034186244010925293,1.0015146732330322,0.003944,0.003944,0.0,0.000856,8.3e-05,0.999991238117218,0.0,0.0,0.000737,6.1e-05,0.999998152256012,nan,1000000
47999,-8.642673492431641e-07,1.0014870166778564,0.004143,0.004143,0.0,0.000912,9e-05,0.999991774559021,0.0,0.0,0.000737,6.1e-05,0.999998152256012,nan,1000000
48099,-0.0002459883689880371,1.0015281438827515,0.004247,0.004247,0.0,0.00086,8.3e-05,0.9999760389328003,0.0,0.0,0.000737,6.1e-05,0.999998152256012,nan,1000000
48199,-0.0003667771816253662,0.9995715022087097,0.003858,0.003858,0.0,0.000682,7.7e-05,0.9999987483024597,0.0,0.0,0.000737,6.1e-05,0.999998152256012,nan,1000000
48299,1.3768672943115234e-05,1.0006684064865112,0.004007,0.004007,0.0,0.000666,6.3e-05,0.9999982118606567,0.0,0.0,0.000737,6.1e-05,0.999998152256012,nan,1000000
48399,0.00023698806762695312,1.0010907649993896,0.004158,0.004158,0.0,0.000749,7.4e-05,0.9999878406524658,0.0,0.0,0.000737,6.1e-05,0.999998152256012,nan,1000000
48499,0.0005854517221450806,1.0024923086166382,0.004014,0.004014,0.0,0.000644,6.5e-05,0.9999672174453735,0.0,0.0,0.000737,6.1e-05,0.999998152256012,nan,1000000
48599,-5.4717063903808594e-05,0.9997674226760864,0.003994,0.003994,0.0,0.000648,6.3e-05,0.9999568462371826,0.0,0.0,0.000737,6.1e-05,0.999998152256012,nan,1000000
48699,-0.0001192241907119751,1.0021215677261353,0.00426,0.00426,0.0,0.00084,6.9e-05,0.9999988079071045,0.0,0.0,0.000737,6.1e-05,0.999998152256012,nan,1000000
48799,0.0002820342779159546,1.0003105401992798,0.003753,0.003753,0.0,0.000794,8.4e-05,0.9999975562095642,0.0,0.0,0.000737,6.1e-05,0.999998152256012,nan,1000000
48899,0.00039654970169067383,1.001936674118042,0.00377,0.00377,0.0,0.000905,8.9e-05,0.9999758005142212,0.0,0.0,0.000737,6.1e-05,0.999998152256012,nan,1000000
48999,0.001051396131515503,1.0047545433044434,0.004193,0.004193,0.0,0.000878,8.2e-05,0.9999822378158569,0.0,0.0,0.000737,6.1e-05,0.999998152256012,nan,1000000
49099,0.00013728439807891846,1.002256989479065,0.004139,0.004139,0.0,0.000881,8e-05,0.9999979734420776,0.0,0.0,0.000737,6.1e-05,0.999998152256012,nan,1000000
49199,-0.0003588050603866577,1.000241994857788,0.00411,0.00411,0.0,0.000844,8.4e-05,0.999964714050293,0.0,0.0,0.000737,6.1e-05,0.999998152256012,nan,1000000
49299,6.35981559753418e-05,1.001558780670166,0.004136,0.004136,0.0,0.000924,9.7e-05,0.9999692440032959,0.0,0.0,0.000737,6.1e-05,0.999998152256012,nan,1000000
49399,0.00023418664932250977,1.0013483762741089,0.003721,0.003721,0.0,0.00083,7.7e-05,0.9999575614929199,0.0,0.0,0.000737,6.1e-05,0.999998152256012,nan,1000000
49499,-0.00027485191822052,1.0010260343551636,0.004752,0.004751,0.0,0.000833,7e-05,0.9999949932098389,0.0,0.0,0.000737,6.1e-05,0.999998152256012,nan,1000000
49599,0.00023359060287475586,1.0026577711105347,0.003918,0.003918,0.0,0.000876,8.1e-05,0.9999799728393555,0.0,0.0,0.000737,6.1e-05,0.999998152256012,nan,1000000
49699,-0.00036640465259552,1.0008338689804077,0.003857,0.003857,0.0,0.000829,7.5e-05,0.9999879598617554,0.0,0.0,0.000737,6.1e-05,0.999998152256012,nan,1000000
49799,0.00021798908710479736,1.0019776821136475,0.003899,0.003899,0.0,0.000818,6.3e-05,0.9999791383743286,0.0,0.0,0.000737,6.1e-05,0.999998152256012,nan,1000000
49899,-5.662441253662109e-06,1.0015721321105957,0.003736,0.003736,0.0,0.000788,6.3e-05,0.9999828338623047,0.0,0.0,0.000737,6.1e-05,0.999998152256012,nan,1000000
49999,8.670985698699951e-05,1.0008100271224976,0.003503,0.003503,0.0,0.000717,8e-05,0.9999977350234985,0.0,0.0,0.000737,6.1e-05,0.999998152256012,nan,1000000
50099,-0.00023956596851348877,1.000932216644287,0.0048,0.0048,0.0,0.000797,8e-05,0.9999979734420776,0.0,0.0,0.000737,6.1e-05,0.999998152256012,nan,1000000
50199,-0.000671878457069397,0.9986289143562317,0.003271,0.003271,0.0,0.0008,8.2e-05,0.9999957084655762,0.0,0.0,0.000737,6.1e-05,0.999998152256012,nan,1000000
50299,-0.00032126903533935547,1.001360535621643,0.003857,0.003857,0.0,0.000836,6.6e-05,0.9999845027923584,0.0,0.0,0.000737,6.1e-05,0.999998152256012,nan,1000000
50399,-0.00023287534713745117,1.0004453659057617,0.003977,0.003977,0.0,0.000762,6.7e-05,0.9999678134918213,0.0,0.0,0.000737,6.1e-05,0.999998152256012,nan,1000000
50499,0.0003243684768676758,1.0015442371368408,0.003414,0.003414,0.0,0.00075,7.3e-05,0.9999979734420776,0.0,0.0,0.000737,6.1e-05,0.999998152256012,nan,1000000
50599,-0.00013975799083709717,1.0021278858184814,0.004094,0.004094,0.0,0.000748,6.8e-05,0.999990701675415,0.0,0.0,0.000737,6.1e-05,0.999998152256012,nan,1000000
50699,0.00020726025104522705,1.0013854503631592,0.003667,0.003667,0.0,0.000744,7.5e-05,0.9999685287475586,0.0,0.0,0.000737,6.1e-05,0.999998152256012,nan,1000000
50799,-0.00011152029037475586,1.0013139247894287,0.004203,0.004203,0.0,0.000709,7.8e-05,0.9999847412109375,0.0,0.0,0.000737,6.1e-05,0.999998152256012,nan,1000000
50899,-0.0005301982164382935,1.0005125999450684,0.004602,0.004602,0.0,0.00069,6.4e-05,0.9999924302101135,0.0,0.0,0.000737,6.1e-05,0.999998152256012,nan,1000000
50999,0.0002494603395462036,1.0017813444137573,0.003665,0.003665,0.0,0.000677,6.9e-05,0.999984860420227,0.0,0.0,0.000737,6.1e-05,0.999998152256012,nan,1000000
51099,0.00026969611644744873,1.0015710592269897,0.003711,0.003711,0.0,0.000615,5.7e-05,0.9999673366546631,0.0,0.0,0.000737,6.1e-05,0.999998152256012,nan,1000000
51199,0.00016552209854125977,1.0017356872558594,0.003598,0.003597,0.0,0.000741,7.7e-05,0.9999845027923584,0.0,0.0,0.000737,6.1e-05,0.999998152256012,nan,1000000
51299,9.24915075302124e-05,1.0015634298324585,0.003429,0.003429,0.0,0.000773,8.7e-05,0.9999573230743408,0.0,0.0,0.000737,6.1e-05,0.999998152256012,nan,1000000
51399,-0.00024677813053131104,1.0018985271453857,0.003995,0.003994,0.0,0.000775,8.3e-05,0.9999926090240479,0.0,0.0,0.000737,6.1e-05,0.999998152256012,nan,1000000
51499,0.0006248354911804199,1.0034340620040894,0.003594,0.003594,0.0,0.000855,9.3e-05,0.9999951124191284,0.0,0.0,0.000737,6.1e-05,0.999998152256012,nan,1000000
51599,0.00019094347953796387,1.001848578453064,0.004089,0.004088,0.0,0.000887,8.8e-05,0.9999896287918091,0.0,0.0,0.000737,6.1e-05,0.999998152256012,nan,1000000
51699,0.0004582256078720093,1.0009713172912598,0.003773,0.003772,0.0,0.000732,7.2e-05,0.9999963045120239,0.0,0.0,0.000737,6.1e-05,0.999998152256012,nan,1000000
51799,-3.987550735473633e-05,1.0002247095108032,0.004069,0.004069,0.0,0.000657,6.6e-05,0.9999984502792358,0.0,0.0,0.000737,6.1e-05,0.999998152256012,nan,1000000
51899,3.813207149505615e-05,1.002389907836914,0.004044,0.004044,0.0,0.000713,6.6e-05,0.9999953508377075,0.0,0.0,0.000737,6.1e-05,0.999998152256012,nan,1000000
51999,9.588897228240967e-05,1.001948356628418,0.004066,0.004066,0.0,0.000803,7.3e-05,0.9999887943267822,0.0,0.0,0.000737,6.1e-05,0.999998152256012,nan,1000000
52099,-0.0003215521574020386,0.9998867511749268,0.003861,0.003861,0.0,0.000738,7e-05,0.9999971389770508,0.0,0.0,0.000737,6.1e-05,0.999998152256012,nan,1000000
52199,0.00026206672191619873,1.0009398460388184,0.00341,0.00341,0.0,0.000752,7e-05,0.9999842643737793,0.0,0.0,0.000737,6.1e-05,0.999998152256012,nan,1000000
52299,0.0001233220100402832,1.0016976594924927,0.00367,0.00367,0.0,0.000807,8.2e-05,0.9999880790710449,0.0,0.0,0.000737,6.1e-05,0.999998152256012,nan,1000000
52399,-3.826618194580078e-05,1.001541018486023,0.003445,0.003445,0.0,0.000741,6.9e-05,0.9999925494194031,0.0,0.0,0.000737,6.1e-05,0.999998152256012,nan,1000000
52499,-0.00018858909606933594,1.0013841390609741,0.00395,0.00395,0.0,0.000753,7.4e-05,0.9999915361404419,0.0,0.0,0.000737,6.1e-05,0.999998152256012,nan,1000000
52599,0.00032182037830352783,1.0030015707015991,0.003125,0.003125,0.0,0.000691,6.7e-05,0.9999916553497314,0.0,0.0,0.000737,6.1e-05,0.999998152256012,nan,1000000
52699,-0.00031782686710357666,1.0008774995803833,0.003668,0.003668,0.0,0.000686,6.1e-05,0.9999993443489075,0.0,0.0,0.000737,6.1e-05,0.999998152256012,nan,1000000
52799,8.162856101989746e-05,1.0017162561416626,0.003228,0.003228,0.0,0.000662,6.5e-05,0.9999587535858154,0.0,0.0,0.000737,6.1e-05,0.999998152256012,nan,1000000
52899,-0.00025360286235809326,1.0020499229431152,0.004339,0.004339,0.0,0.000739,6.8e-05,0.9999872446060181,0.0,0.0,0.000737,6.1e-05,0.999998152256012,nan,1000000
52999,-9.02414321899414e-05,1.002123236656189,0.003681,0.003681,0.0,0.000781,8.1e-05,0.99998939037323,0.0,0.0,0.000737,6.1e-05,0.999998152256012,nan,1000000
53099,-0.00039418041706085205,1.0017162561416626,0.003769,0.003769,0.0,0.000699,7.3e-05,0.9999937415122986,0.0,0.0,0.000737,6.1e-05,0.999998152256012,nan,1000000
53199,-0.000327378511428833,1.002126693725586,0.003962,0.003962,0.0,0.000715,7.4e-05,0.9999891519546509,0.0,0.0,0.000737,6.1e-05,0.999998152256012,nan,1000000
53299,-7.049739360809326e-05,1.0016670227050781,0.003439,0.003439,0.0,0.00071,7.5e-05,0.9999954700469971,0.0,0.0,0.000737,6.1e-05,0.999998152256012,nan,1000000
53399,0.0005241334438323975,1.0030772686004639,0.003377,0.003376,0.0,0.000751,7.8e-05,0.999994695186615,0.0,0.0,0.000737,6.1e-05,0.999998152256012,nan,1000000
53499,8.36104154586792e-05,1.0017305612564087,0.003351,0.003351,0.0,0.000737,7.7e-05,0.999997615814209,0.0,0.0,0.000737,6.1e-05,0.999998152256012,nan,1000000
53599,-0.00021776556968688965,1.001461386680603,0.00373,0.00373,0.0,0.000709,7.2e-05,0.999974250793457,0.0,0.0,0.000737,6.1e-05,0.999998152256012,nan,1000000
53699,0.00027896463871002197,1.0033725500106812,0.003639,0.003638,0.0,0.000629,6e-05,0.9999918937683105,0.0,0.0,0.000737,6.1e-05,0.999998152256012,nan,1000000
53799,-0.00045111775398254395,1.0018285512924194,0.004155,0.004155,0.0,0.00076,7.5e-05,0.9999932050704956,0.0,0.0,0.000737,6.1e-05,0.999998152256012,nan,1000000
53899,-0.000400349497795105,1.001253366470337,0.004139,0.004139,0.0,0.000623,4e-05,0.9999450445175171,0.0,0.0,0.000737,6.1e-05,0.999998152256012,nan,1000000
53999,-0.00017620623111724854,1.001078486442566,0.003585,0.003585,0.0,0.000762,7.1e-05,0.9999902248382568,0.0,0.0,0.000737,6.1e-05,0.999998152256012,nan,1000000
54099,-0.0004601329565048218,1.0011012554168701,0.004142,0.004142,0.0,0.000823,8.4e-05,0.9999918937683105,0.0,0.0,0.000737,6.1e-05,0.999998152256012,nan,1000000
54199,-0.0005916506052017212,0.999739408493042,0.003934,0.003934,0.0,0.000607,5.4e-05,0.9999934434890747,0.0,0.0,0.000737,6.1e-05,0.999998152256012,nan,1000000
54299,0.0006235092878341675,1.0030388832092285,0.003418,0.003418,0.0,0.00072,5.9e-05,0.9999719858169556,0.0,0.0,0.000737,6.1e-05,0.999998152256012,nan,1000000
54399,1.2814998626708984e-06,1.000104546546936,0.003309,0.003308,0.0,0.000729,6.7e-05,0.9999561309814453,0.0,0.0,0.000737,6.1e-05,0.999998152256012,nan,1000000
54499,5.289912223815918e-06,1.0007944107055664,0.003577,0.003577,0.0,0.000813,7e-05,0.999995231628418,0.0,0.0,0.000737,6.1e-05,0.999998152256012,nan,1000000
54599,0.0004328489303588867,1.002163290977478,0.003302,0.003302,0.0,0.000763,7.6e-05,0.9999962449073792,0.0,0.0,0.000737,6.1e-05,0.999998152256012,nan,1000000
54699,-5.7384371757507324e-05,1.0014991760253906,0.003604,0.003604,0.0,0.000828,7.9e-05,0.9999990463256836,0.0,0.0,0.000737,6.1e-05,0.999998152256012,nan,1000000
54799,0.0005079656839370728,1.0023123025894165,0.0034859999999999995,0.003199,0.0,0.000773,7.3e-05,0.9999754428863525,0.0,0.0,0.000737,6.1e-05,0.999998152256012,nan,1000000
54899,0.00024884939193725586,1.0019876956939697,0.003386,0.003386,0.0,0.000763,7.5e-05,0.9999953508377075,0.0,0.0,0.000737,6.1e-05,0.999998152256012,nan,1000000
54999,-0.0004474520683288574,1.0014572143554688,0.003996,0.003996,0.0,0.000732,7.5e-05,0.9999929666519165,0.0,0.0,0.000737,6.1e-05,0.999998152256012,nan,1000000
55099,-0.0003203153610229492,0.999828577041626,0.003601,0.003601,0.0,0.000769,8.3e-05,0.9999964237213135,0.0,0.0,0.000737,6.1e-05,0.999998152256012,nan,1000000
55199,0.0001589655876159668,1.0007452964782715,0.003795,0.003795,0.0,0.000791,7.9e-05,0.9999752044677734,0.0,0.0,0.000737,6.1e-05,0.999998152256012,nan,1000000
55299,0.00030203163623809814,1.0013866424560547,0.003652,0.003652,0.0,0.000717,7.7e-05,0.9999709129333496,0.0,0.0,0.000737,6.1e-05,0.999998152256012,nan,1000000
55399,-8.985400199890137e-05,1.000978708267212,0.003779,0.003779,0.0,0.000765,7.3e-05,0.9999581575393677,0.0,0.0,0.000737,6.1e-05,0.999998152256012,nan,1000000
55499,0.00048738718032836914,1.0017106533050537,0.003572,0.003572,0.0,0.000714,6.9e-05,0.99997878074646,0.0,0.0,0.000737,6.1e-05,0.999998152256012,nan,1000000
55599,-0.00016570091247558594,1.0011810064315796,0.004143,0.004143,0.0,0.000793,7.4e-05,0.9999977350234985,0.0,0.0,0.000737,6.1e-05,0.999998152256012,nan,1000000
55699,-0.00011605024337768555,0.999946117401123,0.0033,0.0033,0.0,0.000788,7.8e-05,0.9999991059303284,0.0,0.0,0.000737,6.1e-05,0.999998152256012,nan,1000000
55799,-0.0004169046878814697,1.0007120370864868,0.003821,0.00382,0.0,0.000793,7.6e-05,0.9999866485595703,0.0,0.0,0.000737,6.1e-05,0.999998152256012,nan,1000000
55899,-0.0004462301731109619,0.9994176626205444,0.003416,0.003416,0.0,0.000739,7.5e-05,0.9999986886978149,0.0,0.0,0.000737,6.1e-05,0.999998152256012,nan,1000000
55999,-0.00036644935607910156,1.00068199634552,0.003718,0.003718,0.0,0.000714,6.5e-05,0.9999918937683105,0.0,0.0,0.000737,6.1e-05,0.999998152256012,nan,1000000
56099,-0.0007439255714416504,1.00080406665802,0.003863,0.003863,0.0,0.000747,6.8e-05,0.9999949932098389,0.0,0.0,0.000737,6.1e-05,0.999998152256012,nan,1000000
56199,-0.00029903650283813477,1.0009467601776123,0.003436,0.003436,0.0,0.000804,7.5e-05,0.9999796152114868,0.0,0.0,0.000737,6.1e-05,0.999998152256012,nan,1000000
56299,0.00013218820095062256,1.0011920928955078,0.003477,0.003477,0.0,0.000737,7.6e-05,0.9999662637710571,0.0,0.0,0.000737,6.1e-05,0.999998152256012,nan,1000000
56399,-0.0003523975610733032,1.0003552436828613,0.003973,0.003973,0.0,0.000806,8.3e-05,0.9999893307685852,0.0,0.0,0.000737,6.1e-05,0.999998152256012,nan,1000000
56499,8.495151996612549e-05,1.0015844106674194,0.003607,0.003607,0.0,0.000757,7.5e-05,0.9999821186065674,0.0,0.0,0.000737,6.1e-05,0.999998152256012,nan,1000000
56599,-0.0005448013544082642,0.9997210502624512,0.003606,0.003606,0.0,0.000699,7.2e-05,0.9999974966049194,0.0,0.0,0.000737,6.1e-05,0.999998152256012,nan,1000000
56699,0.00022023916244506836,1.0019776821136475,0.003838,0.003838,0.0,0.000907,7.8e-05,0.999998152256012,0.0,0.0,0.000737,6.1e-05,0.999998152256012,nan,1000000
56799,-0.0004540681838989258,1.0002143383026123,0.004274,0.004274,0.0,0.000787,7.1e-05,0.9999936819076538,0.0,0.0,0.000737,6.1e-05,0.999998152256012,nan,1000000
56899,0.00025281310081481934,1.0026493072509766,0.003576,0.003576,0.0,0.000747,7.2e-05,0.9999899864196777,0.0,0.0,0.000737,6.1e-05,0.999998152256012,nan,1000000
56999,-0.0004100203514099121,1.0004041194915771,0.004054,0.004054,0.0,0.000722,6.8e-05,0.9999814033508301,0.0,0.0,0.000737,6.1e-05,0.999998152256012,nan,1000000
57099,0.0004404783248901367,1.002869963645935,0.003455,0.003455,0.0,0.000771,6.8e-05,0.9999961853027344,0.0,0.0,0.000737,6.1e-05,0.999998152256012,nan,1000000
57199,-5.742907524108887e-05,1.0018104314804077,0.003093,0.003093,0.0,0.00086,7.7e-05,0.9999618530273438,0.0,0.0,0.000737,6.1e-05,0.999998152256012,nan,1000000
57299,-5.392730236053467e-05,1.0017122030258179,0.0035,0.0035,0.0,0.000807,7.2e-05,0.9999475479125977,0.0,0.0,0.000737,6.1e-05,0.999998152256012,nan,1000000
57399,-0.00031706690788269043,1.0003091096878052,0.003419,0.003419,0.0,0.00072,7.7e-05,0.9999672174453735,0.0,0.0,0.000737,6.1e-05,0.999998152256012,nan,1000000
57499,-0.0001700371503829956,1.001201868057251,0.003717,0.003716,0.0,0.000798,7.4e-05,0.9999730587005615,0.0,0.0,0.000737,6.1e-05,0.999998152256012,nan,1000000
57599,-0.00019377470016479492,1.0008125305175781,0.00357,0.00357,0.0,0.000775,7.3e-05,0.999996542930603,0.0,0.0,0.000737,6.1e-05,0.999998152256012,nan,1000000
57699,-0.0005740970373153687,0.9999579191207886,0.003636,0.003636,1e-06,0.000612,5.1e-05,1.0,0.0,0.0,0.000737,6.1e-05,0.999998152256012,nan,1000000
57799,0.00048232078552246094,1.001851201057434,0.003174,0.003174,0.0,0.000735,7.9e-05,0.999971866607666,0.0,0.0,0.000737,6.1e-05,0.999998152256012,nan,1000000
57899,-0.00011573731899261475,1.000314712524414,0.003263,0.003263,0.0,0.000618,5.9e-05,0.9999879598617554,0.0,0.0,0.000737,6.1e-05,0.999998152256012,nan,1000000
57999,0.00013583898544311523,1.0014663934707642,0.003788,0.003788,0.0,0.000742,9.9e-05,0.9999698400497437,0.0,0.0,0.000737,6.1e-05,0.999998152256012,nan,1000000
58099,-0.0005048364400863647,1.0004197359085083,0.003707,0.003706,0.0,0.000561,5.8e-05,0.9999886751174927,0.0,0.0,0.000737,6.1e-05,0.999998152256012,nan,1000000
58199,0.00020708143711090088,1.0028349161148071,0.00375,0.00375,0.0,0.000717,8.2e-05,0.9999817609786987,0.0,0.0,0.000737,6.1e-05,0.999998152256012,nan,1000000
58299,-0.0001777559518814087,1.0020534992218018,0.003502,0.003502,0.0,0.000648,7.4e-05,0.9999644756317139,0.0,0.0,0.000737,6.1e-05,0.999998152256012,nan,1000000
58399,-0.000264585018157959,1.0007051229476929,0.003612,0.003611,0.0,0.000647,7.1e-05,0.9999978542327881,0.0,0.0,0.000737,6.1e-05,0.999998152256012,nan,1000000
58499,-1.811981201171875e-05,1.000451922416687,0.0031969999999999985,0.002892,0.0,0.00059,6.7e-05,0.9999885559082031,0.0,0.0,0.000737,6.1e-05,0.999998152256012,nan,1000000
58599,0.0009756237268447876,1.0043846368789673,0.003247,0.003247,1e-06,0.000739,7.9e-05,1.0,0.0,0.0,0.000737,6.1e-05,0.999998152256012,nan,1000000
58699,0.00033386051654815674,1.0014491081237793,0.003335,0.003335,0.0,0.000602,7.3e-05,0.9999949932098389,0.0,0.0,0.000737,6.1e-05,0.999998152256012,nan,1000000
58799,0.00013564527034759521,1.0010921955108643,0.003443,0.003443,0.0,0.000584,7.5e-05,0.9999924898147583,0.0,0.0,0.000737,6.1e-05,0.999998152256012,nan,1000000
58899,-9.694695472717285e-05,1.000852346420288,0.003029,0.003029,0.0,0.000625,6.4e-05,0.9999909400939941,0.0,0.0,0.000737,6.1e-05,0.999998152256012,nan,1000000
58999,0.00023822486400604248,1.0009028911590576,0.003543000000000001,0.002753,0.0,0.000685,7.6e-05,0.9999521374702454,0.0,0.0,0.000737,6.1e-05,0.999998152256012,nan,1000000
59099,-0.00017270445823669434,1.0005929470062256,0.003178,0.003178,0.0,0.000692,7.3e-05,0.9999973177909851,0.0,0.0,0.000737,6.1e-05,0.999998152256012,nan,1000000
59199,7.662177085876465e-05,1.0015840530395508,0.003208,0.003207,0.0,0.000764,7.5e-05,0.9999961853027344,0.0,0.0,0.000737,6.1e-05,0.999998152256012,nan,1000000
59299,-0.00011947751045227051,1.0015844106674194,0.003342,0.003342,0.0,0.000865,9.3e-05,0.9999819993972778,0.0,0.0,0.000737,6.1e-05,0.999998152256012,nan,1000000
59399,-8.146464824676514e-05,1.0021857023239136,0.0032050000000000004,0.003205,0.0,0.000746,8.9e-05,0.9999978542327881,0.0,0.0,0.000737,6.1e-05,0.999998152256012,nan,1000000
59499,-6.839632987976074e-06,1.0009207725524902,0.003597,0.003597,0.0,0.000663,7.5e-05,0.9999938011169434,0.0,0.0,0.000737,6.1e-05,0.999998152256012,nan,1000000
59599,-0.0006242245435714722,1.0006760358810425,0.003755,0.003755,0.0,0.000789,8.7e-05,0.9999940395355225,0.0,0.0,0.000737,6.1e-05,0.999998152256012,nan,1000000
59699,6.411969661712646e-05,1.0021555423736572,0.003615,0.003615,0.0,0.000659,7.8e-05,0.9999921321868896,0.0,0.0,0.000737,6.1e-05,0.999998152256012,nan,1000000
59799,-8.755922317504883e-05,1.0008916854858398,0.003655,0.003655,0.0,0.000604,6.4e-05,0.9999997615814209,0.0,0.0,0.000737,6.1e-05,0.999998152256012,nan,1000000
59899,0.0003813207149505615,1.0024993419647217,0.003418,0.003418,0.0,0.000626,6.9e-05,0.9999964237213135,0.0,0.0,0.000737,6.1e-05,0.999998152256012,nan,1000000
59999,0.00028990209102630615,1.001592755317688,0.003529,0.003529,0.0,0.000708,7.5e-05,0.9999423027038574,0.0,0.0,0.000737,6.1e-05,0.999998152256012,nan,1000000
60099,-1.735985279083252e-05,1.0016428232192993,0.003441,0.003441,0.0,0.000693,7.4e-05,0.9999728202819824,0.0,0.0,0.000737,6.1e-05,0.999998152256012,nan,1000000
60199,8.191168308258057e-05,1.0019727945327759,0.003423,0.003423,0.0,0.000688,7.5e-05,0.9999990463256836,0.0,0.0,0.000737,6.1e-05,0.999998152256012,nan,1000000
60299,-3.1501054763793945e-05,0.9999256134033203,0.003387,0.003386,0.0,0.000698,8e-05,0.9999996423721313,0.0,0.0,0.000737,6.1e-05,0.999998152256012,nan,1000000
60399,-0.00015997886657714844,1.0010449886322021,0.003117,0.003117,0.0,0.000695,7.6e-05,0.999953031539917,0.0,0.0,0.000737,6.1e-05,0.999998152256012,nan,1000000
60499,-6.714463233947754e-05,1.0020684003829956,0.003486,0.003485,0.0,0.000591,6.9e-05,0.9999816417694092,0.0,0.0,0.000737,6.1e-05,0.999998152256012,nan,1000000
60599,9.284913539886475e-05,1.001930832862854,0.003207,0.003207,0.0,0.000678,7.4e-05,0.9999935626983643,0.0,0.0,0.000737,6.1e-05,0.999998152256012,nan,1000000
60699,0.0003248453140258789,1.003757357597351,0.00403,0.00403,0.0,0.000768,9e-05,0.9999953508377075,0.0,0.0,0.000737,6.1e-05,0.999998152256012,nan,1000000
60799,0.0002011805772781372,1.0007667541503906,0.003752,0.003751,0.0,0.000768,7.7e-05,0.9998949766159058,0.0,0.0,0.000737,6.1e-05,0.999998152256012,nan,1000000
60899,-0.0003753155469894409,0.9997373223304749,0.003702,0.003702,0.0,0.000783,7.8e-05,0.9999942779541016,0.0,0.0,0.000737,6.1e-05,0.999998152256012,nan,1000000
60999,1.6734004020690918e-05,1.0018627643585205,0.003419,0.003419,0.0,0.000711,8e-05,0.9999927282333374,0.0,0.0,0.000737,6.1e-05,0.999998152256012,nan,1000000
61099,-0.0002062767744064331,1.0017313957214355,0.004329,0.004329,0.0,0.00069,7.5e-05,0.9999950528144836,0.0,0.0,0.000737,6.1e-05,0.999998152256012,nan,1000000
61199,-6.389617919921875e-05,1.002285122871399,0.003903,0.003903,0.0,0.000731,7.5e-05,0.9999905824661255,0.0,0.0,0.000737,6.1e-05,0.999998152256012,nan,1000000
61299,4.158914089202881e-05,1.000777244567871,0.003485,0.003484,0.0,0.000723,8e-05,0.9999969005584717,0.0,0.0,0.000737,6.1e-05,0.999998152256012,nan,1000000
61399,-0.0003333240747451782,1.000259280204773,0.003641,0.003641,0.0,0.000642,8.5e-05,0.999998927116394,0.0,0.0,0.000737,6.1e-05,0.999998152256012,nan,1000000
61499,0.00012132525444030762,1.0020960569381714,0.003558,0.003558,0.0,0.000696,6.5e-05,0.9999542236328125,0.0,0.0,0.000737,6.1e-05,0.999998152256012,nan,1000000
61599,0.00040137767791748047,1.0013151168823242,0.0031240000000000018,0.002969,0.0,0.000713,6.3e-05,0.9999915361404419,0.0,0.0,0.000737,6.1e-05,0.999998152256012,nan,1000000
61699,0.0002508312463760376,1.0024157762527466,0.003671,0.003671,0.0,0.000751,7.5e-05,0.9999960660934448,0.0,0.0,0.000737,6.1e-05,0.999998152256012,nan,1000000
61799,-0.0005381256341934204,1.0015572309494019,0.004004,0.004004,0.0,0.00081,8.5e-05,0.9999948143959045,0.0,0.0,0.000737,6.1e-05,0.999998152256012,nan,1000000
61899,-0.0004378408193588257,1.0007997751235962,0.00318,0.00318,0.0,0.000773,7.7e-05,0.9999642372131348,0.0,0.0,0.000737,6.1e-05,0.999998152256012,nan,1000000
61999,0.00027382373809814453,1.0027129650115967,0.003989,0.003989,0.0,0.00078,7.9e-05,0.9999892711639404,0.0,0.0,0.000737,6.1e-05,0.999998152256012,nan,1000000
62099,-5.811452865600586e-06,1.002121090888977,0.003515,0.003515,0.0,0.000776,7.4e-05,0.9999792575836182,0.0,0.0,0.000737,6.1e-05,0.999998152256012,nan,1000000
62199,-1.6734004020690918e-05,1.0015647411346436,0.003622,0.003622,0.0,0.000728,6.5e-05,0.9999905824661255,0.0,0.0,0.000737,6.1e-05,0.999998152256012,nan,1000000
62299,0.00034521520137786865,1.0022631883621216,0.003417,0.003417,0.0,0.000682,7.5e-05,0.9999958872795105,0.0,0.0,0.000737,6.1e-05,0.999998152256012,nan,1000000
62399,-0.0002811253070831299,1.0017564296722412,0.003355,0.003355,0.0,0.000652,7.3e-05,0.9999934434890747,0.0,0.0,0.000737,6.1e-05,0.999998152256012,nan,1000000
62499,8.064508438110352e-05,1.0012859106063843,0.003258,0.003258,0.0,0.00065,6.6e-05,0.9999803304672241,0.0,0.0,0.000737,6.1e-05,0.999998152256012,nan,1000000
62599,-0.0005821436643600464,1.0000171661376953,0.003755,0.003755,0.0,0.000692,6.5e-05,0.9999971389770508,0.0,0.0,0.000737,6.1e-05,0.999998152256012,nan,1000000
62699,-0.0003687441349029541,1.0009199380874634,0.003838,0.003838,0.0,0.000763,7.3e-05,0.9999920129776001,0.0,0.0,0.000737,6.1e-05,0.999998152256012,nan,1000000
62799,0.00028298795223236084,1.0022544860839844,0.003701,0.003701,0.0,0.000795,8.3e-05,0.9999952912330627,0.0,0.0,0.000737,6.1e-05,0.999998152256012,nan,1000000
62899,0.00044423341751098633,1.0038790702819824,0.004272,0.004272,0.0,0.000727,7.5e-05,0.9999980926513672,0.0,0.0,0.000737,6.1e-05,0.999998152256012,nan,1000000
62999,0.0003642439842224121,1.0031399726867676,0.004018,0.004018,0.0,0.000716,7.1e-05,0.9999532699584961,0.0,0.0,0.000737,6.1e-05,0.999998152256012,nan,1000000
63099,0.00032129883766174316,1.0035514831542969,0.003956,0.003956,0.0,0.000734,7.7e-05,0.9999935626983643,0.0,0.0,0.000737,6.1e-05,0.999998152256012,nan,1000000
63199,0.0005094856023788452,1.0014106035232544,0.003684,0.003684,0.0,0.000691,5.8e-05,0.999980628490448,0.0,0.0,0.000737,6.1e-05,0.999998152256012,nan,1000000
63299,0.0007664710283279419,1.0034511089324951,0.003257,0.003257,0.0,0.000748,6.8e-05,0.999995231628418,0.0,0.0,0.000737,6.1e-05,0.999998152256012,nan,1000000
63399,-0.00017705559730529785,1.001295566558838,0.004001,0.004001,0.0,0.000761,7.6e-05,0.9999691247940063,0.0,0.0,0.000737,6.1e-05,0.999998152256012,nan,1000000
63499,-4.6387314796447754e-05,1.000766634941101,0.003719,0.003719,0.0,0.000794,7.5e-05,0.9999798536300659,0.0,0.0,0.000737,6.1e-05,0.999998152256012,nan,1000000
63599,0.00017154216766357422,1.001915454864502,0.004145,0.004145,0.0,0.000763,7.6e-05,0.9999971389770508,0.0,0.0,0.000737,6.1e-05,0.999998152256012,nan,1000000
63699,0.00021517276763916016,1.0016463994979858,0.003643,0.003643,0.0,0.000785,7.8e-05,0.9999852776527405,0.0,0.0,0.000737,6.1e-05,0.999998152256012,nan,1000000
63799,0.0003506690263748169,1.0019277334213257,0.003577,0.003577,0.0,0.00066,7.3e-05,0.9999808073043823,0.0,0.0,0.000737,6.1e-05,0.999998152256012,nan,1000000
63899,0.00026047229766845703,1.0026352405548096,0.003673,0.003673,0.0,0.000802,9.2e-05,0.9999823570251465,0.0,0.0,0.000737,6.1e-05,0.999998152256012,nan,1000000
63999,0.0004112720489501953,1.0020999908447266,0.004006,0.004006,0.0,0.000789,9.2e-05,0.9999979734420776,0.0,0.0,0.000737,6.1e-05,0.999998152256012,nan,1000000
64099,-0.00033764541149139404,1.00077223777771,0.004264,0.004264,0.0,0.000743,7.5e-05,0.9999819397926331,0.0,0.0,0.000737,6.1e-05,0.999998152256012,nan,1000000
64199,-0.00017020106315612793,1.0017116069793701,0.004441,0.004441,0.0,0.000662,7.5e-05,0.9999980926513672,0.0,0.0,0.000737,6.1e-05,0.999998152256012,nan,1000000
64299,-0.0005756765604019165,1.0006709098815918,0.004439,0.004439,0.0,0.000744,7.1e-05,0.9999758005142212,0.0,0.0,0.000737,6.1e-05,0.999998152256012,nan,1000000
64399,-0.000173911452293396,1.0017715692520142,0.004219,0.004219,0.0,0.000743,7.6e-05,0.9999898672103882,0.0,0.0,0.000737,6.1e-05,0.999998152256012,nan,1000000
64499,-0.00030985474586486816,1.0009795427322388,0.004239,0.004239,0.0,0.000768,6.5e-05,0.9999963045120239,0.0,0.0,0.000737,6.1e-05,0.999998152256012,nan,1000000
64599,0.000655636191368103,1.0033806562423706,0.004304,0.004303,0.0,0.00085,8.9e-05,0.9999901056289673,0.0,0.0,0.000737,6.1e-05,0.999998152256012,nan,1000000
64699,-0.00020295381546020508,1.001176118850708,0.004468,0.004468,0.0,0.000682,7.3e-05,0.9999892711639404,0.0,0.0,0.000737,6.1e-05,0.999998152256012,nan,1000000
64799,0.0005993396043777466,1.0037708282470703,0.00409,0.00409,0.0,0.000775,7.3e-05,0.9999974966049194,0.0,0.0,0.000737,6.1e-05,0.999998152256012,nan,1000000
64899,0.00034418702125549316,1.0007060766220093,0.003736,0.003736,0.0,0.000668,7.3e-05,0.9999834299087524,0.0,0.0,0.000737,6.1e-05,0.999998152256012,nan,1000000
64999,0.00046965479850769043,1.0024598836898804,0.004054,0.004054,0.0,0.000662,8e-05,0.9999313354492188,0.0,0.0,0.000737,6.1e-05,0.999998152256012,nan,1000000
65099,-0.0001256018877029419,1.001542329788208,0.00431,0.00431,0.0,0.000756,7.8e-05,0.999995231628418,0.0,0.0,0.000737,6.1e-05,0.999998152256012,nan,1000000
65199,-0.0005595237016677856,0.9991385340690613,0.004217,0.004217,0.0,0.000716,7e-05,0.9999995231628418,0.0,0.0,0.000737,6.1e-05,0.999998152256012,nan,1000000
65299,0.0002040266990661621,1.0028382539749146,0.003949,0.003948,0.0,0.000824,7e-05,0.9999701976776123,0.0,0.0,0.000737,6.1e-05,0.999998152256012,nan,1000000
65399,-8.434057235717773e-06,1.0033690929412842,0.004719,0.004719,0.0,0.000697,7.6e-05,0.9999997615814209,0.0,0.0,0.000737,6.1e-05,0.999998152256012,nan,1000000
65499,-2.6300549507141113e-05,1.0014814138412476,0.004586,0.004586,0.0,0.000691,7.4e-05,0.9999966621398926,0.0,0.0,0.000737,6.1e-05,0.999998152256012,nan,1000000
65599,0.0001367628574371338,1.0030572414398193,0.004455,0.004455,0.0,0.000681,6.8e-05,0.9999840259552002,0.0,0.0,0.000737,6.1e-05,0.999998152256012,nan,1000000
65699,0.0001575946807861328,1.0023542642593384,0.004483,0.004483,0.0,0.000717,7.9e-05,0.9999653100967407,0.0,0.0,0.000737,6.1e-05,0.999998152256012,nan,1000000
65799,-0.0005542337894439697,1.0012352466583252,0.0048,0.004799,0.0,0.000645,7.9e-05,0.9999750852584839,0.0,0.0,0.000737,6.1e-05,0.999998152256012,nan,1000000
65899,-0.0004813075065612793,1.0017085075378418,0.005179,0.005179,0.0,0.000653,6.7e-05,0.9999973773956299,0.0,0.0,0.000737,6.1e-05,0.999998152256012,nan,1000000
65999,-0.0003391951322555542,1.0001550912857056,0.004497,0.004497,0.0,0.00069,7.5e-05,0.9999793767929077,0.0,0.0,0.000737,6.1e-05,0.999998152256012,nan,1000000
66099,9.746849536895752e-05,1.0026253461837769,0.004778,0.004777,0.0,0.000712,7e-05,0.9999847412109375,0.0,0.0,0.000737,6.1e-05,0.999998152256012,nan,1000000
66199,0.0001542419195175171,1.0025686025619507,0.004275,0.004275,0.0,0.000746,7.8e-05,0.9999822378158569,0.0,0.0,0.000737,6.1e-05,0.999998152256012,nan,1000000
66299,0.00030177831649780273,1.0023022890090942,0.004267,0.004267,0.0,0.000688,6.8e-05,0.9999995827674866,0.0,0.0,0.000737,6.1e-05,0.999998152256012,nan,1000000
66399,-4.614889621734619e-05,1.0011711120605469,0.00419,0.00419,0.0,0.000724,9e-05,0.9999868869781494,0.0,0.0,0.000737,6.1e-05,0.999998152256012,nan,1000000
66499,-0.00012098252773284912,1.0014573335647583,0.004243,0.004243,0.0,0.000672,7e-05,0.999998927116394,0.0,0.0,0.000737,6.1e-05,0.999998152256012,nan,1000000
66599,0.00015683472156524658,1.0019006729125977,0.003776,0.003776,0.0,0.000671,6.8e-05,0.9999876022338867,0.0,0.0,0.000737,6.1e-05,0.999998152256012,nan,1000000
66699,0.000142708420753479,1.0031726360321045,0.00393,0.00393,0.0,0.000673,7.4e-05,0.9999983310699463,0.0,0.0,0.000737,6.1e-05,0.999998152256012,nan,1000000
66799,0.00034336745738983154,1.0025252103805542,0.003771,0.003771,0.0,0.000706,7.6e-05,0.9999715089797974,0.0,0.0,0.000737,6.1e-05,0.999998152256012,nan,1000000
66899,0.00027436017990112305,1.00249183177948,0.003878,0.003878,0.0,0.000653,6.8e-05,0.9999728202819824,0.0,0.0,0.000737,6.1e-05,0.999998152256012,nan,1000000
66999,0.0004286915063858032,1.0038354396820068,0.003957,0.003957,0.0,0.000636,6.4e-05,0.9999716281890869,0.0,0.0,0.000737,6.1e-05,0.999998152256012,nan,1000000
67099,0.00039236247539520264,1.001585602760315,0.003708,0.003708,0.0,0.000612,5.6e-05,0.9999463558197021,0.0,0.0,0.000737,6.1e-05,0.999998152256012,nan,1000000
67199,-0.0001712888479232788,1.0011924505233765,0.00427,0.00427,0.0,0.000599,5.8e-05,0.9999980330467224,0.0,0.0,0.000737,6.1e-05,0.999998152256012,nan,1000000
67299,-7.975101470947266e-05,1.0026414394378662,0.004561,0.004561,0.0,0.000683,6.7e-05,0.9999969005584717,0.0,0.0,0.000737,6.1e-05,0.999998152256012,nan,1000000
67399,0.0003399848937988281,1.0034618377685547,0.004038,0.004038,0.0,0.000681,6.4e-05,0.9999600052833557,0.0,0.0,0.000737,6.1e-05,0.999998152256012,nan,1000000
67499,0.0002485811710357666,1.003726840019226,0.004217,0.004216,0.0,0.000801,8.4e-05,0.9999828338623047,0.0,0.0,0.000737,6.1e-05,0.999998152256012,nan,1000000
67599,-9.12696123123169e-05,1.001648187637329,0.004178,0.004178,0.0,0.000656,7.2e-05,0.9999973773956299,0.0,0.0,0.000737,6.1e-05,0.999998152256012,nan,1000000
67699,0.0001191943883895874,1.0020991563796997,0.00428,0.00428,0.0,0.000608,6e-05,0.9999897480010986,0.0,0.0,0.000737,6.1e-05,0.999998152256012,nan,1000000
67799,-0.0002340376377105713,1.0011801719665527,0.004342,0.004342,0.0,0.000643,7.3e-05,0.9999725222587585,0.0,0.0,0.000737,6.1e-05,0.999998152256012,nan,1000000
67899,-0.0003453195095062256,1.001874566078186,0.004403,0.004403,1e-06,0.000761,7.9e-05,1.0,0.0,0.0,0.000737,6.1e-05,0.999998152256012,nan,1000000
67999,0.00014410912990570068,1.002207636833191,0.003862,0.003862,0.0,0.000778,7.7e-05,0.9999788999557495,0.0,0.0,0.000737,6.1e-05,0.999998152256012,nan,1000000
68099,-3.0055642127990723e-05,1.002126693725586,0.003969,0.003969,0.0,0.000705,7.7e-05,0.9999480247497559,0.0,0.0,0.000737,6.1e-05,0.999998152256012,nan,1000000
68199,0.00035327672958374023,1.00212824344635,0.003812,0.003812,0.0,0.000711,8.3e-05,0.9999966621398926,0.0,0.0,0.000737,6.1e-05,0.999998152256012,nan,1000000
68299,-0.00013710558414459229,1.0007301568984985,0.003793,0.003793,0.0,0.00067,6.7e-05,0.9999951124191284,0.0,0.0,0.000737,6.1e-05,0.999998152256012,nan,1000000
68399,7.264316082000732e-05,1.0015593767166138,0.004018,0.004018,0.0,0.000654,6.3e-05,0.9999914169311523,0.0,0.0,0.000737,6.1e-05,0.999998152256012,nan,1000000
68499,4.6253204345703125e-05,1.0029348134994507,0.00403,0.00403,0.0,0.00065,6.4e-05,0.9999903440475464,0.0,0.0,0.000737,6.1e-05,0.999998152256012,nan,1000000
68599,0.00015012919902801514,1.0029597282409668,0.004458,0.004458,0.0,0.000691,7.4e-05,0.9999876618385315,0.0,0.0,0.000737,6.1e-05,0.999998152256012,nan,1000000
68699,-0.00023885071277618408,1.0000971555709839,0.003997,0.003995,0.0,0.000572,5.7e-05,0.9999452829360962,0.0,0.0,0.000737,6.1e-05,0.999998152256012,nan,1000000
68799,0.00017830729484558105,1.000592827796936,0.003973,0.003973,0.0,0.000639,5.9e-05,0.9999994039535522,0.0,0.0,0.000737,6.1e-05,0.999998152256012,nan,1000000
68899,-0.00019466876983642578,1.00155770778656,0.004455,0.004454,0.0,0.000574,5.7e-05,0.9999862313270569,0.0,0.0,0.000737,6.1e-05,0.999998152256012,nan,1000000
68999,2.454221248626709e-05,1.0017011165618896,0.004203,0.004203,0.0,0.000689,6e-05,0.9999626874923706,0.0,0.0,0.000737,6.1e-05,0.999998152256012,nan,1000000
69099,0.0003413558006286621,1.0019997358322144,0.004091,0.004091,0.0,0.000788,9.1e-05,0.9999995231628418,0.0,0.0,0.000737,6.1e-05,0.999998152256012,nan,1000000
69199,-1.8164515495300293e-05,1.0015467405319214,0.004273,0.004273,0.0,0.0008,7.7e-05,0.9999959468841553,0.0,0.0,0.000737,6.1e-05,0.999998152256012,nan,1000000
69299,-3.351271152496338e-05,1.0017035007476807,0.004661,0.004661,0.0,0.000615,7.1e-05,0.9999876022338867,0.0,0.0,0.000737,6.1e-05,0.999998152256012,nan,1000000
69399,0.00044499337673187256,1.003368854522705,0.004614,0.004614,0.0,0.00062,7.2e-05,0.9999960064888,0.0,0.0,0.000737,6.1e-05,0.999998152256012,nan,1000000
69499,0.00016720592975616455,1.0006574392318726,0.004168,0.004168,0.0,0.000676,6.3e-05,0.9999969005584717,0.0,0.0,0.000737,6.1e-05,0.999998152256012,nan,1000000
69599,9.147822856903076e-05,1.001855731010437,0.004536,0.004536,0.0,0.000736,6.9e-05,0.999993085861206,0.0,0.0,0.000737,6.1e-05,0.999998152256012,nan,1000000
69699,-0.0006202012300491333,1.000935435295105,0.005412,0.005412,0.0,0.000751,7.6e-05,0.9999950528144836,0.0,0.0,0.000737,6.1e-05,0.999998152256012,nan,1000000
69799,0.0003420114517211914,1.0026105642318726,0.004287,0.004287,0.0,0.000699,7.7e-05,0.9999796152114868,0.0,0.0,0.000737,6.1e-05,0.999998152256012,nan,1000000
69899,0.00011089444160461426,1.0019605159759521,0.00468,0.00468,0.0,0.00072,8.1e-05,0.9999700784683228,0.0,0.0,0.000737,6.1e-05,0.999998152256012,nan,1000000
69999,-0.00024528801441192627,1.002064824104309,0.004924,0.004924,0.0,0.000681,7.4e-05,0.9999926090240479,0.0,0.0,0.000737,6.1e-05,0.999998152256012,nan,1000000
70099,0.0006593167781829834,1.0030300617218018,0.004432,0.004432,0.0,0.000712,6.3e-05,0.9999423027038574,0.0,0.0,0.000737,6.1e-05,0.999998152256012,nan,1000000
70199,-9.436905384063721e-05,1.0030558109283447,0.004633,0.004632,0.0,0.000845,7e-05,0.9999966621398926,0.0,0.0,0.000737,6.1e-05,0.999998152256012,nan,1000000
70299,-0.0001023709774017334,1.0029656887054443,0.004667,0.004667,0.0,0.000772,8.1e-05,0.9999932050704956,0.0,0.0,0.000737,6.1e-05,0.999998152256012,nan,1000000
70399,0.0006463974714279175,1.0033477544784546,0.004477,0.004477,0.0,0.000838,7.8e-05,0.9999999403953552,0.0,0.0,0.000737,6.1e-05,0.999998152256012,nan,1000000
70499,7.665157318115234e-05,1.0022923946380615,0.004145,0.004145,0.0,0.000858,8.1e-05,0.9999778270721436,0.0,0.0,0.000737,6.1e-05,0.999998152256012,nan,1000000
70599,4.550814628601074e-05,0.9999794363975525,0.003967,0.003967,0.0,0.000798,6.1e-05,0.9999958276748657,0.0,0.0,0.000737,6.1e-05,0.999998152256012,nan,1000000
70699,0.00032611191272735596,1.0039643049240112,0.004486,0.004486,0.0,0.000799,7.7e-05,0.9999973773956299,0.0,0.0,0.000737,6.1e-05,0.999998152256012,nan,1000000
70799,3.5002827644348145e-05,1.0016276836395264,0.004206,0.004206,0.0,0.000774,8.4e-05,0.9999790191650391,0.0,0.0,0.000737,6.1e-05,0.999998152256012,nan,1000000
70899,0.0008258819580078125,1.00356924533844,0.003963,0.003962,0.0,0.000816,6.8e-05,0.9999819993972778,0.0,0.0,0.000737,6.1e-05,0.999998152256012,nan,1000000
70999,0.00027211010456085205,1.002557635307312,0.004196,0.004196,0.0,0.000816,7.7e-05,0.9999963641166687,0.0,0.0,0.000737,6.1e-05,0.999998152256012,nan,1000000
71099,-5.11854887008667e-05,1.0023611783981323,0.004372,0.004371,0.0,0.00085,8.4e-05,0.9999845027923584,0.0,0.0,0.000737,6.1e-05,0.999998152256012,nan,1000000
71199,0.0004020780324935913,1.0032649040222168,0.004482,0.004482,0.0,0.000836,8.3e-05,0.9999682903289795,0.0,0.0,0.000737,6.1e-05,0.999998152256012,nan,1000000
71299,0.0003188401460647583,1.0019413232803345,0.004168,0.004168,0.0,0.000847,8.3e-05,0.9999874830245972,0.0,0.0,0.000737,6.1e-05,0.999998152256012,nan,1000000
71399,-2.3096799850463867e-05,1.0016400814056396,0.004205,0.004205,0.0,0.000886,8.4e-05,0.9999704360961914,0.0,0.0,0.000737,6.1e-05,0.999998152256012,nan,1000000
71499,0.0010172128677368164,1.006286859512329,0.004122,0.004122,0.0,0.00093,8.3e-05,0.9999853372573853,0.0,0.0,0.000737,6.1e-05,0.999998152256012,nan,1000000
71599,-0.0001103132963180542,1.00162672996521,0.004289,0.004289,0.0,0.000854,6.7e-05,0.9999730587005615,0.0,0.0,0.000737,6.1e-05,0.999998152256012,nan,1000000
71699,0.00047919154167175293,1.003661036491394,0.004528,0.004528,0.0,0.000899,8.6e-05,0.9999979138374329,0.0,0.0,0.000737,6.1e-05,0.999998152256012,nan,1000000
71799,0.0008802562952041626,1.0038660764694214,0.0041649999999999986,0.004055,0.0,0.000894,9.6e-05,0.9999982118606567,0.0,0.0,0.000737,6.1e-05,0.999998152256012,nan,1000000
71899,0.00037917494773864746,1.0024198293685913,0.004527,0.004527,0.0,0.00079,9e-05,0.9999828338623047,0.0,0.0,0.000737,6.1e-05,0.999998152256012,nan,1000000
71999,2.212822437286377e-05,1.0030384063720703,0.004577,0.004577,0.0,0.000776,9e-05,0.9999955892562866,0.0,0.0,0.000737,6.1e-05,0.999998152256012,nan,1000000
72099,0.0007221698760986328,1.0041580200195312,0.004306,0.004306,0.0,0.000758,9.4e-05,0.9999838471412659,0.0,0.0,0.000737,6.1e-05,0.999998152256012,nan,1000000
72199,0.0003567636013031006,1.0034873485565186,0.004168,0.004168,0.0,0.00076,7.5e-05,0.999993085861206,0.0,0.0,0.000737,6.1e-05,0.999998152256012,nan,1000000
72299,0.0005542486906051636,1.0025116205215454,0.004028,0.003854,0.0,0.000739,7.5e-05,0.9999936819076538,0.0,0.0,0.000737,6.1e-05,0.999998152256012,nan,1000000
72399,0.00041419267654418945,1.0035673379898071,0.004437,0.004437,0.0,0.000746,8.3e-05,0.9999995231628418,0.0,0.0,0.000737,6.1e-05,0.999998152256012,nan,1000000
72499,0.0008264482021331787,1.002851128578186,0.004204000000000001,0.004099,0.0,0.000804,6.4e-05,0.9999772310256958,0.0,0.0,0.000737,6.1e-05,0.999998152256012,nan,1000000
72599,0.00023216009140014648,1.0031157732009888,0.004522,0.004522,0.0,0.000771,8.2e-05,0.9999971985816956,0.0,0.0,0.000737,6.1e-05,0.999998152256012,nan,1000000
72699,0.0006800144910812378,1.0046091079711914,0.004415,0.004415,0.0,0.000815,8.7e-05,0.9999963045120239,0.0,0.0,0.000737,6.1e-05,0.999998152256012,nan,1000000
72799,0.0006587505340576172,1.0033444166183472,0.004315,0.004315,0.0,0.000805,7.9e-05,0.9999673366546631,0.0,0.0,0.000737,6.1e-05,0.999998152256012,nan,1000000
72899,0.00021438300609588623,1.0013798475265503,0.004182,0.004182,0.0,0.0008,7.6e-05,0.9999954700469971,0.0,0.0,0.000737,6.1e-05,0.999998152256012,nan,1000000
72999,0.0008709728717803955,1.0028961896896362,0.00393,0.00393,0.0,0.000786,8.8e-05,0.999998927116394,0.0,0.0,0.000737,6.1e-05,0.999998152256012,nan,1000000
73099,0.0009213536977767944,1.0037832260131836,0.004341,0.004341,0.0,0.000773,8.7e-05,0.9999997615814209,0.0,0.0,0.000737,6.1e-05,0.999998152256012,nan,1000000
73199,0.0011465102434158325,1.004591464996338,0.005186000000000001,0.004154,0.0,0.000824,7.6e-05,0.9999983906745911,0.0,0.0,0.000737,6.1e-05,0.999998152256012,nan,1000000
73299,0.00025513768196105957,1.0033496618270874,0.004574,0.004574,0.0,0.00078,7.6e-05,0.9999877214431763,0.0,0.0,0.000737,6.1e-05,0.999998152256012,nan,1000000
73399,0.0003541409969329834,1.0027529001235962,0.004493,0.004493,0.0,0.000737,7.9e-05,0.9999945163726807,0.0,0.0,0.000737,6.1e-05,0.999998152256012,nan,1000000
73499,0.000620231032371521,1.004269003868103,0.004541,0.004541,0.0,0.000814,7.1e-05,0.9999997615814209,0.0,0.0,0.000737,6.1e-05,0.999998152256012,nan,1000000
73599,0.0007498860359191895,1.0031846761703491,0.004456,0.004456,0.0,0.000813,7.2e-05,0.9999943971633911,0.0,0.0,0.000737,6.1e-05,0.999998152256012,nan,1000000
73699,-0.00013577938079833984,1.001230001449585,0.004599,0.004599,0.0,0.000768,7.8e-05,0.9999949932098389,0.0,0.0,0.000737,6.1e-05,0.999998152256012,nan,1000000
73799,0.000627368688583374,1.0037423372268677,0.004303,0.004303,0.0,0.000773,7.8e-05,0.9999886751174927,0.0,0.0,0.000737,6.1e-05,0.999998152256012,nan,1000000
73899,-5.708634853363037e-05,1.0016672611236572,0.004518,0.004517,0.0,0.000778,8.2e-05,0.999984860420227,0.0,0.0,0.000737,6.1e-05,0.999998152256012,nan,1000000
73999,0.000830039381980896,1.0031821727752686,0.004427,0.004427,0.0,0.000769,8.1e-05,0.999992847442627,0.0,0.0,0.000737,6.1e-05,0.999998152256012,nan,1000000
74099,0.00017918646335601807,1.0024151802062988,0.004332,0.004332,0.0,0.000806,8.4e-05,0.9999896287918091,0.0,0.0,0.000737,6.1e-05,0.999998152256012,nan,1000000
74199,0.00029030442237854004,1.0018302202224731,0.00422,0.00422,0.0,0.000765,7.3e-05,0.9999827146530151,0.0,0.0,0.000737,6.1e-05,0.999998152256012,nan,1000000
74299,0.0005778521299362183,1.0028901100158691,0.004157,0.004157,0.0,0.000775,7.3e-05,0.9999632835388184,0.0,0.0,0.000737,6.1e-05,0.999998152256012,nan,1000000
74399,0.0002781897783279419,1.0023635625839233,0.004371,0.004371,0.0,0.000738,6.7e-05,0.9999791383743286,0.0,0.0,0.000737,6.1e-05,0.999998152256012,nan,1000000
74499,6.285309791564941e-05,1.0005736351013184,0.004009,0.004009,0.0,0.000741,6.9e-05,0.9999548196792603,0.0,0.0,0.000737,6.1e-05,0.999998152256012,nan,1000000
74599,0.0003825724124908447,1.0023006200790405,0.004216,0.004216,0.0,0.000777,8.3e-05,0.9999840259552002,0.0,0.0,0.000737,6.1e-05,0.999998152256012,nan,1000000
74699,0.00011736154556274414,1.0019582509994507,0.0045,0.004499,0.0,0.000744,5.6e-05,0.9999850988388062,0.0,0.0,0.000737,6.1e-05,0.999998152256012,nan,1000000
74799,-0.00021788477897644043,1.0017383098602295,0.004713,0.004713,0.0,0.000751,6.7e-05,0.9999799728393555,0.0,0.0,0.000737,6.1e-05,0.999998152256012,nan,1000000
74899,0.0003030151128768921,1.0020253658294678,0.004426,0.004426,0.0,0.000734,6.9e-05,0.9999897480010986,0.0,0.0,0.000737,6.1e-05,0.999998152256012,nan,1000000
74999,0.0002537965774536133,1.0022592544555664,0.004509,0.004509,0.0,0.000694,7.2e-05,0.9999887347221375,0.0,0.0,0.000737,6.1e-05,0.999998152256012,nan,1000000
75099,9.663403034210205e-05,1.002759575843811,0.00446,0.00446,0.0,0.000744,7.9e-05,0.9999911785125732,0.0,0.0,0.000737,6.1e-05,0.999998152256012,nan,1000000
75199,-0.00016540288925170898,1.0019786357879639,0.004498,0.004498,0.0,0.000738,6.9e-05,0.9999891519546509,0.0,0.0,0.000737,6.1e-05,0.999998152256012,nan,1000000
75299,0.00018553435802459717,1.0014300346374512,0.004342,0.004342,0.0,0.000724,8e-05,0.99998539686203,0.0,0.0,0.000737,6.1e-05,0.999998152256012,nan,1000000
75399,0.00020621716976165771,1.0016701221466064,0.004545,0.004545,0.0,0.000715,6.2e-05,0.9999037981033325,0.0,0.0,0.000737,6.1e-05,0.999998152256012,nan,1000000
75499,5.613267421722412e-05,1.000866174697876,0.004261,0.00426,0.0,0.00071,7.4e-05,0.9999625086784363,0.0,0.0,0.000737,6.1e-05,0.999998152256012,nan,1000000
75599,-0.00065632164478302,1.0000361204147339,0.004641,0.004641,0.0,0.000745,6.8e-05,0.9999954700469971,0.0,0.0,0.000737,6.1e-05,0.999998152256012,nan,1000000
75699,-0.0006618499755859375,1.0003091096878052,0.005021,0.005021,0.0,0.000742,7.6e-05,0.9999619722366333,0.0,0.0,0.000737,6.1e-05,0.999998152256012,nan,1000000
75799,0.0001767575740814209,1.0021378993988037,0.004729,0.004728,0.0,0.000732,8.4e-05,0.999997615814209,0.0,0.0,0.000737,6.1e-05,0.999998152256012,nan,1000000
75899,0.00016966462135314941,1.0018484592437744,0.004546,0.004545,0.0,0.000778,7.8e-05,0.9999582171440125,0.0,0.0,0.000737,6.1e-05,0.999998152256012,nan,1000000
75999,0.00038546323776245117,1.0013631582260132,0.004671,0.004671,0.0,0.000762,8.4e-05,0.999993622303009,0.0,0.0,0.000737,6.1e-05,0.999998152256012,nan,1000000
76099,0.00028739869594573975,1.001779317855835,0.004829,0.004829,0.0,0.00076,7.1e-05,0.9999580383300781,0.0,0.0,0.000737,6.1e-05,0.999998152256012,nan,1000000
76199,4.766881465911865e-05,0.9993730783462524,0.004601,0.004601,0.0,0.000744,7.7e-05,0.9999885559082031,0.0,0.0,0.000737,6.1e-05,0.999998152256012,nan,1000000
76299,0.0002806037664413452,1.0020205974578857,0.004468,0.004468,0.0,0.000786,7.7e-05,0.9999821186065674,0.0,0.0,0.000737,6.1e-05,0.999998152256012,nan,1000000
76399,-0.0001751929521560669,0.9999753832817078,0.004462,0.004462,0.0,0.00076,8.9e-05,0.9999971389770508,0.0,0.0,0.000737,6.1e-05,0.999998152256012,nan,1000000
76499,-0.0003937035799026489,1.0002477169036865,0.004549,0.004549,0.0,0.000764,8.4e-05,0.9999916553497314,0.0,0.0,0.000737,6.1e-05,0.999998152256012,nan,1000000
76599,0.00024403631687164307,1.0029425621032715,0.004962,0.004962,0.0,0.000764,7.8e-05,0.9999841451644897,0.0,0.0,0.000737,6.1e-05,0.999998152256012,nan,1000000
76699,0.0006468594074249268,1.0014643669128418,0.004139,0.004139,0.0,0.000846,6.6e-05,0.999976634979248,0.0,0.0,0.000737,6.1e-05,0.999998152256012,nan,1000000
76799,0.00010870397090911865,1.001463532447815,0.003959,0.003959,0.0,0.000774,8.5e-05,0.9999978542327881,0.0,0.0,0.000737,6.1e-05,0.999998152256012,nan,1000000
76899,7.873773574829102e-05,0.9986820220947266,0.004512,0.004511,0.0,0.000713,7.1e-05,0.9999814629554749,0.0,0.0,0.000737,6.1e-05,0.999998152256012,nan,1000000
76999,-0.00017565488815307617,0.9990769028663635,0.004409,0.004409,0.0,0.000734,6.9e-05,0.9999954700469971,0.0,0.0,0.000737,6.1e-05,0.999998152256012,nan,1000000
77099,0.0007621496915817261,1.0015060901641846,0.00453,0.00453,0.0,0.000788,7.3e-05,0.9999774694442749,0.0,0.0,0.000737,6.1e-05,0.999998152256012,nan,1000000
77199,3.851950168609619e-05,0.9975947141647339,0.004801,0.004801,0.0,0.000784,8.5e-05,0.9999975562095642,0.0,0.0,0.000737,6.1e-05,0.999998152256012,nan,1000000
77299,9.083747863769531e-05,0.9975677132606506,0.005017,0.005017,0.0,0.000746,7.4e-05,0.9999996423721313,0.0,0.0,0.000737,6.1e-05,0.999998152256012,nan,1000000
77399,-0.0007910430431365967,0.9959729909896851,0.004833,0.004833,0.0,0.000765,7.3e-05,0.9999964237213135,0.0,0.0,0.000737,6.1e-05,0.999998152256012,nan,1000000
77499,-0.0002903193235397339,0.9956961274147034,0.004565,0.004565,0.0,0.000747,7.2e-05,0.9999501705169678,0.0,0.0,0.000737,6.1e-05,0.999998152256012,nan,1000000
77599,-0.0002782493829727173,0.9968835711479187,0.004568,0.004568,0.0,0.000738,7e-05,0.9999502897262573,0.0,0.0,0.000737,6.1e-05,0.999998152256012,nan,1000000
77699,-4.045665264129639e-05,0.9990966320037842,0.004745,0.004745,0.0,0.000727,7.3e-05,0.9999903440475464,0.0,0.0,0.000737,6.1e-05,0.999998152256012,nan,1000000
77799,0.00047062337398529053,0.9981592893600464,0.003978,0.003978,0.0,0.000701,8.1e-05,0.9999722242355347,0.0,0.0,0.000737,6.1e-05,0.999998152256012,nan,1000000
77899,0.0006152242422103882,0.9979863166809082,0.00421,0.00421,0.0,0.000683,6.9e-05,0.9999911785125732,0.0,0.0,0.000737,6.1e-05,0.999998152256012,nan,1000000
77999,0.0008197575807571411,0.9994150400161743,0.00434,0.00434,0.0,0.000687,8.3e-05,0.9999970197677612,0.0,0.0,0.000737,6.1e-05,0.999998152256012,nan,1000000
78099,-0.00019858777523040771,0.9978458881378174,0.004683,0.004683,0.0,0.000707,7.1e-05,0.9999958276748657,0.0,0.0,0.000737,6.1e-05,0.999998152256012,nan,1000000
78199,-0.00022873282432556152,0.9985355734825134,0.004933,0.004933,0.0,0.000721,8e-05,0.9999757409095764,0.0,0.0,0.000737,6.1e-05,0.999998152256012,nan,1000000
78299,-0.00019276142120361328,0.9975558519363403,0.004907,0.004906,0.0,0.00074,8.3e-05,0.999996542930603,0.0,0.0,0.000737,6.1e-05,0.999998152256012,nan,1000000
78399,0.00038176774978637695,0.9989940524101257,0.00455,0.00455,0.0,0.000735,8.4e-05,0.999969482421875,0.0,0.0,0.000737,6.1e-05,0.999998152256012,nan,1000000
78499,-7.474422454833984e-05,0.9986584186553955,0.004744,0.004743,0.0,0.000748,8.1e-05,0.9999947547912598,0.0,0.0,0.000737,6.1e-05,0.999998152256012,nan,1000000
78599,0.000512346625328064,1.0003554821014404,0.004588,0.004588,0.0,0.000747,8.9e-05,0.9999926090240479,0.0,0.0,0.000737,6.1e-05,0.999998152256012,nan,1000000
78699,-3.0115246772766113e-05,0.9981451630592346,0.004815,0.004815,0.0,0.000713,8e-05,0.9999894499778748,0.0,0.0,0.000737,6.1e-05,0.999998152256012,nan,1000000
78799,0.00016064941883087158,0.9977362155914307,0.00499,0.00499,0.0,0.000709,7.2e-05,0.9999728202819824,0.0,0.0,0.000737,6.1e-05,0.999998152256012,nan,1000000
78899,0.0005868673324584961,0.9994850754737854,0.004848,0.004848,0.0,0.000732,6.7e-05,0.9999841451644897,0.0,0.0,0.000737,6.1e-05,0.999998152256012,nan,1000000
78999,-0.00033402442932128906,0.9979544281959534,0.00519,0.00519,0.0,0.00072,6.6e-05,0.9999989867210388,0.0,0.0,0.000737,6.1e-05,0.999998152256012,nan,1000000
79099,-0.00018012523651123047,0.9972203373908997,0.005246,0.005246,0.0,0.00069,7.4e-05,0.9999971389770508,0.0,0.0,0.000737,6.1e-05,0.999998152256012,nan,1000000
79199,0.00012095272541046143,0.9985641241073608,0.005117,0.005117,0.0,0.000686,6.4e-05,0.9999784827232361,0.0,0.0,0.000737,6.1e-05,0.999998152256012,nan,1000000
79299,-0.0002937912940979004,0.9970892071723938,0.004953,0.004953,0.0,0.000688,8.5e-05,0.999953031539917,0.0,0.0,0.000737,6.1e-05,0.999998152256012,nan,1000000
79399,0.0003157109022140503,0.9993382096290588,0.004887,0.004887,0.0,0.000666,6.5e-05,0.9999936819076538,0.0,0.0,0.000737,6.1e-05,0.999998152256012,nan,1000000
79499,0.000631481409072876,0.9998250603675842,0.005005,0.005005,0.0,0.000647,6.8e-05,0.9999485015869141,0.0,0.0,0.000737,6.1e-05,0.999998152256012,nan,1000000
79599,0.0006508976221084595,1.0005497932434082,0.00505,0.00505,0.0,0.000659,6.1e-05,0.9999858140945435,0.0,0.0,0.000737,6.1e-05,0.999998152256012,nan,1000000
79699,-0.00033830106258392334,0.9982467889785767,0.004913,0.004913,0.0,0.00063,6.6e-05,0.9999942779541016,0.0,0.0,0.000737,6.1e-05,0.999998152256012,nan,1000000
79799,-0.00019744038581848145,0.9998928904533386,0.005205,0.005205,0.0,0.000658,7.5e-05,0.9999803900718689,0.0,0.0,0.000737,6.1e-05,0.999998152256012,nan,1000000
79899,0.0002161562442779541,0.9989938139915466,0.004902,0.004902,0.0,0.000672,5.8e-05,0.9999951720237732,0.0,0.0,0.000737,6.1e-05,0.999998152256012,nan,1000000
79999,-0.0009973496198654175,0.9971733093261719,0.005231,0.005231,0.0,0.000655,6.3e-05,0.9999876618385315,0.0,0.0,0.000737,6.1e-05,0.999998152256012,nan,1000000
80099,0.0004815012216567993,1.0005415678024292,0.004266,0.004265,0.0,0.000688,6.3e-05,0.9999946355819702,0.0,0.0,0.000737,6.1e-05,0.999998152256012,nan,1000000
80199,3.962218761444092e-05,0.9985110759735107,0.004506,0.004506,0.0,0.000709,6.9e-05,0.9999165534973145,0.0,0.0,0.000737,6.1e-05,0.999998152256012,nan,1000000
80299,0.00014653801918029785,0.9975537061691284,0.004654,0.004654,0.0,0.000723,8.5e-05,0.9999687671661377,0.0,0.0,0.000737,6.1e-05,0.999998152256012,nan,1000000
80399,0.00038948655128479004,0.9997824430465698,0.004606,0.004606,0.0,0.000743,8.4e-05,0.9999939203262329,0.0,0.0,0.000737,6.1e-05,0.999998152256012,nan,1000000
80499,0.00017264485359191895,0.9982576370239258,0.004562,0.004562,0.0,0.00074,6.1e-05,0.9999873638153076,0.0,0.0,0.000737,6.1e-05,0.999998152256012,nan,1000000
80599,6.842613220214844e-05,0.997225284576416,0.004874,0.004874,0.0,0.000735,7.2e-05,0.9999785423278809,0.0,0.0,0.000737,6.1e-05,0.999998152256012,nan,1000000
80699,-0.00023032724857330322,0.9984015226364136,0.004449,0.004449,0.0,0.000742,6.5e-05,0.9999964237213135,0.0,0.0,0.000737,6.1e-05,0.999998152256012,nan,1000000
80799,0.00010304152965545654,0.9981382489204407,0.00388,0.003879,0.0,0.000729,9.2e-05,0.9999653100967407,0.0,0.0,0.000737,6.1e-05,0.999998152256012,nan,1000000
80899,-0.0004781782627105713,0.9968846440315247,0.004372,0.004372,0.0,0.000732,8.2e-05,0.9999921321868896,0.0,0.0,0.000737,6.1e-05,0.999998152256012,nan,1000000
80999,-0.0006546676158905029,0.9970632791519165,0.004836,0.004836,0.0,0.000715,7.8e-05,0.999980628490448,0.0,0.0,0.000737,6.1e-05,0.999998152256012,nan,1000000
81099,-0.00016954541206359863,0.9989891052246094,0.005443,0.005443,0.0,0.000728,8e-05,0.9999912977218628,0.0,0.0,0.000737,6.1e-05,0.999998152256012,nan,1000000
81199,-2.9787421226501465e-05,0.9983649253845215,0.005102,0.005102,0.0,0.000701,7e-05,0.9999761581420898,0.0,0.0,0.000737,6.1e-05,0.999998152256012,nan,1000000
81299,0.0010561197996139526,1.0022598505020142,0.004781,0.004781,0.0,0.000729,6.7e-05,0.9999954700469971,0.0,0.0,0.000737,6.1e-05,0.999998152256012,nan,1000000
81399,0.0004412829875946045,1.0005990266799927,0.00516,0.00516,0.0,0.000714,7.8e-05,0.9999984502792358,0.0,0.0,0.000737,6.1e-05,0.999998152256012,nan,1000000
81499,0.00025244057178497314,1.0002837181091309,0.004801,0.004801,0.0,0.00072,7.4e-05,0.9999984502792358,0.0,0.0,0.000737,6.1e-05,0.999998152256012,nan,1000000
81599,0.0001125335693359375,0.9982964992523193,0.004716,0.004716,0.0,0.000703,7.8e-05,0.9999852180480957,0.0,0.0,0.000737,6.1e-05,0.999998152256012,nan,1000000
81699,0.0003434121608734131,1.000896692276001,0.005038,0.005038,0.0,0.000671,6.3e-05,0.9999915361404419,0.0,0.0,0.000737,6.1e-05,0.999998152256012,nan,1000000
81799,0.0002924203872680664,0.9992351531982422,0.004463,0.004463,0.0,0.000603,6.7e-05,0.9999759197235107,0.0,0.0,0.000737,6.1e-05,0.999998152256012,nan,1000000
81899,0.000276714563369751,1.0010877847671509,0.005056,0.005056,0.0,0.000615,6.1e-05,0.9999926090240479,0.0,0.0,0.000737,6.1e-05,0.999998152256012,nan,1000000
81999,0.0003867149353027344,1.0005569458007812,0.004931,0.00493,0.0,0.000603,5e-05,0.9999946355819702,0.0,0.0,0.000737,6.1e-05,0.999998152256012,nan,1000000
82099,0.0002272278070449829,0.9996386766433716,0.005379,0.005379,0.0,0.000626,5.4e-05,0.9999926090240479,0.0,0.0,0.000737,6.1e-05,0.999998152256012,nan,1000000
82199,-9.253621101379395e-05,0.9988151788711548,0.005763,0.005763,0.0,0.000624,5.8e-05,0.9999549388885498,0.0,0.0,0.000737,6.1e-05,0.999998152256012,nan,1000000
82299,0.00027000904083251953,0.9998102188110352,0.005325,0.005325,0.0,0.000654,6.1e-05,0.9999979734420776,0.0,0.0,0.000737,6.1e-05,0.999998152256012,nan,1000000
82399,-0.0004939138889312744,0.9984552264213562,0.005648,0.005648,1e-06,0.000663,6.4e-05,1.0,0.0,0.0,0.000737,6.1e-05,0.999998152256012,nan,1000000
82499,0.00010173022747039795,1.0002678632736206,0.00579,0.00579,0.0,0.000649,5.2e-05,0.9999438524246216,0.0,0.0,0.000737,6.1e-05,0.999998152256012,nan,1000000
82599,-0.0005003064870834351,1.000087857246399,0.005688,0.005688,0.0,0.000669,6.3e-05,0.9999946355819702,0.0,0.0,0.000737,6.1e-05,0.999998152256012,nan,1000000
82699,0.0002970695495605469,1.0018104314804077,0.005509,0.005509,0.0,0.000677,8.1e-05,0.9999818801879883,0.0,0.0,0.000737,6.1e-05,0.999998152256012,nan,1000000
82799,-0.000298425555229187,0.999018669128418,0.00567,0.00567,0.0,0.000617,6.5e-05,0.9999889731407166,0.0,0.0,0.000737,6.1e-05,0.999998152256012,nan,1000000
82899,-0.0003899484872817993,0.9950127601623535,0.004038,0.004038,0.0,0.000592,6.6e-05,0.9999864101409912,0.0,0.0,0.000737,6.1e-05,0.999998152256012,nan,1000000
82999,0.00023247301578521729,1.0023102760314941,0.002867,0.002867,0.0,0.000756,7e-05,0.9999806880950928,0.0,0.0,0.000737,6.1e-05,0.999998152256012,nan,1000000
83099,8.057057857513428e-05,1.0006496906280518,0.002975,0.002975,0.0,0.000722,5.7e-05,0.9999969005584717,0.0,0.0,0.000737,6.1e-05,0.999998152256012,nan,1000000
83199,0.00021085143089294434,1.0001442432403564,0.003031,0.003031,0.0,0.000696,7.7e-05,0.999992847442627,0.0,0.0,0.000737,6.1e-05,0.999998152256012,nan,1000000
83299,-0.00042301416397094727,0.9982535243034363,0.004179,0.004179,0.0,0.00068,6.5e-05,0.9999854564666748,0.0,0.0,0.000737,6.1e-05,0.999998152256012,nan,1000000
83399,-3.919005393981934e-06,0.9992793202400208,0.00359,0.00359,0.0,0.000674,6.4e-05,0.9999740123748779,0.0,0.0,0.000737,6.1e-05,0.999998152256012,nan,1000000
83499,0.0001624971628189087,0.998259961605072,0.002963,0.002963,0.0,0.000535,4.4e-05,0.9999916553497314,0.0,0.0,0.000737,6.1e-05,0.999998152256012,nan,1000000
83599,-8.732080459594727e-05,0.9977129697799683,0.003393,0.003393,0.0,0.000539,5.8e-05,0.9999711513519287,0.0,0.0,0.000737,6.1e-05,0.999998152256012,nan,1000000
83699,-0.00011245906352996826,0.9971704483032227,0.002866,0.002866,1e-06,0.000601,6.1e-05,1.0,0.0,0.0,0.000737,6.1e-05,0.999998152256012,nan,1000000
83799,-4.312396049499512e-05,0.9974744915962219,0.002958,0.002958,0.0,0.000559,4.9e-05,0.9999820590019226,0.0,0.0,0.000737,6.1e-05,0.999998152256012,nan,1000000
83899,-0.0005242824554443359,0.9955276250839233,0.002884,0.002884,0.0,0.00055,5.2e-05,0.9999850988388062,0.0,0.0,0.000737,6.1e-05,0.999998152256012,nan,1000000
83999,-0.0002964138984680176,0.997792661190033,0.003057,0.003057,0.0,0.000574,6.3e-05,0.999981164932251,0.0,0.0,0.000737,6.1e-05,0.999998152256012,nan,1000000
84099,-0.00022014975547790527,0.9975966811180115,0.00337,0.00337,0.0,0.000568,4.6e-05,0.9999819993972778,0.0,0.0,0.000737,6.1e-05,0.999998152256012,nan,1000000
84199,-0.0001768171787261963,0.9985324740409851,0.003108,0.003108,0.0,0.000572,5.7e-05,0.9999349117279053,0.0,0.0,0.000737,6.1e-05,0.999998152256012,nan,1000000
84299,0.00021657347679138184,0.9975554943084717,0.0025910000000000013,0.002548,0.0,0.000606,5.2e-05,0.9999895095825195,0.0,0.0,0.000737,6.1e-05,0.999998152256012,nan,1000000
84399,-0.0003522336483001709,1.0000687837600708,0.003412,0.003412,0.0,0.000635,6.7e-05,0.9999947547912598,0.0,0.0,0.000737,6.1e-05,0.999998152256012,nan,1000000
84499,-0.0005626082420349121,0.9971985816955566,0.0030670000000000003,0.003067,0.0,0.000569,5.9e-05,0.9999976754188538,0.0,0.0,0.000737,6.1e-05,0.999998152256012,nan,1000000
84599,6.827712059020996e-05,0.999300479888916,0.003038,0.003038,0.0,0.000654,5.9e-05,0.9999988079071045,0.0,0.0,0.000737,6.1e-05,0.999998152256012,nan,1000000
84699,-0.00035862624645233154,0.9974709153175354,0.002808,0.002808,0.0,0.00061,6.6e-05,0.9999732971191406,0.0,0.0,0.000737,6.1e-05,0.999998152256012,nan,1000000
84799,0.000334814190864563,1.000529408454895,0.003285,0.003285,0.0,0.000632,6.4e-05,0.9999778270721436,0.0,0.0,0.000737,6.1e-05,0.999998152256012,nan,1000000
84899,0.0004456043243408203,0.9998959302902222,0.002613,0.002613,0.0,0.000636,6.4e-05,0.9999666213989258,0.0,0.0,0.000737,6.1e-05,0.999998152256012,nan,1000000
84999,-0.0003362596035003662,0.9997169971466064,0.003413,0.003412,0.0,0.000541,5.6e-05,0.9999961853027344,0.0,0.0,0.000737,6.1e-05,0.999998152256012,nan,1000000
85099,-0.00028964877128601074,0.9980705380439758,0.002922,0.002922,0.0,0.000546,5e-05,0.9999955892562866,0.0,0.0,0.000737,6.1e-05,0.999998152256012,nan,1000000
85199,0.0001304149627685547,1.0002131462097168,0.002847,0.002847,0.0,0.000579,6.4e-05,0.9999929666519165,0.0,0.0,0.000737,6.1e-05,0.999998152256012,nan,1000000
85299,-0.00018949806690216064,0.9988033771514893,0.002727,0.002727,0.0,0.000508,5.2e-05,0.9999994039535522,0.0,0.0,0.000737,6.1e-05,0.999998152256012,nan,1000000
85399,-2.3677945137023926e-05,1.0001869201660156,0.002848,0.002848,0.0,0.000464,5.1e-05,0.9999915361404419,0.0,0.0,0.000737,6.1e-05,0.999998152256012,nan,1000000
85499,0.000498458743095398,1.0002535581588745,0.00275,0.00275,0.0,0.000453,4.8e-05,0.9999985694885254,0.0,0.0,0.000737,6.1e-05,0.999998152256012,nan,1000000
85599,0.0005116015672683716,1.0003011226654053,0.002667,0.002667,0.0,0.000451,4.8e-05,0.999968945980072,0.0,0.0,0.000737,6.1e-05,0.999998152256012,nan,1000000
85699,-0.0003046393394470215,0.9979186058044434,0.002834,0.002834,0.0,0.000454,5.2e-05,0.9999486207962036,0.0,0.0,0.000737,6.1e-05,0.999998152256012,nan,1000000
85799,7.4803829193115234e-06,0.9987144470214844,0.003022,0.003022,0.0,0.00047,4.4e-05,0.9999837875366211,0.0,0.0,0.000737,6.1e-05,0.999998152256012,nan,1000000
85899,-0.0002699345350265503,0.99888014793396,0.002745,0.002745,0.0,0.000486,4.8e-05,0.9999749660491943,0.0,0.0,0.000737,6.1e-05,0.999998152256012,nan,1000000
85999,0.00036741793155670166,1.0005525350570679,0.002744,0.002744,0.0,0.000419,4.7e-05,0.9999962449073792,0.0,0.0,0.000737,6.1e-05,0.999998152256012,nan,1000000
86099,4.0218234062194824e-05,0.999151349067688,0.003313,0.003313,0.0,0.000476,4.9e-05,0.9999983310699463,0.0,0.0,0.000737,6.1e-05,0.999998152256012,nan,1000000
86199,-2.9399991035461426e-05,1.0001028776168823,0.003679,0.003679,0.0,0.000471,5.7e-05,0.999992847442627,0.0,0.0,0.000737,6.1e-05,0.999998152256012,nan,1000000
86299,-0.0005541592836380005,0.9974309206008911,0.003002,0.003002,0.0,0.000479,5e-05,0.9999881386756897,0.0,0.0,0.000737,6.1e-05,0.999998152256012,nan,1000000
86399,0.00030997395515441895,1.0004814863204956,0.002397,0.002396,0.0,0.000558,5.1e-05,0.99998939037323,0.0,0.0,0.000737,6.1e-05,0.999998152256012,nan,1000000
86499,0.00017303228378295898,0.9987834692001343,0.002713,0.002713,0.0,0.00056,5.6e-05,0.9999972581863403,0.0,0.0,0.000737,6.1e-05,0.999998152256012,nan,1000000
86599,0.0003394186496734619,0.9993784427642822,0.0025419999999999957,0.002423,0.0,0.000585,5.1e-05,0.999990701675415,0.0,0.0,0.000737,6.1e-05,0.999998152256012,nan,1000000
86699,0.00029490888118743896,1.0005282163619995,0.002799,0.002799,0.0,0.000586,5.4e-05,0.9999815821647644,0.0,0.0,0.000737,6.1e-05,0.999998152256012,nan,1000000
86799,0.0004644244909286499,1.0011264085769653,0.002703,0.002703,0.0,0.00056,4.4e-05,0.9999998807907104,0.0,0.0,0.000737,6.1e-05,0.999998152256012,nan,1000000
86899,-0.00018034875392913818,0.9995664358139038,0.003551,0.00355,0.0,0.00052,5.3e-05,0.9999809265136719,0.0,0.0,0.000737,6.1e-05,0.999998152256012,nan,1000000
86999,-0.0006788671016693115,0.9986864924430847,0.003601,0.003601,0.0,0.000562,4.3e-05,0.9999580383300781,0.0,0.0,0.000737,6.1e-05,0.999998152256012,nan,1000000
87099,2.5480985641479492e-06,0.9986413717269897,0.002835,0.002835,0.0,0.000492,5.8e-05,0.9999986886978149,0.0,0.0,0.000737,6.1e-05,0.999998152256012,nan,1000000
87199,-0.0003022700548171997,0.9981579780578613,0.003169,0.003169,0.0,0.000556,4.9e-05,0.9999936819076538,0.0,0.0,0.000737,6.1e-05,0.999998152256012,nan,1000000
87299,-1.5214085578918457e-05,0.9996850490570068,0.002647,0.002646,0.0,0.000525,5.5e-05,0.9999966621398926,0.0,0.0,0.000737,6.1e-05,0.999998152256012,nan,1000000
87399,0.0001166611909866333,0.9996637105941772,0.002564,0.002564,0.0,0.000502,5.3e-05,0.999976396560669,0.0,0.0,0.000737,6.1e-05,0.999998152256012,nan,1000000
87499,9.447336196899414e-05,0.9995343089103699,0.00271,0.00271,0.0,0.000536,5.3e-05,0.9999822378158569,0.0,0.0,0.000737,6.1e-05,0.999998152256012,nan,1000000
87599,0.00025784969329833984,1.00022554397583,0.002776,0.002776,0.0,0.000416,5.1e-05,0.9999392032623291,0.0,0.0,0.000737,6.1e-05,0.999998152256012,nan,1000000
87699,0.00020962953567504883,1.0015909671783447,0.003555,0.003555,0.0,0.000469,5.5e-05,0.9999794960021973,0.0,0.0,0.000737,6.1e-05,0.999998152256012,nan,1000000
87799,-2.8058886528015137e-05,0.9996914267539978,0.003196,0.003196,0.0,0.000449,5.2e-05,0.999976396560669,0.0,0.0,0.000737,6.1e-05,0.999998152256012,nan,1000000
87899,8.435547351837158e-05,1.000099778175354,0.003393,0.003393,0.0,0.000448,5.4e-05,0.9999411106109619,0.0,0.0,0.000737,6.1e-05,0.999998152256012,nan,1000000
87999,0.00012479722499847412,1.0013810396194458,0.003396,0.003395,0.0,0.00047,6.2e-05,0.9999969005584717,0.0,0.0,0.000737,6.1e-05,0.999998152256012,nan,1000000
88099,-0.00025540590286254883,0.9999409914016724,0.002856,0.002855,0.0,0.000418,3.6e-05,0.9999994039535522,0.0,0.0,0.000737,6.1e-05,0.999998152256012,nan,1000000
88199,-0.00021620094776153564,0.999508261680603,0.003207,0.003206,0.0,0.000453,4.9e-05,0.9999951124191284,0.0,0.0,0.000737,6.1e-05,0.999998152256012,nan,1000000
88299,-0.00024203956127166748,1.0009512901306152,0.003335,0.003334,0.0,0.000533,7e-05,0.9999939203262329,0.0,0.0,0.000737,6.1e-05,0.999998152256012,nan,1000000
88399,-0.00015994906425476074,0.9981551766395569,0.002485,0.002485,0.0,0.000511,6.6e-05,0.9999854564666748,0.0,0.0,0.000737,6.1e-05,0.999998152256012,nan,1000000
88499,-0.000394478440284729,0.9972812533378601,0.002724,0.002724,0.0,0.000521,6.1e-05,0.9999916553497314,0.0,0.0,0.000737,6.1e-05,0.999998152256012,nan,1000000
88599,-0.0010485053062438965,0.9964317679405212,0.003175,0.003175,0.0,0.000454,6.2e-05,0.9999997615814209,0.0,0.0,0.000737,6.1e-05,0.999998152256012,nan,1000000
88699,-0.00010924041271209717,1.0009267330169678,0.0033900000000000002,0.003389,0.0,0.000475,6.7e-05,0.9999805688858032,0.0,0.0,0.000737,6.1e-05,0.999998152256012,nan,1000000
88799,2.6851892471313477e-05,0.9999908804893494,0.003494,0.003494,0.0,0.000425,5e-05,0.9999617338180542,0.0,0.0,0.000737,6.1e-05,0.999998152256012,nan,1000000
88899,0.00019000470638275146,1.000403881072998,0.003147,0.003146,0.0,0.000644,6.6e-05,0.9999958276748657,0.0,0.0,0.000737,6.1e-05,0.999998152256012,nan,1000000
88999,-0.0005311518907546997,0.9978573322296143,0.003299,0.003299,0.0,0.000616,6.4e-05,0.9999904632568359,0.0,0.0,0.000737,6.1e-05,0.999998152256012,nan,1000000
89099,-7.770955562591553e-05,0.9994429349899292,0.003199,0.003199,0.0,0.000627,7.1e-05,0.9999969005584717,0.0,0.0,0.000737,6.1e-05,0.999998152256012,nan,1000000
89199,0.00016185641288757324,1.0004221200942993,0.003558,0.003558,0.0,0.000657,6.3e-05,0.9999967813491821,0.0,0.0,0.000737,6.1e-05,0.999998152256012,nan,1000000
89299,-0.00013700127601623535,0.9997831583023071,0.003147,0.003147,0.0,0.000683,6.7e-05,0.9999897480010986,0.0,0.0,0.000737,6.1e-05,0.999998152256012,nan,1000000
89399,8.928775787353516e-05,1.00080144405365,0.00317,0.00317,0.0,0.000715,7.3e-05,0.9999687671661377,0.0,0.0,0.000737,6.1e-05,0.999998152256012,nan,1000000
89499,-0.0003767460584640503,0.9982568621635437,0.002795,0.002795,0.0,0.00067,6.6e-05,0.9999871253967285,0.0,0.0,0.000737,6.1e-05,0.999998152256012,nan,1000000
89599,-0.00016579031944274902,0.9985367655754089,0.003001,0.003001,0.0,0.000641,5.1e-05,0.9999593496322632,0.0,0.0,0.000737,6.1e-05,0.999998152256012,nan,1000000
89699,5.467236042022705e-05,0.9989533424377441,0.002664,0.002664,0.0,0.000608,6.9e-05,0.9999916553497314,0.0,0.0,0.000737,6.1e-05,0.999998152256012,nan,1000000
89799,0.00026848912239074707,1.000337839126587,0.002806,0.002806,0.0,0.000567,6.6e-05,0.9999942779541016,0.0,0.0,0.000737,6.1e-05,0.999998152256012,nan,1000000
89899,6.829202175140381e-05,0.9998863935470581,0.003244,0.003244,0.0,0.000556,5.7e-05,0.9999750852584839,0.0,0.0,0.000737,6.1e-05,0.999998152256012,nan,1000000
89999,-9.071826934814453e-05,0.9994710087776184,0.002533,0.002533,0.0,0.000526,5.3e-05,0.9999802112579346,0.0,0.0,0.000737,6.1e-05,0.999998152256012,nan,1000000
90099,0.00015664100646972656,0.9996664524078369,0.0026460000000000025,0.002235,0.0,0.000565,4.8e-05,0.9999597072601318,0.0,0.0,0.000737,6.1e-05,0.999998152256012,nan,1000000
90199,-0.00016361474990844727,1.0003838539123535,0.003172,0.003172,0.0,0.000515,5.1e-05,0.999968409538269,0.0,0.0,0.000737,6.1e-05,0.999998152256012,nan,1000000
90299,-0.00033070147037506104,0.9982495903968811,0.002345,0.002235,0.0,0.000468,4.6e-05,0.9999765753746033,0.0,0.0,0.000737,6.1e-05,0.999998152256012,nan,1000000
90399,0.00013172626495361328,0.9990110397338867,0.002434,0.002434,0.0,0.000459,5.2e-05,0.9999837875366211,0.0,0.0,0.000737,6.1e-05,0.999998152256012,nan,1000000
90499,-0.00043053925037384033,0.9992631673812866,0.002905,0.002905,0.0,0.000465,4.8e-05,0.9999682903289795,0.0,0.0,0.000737,6.1e-05,0.999998152256012,nan,1000000
90599,4.3705105781555176e-05,1.000137448310852,0.002486,0.002486,0.0,0.000439,4.8e-05,0.9999824166297913,0.0,0.0,0.000737,6.1e-05,0.999998152256012,nan,1000000
90699,-0.00016425549983978271,0.9992274045944214,0.00243,0.00243,0.0,0.000493,5.7e-05,0.9999722242355347,0.0,0.0,0.000737,6.1e-05,0.999998152256012,nan,1000000
90799,-8.374452590942383e-05,0.9997717142105103,0.002293,0.002163,0.0,0.000565,5e-05,0.9999834299087524,0.0,0.0,0.000737,6.1e-05,0.999998152256012,nan,1000000
90899,0.0004507601261138916,1.000665307044983,0.0024880000000000006,0.002124,0.0,0.000523,5.9e-05,0.9999865293502808,0.0,0.0,0.000737,6.1e-05,0.999998152256012,nan,1000000
90999,-7.896125316619873e-05,1.0014817714691162,0.003111,0.00311,0.0,0.000509,5.4e-05,0.9999459981918335,0.0,0.0,0.000737,6.1e-05,0.999998152256012,nan,1000000
91099,-2.3096799850463867e-06,0.999360203742981,0.002743,0.002743,0.0,0.000491,5.6e-05,0.9999910593032837,0.0,0.0,0.000737,6.1e-05,0.999998152256012,nan,1000000
91199,-0.00021323561668395996,0.9997056722640991,0.003094,0.003093,0.0,0.000593,6.6e-05,0.9999971389770508,0.0,0.0,0.000737,6.1e-05,0.999998152256012,nan,1000000
91299,4.144012928009033e-05,1.0006335973739624,0.003087,0.003085,0.0,0.00073,7.8e-05,0.999997615814209,0.0,0.0,0.000737,6.1e-05,0.999998152256012,nan,1000000
91399,0.0003717690706253052,1.0005507469177246,0.002815,0.002814,0.0,0.000713,7.2e-05,0.9999799728393555,0.0,0.0,0.000737,6.1e-05,0.999998152256012,nan,1000000
91499,0.0005535334348678589,1.0001802444458008,0.00282,0.00282,0.0,0.000747,7.9e-05,0.9999704360961914,0.0,0.0,0.000737,6.1e-05,0.999998152256012,nan,1000000
91599,0.00022935867309570312,0.9992837905883789,0.002958,0.002958,0.0,0.000674,7e-05,0.9999980926513672,0.0,0.0,0.000737,6.1e-05,0.999998152256012,nan,1000000
91699,2.9012560844421387e-05,0.9986308217048645,0.003364,0.003364,0.0,0.00056,6e-05,0.9999871253967285,0.0,0.0,0.000737,6.1e-05,0.999998152256012,nan,1000000
91799,0.00016151368618011475,0.9990667700767517,0.003488,0.003488,0.0,0.000614,7e-05,0.9999938607215881,0.0,0.0,0.000737,6.1e-05,0.999998152256012,nan,1000000
91899,-0.0003135502338409424,0.9987035393714905,0.003547,0.003547,0.0,0.000594,6.3e-05,0.9999783039093018,0.0,0.0,0.000737,6.1e-05,0.999998152256012,nan,1000000
91999,0.0004225820302963257,0.9999352693557739,0.003487,0.003487,0.0,0.000643,6.1e-05,0.9999709129333496,0.0,0.0,0.000737,6.1e-05,0.999998152256012,nan,1000000
92099,0.0001764148473739624,1.0007901191711426,0.003883,0.003883,0.0,0.000603,6.2e-05,0.999976634979248,0.0,0.0,0.000737,6.1e-05,0.999998152256012,nan,1000000
92199,-0.00018189847469329834,1.000078558921814,0.004,0.004,0.0,0.000627,6.5e-05,0.9999903440475464,0.0,0.0,0.000737,6.1e-05,0.999998152256012,nan,1000000
92299,-0.0004385709762573242,0.9976680278778076,0.004316,0.004316,0.0,0.000602,6.4e-05,0.9999831914901733,0.0,0.0,0.000737,6.1e-05,0.999998152256012,nan,1000000
92399,-0.000647813081741333,0.9983035326004028,0.004601,0.004601,0.0,0.000611,6.8e-05,0.9999980926513672,0.0,0.0,0.000737,6.1e-05,0.999998152256012,nan,1000000
92499,-0.00012379884719848633,0.9986842274665833,0.0041979999999999995,0.004197,0.0,0.000644,7.2e-05,0.999988317489624,0.0,0.0,0.000737,6.1e-05,0.999998152256012,nan,1000000
92599,-3.2186508178710938e-06,0.99928879737854,0.003762,0.003762,0.0,0.000657,7.7e-05,0.9999939203262329,0.0,0.0,0.000737,6.1e-05,0.999998152256012,nan,1000000
92699,0.0005567967891693115,1.000941276550293,0.00336,0.00336,0.0,0.000655,7.1e-05,0.9999746084213257,0.0,0.0,0.000737,6.1e-05,0.999998152256012,nan,1000000
92799,-0.00033007562160491943,0.9985378384590149,0.003741,0.003741,0.0,0.000639,7.5e-05,0.9999632835388184,0.0,0.0,0.000737,6.1e-05,0.999998152256012,nan,1000000
92899,-0.00048242509365081787,0.9990648627281189,0.0041,0.0041,0.0,0.000668,6.2e-05,0.9999700784683228,0.0,0.0,0.000737,6.1e-05,0.999998152256012,nan,1000000
92999,-1.1682510375976562e-05,0.9972172975540161,0.003457,0.003456,0.0,0.000669,8.3e-05,0.9999997615814209,0.0,0.0,0.000737,6.1e-05,0.999998152256012,nan,1000000
93099,0.0002558380365371704,1.0001623630523682,0.003906,0.003905,0.0,0.000653,8.1e-05,0.9999980926513672,0.0,0.0,0.000737,6.1e-05,0.999998152256012,nan,1000000
93199,-0.00013102591037750244,0.9976198673248291,0.003652,0.003652,0.0,0.000653,7.7e-05,0.9999967813491821,0.0,0.0,0.000737,6.1e-05,0.999998152256012,nan,1000000
93299,-0.0006321370601654053,0.9987311363220215,0.004308,0.004308,0.0,0.000677,6.6e-05,0.9999884366989136,0.0,0.0,0.000737,6.1e-05,0.999998152256012,nan,1000000
93399,0.00047829747200012207,0.9998086094856262,0.003727,0.003727,0.0,0.000641,7.3e-05,0.999977707862854,0.0,0.0,0.000737,6.1e-05,0.999998152256012,nan,1000000
93499,0.00023441016674041748,0.9997910261154175,0.003613,0.003613,0.0,0.000645,6.3e-05,0.9999816417694092,0.0,0.0,0.000737,6.1e-05,0.999998152256012,nan,1000000
93599,-0.0001285076141357422,0.999916136264801,0.004001,0.004,0.0,0.000666,6.2e-05,0.9999983310699463,0.0,0.0,0.000737,6.1e-05,0.999998152256012,nan,1000000
93699,0.00021351873874664307,0.9977321624755859,0.003537,0.003536,0.0,0.000614,5.1e-05,0.9999886751174927,0.0,0.0,0.000737,6.1e-05,0.999998152256012,nan,1000000
93799,0.0005600899457931519,1.000132441520691,0.003391,0.003391,0.0,0.000615,6.5e-05,0.9999927878379822,0.0,0.0,0.000737,6.1e-05,0.999998152256012,nan,1000000
93899,-0.00017870962619781494,0.9982488751411438,0.003629,0.003629,0.0,0.000616,6.5e-05,0.9999761581420898,0.0,0.0,0.000737,6.1e-05,0.999998152256012,nan,1000000
93999,0.0003495514392852783,1.001647710800171,0.004289,0.004289,0.0,0.000673,5.9e-05,0.9999961853027344,0.0,0.0,0.000737,6.1e-05,0.999998152256012,nan,1000000
94099,0.00063285231590271,0.998175859451294,0.003951,0.003951,0.0,0.000619,7.4e-05,0.9999990463256836,0.0,0.0,0.000737,6.1e-05,0.999998152256012,nan,1000000
94199,0.0002101510763168335,0.9982332587242126,0.004144,0.004144,0.0,0.00062,7.1e-05,0.9999899864196777,0.0,0.0,0.000737,6.1e-05,0.999998152256012,nan,1000000
94299,2.5600194931030273e-05,0.9984998106956482,0.003886,0.003886,0.0,0.000605,6.4e-05,0.9999151825904846,0.0,0.0,0.000737,6.1e-05,0.999998152256012,nan,1000000
94399,0.0001710355281829834,1.0007244348526,0.003971,0.003971,0.0,0.000633,8.2e-05,0.9999971389770508,0.0,0.0,0.000737,6.1e-05,0.999998152256012,nan,1000000
94499,-1.627206802368164e-05,0.9995317459106445,0.00404,0.00404,0.0,0.000621,5.8e-05,0.9999674558639526,0.0,0.0,0.000737,6.1e-05,0.999998152256012,nan,1000000
94599,0.00041598081588745117,0.9999217987060547,0.003872,0.003872,0.0,0.000615,5.7e-05,0.99998939037323,0.0,0.0,0.000737,6.1e-05,0.999998152256012,nan,1000000
94699,0.00028283894062042236,1.0012946128845215,0.004171,0.004171,0.0,0.000621,7.4e-05,0.999984860420227,0.0,0.0,0.000737,6.1e-05,0.999998152256012,nan,1000000
94799,9.800493717193604e-05,0.9994276165962219,0.004256,0.004256,0.0,0.00061,6.9e-05,0.9999960660934448,0.0,0.0,0.000737,6.1e-05,0.999998152256012,nan,1000000
94899,0.0002678483724594116,0.9992966651916504,0.004291,0.004291,0.0,0.00062,6.7e-05,0.9999947547912598,0.0,0.0,0.000737,6.1e-05,0.999998152256012,nan,1000000
94999,0.000521540641784668,0.9980792999267578,0.00365,0.00365,0.0,0.00059,4e-05,0.9999229907989502,0.0,0.0,0.000737,6.1e-05,0.999998152256012,nan,1000000
95099,0.0002882331609725952,0.9983048439025879,0.00386,0.00386,0.0,0.000588,5.7e-05,0.9999938011169434,0.0,0.0,0.000737,6.1e-05,0.999998152256012,nan,1000000
95199,9.182095527648926e-05,0.9989933967590332,0.003842,0.003842,0.0,0.000579,5.6e-05,0.9999377131462097,0.0,0.0,0.000737,6.1e-05,0.999998152256012,nan,1000000
95299,0.00020600855350494385,1.0030471086502075,0.003877,0.003877,0.0,0.000615,6.9e-05,0.9999980926513672,0.0,0.0,0.000737,6.1e-05,0.999998152256012,nan,1000000
95399,0.0005425959825515747,1.0008410215377808,0.00287,0.00287,0.0,0.000618,6.1e-05,0.9999790191650391,0.0,0.0,0.000737,6.1e-05,0.999998152256012,nan,1000000
95499,-5.558133125305176e-05,0.9978652000427246,0.002581,0.00258,0.0,0.000674,5.3e-05,0.9999861717224121,0.0,0.0,0.000737,6.1e-05,0.999998152256012,nan,1000000
95599,-0.00043064355850219727,0.9978716969490051,0.002999,0.002999,0.0,0.000684,5.7e-05,0.9999265670776367,0.0,0.0,0.000737,6.1e-05,0.999998152256012,nan,1000000
95699,0.000265270471572876,0.9981876015663147,0.002447999999999999,0.002097,0.0,0.000701,6.6e-05,0.9999862909317017,0.0,0.0,0.000737,6.1e-05,0.999998152256012,nan,1000000
95799,-0.00017081201076507568,0.9952001571655273,0.002461999999999999,0.00223,0.0,0.00071,6.4e-05,0.9999905824661255,0.0,0.0,0.000737,6.1e-05,0.999998152256012,nan,1000000
95899,-0.0001109391450881958,0.9999159574508667,0.002266,0.002265,0.0,0.000797,6.6e-05,0.9999830722808838,0.0,0.0,0.000737,6.1e-05,0.999998152256012,nan,1000000
95999,0.00013102591037750244,0.9971774220466614,0.003193999999999999,0.002321,0.0,0.000727,6.8e-05,0.9999916553497314,0.0,0.0,0.000737,6.1e-05,0.999998152256012,nan,1000000
96099,-0.0007498711347579956,0.9992057085037231,0.004146,0.004145,0.0,0.000703,6.7e-05,0.9999903440475464,0.0,0.0,0.000737,6.1e-05,0.999998152256012,nan,1000000
96199,2.5764107704162598e-05,1.0007177591323853,0.003049,0.003049,1e-06,0.000643,6.6e-05,1.0,0.0,0.0,0.000737,6.1e-05,0.999998152256012,nan,1000000
96299,0.0002406388521194458,0.9986497759819031,0.003221,0.003221,0.0,0.000606,5.9e-05,0.9999876022338867,0.0,0.0,0.000737,6.1e-05,0.999998152256012,nan,1000000
96399,0.00019684433937072754,0.9991470575332642,0.003146,0.003146,0.0,0.000638,5.9e-05,0.9999963045120239,0.0,0.0,0.000737,6.1e-05,0.999998152256012,nan,1000000
96499,-2.6986002922058105e-05,0.997974157333374,0.003033,0.003033,0.0,0.000655,7.7e-05,0.999998152256012,0.0,0.0,0.000737,6.1e-05,0.999998152256012,nan,1000000
96599,0.0004688948392868042,0.9980632066726685,0.0032350000000000018,0.002864,0.0,0.000645,5.8e-05,0.9999628067016602,0.0,0.0,0.000737,6.1e-05,0.999998152256012,nan,1000000
96699,0.00012274086475372314,0.9998090267181396,0.003201,0.003201,0.0,0.000668,6e-05,0.9999773502349854,0.0,0.0,0.000737,6.1e-05,0.999998152256012,nan,1000000
96799,0.0008601397275924683,1.0010441541671753,0.004208,0.004208,0.0,0.000681,6.1e-05,0.9999912977218628,0.0,0.0,0.000737,6.1e-05,0.999998152256012,nan,1000000
96899,-0.00013387203216552734,0.9998646378517151,0.004098,0.004098,0.0,0.000653,6.6e-05,0.9999891519546509,0.0,0.0,0.000737,6.1e-05,0.999998152256012,nan,1000000
96999,0.0003354102373123169,1.0001413822174072,0.003961,0.003961,0.0,0.000664,5.4e-05,0.9999898672103882,0.0,0.0,0.000737,6.1e-05,0.999998152256012,nan,1000000
97099,0.0001417100429534912,0.9991204142570496,0.004201,0.004201,0.0,0.00068,5.4e-05,0.9999876618385315,0.0,0.0,0.000737,6.1e-05,0.999998152256012,nan,1000000
97199,0.0007884055376052856,1.0012156963348389,0.004059,0.004059,0.0,0.00069,6.4e-05,0.9999765157699585,0.0,0.0,0.000737,6.1e-05,0.999998152256012,nan,1000000
97299,-2.2798776626586914e-06,0.9981129169464111,0.004372,0.004372,0.0,0.000673,7e-05,0.9999810457229614,0.0,0.0,0.000737,6.1e-05,0.999998152256012,nan,1000000
97399,-4.024803638458252e-05,0.9995323419570923,0.005202,0.005202,0.0,0.000657,6.2e-05,0.9999572038650513,0.0,0.0,0.000737,6.1e-05,0.999998152256012,nan,1000000
97499,0.0007471144199371338,0.9994718432426453,0.003247,0.003123,0.0,0.000651,6.7e-05,0.9999899864196777,0.0,0.0,0.000737,6.1e-05,0.999998152256012,nan,1000000
97599,0.00015544891357421875,0.9973503947257996,0.003076,0.003076,0.0,0.000668,7.2e-05,0.9999393224716187,0.0,0.0,0.000737,6.1e-05,0.999998152256012,nan,1000000
97699,1.0967254638671875e-05,0.998112678527832,0.003404,0.003404,0.0,0.000722,7.3e-05,0.9999909400939941,0.0,0.0,0.000737,6.1e-05,0.999998152256012,nan,1000000
97799,8.20159912109375e-05,1.0038375854492188,0.011428,0.011428,0.0,0.000745,6.7e-05,0.9999830722808838,0.0,0.0,0.000737,6.1e-05,0.999998152256012,nan,1000000
97899,0.00010816752910614014,1.0028390884399414,0.010878,0.010878,0.0,0.000724,6.5e-05,0.9999920129776001,0.0,0.0,0.000737,6.1e-05,0.999998152256012,nan,1000000
97999,0.0013529658317565918,1.0060080289840698,0.008059,0.008059,0.0,0.000699,6.4e-05,0.9999938011169434,0.0,0.0,0.000737,6.1e-05,0.999998152256012,nan,1000000
98099,-0.00013865530490875244,1.0016995668411255,0.008251,0.008251,0.0,0.000671,5.4e-05,0.9999921321868896,0.0,0.0,0.000737,6.1e-05,0.999998152256012,nan,1000000
98199,0.00041131675243377686,1.0028934478759766,0.007789,0.007789,0.0,0.000656,5.9e-05,0.9999918937683105,0.0,0.0,0.000737,6.1e-05,0.999998152256012,nan,1000000
98299,0.00046660006046295166,1.0037853717803955,0.007207,0.007206,0.0,0.000659,6.8e-05,0.999993622303009,0.0,0.0,0.000737,6.1e-05,0.999998152256012,nan,1000000
98399,0.0003277808427810669,1.0030580759048462,0.007279,0.007279,0.0,0.000638,6.6e-05,0.9999990463256836,0.0,0.0,0.000737,6.1e-05,0.999998152256012,nan,1000000
98499,0.0004344433546066284,1.0032483339309692,0.006234,0.006234,0.0,0.000604,5.4e-05,0.9999626874923706,0.0,0.0,0.000737,6.1e-05,0.999998152256012,nan,1000000
98599,0.00010479986667633057,1.0014569759368896,0.005184,0.005184,0.0,0.000598,4.9e-05,0.9999943971633911,0.0,0.0,0.000737,6.1e-05,0.999998152256012,nan,1000000
98699,0.0001185387372970581,1.0002644062042236,0.0059,0.0059,0.0,0.000585,5.8e-05,0.9999947547912598,0.0,0.0,0.000737,6.1e-05,0.999998152256012,nan,1000000
98799,-0.00043278932571411133,0.9981026649475098,0.005005,0.005005,0.0,0.000544,6.1e-05,0.9999978542327881,0.0,0.0,0.000737,6.1e-05,0.999998152256012,nan,1000000
98899,0.0003566741943359375,1.001603364944458,0.004855,0.004855,0.0,0.000581,6.8e-05,0.9999616146087646,0.0,0.0,0.000737,6.1e-05,0.999998152256012,nan,1000000
98999,0.0002589374780654907,1.0013389587402344,0.004919,0.004919,0.0,0.000573,6.1e-05,0.9999914169311523,0.0,0.0,0.000737,6.1e-05,0.999998152256012,nan,1000000
99099,7.490813732147217e-05,1.0005232095718384,0.005134,0.005134,0.0,0.000544,5.2e-05,0.9999985098838806,0.0,0.0,0.000737,6.1e-05,0.999998152256012,nan,1000000
99199,-5.2928924560546875e-05,0.9977642297744751,0.006635,0.006635,0.0,0.000587,5.5e-05,0.9999852180480957,0.0,0.0,0.000737,6.1e-05,0.999998152256012,nan,1000000
99299,9.162724018096924e-05,1.0008677244186401,0.007178,0.007178,0.0,0.000633,6.3e-05,0.9999926686286926,0.0,0.0,0.000737,6.1e-05,0.999998152256012,nan,1000000
99399,-0.0008935034275054932,0.993878960609436,0.003978000000000037,0.002476,0.0,0.000547,4.6e-05,0.9999681711196899,0.0,0.0,0.000737,6.1e-05,0.999998152256012,nan,1000000
99499,0.0007123649120330811,1.0010933876037598,0.002275,0.002275,0.0,0.000803,8.7e-05,0.9999822378158569,0.0,0.0,0.000737,6.1e-05,0.999998152256012,nan,1000000
99599,0.00031065940856933594,0.9958900809288025,0.0032359999999999993,0.001543,0.0,0.0007,7e-05,0.9999833106994629,0.0,0.0,0.000737,6.1e-05,0.999998152256012,nan,1000000
99699,0.00011901557445526123,0.9965690970420837,0.0025370000000000115,0.002051,0.0,0.000612,6.3e-05,0.9999858140945435,0.0,0.0,0.000737,6.1e-05,0.999998152256012,nan,1000000
99799,-0.00032560527324676514,0.9938766956329346,0.002891,0.00289,0.0,0.000551,5.5e-05,0.9999752044677734,0.0,0.0,0.000737,6.1e-05,0.999998152256012,nan,1000000
99899,0.0006486475467681885,0.9976758360862732,0.0027509999999999965,0.002365,0.0,0.000559,5.1e-05,0.9999954700469971,0.0,0.0,0.000737,6.1e-05,0.999998152256012,nan,1000000
99999,0.0005299746990203857,1.0034722089767456,0.002434,0.002433,0.0,0.000719,6.6e-05,0.9999822378158569,0.0,0.0,0.000737,6.1e-05,0.999998152256012,nan,1000000
