epoch,z_bias,z_std_ratio,ks,gen_z_le_0,gen_z_ge_1,gen_z_gt_0.99,gen_z_gt_0.999,gen_z_max,g4_z_le_0,g4_z_ge_1,g4_z_gt_0.99,g4_z_gt_0.999,g4_z_max,phys_reg,n_rows
99,-0.01888829469680786,0.9086238145828247,0.132641,0.132641,0.0,0.0,0.0,0.745804488658905,0.0,0.0,0.002066,0.000201,0.9999992847442627,nan,1000000
199,-0.011560916900634766,0.9340469241142273,0.040453,0.040453,0.0,0.0,0.0,0.8360613584518433,0.0,0.0,0.002066,0.000201,0.9999992847442627,nan,1000000
299,-0.004553705453872681,0.975521445274353,0.036358,0.036358,0.0,0.0,0.0,0.9295060038566589,0.0,0.0,0.002066,0.000201,0.9999992847442627,nan,1000000
399,-0.003193795680999756,1.0015231370925903,0.026267,0.026267,0.0,0.002102,0.000196,0.9999940395355225,0.0,0.0,0.002066,0.000201,0.9999992847442627,nan,1000000
499,0.00040283799171447754,1.0008666515350342,0.0154,0.0154,0.0,0.001555,0.000125,0.9999939203262329,0.0,0.0,0.002066,0.000201,0.9999992847442627,nan,1000000
599,0.00029662251472473145,1.0003033876419067,0.009757,0.009757,0.0,0.001649,0.000152,0.9999922513961792,0.0,0.0,0.002066,0.000201,0.9999992847442627,nan,1000000
699,0.0004819035530090332,1.0009632110595703,0.00934,0.00934,0.0,0.002775,0.000299,0.9999964237213135,0.0,0.0,0.002066,0.000201,0.9999992847442627,nan,1000000
799,0.0003229081630706787,1.0024176836013794,0.00833,0.00833,0.0,0.001447,9.6e-05,0.9999908208847046,0.0,0.0,0.002066,0.000201,0.9999992847442627,nan,1000000
899,0.00037914514541625977,1.0019786357879639,0.007843,0.007843,0.0,0.002854,0.000321,0.9999891519546509,0.0,0.0,0.002066,0.000201,0.9999992847442627,nan,1000000
999,0.0005341172218322754,1.0042108297348022,0.008074,0.008072,0.0,0.001989,0.000199,0.9999791383743286,0.0,0.0,0.002066,0.000201,0.9999992847442627,nan,1000000
1099,0.000975877046585083,1.002646565437317,0.007541,0.00754,0.0,0.001763,0.000175,0.9999896287918091,0.0,0.0,0.002066,0.000201,0.9999992847442627,nan,1000000
1199,0.001068800687789917,1.0038580894470215,0.007165,0.007165,0.0,0.002125,0.000234,0.9999889135360718,0.0,0.0,0.002066,0.000201,0.9999992847442627,nan,1000000
1299,0.0002212822437286377,1.0028365850448608,0.004881,0.004881,0.0,0.001606,0.000131,0.9999945163726807,0.0,0.0,0.002066,0.000201,0.9999992847442627,nan,1000000
1399,0.00020736455917358398,1.0018558502197266,0.005693,0.005693,0.0,0.00158,0.000124,0.9999913573265076,0.0,0.0,0.002066,0.000201,0.9999992847442627,nan,1000000
1499,0.0002180337905883789,1.001633882522583,0.005785,0.005785,0.0,0.001735,0.000162,0.9999963045120239,0.0,0.0,0.002066,0.000201,0.9999992847442627,nan,1000000
1599,0.0002987384796142578,0.9995240569114685,0.006074,0.006074,0.0,0.001438,0.000118,0.9999747276306152,0.0,0.0,0.002066,0.000201,0.9999992847442627,nan,1000000
1699,0.0006084740161895752,1.001233696937561,0.004442,0.004442,0.0,0.001535,0.000138,0.9999971389770508,0.0,0.0,0.002066,0.000201,0.9999992847442627,nan,1000000
1799,0.0010467767715454102,1.001792073249817,0.006471999999999999,0.006289,0.0,0.001578,0.000155,0.9999967813491821,0.0,0.0,0.002066,0.000201,0.9999992847442627,nan,1000000
1899,-0.0001163184642791748,1.001442313194275,0.006348,0.006348,0.0,0.001619,0.000162,0.9999897480010986,0.0,0.0,0.002066,0.000201,0.9999992847442627,nan,1000000
1999,-0.0011269152164459229,0.9933242201805115,0.004983,0.004983,0.0,0.001419,0.000129,0.9999958276748657,0.0,0.0,0.002066,0.000201,0.9999992847442627,nan,1000000
2099,-0.00020399689674377441,0.998185396194458,0.004679,0.004679,0.0,0.001462,0.00014,0.9999895691871643,0.0,0.0,0.002066,0.000201,0.9999992847442627,nan,1000000
2199,0.0008864700794219971,1.0025882720947266,0.003967,0.003967,0.0,0.003049,0.000328,0.9999980926513672,0.0,0.0,0.002066,0.000201,0.9999992847442627,nan,1000000
2299,0.0004731416702270508,1.006317377090454,0.005625,0.005625,0.0,0.002556,0.000248,0.9999793767929077,0.0,0.0,0.002066,0.000201,0.9999992847442627,nan,1000000
2399,-0.0007568299770355225,1.0003470182418823,0.005067,0.005067,0.0,0.002099,0.000207,0.9999884366989136,0.0,0.0,0.002066,0.000201,0.9999992847442627,nan,1000000
2499,0.0007226467132568359,0.9989432692527771,0.003673,0.003673,0.0,0.00146,0.000129,0.999998927116394,0.0,0.0,0.002066,0.000201,0.9999992847442627,nan,1000000
2599,0.0002447664737701416,1.0005348920822144,0.004991,0.004991,0.0,0.002496,0.000248,0.9999983310699463,0.0,0.0,0.002066,0.000201,0.9999992847442627,nan,1000000
2699,0.00020423531532287598,0.9999427795410156,0.004345,0.004345,0.0,0.003177,0.000339,0.9999978542327881,0.0,0.0,0.002066,0.000201,0.9999992847442627,nan,1000000
2799,5.4389238357543945e-05,0.9969930052757263,0.003725,0.003725,0.0,0.001371,0.000134,0.999995231628418,0.0,0.0,0.002066,0.000201,0.9999992847442627,nan,1000000
2899,0.00019088387489318848,0.9990290999412537,0.0033989999999999992,0.003327,0.0,0.003156,0.000309,0.9999942779541016,0.0,0.0,0.002066,0.000201,0.9999992847442627,nan,1000000
2999,0.00014790892601013184,1.0008890628814697,0.003366,0.003366,0.0,0.002875,0.000286,0.9999991655349731,0.0,0.0,0.002066,0.000201,0.9999992847442627,nan,1000000
3099,-0.0007183253765106201,0.9992388486862183,0.003064,0.003064,0.0,0.002221,0.00025,0.9999974966049194,0.0,0.0,0.002066,0.000201,0.9999992847442627,nan,1000000
3199,0.00012800097465515137,1.0003821849822998,0.003059,0.003059,0.0,0.002255,0.000249,0.9999852180480957,0.0,0.0,0.002066,0.000201,0.9999992847442627,nan,1000000
3299,0.0007254481315612793,1.0001201629638672,0.004418,0.003157,0.0,0.001768,0.000175,0.9999842643737793,0.0,0.0,0.002066,0.000201,0.9999992847442627,nan,1000000
3399,0.0010016858577728271,1.0013526678085327,0.00326,0.00326,0.0,0.002056,0.000213,0.9999997615814209,0.0,0.0,0.002066,0.000201,0.9999992847442627,nan,1000000
3499,0.0009598433971405029,1.0010268688201904,0.003394,0.003394,0.0,0.002013,0.000215,0.9999955892562866,0.0,0.0,0.002066,0.000201,0.9999992847442627,nan,1000000
3599,0.00035566091537475586,1.0015052556991577,0.003948,0.003948,0.0,0.003045,0.000315,0.9999957084655762,0.0,0.0,0.002066,0.000201,0.9999992847442627,nan,1000000
3699,-0.0005108416080474854,1.0002853870391846,0.003806,0.003806,0.0,0.001333,0.00013,0.9999877214431763,0.0,0.0,0.002066,0.000201,0.9999992847442627,nan,1000000
3799,0.0006044209003448486,1.0013086795806885,0.003931,0.003931,0.0,0.001106,4.1e-05,0.9999309182167053,0.0,0.0,0.002066,0.000201,0.9999992847442627,nan,1000000
3899,-0.0005053281784057617,1.000595211982727,0.004872,0.004872,0.0,0.000839,4e-06,0.9998395442962646,0.0,0.0,0.002066,0.000201,0.9999992847442627,nan,1000000
3999,0.0005200803279876709,1.000465989112854,0.00344,0.00344,0.0,0.002442,0.000251,0.9999995231628418,0.0,0.0,0.002066,0.000201,0.9999992847442627,nan,1000000
4099,0.0007228255271911621,1.0007187128067017,0.003883,0.003883,0.0,0.001003,2e-05,0.9999656677246094,0.0,0.0,0.002066,0.000201,0.9999992847442627,nan,1000000
4199,-9.393692016601562e-05,0.9996570944786072,0.004298,0.004298,0.0,0.000923,1.2e-05,0.9998612999916077,0.0,0.0,0.002066,0.000201,0.9999992847442627,nan,1000000
4299,-8.931756019592285e-05,1.0012820959091187,0.004162,0.004162,0.0,0.001603,0.000172,0.9999994039535522,0.0,0.0,0.002066,0.000201,0.9999992847442627,nan,1000000
4399,0.000420302152633667,1.0019961595535278,0.004386,0.004386,0.0,0.002546,0.00027,0.9999935626983643,0.0,0.0,0.002066,0.000201,0.9999992847442627,nan,1000000
4499,0.00033462047576904297,1.003304362297058,0.005066,0.005066,0.0,0.002506,0.000284,0.9999988079071045,0.0,0.0,0.002066,0.000201,0.9999992847442627,nan,1000000
4599,0.000246196985244751,1.0005614757537842,0.004832,0.004832,0.0,0.00091,0.0,0.9985319375991821,0.0,0.0,0.002066,0.000201,0.9999992847442627,nan,1000000
4699,-0.0002256333827972412,0.9999518990516663,0.005198,0.005198,0.0,0.001746,0.000184,0.9999915361404419,0.0,0.0,0.002066,0.000201,0.9999992847442627,nan,1000000
4799,-0.0002886354923248291,1.0001333951950073,0.004643,0.004643,0.0,0.001887,0.00021,0.9999940395355225,0.0,0.0,0.002066,0.000201,0.9999992847442627,nan,1000000
4899,-0.000401228666305542,0.9986939430236816,0.005061,0.005061,0.0,0.00128,7.8e-05,0.9999967217445374,0.0,0.0,0.002066,0.000201,0.9999992847442627,nan,1000000
4999,-0.0005186796188354492,1.000059723854065,0.005507,0.005507,0.0,0.001646,0.000168,0.999993622303009,0.0,0.0,0.002066,0.000201,0.9999992847442627,nan,1000000
5099,0.0006456375122070312,1.0012348890304565,0.004111,0.004111,0.0,0.001644,0.000163,0.9999964237213135,0.0,0.0,0.002066,0.000201,0.9999992847442627,nan,1000000
5199,0.0003520846366882324,0.9994400143623352,0.00347,0.00347,0.0,0.002036,0.000216,0.9999892711639404,0.0,0.0,0.002066,0.000201,0.9999992847442627,nan,1000000
5299,-0.0009522140026092529,0.9979649186134338,0.003599,0.003599,0.0,0.001849,0.000187,0.9999980926513672,0.0,0.0,0.002066,0.000201,0.9999992847442627,nan,1000000
5399,0.0005136430263519287,1.0007060766220093,0.003952,0.003951,0.0,0.001512,0.000148,0.9999964237213135,0.0,0.0,0.002066,0.000201,0.9999992847442627,nan,1000000
5499,-0.0005683004856109619,0.9987077116966248,0.003007,0.003007,0.0,0.002258,0.000241,0.999997615814209,0.0,0.0,0.002066,0.000201,0.9999992847442627,nan,1000000
5599,0.0004490315914154053,1.0006444454193115,0.00482,0.002899,0.0,0.001317,9e-05,0.9999909996986389,0.0,0.0,0.002066,0.000201,0.9999992847442627,nan,1000000
5699,0.00020870566368103027,0.9989231824874878,0.003156,0.003156,0.0,0.00073,0.0,0.9976255893707275,0.0,0.0,0.002066,0.000201,0.9999992847442627,nan,1000000
5799,-0.00040662288665771484,0.9997929930686951,0.005237,0.005237,0.0,0.000647,0.0,0.9972689747810364,0.0,0.0,0.002066,0.000201,0.9999992847442627,nan,1000000
5899,0.0006208419799804688,1.000273585319519,0.003457,0.003457,0.0,0.001453,0.000121,0.9999783039093018,0.0,0.0,0.002066,0.000201,0.9999992847442627,nan,1000000
5999,0.0007856190204620361,1.0012588500976562,0.003085000000000001,0.003074,0.0,0.002082,0.000201,0.9999833106994629,0.0,0.0,0.002066,0.000201,0.9999992847442627,nan,1000000
6099,-0.00010076165199279785,1.0009169578552246,0.004244,0.004244,0.0,0.002393,0.000269,0.9999983310699463,0.0,0.0,0.002066,0.000201,0.9999992847442627,nan,1000000
6199,0.00031757354736328125,1.0003246068954468,0.003443,0.003443,0.0,0.000825,1e-06,0.99901282787323,0.0,0.0,0.002066,0.000201,0.9999992847442627,nan,1000000
6299,9.47713851928711e-05,1.0005344152450562,0.002697,0.002696,0.0,0.002929,0.000315,0.9999973773956299,0.0,0.0,0.002066,0.000201,0.9999992847442627,nan,1000000
6399,0.0010872483253479004,1.001235842704773,0.003095,0.003094,0.0,0.001845,0.000197,0.9999906420707703,0.0,0.0,0.002066,0.000201,0.9999992847442627,nan,1000000
6499,0.001087188720703125,0.9999575614929199,0.0035120000000000012,0.00274,0.0,0.001443,0.000143,0.9999998807907104,0.0,0.0,0.002066,0.000201,0.9999992847442627,nan,1000000
6599,-0.0007030963897705078,0.9952647089958191,0.003023,0.003023,0.0,0.000256,0.0,0.9959372282028198,0.0,0.0,0.002066,0.000201,0.9999992847442627,nan,1000000
6699,0.0004035830497741699,0.997648298740387,0.003188,0.002046,0.0,0.000718,0.0,0.9989383220672607,0.0,0.0,0.002066,0.000201,0.9999992847442627,nan,1000000
6799,-4.747509956359863e-05,0.9990646243095398,0.004792999999999999,0.002059,0.0,0.000912,1.9e-05,0.9999423027038574,0.0,0.0,0.002066,0.000201,0.9999992847442627,nan,1000000
6899,0.0005173385143280029,1.0001400709152222,0.0033,0.0033,0.0,0.00054,0.0,0.9983352422714233,0.0,0.0,0.002066,0.000201,0.9999992847442627,nan,1000000
6999,0.00031307339668273926,1.0027650594711304,0.005211,0.00521,0.0,0.001105,6.5e-05,0.999981164932251,0.0,0.0,0.002066,0.000201,0.9999992847442627,nan,1000000
7099,2.7418136596679688e-06,1.0013235807418823,0.003606,0.003605,0.0,0.001912,0.000182,0.9999984502792358,0.0,0.0,0.002066,0.000201,0.9999992847442627,nan,1000000
7199,0.00014930963516235352,1.0001511573791504,0.003342,0.003342,0.0,0.002038,0.000201,0.9999985694885254,0.0,0.0,0.002066,0.000201,0.9999992847442627,nan,1000000
7299,0.00026917457580566406,0.9995488524436951,0.002914,0.002914,0.0,0.001083,9e-05,0.9999994039535522,0.0,0.0,0.002066,0.000201,0.9999992847442627,nan,1000000
7399,7.724761962890625e-05,0.9995055198669434,0.002656,0.002656,0.0,0.001343,0.000138,0.9999997615814209,0.0,0.0,0.002066,0.000201,0.9999992847442627,nan,1000000
7499,7.954239845275879e-05,1.0002495050430298,0.005813,0.005813,0.0,0.001537,0.000142,0.9999982118606567,0.0,0.0,0.002066,0.000201,0.9999992847442627,nan,1000000
7599,-0.0005432069301605225,0.9992728233337402,0.004133999999999999,0.003485,0.0,0.001804,0.000167,0.9999960660934448,0.0,0.0,0.002066,0.000201,0.9999992847442627,nan,1000000
7699,-0.00025075674057006836,1.0008405447006226,0.005282,0.005282,0.0,0.001414,0.00013,0.9999947547912598,0.0,0.0,0.002066,0.000201,0.9999992847442627,nan,1000000
7799,-0.0006636381149291992,1.0012167692184448,0.004471000000000003,0.003661,0.0,0.002553,0.00026,0.9999940395355225,0.0,0.0,0.002066,0.000201,0.9999992847442627,nan,1000000
7899,-0.000160902738571167,1.0002838373184204,0.003336,0.003336,0.0,0.003212,0.000329,0.9999973773956299,0.0,0.0,0.002066,0.000201,0.9999992847442627,nan,1000000
7999,-0.00044104456901550293,0.9990692734718323,0.003686,0.003686,0.0,0.003165,0.000317,0.9999967813491821,0.0,0.0,0.002066,0.000201,0.9999992847442627,nan,1000000
8099,-0.0009841620922088623,0.9997531175613403,0.004306,0.004306,0.0,0.001498,0.000147,0.999997615814209,0.0,0.0,0.002066,0.000201,0.9999992847442627,nan,1000000
8199,0.0004056692123413086,0.9985805749893188,0.003925,0.003925,0.0,0.001243,0.000118,0.9999927282333374,0.0,0.0,0.002066,0.000201,0.9999992847442627,nan,1000000
8299,-0.00017255544662475586,0.9986660480499268,0.003729,0.003729,0.0,0.002254,0.000232,0.9999994039535522,0.0,0.0,0.002066,0.000201,0.9999992847442627,nan,1000000
8399,0.0008796453475952148,0.9979079365730286,0.004136,0.004136,0.0,0.001596,0.00016,0.9999946355819702,0.0,0.0,0.002066,0.000201,0.9999992847442627,nan,1000000
8499,-0.00017896294593811035,1.0002729892730713,0.003455,0.003455,0.0,0.003177,0.000324,0.9999994039535522,0.0,0.0,0.002066,0.000201,0.9999992847442627,nan,1000000
8599,0.001557469367980957,1.0034815073013306,0.005163000000000001,0.0029,0.0,0.003329,0.000323,0.9999918341636658,0.0,0.0,0.002066,0.000201,0.9999992847442627,nan,1000000
8699,-0.0004927515983581543,0.9996292591094971,0.004191,0.004158,0.0,0.00226,0.000229,0.9999978542327881,0.0,0.0,0.002066,0.000201,0.9999992847442627,nan,1000000
8799,0.000406116247177124,1.0027620792388916,0.006206000000000001,0.006204,0.0,0.00338,0.000341,0.9999996423721313,0.0,0.0,0.002066,0.000201,0.9999992847442627,nan,1000000
8899,-0.0007510781288146973,0.9985553026199341,0.003337,0.003337,0.0,0.001812,0.000183,0.9999978542327881,0.0,0.0,0.002066,0.000201,0.9999992847442627,nan,1000000
8999,-0.00038677453994750977,0.9991915225982666,0.004939,0.004937,0.0,0.002768,0.000292,0.9999978542327881,0.0,0.0,0.002066,0.000201,0.9999992847442627,nan,1000000
9099,-0.00023290514945983887,1.0001842975616455,0.004669,0.004669,0.0,0.002798,0.000314,0.9999988079071045,0.0,0.0,0.002066,0.000201,0.9999992847442627,nan,1000000
9199,7.915496826171875e-05,1.0023386478424072,0.004118,0.003762,0.0,0.002712,0.000255,0.9999995231628418,0.0,0.0,0.002066,0.000201,0.9999992847442627,nan,1000000
9299,-0.0011503398418426514,0.9982430934906006,0.004395,0.004395,0.0,0.001697,0.000178,0.999995768070221,0.0,0.0,0.002066,0.000201,0.9999992847442627,nan,1000000
9399,-2.5093555450439453e-05,1.0016528367996216,0.004694,0.004693,0.0,0.001705,0.000175,0.9999924898147583,0.0,0.0,0.002066,0.000201,0.9999992847442627,nan,1000000
9499,-0.000330507755279541,1.003562569618225,0.004061,0.004061,0.0,0.003619,0.000377,0.9999958276748657,0.0,0.0,0.002066,0.000201,0.9999992847442627,nan,1000000
9599,-0.00011396408081054688,0.9980276226997375,0.002556000000000001,0.00234,0.0,0.001836,0.00019,0.9999995231628418,0.0,0.0,0.002066,0.000201,0.9999992847442627,nan,1000000
9699,-0.00023576617240905762,0.9990020990371704,0.003538,0.003538,0.0,0.001402,0.000132,0.9999891519546509,0.0,0.0,0.002066,0.000201,0.9999992847442627,nan,1000000
9799,-0.0016131401062011719,0.9968073964118958,0.003696,0.003696,0.0,0.001516,0.000163,0.9999991655349731,0.0,0.0,0.002066,0.000201,0.9999992847442627,nan,1000000
9899,-0.00016570091247558594,0.9999749660491943,0.004560999999999999,0.002834,0.0,0.001722,0.000178,0.9999904632568359,0.0,0.0,0.002066,0.000201,0.9999992847442627,nan,1000000
9999,0.0012144148349761963,1.002981185913086,0.003252,0.003252,0.0,0.002634,0.000254,0.9999997615814209,0.0,0.0,0.002066,0.000201,0.9999992847442627,nan,1000000
10099,-0.000505596399307251,0.9995067119598389,0.003255,0.003255,0.0,0.001928,0.000192,0.9999891519546509,0.0,0.0,0.002066,0.000201,0.9999992847442627,nan,1000000
10199,0.00010725855827331543,1.0028612613677979,0.003433,0.003433,0.0,0.001781,0.000183,0.9999911785125732,0.0,0.0,0.002066,0.000201,0.9999992847442627,nan,1000000
10299,0.00044164061546325684,1.0007740259170532,0.003678,0.003678,0.0,0.001926,0.000199,0.999997615814209,0.0,0.0,0.002066,0.000201,0.9999992847442627,nan,1000000
10399,-0.00043964385986328125,0.9997317790985107,0.003806,0.003806,0.0,0.001847,0.000201,0.9999971389770508,0.0,0.0,0.002066,0.000201,0.9999992847442627,nan,1000000
10499,0.0013748705387115479,1.0013452768325806,0.0032920000000000726,0.002806,0.0,0.002347,0.000243,0.9999982118606567,0.0,0.0,0.002066,0.000201,0.9999992847442627,nan,1000000
10599,-0.0003916621208190918,0.9993870258331299,0.003635,0.003635,0.0,0.002118,0.000258,0.9999992847442627,0.0,0.0,0.002066,0.000201,0.9999992847442627,nan,1000000
10699,0.0004933476448059082,0.999400794506073,0.002938,0.002938,0.0,0.002713,0.000304,0.9999973773956299,0.0,0.0,0.002066,0.000201,0.9999992847442627,nan,1000000
10799,0.0002887248992919922,0.9993008971214294,0.0029340000000000026,0.002821,0.0,0.001868,0.000188,0.9999918937683105,0.0,0.0,0.002066,0.000201,0.9999992847442627,nan,1000000
10899,1.7583370208740234e-06,0.9996498823165894,0.002985,0.002984,0.0,0.001662,0.000162,0.9999979734420776,0.0,0.0,0.002066,0.000201,0.9999992847442627,nan,1000000
10999,-0.00016319751739501953,1.0003150701522827,0.003182,0.003182,0.0,0.001672,0.000166,0.9999953508377075,0.0,0.0,0.002066,0.000201,0.9999992847442627,nan,1000000
11099,0.0005555450916290283,1.0009946823120117,0.002719,0.002719,0.0,0.001468,0.000144,0.9999967813491821,0.0,0.0,0.002066,0.000201,0.9999992847442627,nan,1000000
11199,0.0005204081535339355,0.9997620582580566,0.002769,0.002769,0.0,0.001234,0.00011,0.9999990463256836,0.0,0.0,0.002066,0.000201,0.9999992847442627,nan,1000000
11299,-0.0006415843963623047,0.9978000521659851,0.00333,0.00333,0.0,0.001794,0.000178,0.9999973177909851,0.0,0.0,0.002066,0.000201,0.9999992847442627,nan,1000000
11399,-0.0003255605697631836,1.0000380277633667,0.0036000000000000003,0.0036,0.0,0.001268,0.000107,0.99998939037323,0.0,0.0,0.002066,0.000201,0.9999992847442627,nan,1000000
11499,0.0004481971263885498,1.0002838373184204,0.0026430000000000004,0.002643,0.0,0.001097,9.2e-05,0.9999971985816956,0.0,0.0,0.002066,0.000201,0.9999992847442627,nan,1000000
11599,0.000765681266784668,1.0007853507995605,0.002958000000000016,0.002503,0.0,0.001403,0.00014,0.9999938011169434,0.0,0.0,0.002066,0.000201,0.9999992847442627,nan,1000000
11699,0.00013083219528198242,0.9994012117385864,0.002646,0.002646,0.0,0.001597,0.000158,0.9999967217445374,0.0,0.0,0.002066,0.000201,0.9999992847442627,nan,1000000
11799,0.00013566017150878906,1.001391053199768,0.003458,0.003458,0.0,0.001993,0.000207,0.9999960660934448,0.0,0.0,0.002066,0.000201,0.9999992847442627,nan,1000000
11899,8.726119995117188e-05,0.9993557333946228,0.002665,0.002665,0.0,0.001056,7.6e-05,0.9999898672103882,0.0,0.0,0.002066,0.000201,0.9999992847442627,nan,1000000
11999,-0.0001156926155090332,1.0001553297042847,0.002717,0.002717,0.0,0.00155,0.000142,0.9999959468841553,0.0,0.0,0.002066,0.000201,0.9999992847442627,nan,1000000
12099,0.0006361603736877441,0.9983877539634705,0.003021999999999969,0.002451,0.0,0.001339,0.000129,0.9999992847442627,0.0,0.0,0.002066,0.000201,0.9999992847442627,nan,1000000
12199,0.00014486908912658691,0.9987324476242065,0.002627,0.002627,0.0,0.001703,0.000167,0.9999921321868896,0.0,0.0,0.002066,0.000201,0.9999992847442627,nan,1000000
12299,-0.0008251368999481201,0.998197078704834,0.003063999999999999,0.002578,0.0,0.001698,0.00016,0.9999916553497314,0.0,0.0,0.002066,0.000201,0.9999992847442627,nan,1000000
12399,-0.00024271011352539062,0.9975029826164246,0.002505,0.002505,0.0,0.001856,0.000165,0.9999997615814209,0.0,0.0,0.002066,0.000201,0.9999992847442627,nan,1000000
12499,0.0005935430526733398,1.0000598430633545,0.002242,0.002242,0.0,0.001825,0.000152,0.9999990463256836,0.0,0.0,0.002066,0.000201,0.9999992847442627,nan,1000000
12599,-0.0006128251552581787,0.9977005124092102,0.002448,0.002448,0.0,0.001915,0.000171,0.9999954700469971,0.0,0.0,0.002066,0.000201,0.9999992847442627,nan,1000000
12699,0.00012198090553283691,0.9998318552970886,0.002318,0.002318,0.0,0.002059,0.000211,0.999997615814209,0.0,0.0,0.002066,0.000201,0.9999992847442627,nan,1000000
12799,-3.224611282348633e-05,0.9996328353881836,0.002793,0.002793,0.0,0.001869,0.000191,0.999998927116394,0.0,0.0,0.002066,0.000201,0.9999992847442627,nan,1000000
12899,-0.0003903210163116455,1.0000237226486206,0.00226,0.002259,0.0,0.002151,0.000229,0.9999943971633911,0.0,0.0,0.002066,0.000201,0.9999992847442627,nan,1000000
12999,-0.00022363662719726562,0.9996474385261536,0.002575,0.002574,0.0,0.002356,0.000247,0.9999946355819702,0.0,0.0,0.002066,0.000201,0.9999992847442627,nan,1000000
13099,0.0006920993328094482,1.0003361701965332,0.003045000000000001,0.002071,0.0,0.002307,0.000223,0.9999988675117493,0.0,0.0,0.002066,0.000201,0.9999992847442627,nan,1000000
13199,-0.00011667609214782715,0.998776912689209,0.002254,0.002254,0.0,0.002801,0.000285,0.9999990463256836,0.0,0.0,0.002066,0.000201,0.9999992847442627,nan,1000000
13299,0.0002295970916748047,0.9993986487388611,0.002657,0.002657,0.0,0.001688,0.000204,0.999985933303833,0.0,0.0,0.002066,0.000201,0.9999992847442627,nan,1000000
13399,-0.0004532337188720703,0.9989273548126221,0.0030770000000000003,0.003077,0.0,0.001832,0.000183,0.9999969005584717,0.0,0.0,0.002066,0.000201,0.9999992847442627,nan,1000000
13499,-0.00036346912384033203,0.9980937242507935,0.002334,0.002334,0.0,0.001887,0.000187,0.9999984502792358,0.0,0.0,0.002066,0.000201,0.9999992847442627,nan,1000000
13599,-8.293986320495605e-05,0.9988575577735901,0.003053,0.003052,0.0,0.00225,0.000229,0.9999983310699463,0.0,0.0,0.002066,0.000201,0.9999992847442627,nan,1000000
13699,0.0005807578563690186,1.0004063844680786,0.002968,0.002968,0.0,0.002133,0.000217,0.9999996423721313,0.0,0.0,0.002066,0.000201,0.9999992847442627,nan,1000000
13799,-0.00013950467109680176,0.9994789361953735,0.00325,0.00325,0.0,0.001392,0.000138,0.9999775886535645,0.0,0.0,0.002066,0.000201,0.9999992847442627,nan,1000000
13899,8.39531421661377e-05,0.9992771148681641,0.003528,0.003527,0.0,0.001328,0.000124,0.9999996423721313,0.0,0.0,0.002066,0.000201,0.9999992847442627,nan,1000000
13999,0.00049629807472229,1.000260591506958,0.00304,0.00304,0.0,0.001917,0.000178,0.9999910593032837,0.0,0.0,0.002066,0.000201,0.9999992847442627,nan,1000000
14099,-0.00011989474296569824,0.9979867935180664,0.003849,0.003849,0.0,0.001944,0.00018,0.9999949932098389,0.0,0.0,0.002066,0.000201,0.9999992847442627,nan,1000000
14199,0.0010644495487213135,0.9998989105224609,0.0031939999999999746,0.002891,0.0,0.001964,0.000181,0.999998152256012,0.0,0.0,0.002066,0.000201,0.9999992847442627,nan,1000000
14299,0.000614553689956665,1.0003501176834106,0.003343,0.003343,0.0,0.002203,0.000223,0.9999942183494568,0.0,0.0,0.002066,0.000201,0.9999992847442627,nan,1000000
14399,0.0002142190933227539,0.9999634027481079,0.003476,0.003475,0.0,0.002015,0.000201,0.9999932646751404,0.0,0.0,0.002066,0.000201,0.9999992847442627,nan,1000000
14499,0.00035959482192993164,0.9997418522834778,0.003729,0.003728,0.0,0.001964,0.000191,0.9999960660934448,0.0,0.0,0.002066,0.000201,0.9999992847442627,nan,1000000
14599,7.414817810058594e-05,0.9986092448234558,0.002855,0.002855,0.0,0.002202,0.000224,0.9999942183494568,0.0,0.0,0.002066,0.000201,0.9999992847442627,nan,1000000
14699,-0.00018480420112609863,0.9987407922744751,0.00382,0.00382,0.0,0.00256,0.000287,0.9999960660934448,0.0,0.0,0.002066,0.000201,0.9999992847442627,nan,1000000
14799,-8.14199447631836e-05,1.0004090070724487,0.00325,0.00325,0.0,0.001991,0.000191,0.9999914765357971,0.0,0.0,0.002066,0.000201,0.9999992847442627,nan,1000000
14899,0.000653386116027832,0.9990134835243225,0.002795,0.002795,0.0,0.002208,0.000216,0.999998927116394,0.0,0.0,0.002066,0.000201,0.9999992847442627,nan,1000000
14999,-0.00018039345741271973,0.999521017074585,0.003289,0.003288,0.0,0.00235,0.000227,0.9999960660934448,0.0,0.0,0.002066,0.000201,0.9999992847442627,nan,1000000
15099,0.0006489455699920654,1.000084638595581,0.003497,0.003497,0.0,0.002189,0.000207,0.9999987483024597,0.0,0.0,0.002066,0.000201,0.9999992847442627,nan,1000000
15199,-0.000857919454574585,0.9981579184532166,0.004807,0.004807,0.0,0.002402,0.000252,0.9999993443489075,0.0,0.0,0.002066,0.000201,0.9999992847442627,nan,1000000
15299,-4.279613494873047e-05,0.9988305568695068,0.002831,0.002831,0.0,0.002431,0.000243,0.9999987483024597,0.0,0.0,0.002066,0.000201,0.9999992847442627,nan,1000000
15399,0.0002047717571258545,1.0012558698654175,0.003525,0.003524,0.0,0.002355,0.000237,0.999997615814209,0.0,0.0,0.002066,0.000201,0.9999992847442627,nan,1000000
15499,9.98377799987793e-05,0.9990068674087524,0.003183,0.003183,0.0,0.002238,0.000211,0.9999963045120239,0.0,0.0,0.002066,0.000201,0.9999992847442627,nan,1000000
15599,0.00028842687606811523,0.9998632073402405,0.003343,0.003343,0.0,0.002401,0.000235,0.9999991059303284,0.0,0.0,0.002066,0.000201,0.9999992847442627,nan,1000000
15699,-0.000250399112701416,1.000863790512085,0.003104,0.003104,1e-06,0.002072,0.000197,1.0,0.0,0.0,0.002066,0.000201,0.9999992847442627,nan,1000000
15799,4.4792890548706055e-05,0.9997594952583313,0.003699,0.003699,0.0,0.001869,0.000177,0.9999915361404419,0.0,0.0,0.002066,0.000201,0.9999992847442627,nan,1000000
15899,-7.429718971252441e-05,0.9987644553184509,0.003111,0.003111,0.0,0.002117,0.000199,0.9999997615814209,0.0,0.0,0.002066,0.000201,0.9999992847442627,nan,1000000
15999,0.00028517842292785645,1.0004100799560547,0.003158,0.003157,0.0,0.002037,0.000201,0.9999926090240479,0.0,0.0,0.002066,0.000201,0.9999992847442627,nan,1000000
16099,0.0003459751605987549,1.0002403259277344,0.002852,0.002852,0.0,0.002022,0.000208,0.9999994039535522,0.0,0.0,0.002066,0.000201,0.9999992847442627,nan,1000000
16199,-0.0002778768539428711,0.9990256428718567,0.002363,0.002363,0.0,0.002038,0.000202,0.999984622001648,0.0,0.0,0.002066,0.000201,0.9999992847442627,nan,1000000
16299,0.0006468892097473145,1.000503420829773,0.002334,0.002334,0.0,0.002186,0.000187,0.9999810457229614,0.0,0.0,0.002066,0.000201,0.9999992847442627,nan,1000000
16399,0.0005569159984588623,1.0004396438598633,0.003056,0.003056,0.0,0.001831,0.000205,0.9999885559082031,0.0,0.0,0.002066,0.000201,0.9999992847442627,nan,1000000
16499,0.00021594762802124023,0.9996055364608765,0.003202,0.003201,0.0,0.002167,0.000211,0.999994158744812,0.0,0.0,0.002066,0.000201,0.9999992847442627,nan,1000000
16599,-0.00027629733085632324,1.0002282857894897,0.004022,0.004022,0.0,0.002087,0.000202,0.9999988079071045,0.0,0.0,0.002066,0.000201,0.9999992847442627,nan,1000000
16699,0.0001424849033355713,1.0003949403762817,0.002788,0.002788,0.0,0.001944,0.000204,0.9999960660934448,0.0,0.0,0.002066,0.000201,0.9999992847442627,nan,1000000
16799,-0.0006781816482543945,0.9975167512893677,0.002876,0.002876,0.0,0.001959,0.000221,0.9999954700469971,0.0,0.0,0.002066,0.000201,0.9999992847442627,nan,1000000
16899,-3.6150217056274414e-05,0.9972657561302185,0.002886,0.002886,0.0,0.001631,0.000166,0.9999878406524658,0.0,0.0,0.002066,0.000201,0.9999992847442627,nan,1000000
16999,0.0005252063274383545,0.9990503787994385,0.002752,0.002751,0.0,0.001832,0.000194,0.9999992847442627,0.0,0.0,0.002066,0.000201,0.9999992847442627,nan,1000000
17099,0.0001303553581237793,0.9998597502708435,0.003086,0.003086,0.0,0.002172,0.000206,0.9999915361404419,0.0,0.0,0.002066,0.000201,0.9999992847442627,nan,1000000
17199,-0.00013756752014160156,0.9987633228302002,0.00248,0.00248,0.0,0.00212,0.000215,0.999998927116394,0.0,0.0,0.002066,0.000201,0.9999992847442627,nan,1000000
17299,0.0005500912666320801,1.0004997253417969,0.00271,0.00271,0.0,0.001919,0.000202,0.9999971985816956,0.0,0.0,0.002066,0.000201,0.9999992847442627,nan,1000000
17399,0.0006074905395507812,0.9998730421066284,0.0022930000000000003,0.002293,0.0,0.001662,0.000177,0.9999988079071045,0.0,0.0,0.002066,0.000201,0.9999992847442627,nan,1000000
17499,-9.179115295410156e-05,0.9987953305244446,0.002788,0.002788,0.0,0.001344,0.000114,0.999996542930603,0.0,0.0,0.002066,0.000201,0.9999992847442627,nan,1000000
17599,0.0003820359706878662,0.9997490644454956,0.002656,0.002656,0.0,0.001734,0.000191,0.9999991655349731,0.0,0.0,0.002066,0.000201,0.9999992847442627,nan,1000000
17699,0.001263946294784546,0.9998303651809692,0.003819000000000017,0.001973,0.0,0.00145,0.000134,0.9999979734420776,0.0,0.0,0.002066,0.000201,0.9999992847442627,nan,1000000
17799,-7.027387619018555e-05,0.9987056851387024,0.002531,0.00253,0.0,0.001268,0.000135,0.9999945163726807,0.0,0.0,0.002066,0.000201,0.9999992847442627,nan,1000000
17899,1.4841556549072266e-05,0.9980489611625671,0.002034000000000001,0.001899,0.0,0.001427,0.000132,0.999998927116394,0.0,0.0,0.002066,0.000201,0.9999992847442627,nan,1000000
17999,0.00048154592514038086,0.9985831379890442,0.0036609999999999993,0.001771,0.0,0.001541,0.000149,0.9999969601631165,0.0,0.0,0.002066,0.000201,0.9999992847442627,nan,1000000
18099,-0.00046265125274658203,0.9993309378623962,0.002233,0.002233,1e-06,0.001498,0.000149,1.0,0.0,0.0,0.002066,0.000201,0.9999992847442627,nan,1000000
18199,0.0004909038543701172,0.9981635212898254,0.0021680000000000033,0.001987,0.0,0.001479,0.000143,0.9999964237213135,0.0,0.0,0.002066,0.000201,0.9999992847442627,nan,1000000
18299,0.0003166496753692627,0.9986263513565063,0.0024730000000000012,0.001914,0.0,0.00154,0.00015,0.9999955892562866,0.0,0.0,0.002066,0.000201,0.9999992847442627,nan,1000000
18399,0.00019276142120361328,1.000180721282959,0.002264,0.002264,0.0,0.001809,0.00018,0.9999998807907104,0.0,0.0,0.002066,0.000201,0.9999992847442627,nan,1000000
18499,0.000490039587020874,1.0006074905395508,0.002376,0.002376,0.0,0.00183,0.000188,0.9999983310699463,0.0,0.0,0.002066,0.000201,0.9999992847442627,nan,1000000
18599,0.001020193099975586,0.9999013543128967,0.003306000000000031,0.002095,0.0,0.001936,0.000196,0.9999995231628418,0.0,0.0,0.002066,0.000201,0.9999992847442627,nan,1000000
18699,0.0004998147487640381,0.9995085597038269,0.002058,0.002058,0.0,0.001832,0.000191,0.9999991655349731,0.0,0.0,0.002066,0.000201,0.9999992847442627,nan,1000000
18799,0.000776141881942749,1.001739501953125,0.002346,0.002346,0.0,0.001891,0.000203,0.9999957084655762,0.0,0.0,0.002066,0.000201,0.9999992847442627,nan,1000000
18899,0.0006174147129058838,1.0000401735305786,0.002082,0.002081,0.0,0.001816,0.000188,0.9999936819076538,0.0,0.0,0.002066,0.000201,0.9999992847442627,nan,1000000
18999,0.0007869899272918701,1.0000649690628052,0.002746,0.002746,0.0,0.001775,0.000172,0.9999912977218628,0.0,0.0,0.002066,0.000201,0.9999992847442627,nan,1000000
19099,0.0008765459060668945,0.9997751116752625,0.002628,0.002627,0.0,0.001803,0.000185,0.9999934434890747,0.0,0.0,0.002066,0.000201,0.9999992847442627,nan,1000000
19199,0.0013403594493865967,1.0009350776672363,0.0036369999999999996,0.002046,0.0,0.001973,0.000195,0.9999988079071045,0.0,0.0,0.002066,0.000201,0.9999992847442627,nan,1000000
19299,0.0010178983211517334,0.9997150301933289,0.0025780000000000247,0.002041,0.0,0.001818,0.000188,0.9999961853027344,0.0,0.0,0.002066,0.000201,0.9999992847442627,nan,1000000
19399,0.0007692575454711914,1.0000498294830322,0.002509000000000001,0.002126,0.0,0.001845,0.000183,0.9999895095825195,0.0,0.0,0.002066,0.000201,0.9999992847442627,nan,1000000
19499,0.0009882450103759766,0.9998236298561096,0.0026780000000000137,0.002354,0.0,0.001714,0.000162,0.9999901056289673,0.0,0.0,0.002066,0.000201,0.9999992847442627,nan,1000000
19599,8.70823860168457e-05,0.9989347457885742,0.002421,0.002421,0.0,0.001754,0.000159,0.9999903440475464,0.0,0.0,0.002066,0.000201,0.9999992847442627,nan,1000000
19699,0.00024023652076721191,0.9993181824684143,0.002548,0.002548,0.0,0.001889,0.00018,0.9999995231628418,0.0,0.0,0.002066,0.000201,0.9999992847442627,nan,1000000
19799,0.001027613878250122,1.0004034042358398,0.0027000000000000357,0.002467,0.0,0.001798,0.000177,0.999996542930603,0.0,0.0,0.002066,0.000201,0.9999992847442627,nan,1000000
19899,0.00011217594146728516,0.9996815919876099,0.002737,0.002737,0.0,0.001965,0.000188,0.9999983310699463,0.0,0.0,0.002066,0.000201,0.9999992847442627,nan,1000000
19999,2.4825334548950195e-05,1.0003116130828857,0.003466,0.003466,0.0,0.001785,0.000185,0.9999986886978149,0.0,0.0,0.002066,0.000201,0.9999992847442627,nan,1000000
20099,-0.0002783834934234619,0.9984662532806396,0.002846,0.002846,0.0,0.001487,0.000145,0.9999974966049194,0.0,0.0,0.002066,0.000201,0.9999992847442627,nan,1000000
20199,-0.00027000904083251953,0.9969975352287292,0.002661,0.002661,0.0,0.001686,0.000174,0.9999994039535522,0.0,0.0,0.002066,0.000201,0.9999992847442627,nan,1000000
20299,0.0005197525024414062,1.0003336668014526,0.003121,0.003121,0.0,0.001611,0.00016,0.9999859929084778,0.0,0.0,0.002066,0.000201,0.9999992847442627,nan,1000000
20399,0.00030359625816345215,0.9984225630760193,0.002746,0.002746,0.0,0.001708,0.000169,0.9999996423721313,0.0,0.0,0.002066,0.000201,0.9999992847442627,nan,1000000
20499,0.00016874074935913086,0.9996294379234314,0.002861,0.002861,0.0,0.00158,0.000154,0.9999942779541016,0.0,0.0,0.002066,0.000201,0.9999992847442627,nan,1000000
20599,0.0005798637866973877,1.000630497932434,0.002461,0.002461,0.0,0.001739,0.000168,0.9999997615814209,0.0,0.0,0.002066,0.000201,0.9999992847442627,nan,1000000
20699,0.0003407895565032959,1.0001503229141235,0.002828,0.002828,0.0,0.001873,0.000195,0.9999955892562866,0.0,0.0,0.002066,0.000201,0.9999992847442627,nan,1000000
20799,0.0009886324405670166,0.9999775886535645,0.0029759999999999787,0.002358,0.0,0.001807,0.000168,0.9999996423721313,0.0,0.0,0.002066,0.000201,0.9999992847442627,nan,1000000
20899,0.0001251697540283203,1.0004422664642334,0.002539,0.002539,0.0,0.001913,0.000186,0.9999926090240479,0.0,0.0,0.002066,0.000201,0.9999992847442627,nan,1000000
20999,0.00032761693000793457,0.9996085166931152,0.002484,0.002484,0.0,0.001778,0.000174,0.9999840259552002,0.0,0.0,0.002066,0.000201,0.9999992847442627,nan,1000000
21099,-0.00037983059883117676,0.9981496930122375,0.002464,0.002464,0.0,0.001579,0.000157,0.9999977350234985,0.0,0.0,0.002066,0.000201,0.9999992847442627,nan,1000000
21199,0.00019252300262451172,0.9989550709724426,0.002599,0.002599,0.0,0.001811,0.000173,0.9999936819076538,0.0,0.0,0.002066,0.000201,0.9999992847442627,nan,1000000
21299,0.0010854005813598633,1.0022958517074585,0.002857,0.002857,0.0,0.001769,0.000173,0.9999982118606567,0.0,0.0,0.002066,0.000201,0.9999992847442627,nan,1000000
21399,0.0003986954689025879,0.9996359944343567,0.002869,0.002869,0.0,0.001774,0.000173,0.9999759197235107,0.0,0.0,0.002066,0.000201,0.9999992847442627,nan,1000000
21499,0.00015440583229064941,0.9987777471542358,0.003037,0.003037,0.0,0.001688,0.00017,0.9999970197677612,0.0,0.0,0.002066,0.000201,0.9999992847442627,nan,1000000
21599,-4.351139068603516e-06,0.999756395816803,0.002913,0.002913,0.0,0.001742,0.000175,0.999985933303833,0.0,0.0,0.002066,0.000201,0.9999992847442627,nan,1000000
21699,-0.0008350610733032227,0.9994930624961853,0.003575,0.003575,0.0,0.002066,0.000208,0.999993085861206,0.0,0.0,0.002066,0.000201,0.9999992847442627,nan,1000000
21799,0.000493466854095459,0.99846351146698,0.002626000000000017,0.002092,0.0,0.001937,0.000194,0.9999910593032837,0.0,0.0,0.002066,0.000201,0.9999992847442627,nan,1000000
21899,-0.0005060136318206787,0.9989304542541504,0.003112,0.003112,0.0,0.001924,0.000189,0.9999940395355225,0.0,0.0,0.002066,0.000201,0.9999992847442627,nan,1000000
21999,-0.00023829936981201172,1.000951886177063,0.005472,0.005472,0.0,0.001875,0.000193,0.9999978542327881,0.0,0.0,0.002066,0.000201,0.9999992847442627,nan,1000000
22099,-0.0004105567932128906,0.9991387128829956,0.004784,0.004784,0.0,0.001593,0.000161,0.999999463558197,0.0,0.0,0.002066,0.000201,0.9999992847442627,nan,1000000
22199,0.0006932914257049561,1.0002039670944214,0.003996,0.003996,0.0,0.002022,0.000223,0.9999959468841553,0.0,0.0,0.002066,0.000201,0.9999992847442627,nan,1000000
22299,0.0007446110248565674,1.0015323162078857,0.003558,0.003558,0.0,0.00186,0.000192,0.9999911785125732,0.0,0.0,0.002066,0.000201,0.9999992847442627,nan,1000000
22399,0.0002047419548034668,1.000899076461792,0.003996,0.003996,0.0,0.001678,0.000174,0.9999977350234985,0.0,0.0,0.002066,0.000201,0.9999992847442627,nan,1000000
22499,-0.00010600686073303223,1.0003830194473267,0.00477,0.004769,0.0,0.001797,0.000177,0.9999902844429016,0.0,0.0,0.002066,0.000201,0.9999992847442627,nan,1000000
22599,-0.0003674924373626709,0.9996557831764221,0.004337,0.004337,0.0,0.001801,0.000183,0.9999973773956299,0.0,0.0,0.002066,0.000201,0.9999992847442627,nan,1000000
22699,-4.6133995056152344e-05,0.9998036623001099,0.003782,0.003781,0.0,0.001643,0.000177,0.9999774694442749,0.0,0.0,0.002066,0.000201,0.9999992847442627,nan,1000000
22799,-0.00023117661476135254,0.9998295903205872,0.003612,0.003612,0.0,0.001725,0.000177,0.9999940395355225,0.0,0.0,0.002066,0.000201,0.9999992847442627,nan,1000000
22899,0.000997304916381836,1.0012153387069702,0.003186,0.003186,0.0,0.00209,0.000239,0.9999980926513672,0.0,0.0,0.002066,0.000201,0.9999992847442627,nan,1000000
22999,-9.864568710327148e-06,0.9991439580917358,0.003908,0.003908,0.0,0.001534,0.000159,0.9999998807907104,0.0,0.0,0.002066,0.000201,0.9999992847442627,nan,1000000
23099,0.0009638667106628418,1.0022375583648682,0.00335,0.00335,0.0,0.002068,0.00023,0.9999991655349731,0.0,0.0,0.002066,0.000201,0.9999992847442627,nan,1000000
23199,0.0003947019577026367,1.0011851787567139,0.003785,0.003784,0.0,0.001707,0.000176,0.999993085861206,0.0,0.0,0.002066,0.000201,0.9999992847442627,nan,1000000
23299,0.00041857361793518066,1.0021544694900513,0.003465,0.003465,0.0,0.001868,0.000195,0.9999986886978149,0.0,0.0,0.002066,0.000201,0.9999992847442627,nan,1000000
23399,-0.00029209256172180176,0.9983893632888794,0.003094,0.003093,0.0,0.001621,0.00017,0.99998939037323,0.0,0.0,0.002066,0.000201,0.9999992847442627,nan,1000000
23499,0.0006492733955383301,0.9998589158058167,0.003003,0.003003,0.0,0.001872,0.000196,0.9999961853027344,0.0,0.0,0.002066,0.000201,0.9999992847442627,nan,1000000
23599,0.0001582503318786621,1.0000250339508057,0.003626,0.003626,0.0,0.001404,0.000126,0.9999821186065674,0.0,0.0,0.002066,0.000201,0.9999992847442627,nan,1000000
23699,0.0004525184631347656,1.0013972520828247,0.003777,0.003777,0.0,0.002121,0.000233,0.999992847442627,0.0,0.0,0.002066,0.000201,0.9999992847442627,nan,1000000
23799,0.0003727078437805176,0.9998559951782227,0.003183,0.003183,0.0,0.002163,0.000245,0.9999988079071045,0.0,0.0,0.002066,0.000201,0.9999992847442627,nan,1000000
23899,0.0010609626770019531,1.0025690793991089,0.003493,0.003493,0.0,0.002007,0.000211,0.9999927282333374,0.0,0.0,0.002066,0.000201,0.9999992847442627,nan,1000000
23999,0.0004959404468536377,0.9999282360076904,0.002699,0.002699,0.0,0.002351,0.000236,0.9999855756759644,0.0,0.0,0.002066,0.000201,0.9999992847442627,nan,1000000
24099,0.00016117095947265625,1.0001119375228882,0.003207,0.003207,0.0,0.002045,0.00022,0.9999996423721313,0.0,0.0,0.002066,0.000201,0.9999992847442627,nan,1000000
24199,0.00035050511360168457,1.0006051063537598,0.002816,0.002816,0.0,0.002195,0.000221,0.9999978542327881,0.0,0.0,0.002066,0.000201,0.9999992847442627,nan,1000000
24299,0.0011791884899139404,1.0013502836227417,0.003058000000000005,0.002702,0.0,0.002061,0.000223,0.999997615814209,0.0,0.0,0.002066,0.000201,0.9999992847442627,nan,1000000
24399,-0.0006567835807800293,0.9994425177574158,0.0035570000000000003,0.003557,0.0,0.002097,0.000227,0.9999964237213135,0.0,0.0,0.002066,0.000201,0.9999992847442627,nan,1000000
24499,0.0005845129489898682,1.0013610124588013,0.002467,0.002467,0.0,0.002054,0.00022,0.9999978542327881,0.0,0.0,0.002066,0.000201,0.9999992847442627,nan,1000000
24599,0.00020191073417663574,0.9996082186698914,0.002207,0.002207,0.0,0.002113,0.000219,0.9999985694885254,0.0,0.0,0.002066,0.000201,0.9999992847442627,nan,1000000
24699,0.0006870925426483154,1.0015428066253662,0.003146,0.003146,0.0,0.00203,0.000218,0.9999991655349731,0.0,0.0,0.002066,0.000201,0.9999992847442627,nan,1000000
24799,-0.00038677453994750977,0.9984714388847351,0.003108,0.003108,0.0,0.001964,0.000222,0.9999955892562866,0.0,0.0,0.002066,0.000201,0.9999992847442627,nan,1000000
24899,0.0003460347652435303,0.9990882873535156,0.0031,0.0031,0.0,0.001812,0.000209,0.9999918937683105,0.0,0.0,0.002066,0.000201,0.9999992847442627,nan,1000000
24999,0.0007728040218353271,1.0005834102630615,0.003204,0.003204,0.0,0.001875,0.000223,0.9999983310699463,0.0,0.0,0.002066,0.000201,0.9999992847442627,nan,1000000
25099,0.0011589527130126953,1.0006422996520996,0.002811000000000008,0.002596,0.0,0.002119,0.000238,0.9999850988388062,0.0,0.0,0.002066,0.000201,0.9999992847442627,nan,1000000
25199,0.00012725591659545898,1.0009413957595825,0.002759,0.002759,0.0,0.002072,0.000213,0.9999979734420776,0.0,0.0,0.002066,0.000201,0.9999992847442627,nan,1000000
25299,0.00022050738334655762,1.001211166381836,0.003034,0.003034,0.0,0.001884,0.000218,0.9999964237213135,0.0,0.0,0.002066,0.000201,0.9999992847442627,nan,1000000
25399,-0.00018593668937683105,0.9999251365661621,0.002808,0.002808,0.0,0.001938,0.000225,0.9999972581863403,0.0,0.0,0.002066,0.000201,0.9999992847442627,nan,1000000
25499,0.00012302398681640625,0.9996429681777954,0.002533,0.002533,0.0,0.002025,0.000229,0.9999868869781494,0.0,0.0,0.002066,0.000201,0.9999992847442627,nan,1000000
25599,0.0006530284881591797,1.0009565353393555,0.002796,0.002796,0.0,0.001906,0.000214,0.9999986290931702,0.0,0.0,0.002066,0.000201,0.9999992847442627,nan,1000000
25699,0.000266343355178833,0.9996201395988464,0.002783,0.002783,0.0,0.002038,0.000222,0.9999959468841553,0.0,0.0,0.002066,0.000201,0.9999992847442627,nan,1000000
25799,0.00031888484954833984,0.9986469745635986,0.002497,0.002497,1e-06,0.002229,0.000233,1.0,0.0,0.0,0.002066,0.000201,0.9999992847442627,nan,1000000
25899,0.0005173385143280029,1.0017526149749756,0.002861,0.002861,0.0,0.001895,0.00021,0.999996542930603,0.0,0.0,0.002066,0.000201,0.9999992847442627,nan,1000000
25999,0.0004628002643585205,0.9996698498725891,0.002607,0.002607,0.0,0.001946,0.000214,0.9999964237213135,0.0,0.0,0.002066,0.000201,0.9999992847442627,nan,1000000
26099,0.0006554126739501953,1.0005056858062744,0.002872,0.002872,0.0,0.001927,0.000208,0.9999982118606567,0.0,0.0,0.002066,0.000201,0.9999992847442627,nan,1000000
26199,0.0004464387893676758,1.0010124444961548,0.003007,0.003007,0.0,0.001728,0.00018,0.9999904632568359,0.0,0.0,0.002066,0.000201,0.9999992847442627,nan,1000000
26299,0.00036323070526123047,1.000781774520874,0.002555,0.002555,0.0,0.001766,0.00018,0.9999935030937195,0.0,0.0,0.002066,0.000201,0.9999992847442627,nan,1000000
26399,0.0004284083843231201,1.0001412630081177,0.00348,0.003479,0.0,0.001731,0.000196,0.9999912977218628,0.0,0.0,0.002066,0.000201,0.9999992847442627,nan,1000000
26499,0.0001944899559020996,1.0010004043579102,0.003063,0.003063,0.0,0.001692,0.000176,0.999989926815033,0.0,0.0,0.002066,0.000201,0.9999992847442627,nan,1000000
26599,0.0008498132228851318,1.001353144645691,0.002492,0.002492,0.0,0.00218,0.00023,0.9999955892562866,0.0,0.0,0.002066,0.000201,0.9999992847442627,nan,1000000
26699,0.0006201565265655518,0.999644935131073,0.002821,0.002821,0.0,0.002041,0.000226,0.9999935626983643,0.0,0.0,0.002066,0.000201,0.9999992847442627,nan,1000000
26799,0.0003282129764556885,0.9989728927612305,0.002438,0.002438,0.0,0.001919,0.000205,0.9999996423721313,0.0,0.0,0.002066,0.000201,0.9999992847442627,nan,1000000
26899,0.0006507635116577148,1.0008870363235474,0.002791,0.002791,0.0,0.001838,0.0002,0.9999939203262329,0.0,0.0,0.002066,0.000201,0.9999992847442627,nan,1000000
26999,9.617209434509277e-05,1.001745581626892,0.003547,0.003547,0.0,0.001954,0.00022,0.9999980926513672,0.0,0.0,0.002066,0.000201,0.9999992847442627,nan,1000000
27099,0.00012886524200439453,0.999374508857727,0.002868,0.002868,0.0,0.002143,0.000237,0.9999933242797852,0.0,0.0,0.002066,0.000201,0.9999992847442627,nan,1000000
27199,0.00044351816177368164,0.9995420575141907,0.003116,0.003116,0.0,0.002201,0.000241,0.9999770522117615,0.0,0.0,0.002066,0.000201,0.9999992847442627,nan,1000000
27299,0.0006918609142303467,0.9997886419296265,0.003061,0.003061,0.0,0.002163,0.000242,0.9999961853027344,0.0,0.0,0.002066,0.000201,0.9999992847442627,nan,1000000
27399,5.453824996948242e-05,1.000044822692871,0.002621,0.002621,0.0,0.001541,0.000172,0.9999994039535522,0.0,0.0,0.002066,0.000201,0.9999992847442627,nan,1000000
27499,-1.1920928955078125e-06,1.0013200044631958,0.003061,0.003061,0.0,0.00164,0.000185,0.9999932050704956,0.0,0.0,0.002066,0.000201,0.9999992847442627,nan,1000000
27599,0.00011005997657775879,0.9987005591392517,0.002988,0.002988,0.0,0.001933,0.00021,0.9999808073043823,0.0,0.0,0.002066,0.000201,0.9999992847442627,nan,1000000
27699,2.276897430419922e-05,1.0000568628311157,0.00349,0.00349,0.0,0.002053,0.000222,0.9999890327453613,0.0,0.0,0.002066,0.000201,0.9999992847442627,nan,1000000
27799,0.00015038251876831055,0.999828577041626,0.002839,0.002839,0.0,0.002133,0.000224,0.9999959468841553,0.0,0.0,0.002066,0.000201,0.9999992847442627,nan,1000000
27899,0.0009993910789489746,1.0012412071228027,0.00275,0.00275,0.0,0.001676,0.000185,0.9999974966049194,0.0,0.0,0.002066,0.000201,0.9999992847442627,nan,1000000
27999,0.00025516748428344727,1.0008997917175293,0.003148,0.003148,0.0,0.002026,0.000224,0.999990701675415,0.0,0.0,0.002066,0.000201,0.9999992847442627,nan,1000000
28099,0.0012271702289581299,1.001201868057251,0.003621000000000041,0.002657,0.0,0.002224,0.00024,0.9999912977218628,0.0,0.0,0.002066,0.000201,0.9999992847442627,nan,1000000
28199,9.110569953918457e-05,0.9989564418792725,0.003341,0.003339,0.0,0.001853,0.000219,0.999987006187439,0.0,0.0,0.002066,0.000201,0.9999992847442627,nan,1000000
28299,3.933906555175781e-05,0.9994840621948242,0.003145,0.003145,0.0,0.001862,0.000219,0.9999998807907104,0.0,0.0,0.002066,0.000201,0.9999992847442627,nan,1000000
28399,0.0005578696727752686,1.0001124143600464,0.002638,0.002637,0.0,0.001713,0.000203,0.9999953508377075,0.0,0.0,0.002066,0.000201,0.9999992847442627,nan,1000000
28499,4.094839096069336e-05,0.999760091304779,0.002638,0.002638,0.0,0.001981,0.000224,0.9999862909317017,0.0,0.0,0.002066,0.000201,0.9999992847442627,nan,1000000
28599,0.0008292794227600098,1.0013035535812378,0.002834,0.002834,0.0,0.002036,0.00022,0.9999991655349731,0.0,0.0,0.002066,0.000201,0.9999992847442627,nan,1000000
28699,0.0005209147930145264,0.9996518492698669,0.002763,0.002763,0.0,0.001884,0.000198,0.9999978542327881,0.0,0.0,0.002066,0.000201,0.9999992847442627,nan,1000000
28799,0.00045859813690185547,1.0004843473434448,0.002501,0.002501,0.0,0.002104,0.000205,0.9999974966049194,0.0,0.0,0.002066,0.000201,0.9999992847442627,nan,1000000
28899,-0.00041672587394714355,0.9985668659210205,0.003079,0.003079,0.0,0.002173,0.000223,0.9999954104423523,0.0,0.0,0.002066,0.000201,0.9999992847442627,nan,1000000
28999,0.000945359468460083,1.0010602474212646,0.0026360000000000827,0.002397,0.0,0.002311,0.000249,0.9999961853027344,0.0,0.0,0.002066,0.000201,0.9999992847442627,nan,1000000
29099,0.0002465248107910156,1.000115156173706,0.002536,0.002536,0.0,0.001946,0.00021,0.9999954700469971,0.0,0.0,0.002066,0.000201,0.9999992847442627,nan,1000000
29199,0.00095328688621521,1.002174973487854,0.002347,0.002347,0.0,0.00214,0.000222,0.9999942779541016,0.0,0.0,0.002066,0.000201,0.9999992847442627,nan,1000000
29299,0.00041303038597106934,1.0013182163238525,0.002531,0.002531,0.0,0.001853,0.000204,0.9999711513519287,0.0,0.0,0.002066,0.000201,0.9999992847442627,nan,1000000
29399,-0.0003801882266998291,0.9982210993766785,0.002611,0.002611,0.0,0.001936,0.000207,0.9999977350234985,0.0,0.0,0.002066,0.000201,0.9999992847442627,nan,1000000
29499,0.0004999041557312012,1.0004150867462158,0.003466,0.003466,0.0,0.001696,0.000199,0.9999972581863403,0.0,0.0,0.002066,0.000201,0.9999992847442627,nan,1000000
29599,-0.0004290640354156494,0.9990257024765015,0.003666,0.003664,0.0,0.001864,0.000206,0.9999983310699463,0.0,0.0,0.002066,0.000201,0.9999992847442627,nan,1000000
29699,-0.0003141164779663086,0.9991709589958191,0.002613,0.002613,0.0,0.002027,0.000199,0.9999959468841553,0.0,0.0,0.002066,0.000201,0.9999992847442627,nan,1000000
29799,0.0005807280540466309,1.0003665685653687,0.00265,0.00265,0.0,0.001911,0.000202,0.9999949932098389,0.0,0.0,0.002066,0.000201,0.9999992847442627,nan,1000000
29899,-0.0001385509967803955,1.0000373125076294,0.00267,0.00267,0.0,0.002106,0.000212,0.999998927116394,0.0,0.0,0.002066,0.000201,0.9999992847442627,nan,1000000
29999,0.00021260976791381836,1.0002553462982178,0.002308,0.002308,0.0,0.002004,0.000223,0.9999992847442627,0.0,0.0,0.002066,0.000201,0.9999992847442627,nan,1000000
30099,0.0005032718181610107,1.0010825395584106,0.002352,0.002352,0.0,0.00192,0.000204,0.999997615814209,0.0,0.0,0.002066,0.000201,0.9999992847442627,nan,1000000
30199,0.000491023063659668,0.9998355507850647,0.002219,0.002219,0.0,0.001794,0.000213,0.999992847442627,0.0,0.0,0.002066,0.000201,0.9999992847442627,nan,1000000
30299,0.0001964867115020752,0.9986165165901184,0.002365,0.002365,0.0,0.001743,0.000196,0.9999998807907104,0.0,0.0,0.002066,0.000201,0.9999992847442627,nan,1000000
30399,-7.76052474975586e-05,0.9994769096374512,0.002415,0.002415,0.0,0.002037,0.000209,0.9999946355819702,0.0,0.0,0.002066,0.000201,0.9999992847442627,nan,1000000
30499,0.0004032254219055176,1.0009002685546875,0.002288,0.002288,0.0,0.001866,0.000199,0.9999997615814209,0.0,0.0,0.002066,0.000201,0.9999992847442627,nan,1000000
30599,-0.00024881958961486816,0.99822598695755,0.002581,0.002581,0.0,0.001694,0.000186,0.9999982118606567,0.0,0.0,0.002066,0.000201,0.9999992847442627,nan,1000000
30699,0.0006594359874725342,0.9991639256477356,0.0028639999999999777,0.002267,0.0,0.001843,0.000217,0.9999957084655762,0.0,0.0,0.002066,0.000201,0.9999992847442627,nan,1000000
30799,7.912516593933105e-05,0.9977489709854126,0.0027290000000000023,0.002361,0.0,0.00228,0.000243,0.9999974966049194,0.0,0.0,0.002066,0.000201,0.9999992847442627,nan,1000000
30899,0.0008937716484069824,1.0009357929229736,0.002487000000000017,0.002178,0.0,0.001303,0.000119,0.9999946355819702,0.0,0.0,0.002066,0.000201,0.9999992847442627,nan,1000000
30999,5.7131052017211914e-05,1.0013753175735474,0.002565,0.002565,0.0,0.001788,0.000194,0.9999985694885254,0.0,0.0,0.002066,0.000201,0.9999992847442627,nan,1000000
31099,0.00020641088485717773,0.9998080134391785,0.002361,0.002361,0.0,0.001839,0.000199,0.9999904632568359,0.0,0.0,0.002066,0.000201,0.9999992847442627,nan,1000000
31199,0.00043395161628723145,1.0012199878692627,0.002448,0.002448,0.0,0.002017,0.000215,0.999992847442627,0.0,0.0,0.002066,0.000201,0.9999992847442627,nan,1000000
31299,0.0001576244831085205,1.001518964767456,0.002296,0.002296,0.0,0.001862,0.000204,0.9999997615814209,0.0,0.0,0.002066,0.000201,0.9999992847442627,nan,1000000
31399,0.00030621886253356934,0.9996851086616516,0.002487,0.002487,0.0,0.001872,0.000187,0.9999953508377075,0.0,0.0,0.002066,0.000201,0.9999992847442627,nan,1000000
31499,0.00032705068588256836,1.0001678466796875,0.002888,0.002888,0.0,0.001576,0.000179,0.999995231628418,0.0,0.0,0.002066,0.000201,0.9999992847442627,nan,1000000
31599,0.0006005465984344482,0.9991887211799622,0.002745,0.002745,0.0,0.001934,0.000196,0.9999998807907104,0.0,0.0,0.002066,0.000201,0.9999992847442627,nan,1000000
31699,0.0013329684734344482,1.0004982948303223,0.003163000000000027,0.001944,0.0,0.001907,0.000216,0.999997615814209,0.0,0.0,0.002066,0.000201,0.9999992847442627,nan,1000000
31799,0.0003510117530822754,0.9996518492698669,0.003134,0.003133,0.0,0.001767,0.000195,0.9999830722808838,0.0,0.0,0.002066,0.000201,0.9999992847442627,nan,1000000
31899,0.000744163990020752,1.0000544786453247,0.0023940000000000072,0.002107,0.0,0.001813,0.000192,0.9999931454658508,0.0,0.0,0.002066,0.000201,0.9999992847442627,nan,1000000
31999,0.00012663006782531738,1.0005398988723755,0.002304,0.002304,0.0,0.001894,0.000196,0.9999916553497314,0.0,0.0,0.002066,0.000201,0.9999992847442627,nan,1000000
32099,0.0009094178676605225,1.0009490251541138,0.00219,0.00219,0.0,0.001998,0.000206,0.9999940395355225,0.0,0.0,0.002066,0.000201,0.9999992847442627,nan,1000000
32199,3.084540367126465e-05,1.0003430843353271,0.003523,0.003523,0.0,0.001885,0.000197,0.9999940395355225,0.0,0.0,0.002066,0.000201,0.9999992847442627,nan,1000000
32299,0.0004788637161254883,1.0016788244247437,0.0022540000000000004,0.002253,0.0,0.001938,0.000198,0.9999984502792358,0.0,0.0,0.002066,0.000201,0.9999992847442627,nan,1000000
32399,-0.00044542551040649414,0.9986881613731384,0.002748,0.002748,0.0,0.001625,0.000186,0.9999961853027344,0.0,0.0,0.002066,0.000201,0.9999992847442627,nan,1000000
32499,0.00020581483840942383,1.0006381273269653,0.00257,0.002568,0.0,0.001586,0.000179,0.9999905824661255,0.0,0.0,0.002066,0.000201,0.9999992847442627,nan,1000000
32599,0.0006811618804931641,1.0002273321151733,0.00194,0.00194,0.0,0.001853,0.000204,0.9999985694885254,0.0,0.0,0.002066,0.000201,0.9999992847442627,nan,1000000
32699,-0.00012227892875671387,0.9996811151504517,0.002278,0.002278,0.0,0.001452,0.000142,0.9999954700469971,0.0,0.0,0.002066,0.000201,0.9999992847442627,nan,1000000
32799,-0.0002345740795135498,0.9990913271903992,0.002059,0.002059,0.0,0.001877,0.000196,0.9999961853027344,0.0,0.0,0.002066,0.000201,0.9999992847442627,nan,1000000
32899,0.0002002120018005371,1.0001152753829956,0.001781,0.001781,0.0,0.001651,0.000184,0.9999994039535522,0.0,0.0,0.002066,0.000201,0.9999992847442627,nan,1000000
32999,-3.477931022644043e-05,1.0003091096878052,0.0020350000000000004,0.002029,0.0,0.001577,0.00017,0.9999949932098389,0.0,0.0,0.002066,0.000201,0.9999992847442627,nan,1000000
33099,0.0007571876049041748,0.9999474287033081,0.002387000000000028,0.001863,0.0,0.00167,0.000199,0.9999982118606567,0.0,0.0,0.002066,0.000201,0.9999992847442627,nan,1000000
33199,0.0006715655326843262,1.001052737236023,0.001923,0.001923,0.0,0.001701,0.000196,0.999977707862854,0.0,0.0,0.002066,0.000201,0.9999992847442627,nan,1000000
33299,0.0007423758506774902,1.0017435550689697,0.001822,0.001822,0.0,0.00194,0.000225,0.9999994039535522,0.0,0.0,0.002066,0.000201,0.9999992847442627,nan,1000000
33399,0.0005645453929901123,1.000192642211914,0.001979,0.001979,0.0,0.001567,0.000175,0.9999903440475464,0.0,0.0,0.002066,0.000201,0.9999992847442627,nan,1000000
33499,0.00026866793632507324,0.9989603161811829,0.0029,0.001881,0.0,0.001898,0.000201,0.9999937415122986,0.0,0.0,0.002066,0.000201,0.9999992847442627,nan,1000000
33599,0.0005726814270019531,1.001018762588501,0.002008,0.002008,0.0,0.00185,0.000198,0.9999985098838806,0.0,0.0,0.002066,0.000201,0.9999992847442627,nan,1000000
33699,0.0003953278064727783,0.9987178444862366,0.003724,0.002048,0.0,0.00143,0.000148,0.999997615814209,0.0,0.0,0.002066,0.000201,0.9999992847442627,nan,1000000
33799,0.00010150671005249023,0.999881386756897,0.0034220000000000006,0.002278,0.0,0.001687,0.000176,0.9999971389770508,0.0,0.0,0.002066,0.000201,0.9999992847442627,nan,1000000
33899,0.0005940794944763184,1.0000839233398438,0.0028870000000000007,0.002288,0.0,0.00167,0.000177,0.9999996423721313,0.0,0.0,0.002066,0.000201,0.9999992847442627,nan,1000000
33999,0.00010800361633300781,0.9992588758468628,0.002268,0.002268,0.0,0.001602,0.000157,0.9999904632568359,0.0,0.0,0.002066,0.000201,0.9999992847442627,nan,1000000
34099,0.00023850798606872559,1.0005338191986084,0.002327,0.002327,0.0,0.0018,0.000186,0.9999971389770508,0.0,0.0,0.002066,0.000201,0.9999992847442627,nan,1000000
34199,0.000556260347366333,1.0003191232681274,0.0029479999999999992,0.002399,0.0,0.001633,0.000157,0.9999978542327881,0.0,0.0,0.002066,0.000201,0.9999992847442627,nan,1000000
34299,0.00011929869651794434,1.0000911951065063,0.002431,0.002431,0.0,0.001804,0.000191,0.9999991655349731,0.0,0.0,0.002066,0.000201,0.9999992847442627,nan,1000000
34399,0.00025603175163269043,0.999038577079773,0.002115,0.002115,0.0,0.001783,0.000183,0.9999949932098389,0.0,0.0,0.002066,0.000201,0.9999992847442627,nan,1000000
34499,0.0004609227180480957,1.0009090900421143,0.0026520000000000007,0.00226,0.0,0.001779,0.00017,0.9999929666519165,0.0,0.0,0.002066,0.000201,0.9999992847442627,nan,1000000
34599,0.00033912062644958496,0.9996545910835266,0.002183,0.002183,0.0,0.002172,0.000237,0.9999964237213135,0.0,0.0,0.002066,0.000201,0.9999992847442627,nan,1000000
34699,0.00034484267234802246,1.001166820526123,0.002398,0.002398,0.0,0.00172,0.000173,0.9999996423721313,0.0,0.0,0.002066,0.000201,0.9999992847442627,nan,1000000
34799,0.00021889805793762207,1.0003297328948975,0.002958999999999999,0.002392,0.0,0.001918,0.000203,0.9999969005584717,0.0,0.0,0.002066,0.000201,0.9999992847442627,nan,1000000
34899,9.5367431640625e-07,0.9997400045394897,0.002654,0.002654,0.0,0.00175,0.000193,0.9999961256980896,0.0,0.0,0.002066,0.000201,0.9999992847442627,nan,1000000
34999,0.0006101727485656738,0.9996209144592285,0.002692,0.002692,0.0,0.00176,0.000206,0.9999910593032837,0.0,0.0,0.002066,0.000201,0.9999992847442627,nan,1000000
35099,-0.0002237260341644287,1.0008825063705444,0.002944,0.002944,0.0,0.001925,0.000213,0.999998927116394,0.0,0.0,0.002066,0.000201,0.9999992847442627,nan,1000000
35199,-0.0003236234188079834,1.0001147985458374,0.002787,0.002787,0.0,0.002067,0.000209,0.999996542930603,0.0,0.0,0.002066,0.000201,0.9999992847442627,nan,1000000
35299,0.000471264123916626,1.001243233680725,0.002749,0.002749,0.0,0.001835,0.00022,0.9999881982803345,0.0,0.0,0.002066,0.000201,0.9999992847442627,nan,1000000
35399,0.0006024539470672607,1.0011357069015503,0.002577,0.002577,0.0,0.002118,0.000226,0.9999978542327881,0.0,0.0,0.002066,0.000201,0.9999992847442627,nan,1000000
35499,-0.00015556812286376953,0.9992194771766663,0.002703,0.002703,0.0,0.001866,0.000215,0.9999822974205017,0.0,0.0,0.002066,0.000201,0.9999992847442627,nan,1000000
35599,-0.00048092007637023926,1.0001660585403442,0.002738,0.002738,0.0,0.001775,0.000202,0.9999916553497314,0.0,0.0,0.002066,0.000201,0.9999992847442627,nan,1000000
35699,-0.0003160238265991211,0.9997801184654236,0.002522,0.002522,0.0,0.001763,0.000209,0.9999860525131226,0.0,0.0,0.002066,0.000201,0.9999992847442627,nan,1000000
35799,0.0007865726947784424,1.0000170469284058,0.0023139999999999827,0.002291,0.0,0.001782,0.0002,0.9999918937683105,0.0,0.0,0.002066,0.000201,0.9999992847442627,nan,1000000
35899,-0.00043445825576782227,0.9994179010391235,0.002468,0.002467,0.0,0.001936,0.000211,0.9999926090240479,0.0,0.0,0.002066,0.000201,0.9999992847442627,nan,1000000
35999,0.0012043416500091553,1.0005247592926025,0.0028040000000000287,0.002325,0.0,0.001917,0.000191,0.9999996423721313,0.0,0.0,0.002066,0.000201,0.9999992847442627,nan,1000000
36099,-1.4930963516235352e-05,0.9996616244316101,0.002545,0.002545,0.0,0.0021,0.000205,0.9999939203262329,0.0,0.0,0.002066,0.000201,0.9999992847442627,nan,1000000
36199,4.2498111724853516e-05,1.0005372762680054,0.002516,0.002516,0.0,0.001789,0.000179,0.999997615814209,0.0,0.0,0.002066,0.000201,0.9999992847442627,nan,1000000
36299,-0.00027939677238464355,0.9995095133781433,0.002674,0.002674,0.0,0.00163,0.000181,0.9999983310699463,0.0,0.0,0.002066,0.000201,0.9999992847442627,nan,1000000
36399,-3.841519355773926e-05,1.0002613067626953,0.002896,0.002895,0.0,0.001651,0.000187,0.9999921321868896,0.0,0.0,0.002066,0.000201,0.9999992847442627,nan,1000000
36499,-0.00035956501960754395,1.0004291534423828,0.002506,0.002506,0.0,0.001667,0.000173,0.9999942779541016,0.0,0.0,0.002066,0.000201,0.9999992847442627,nan,1000000
36599,0.00013649463653564453,0.9999768137931824,0.002461,0.002461,0.0,0.001731,0.000191,0.9999977350234985,0.0,0.0,0.002066,0.000201,0.9999992847442627,nan,1000000
36699,0.00010627508163452148,0.9999090433120728,0.002662,0.002662,0.0,0.001664,0.000173,0.9999959468841553,0.0,0.0,0.002066,0.000201,0.9999992847442627,nan,1000000
36799,-0.0007536411285400391,0.9994915723800659,0.002704,0.002704,0.0,0.001499,0.000165,0.9999921321868896,0.0,0.0,0.002066,0.000201,0.9999992847442627,nan,1000000
36899,0.0004489719867706299,1.000878095626831,0.002569,0.002569,0.0,0.001711,0.000183,0.9999971985816956,0.0,0.0,0.002066,0.000201,0.9999992847442627,nan,1000000
36999,0.00010177493095397949,0.9990953207015991,0.003529000000000001,0.002589,0.0,0.001679,0.000175,0.9999867677688599,0.0,0.0,0.002066,0.000201,0.9999992847442627,nan,1000000
37099,0.00019741058349609375,0.998701810836792,0.003301000000000001,0.002557,0.0,0.001811,0.000188,0.9999836683273315,0.0,0.0,0.002066,0.000201,0.9999992847442627,nan,1000000
37199,0.00011664628982543945,1.0000724792480469,0.002862,0.002862,0.0,0.001967,0.000198,0.9999945163726807,0.0,0.0,0.002066,0.000201,0.9999992847442627,nan,1000000
37299,0.000856935977935791,1.0016053915023804,0.002827,0.002827,0.0,0.001771,0.00018,0.9999865889549255,0.0,0.0,0.002066,0.000201,0.9999992847442627,nan,1000000
37399,0.0006540417671203613,1.0022155046463013,0.002632,0.002632,0.0,0.001963,0.000214,0.9999985694885254,0.0,0.0,0.002066,0.000201,0.9999992847442627,nan,1000000
37499,-0.00010815262794494629,0.9986831545829773,0.002594,0.002594,0.0,0.001969,0.000207,0.9999974966049194,0.0,0.0,0.002066,0.000201,0.9999992847442627,nan,1000000
37599,-0.00019377470016479492,0.9983847141265869,0.002994,0.002994,0.0,0.001908,0.000203,0.9999858140945435,0.0,0.0,0.002066,0.000201,0.9999992847442627,nan,1000000
37699,-0.0005298256874084473,0.9992547631263733,0.003061,0.003061,0.0,0.001805,0.000198,0.9999918937683105,0.0,0.0,0.002066,0.000201,0.9999992847442627,nan,1000000
37799,-0.0001366138458251953,0.9989238381385803,0.002696,0.002696,0.0,0.002058,0.000198,0.9999891519546509,0.0,0.0,0.002066,0.000201,0.9999992847442627,nan,1000000
37899,0.0007560551166534424,1.0006016492843628,0.0039060000000000015,0.002519,0.0,0.002071,0.000206,0.9999994039535522,0.0,0.0,0.002066,0.000201,0.9999992847442627,nan,1000000
37999,-1.7374753952026367e-05,0.9989942312240601,0.0028990000000000005,0.002332,0.0,0.001849,0.0002,0.9999979734420776,0.0,0.0,0.002066,0.000201,0.9999992847442627,nan,1000000
38099,8.350610733032227e-05,1.000842809677124,0.0027760000000000003,0.002776,0.0,0.001829,0.000182,0.9999780654907227,0.0,0.0,0.002066,0.000201,0.9999992847442627,nan,1000000
38199,0.00022801756858825684,0.9997046589851379,0.002869,0.002869,0.0,0.001873,0.000186,0.9999764561653137,0.0,0.0,0.002066,0.000201,0.9999992847442627,nan,1000000
38299,0.0001232922077178955,0.9996616840362549,0.002804,0.002804,0.0,0.001883,0.000179,0.9999991655349731,0.0,0.0,0.002066,0.000201,0.9999992847442627,nan,1000000
38399,0.0005481541156768799,0.999152421951294,0.002762,0.002762,0.0,0.001829,0.000182,0.9999986886978149,0.0,0.0,0.002066,0.000201,0.9999992847442627,nan,1000000
38499,0.0007782280445098877,0.9991322159767151,0.0034789999999999995,0.002431,0.0,0.002109,0.000201,0.9999926090240479,0.0,0.0,0.002066,0.000201,0.9999992847442627,nan,1000000
38599,-2.8073787689208984e-05,0.9983078241348267,0.0028680000000000008,0.002286,0.0,0.001775,0.000198,0.9999982118606567,0.0,0.0,0.002066,0.000201,0.9999992847442627,nan,1000000
38699,0.0003056824207305908,0.9990676641464233,0.0029130000000000007,0.002477,0.0,0.002135,0.000217,0.9999887347221375,0.0,0.0,0.002066,0.000201,0.9999992847442627,nan,1000000
38799,0.0007596015930175781,0.9989694952964783,0.0029050000000000464,0.002457,0.0,0.001995,0.000183,0.9999845027923584,0.0,0.0,0.002066,0.000201,0.9999992847442627,nan,1000000
38899,0.0005933940410614014,1.000444769859314,0.00252,0.00252,0.0,0.002076,0.000187,0.9999969005584717,0.0,0.0,0.002066,0.000201,0.9999992847442627,nan,1000000
38999,-0.0005531609058380127,0.996904194355011,0.002474,0.002474,0.0,0.001753,0.000194,0.9999960660934448,0.0,0.0,0.002066,0.000201,0.9999992847442627,nan,1000000
39099,0.0007205307483673096,0.999695360660553,0.002744000000000024,0.002507,0.0,0.001789,0.000185,0.9999999403953552,0.0,0.0,0.002066,0.000201,0.9999992847442627,nan,1000000
39199,0.00042369961738586426,1.0001258850097656,0.00229,0.00229,0.0,0.001811,0.000187,0.9999996423721313,0.0,0.0,0.002066,0.000201,0.9999992847442627,nan,1000000
39299,-8.07344913482666e-05,0.9997260570526123,0.002351,0.002351,0.0,0.001972,0.000177,0.9999979734420776,0.0,0.0,0.002066,0.000201,0.9999992847442627,nan,1000000
39399,0.00044536590576171875,0.9985818266868591,0.003209,0.002396,0.0,0.001954,0.000179,0.9999910593032837,0.0,0.0,0.002066,0.000201,0.9999992847442627,nan,1000000
39499,0.0002231895923614502,0.998814046382904,0.002434,0.002434,0.0,0.001992,0.00019,0.9999879598617554,0.0,0.0,0.002066,0.000201,0.9999992847442627,nan,1000000
39599,0.00017470121383666992,0.9997831583023071,0.002822,0.002822,0.0,0.001785,0.0002,0.9999980926513672,0.0,0.0,0.002066,0.000201,0.9999992847442627,nan,1000000
39699,0.0003400146961212158,1.000040054321289,0.0028290000000000017,0.002598,0.0,0.00187,0.000178,0.9999816417694092,0.0,0.0,0.002066,0.000201,0.9999992847442627,nan,1000000
39799,0.00046315789222717285,1.0001543760299683,0.002962,0.002962,0.0,0.001595,0.000196,0.9999926090240479,0.0,0.0,0.002066,0.000201,0.9999992847442627,nan,1000000
39899,0.00011211633682250977,0.9983008503913879,0.002671,0.002671,0.0,0.001708,0.000203,0.9999985694885254,0.0,0.0,0.002066,0.000201,0.9999992847442627,nan,1000000
39999,-0.00013720989227294922,0.9992678761482239,0.002806,0.002806,0.0,0.00177,0.000193,0.9999926090240479,0.0,0.0,0.002066,0.000201,0.9999992847442627,nan,1000000
40099,-0.0002770423889160156,0.998384416103363,0.003103,0.003103,0.0,0.001796,0.00018,0.9999986886978149,0.0,0.0,0.002066,0.000201,0.9999992847442627,nan,1000000
40199,0.0011307895183563232,1.0001842975616455,0.003505000000000036,0.002629,0.0,0.001628,0.000203,0.9999997615814209,0.0,0.0,0.002066,0.000201,0.9999992847442627,nan,1000000
40299,0.00018608570098876953,1.0000519752502441,0.002582,0.002582,0.0,0.00165,0.000204,0.9999991655349731,0.0,0.0,0.002066,0.000201,0.9999992847442627,nan,1000000
40399,0.0005679428577423096,1.0006208419799805,0.002498,0.002498,0.0,0.001779,0.000211,0.9999973773956299,0.0,0.0,0.002066,0.000201,0.9999992847442627,nan,1000000
40499,0.0005821287631988525,0.9989131689071655,0.002731,0.002731,0.0,0.001786,0.000217,0.9999985694885254,0.0,0.0,0.002066,0.000201,0.9999992847442627,nan,1000000
40599,-8.258223533630371e-05,0.9982299208641052,0.002767,0.002767,0.0,0.001449,0.000149,0.9999989867210388,0.0,0.0,0.002066,0.000201,0.9999992847442627,nan,1000000
40699,-0.0003876686096191406,0.9988284111022949,0.002698,0.002698,0.0,0.00161,0.000194,0.9999895095825195,0.0,0.0,0.002066,0.000201,0.9999992847442627,nan,1000000
40799,0.0003876984119415283,0.9992354512214661,0.0030080000000000003,0.002547,0.0,0.001531,0.000171,0.9999912977218628,0.0,0.0,0.002066,0.000201,0.9999992847442627,nan,1000000
40899,-0.0001882314682006836,0.9978508949279785,0.0026,0.0026,0.0,0.001609,0.00018,0.999998927116394,0.0,0.0,0.002066,0.000201,0.9999992847442627,nan,1000000
40999,-0.0009937584400177002,0.998779296875,0.003362999999999998,0.003049,0.0,0.001618,0.000186,0.999995231628418,0.0,0.0,0.002066,0.000201,0.9999992847442627,nan,1000000
41099,0.0003933906555175781,0.9990246295928955,0.003273,0.002339,0.0,0.001564,0.000177,0.9999961853027344,0.0,0.0,0.002066,0.000201,0.9999992847442627,nan,1000000
41199,0.00010102987289428711,0.9988091588020325,0.002869,0.002395,0.0,0.001707,0.000191,0.999994158744812,0.0,0.0,0.002066,0.000201,0.9999992847442627,nan,1000000
41299,-0.0006586313247680664,0.9991208910942078,0.002802,0.002801,0.0,0.002189,0.000216,0.9999969005584717,0.0,0.0,0.002066,0.000201,0.9999992847442627,nan,1000000
41399,0.0003457069396972656,0.9999052286148071,0.002552,0.002552,0.0,0.001837,0.000187,0.9999970197677612,0.0,0.0,0.002066,0.000201,0.9999992847442627,nan,1000000
41499,0.0007349252700805664,0.9997850060462952,0.002668999999999977,0.002558,0.0,0.001742,0.000209,0.9999988079071045,0.0,0.0,0.002066,0.000201,0.9999992847442627,nan,1000000
41599,0.0002315044403076172,1.0002033710479736,0.002852,0.002852,0.0,0.001843,0.000181,0.9999910593032837,0.0,0.0,0.002066,0.000201,0.9999992847442627,nan,1000000
41699,2.3752450942993164e-05,0.9985643029212952,0.002316,0.002316,0.0,0.001893,0.000173,0.9999899864196777,0.0,0.0,0.002066,0.000201,0.9999992847442627,nan,1000000
41799,0.00010600686073303223,0.9980939626693726,0.003068999999999999,0.001868,0.0,0.001915,0.000174,0.9999942779541016,0.0,0.0,0.002066,0.000201,0.9999992847442627,nan,1000000
41899,2.288818359375e-05,0.9989463090896606,0.002293,0.002293,0.0,0.001864,0.000171,0.999996542930603,0.0,0.0,0.002066,0.000201,0.9999992847442627,nan,1000000
41999,0.0008077919483184814,0.9994996190071106,0.0032080000000000008,0.002002,0.0,0.001977,0.000182,0.9999970197677612,0.0,0.0,0.002066,0.000201,0.9999992847442627,nan,1000000
42099,0.0001735091209411621,0.9989312887191772,0.002455,0.002455,0.0,0.001908,0.000191,0.9999946355819702,0.0,0.0,0.002066,0.000201,0.9999992847442627,nan,1000000
42199,0.00042825937271118164,0.9999515414237976,0.0026230000000000003,0.002129,0.0,0.001991,0.000196,0.9999978542327881,0.0,0.0,0.002066,0.000201,0.9999992847442627,nan,1000000
42299,-0.00023928284645080566,0.9976425170898438,0.002464,0.002464,0.0,0.00166,0.000179,0.9999884366989136,0.0,0.0,0.002066,0.000201,0.9999992847442627,nan,1000000
42399,0.0006527602672576904,1.000129222869873,0.002966000000000024,0.002744,0.0,0.001811,0.000194,0.9999908208847046,0.0,0.0,0.002066,0.000201,0.9999992847442627,nan,1000000
42499,0.00012546777725219727,0.9978703260421753,0.002624,0.002624,0.0,0.0019,0.000179,0.9999934434890747,0.0,0.0,0.002066,0.000201,0.9999992847442627,nan,1000000
42599,0.0009832680225372314,1.000793695449829,0.003101,0.003101,0.0,0.00194,0.000171,0.9999926090240479,0.0,0.0,0.002066,0.000201,0.9999992847442627,nan,1000000
42699,0.000697016716003418,1.000278115272522,0.003084,0.003084,0.0,0.002009,0.000188,0.9999904632568359,0.0,0.0,0.002066,0.000201,0.9999992847442627,nan,1000000
42799,0.0009025633335113525,0.9998430609703064,0.0026980000000000003,0.002698,0.0,0.001968,0.000192,0.9999949932098389,0.0,0.0,0.002066,0.000201,0.9999992847442627,nan,1000000
42899,-0.00020304322242736816,0.998234748840332,0.0030659999999999997,0.003065,0.0,0.001922,0.000199,0.9999994039535522,0.0,0.0,0.002066,0.000201,0.9999992847442627,nan,1000000
42999,0.0006884634494781494,0.9988174438476562,0.002738,0.002738,0.0,0.001863,0.000188,0.9999947547912598,0.0,0.0,0.002066,0.000201,0.9999992847442627,nan,1000000
43099,0.00024199485778808594,0.9985659122467041,0.003038,0.003037,0.0,0.001712,0.000198,0.9999970197677612,0.0,0.0,0.002066,0.000201,0.9999992847442627,nan,1000000
43199,6.264448165893555e-05,0.9994043111801147,0.003065,0.003065,0.0,0.002115,0.000223,0.9999966621398926,0.0,0.0,0.002066,0.000201,0.9999992847442627,nan,1000000
43299,0.0003100931644439697,0.9992405772209167,0.003372,0.003371,0.0,0.002222,0.000213,0.9999974370002747,0.0,0.0,0.002066,0.000201,0.9999992847442627,nan,1000000
43399,0.0004856288433074951,0.9999067783355713,0.003208,0.003208,0.0,0.002022,0.000215,0.9999972581863403,0.0,0.0,0.002066,0.000201,0.9999992847442627,nan,1000000
43499,0.0017279386520385742,1.0022565126419067,0.003821999999999992,0.002705,0.0,0.001949,0.000201,0.9999957084655762,0.0,0.0,0.002066,0.000201,0.9999992847442627,nan,1000000
43599,0.00046706199645996094,1.0003024339675903,0.00279,0.00279,0.0,0.001889,0.000206,0.9999908208847046,0.0,0.0,0.002066,0.000201,0.9999992847442627,nan,1000000
43699,9.149312973022461e-06,0.9982435703277588,0.003071,0.003071,0.0,0.001947,0.00021,0.999992311000824,0.0,0.0,0.002066,0.000201,0.9999992847442627,nan,1000000
43799,0.000983119010925293,0.9999830722808838,0.003709999999999998,0.002361,0.0,0.002067,0.000194,0.9999942779541016,0.0,0.0,0.002066,0.000201,0.9999992847442627,nan,1000000
43899,0.0005203783512115479,0.9993762969970703,0.002434,0.002434,0.0,0.0019,0.000211,0.9999947547912598,0.0,0.0,0.002066,0.000201,0.9999992847442627,nan,1000000
43999,3.451108932495117e-05,0.9996432662010193,0.003176,0.003176,0.0,0.001978,0.000221,0.9999933242797852,0.0,0.0,0.002066,0.000201,0.9999992847442627,nan,1000000
44099,-0.0001780986785888672,0.9980621337890625,0.002591,0.002591,0.0,0.001864,0.000202,0.9999974966049194,0.0,0.0,0.002066,0.000201,0.9999992847442627,nan,1000000
44199,-0.00032088160514831543,0.9989768862724304,0.002495,0.002495,0.0,0.002126,0.000236,0.999998927116394,0.0,0.0,0.002066,0.000201,0.9999992847442627,nan,1000000
44299,0.0008073151111602783,1.000797152519226,0.002544,0.002543,0.0,0.002115,0.000243,0.9999983310699463,0.0,0.0,0.002066,0.000201,0.9999992847442627,nan,1000000
44399,0.0005716979503631592,1.0003362894058228,0.002715,0.002715,0.0,0.002026,0.000232,0.9999816417694092,0.0,0.0,0.002066,0.000201,0.9999992847442627,nan,1000000
44499,0.00014895200729370117,0.9987357258796692,0.002657,0.002656,0.0,0.002153,0.000237,0.9999953508377075,0.0,0.0,0.002066,0.000201,0.9999992847442627,nan,1000000
44599,-0.0003871023654937744,0.9988270998001099,0.002755,0.002755,0.0,0.001938,0.000208,0.9999992251396179,0.0,0.0,0.002066,0.000201,0.9999992847442627,nan,1000000
44699,0.00109022855758667,0.9997965693473816,0.0037240000000000016,0.002315,0.0,0.001734,0.000175,0.9999856948852539,0.0,0.0,0.002066,0.000201,0.9999992847442627,nan,1000000
44799,0.0007278621196746826,0.9996291995048523,0.002781,0.002781,0.0,0.001763,0.000184,0.9999866485595703,0.0,0.0,0.002066,0.000201,0.9999992847442627,nan,1000000
44899,0.0004481971263885498,0.9991104602813721,0.002697,0.002697,0.0,0.001752,0.000178,0.9999914169311523,0.0,0.0,0.002066,0.000201,0.9999992847442627,nan,1000000
44999,2.4318695068359375e-05,0.9991590976715088,0.003009,0.003008,0.0,0.001863,0.000187,0.9999991059303284,0.0,0.0,0.002066,0.000201,0.9999992847442627,nan,1000000
45099,0.00028455257415771484,1.0011162757873535,0.003186,0.003186,0.0,0.001792,0.000183,0.9999997615814209,0.0,0.0,0.002066,0.000201,0.9999992847442627,nan,1000000
45199,0.00041663646697998047,0.9995085597038269,0.002416,0.002416,0.0,0.001696,0.000174,0.9999920129776001,0.0,0.0,0.002066,0.000201,0.9999992847442627,nan,1000000
45299,0.0002199411392211914,1.0000165700912476,0.003179,0.003179,0.0,0.001793,0.000186,0.9999803304672241,0.0,0.0,0.002066,0.000201,0.9999992847442627,nan,1000000
45399,-0.0008588731288909912,0.9976360201835632,0.003305,0.003305,0.0,0.001891,0.000199,0.9999881386756897,0.0,0.0,0.002066,0.000201,0.9999992847442627,nan,1000000
45499,0.0009011328220367432,1.000700831413269,0.0026490000000000125,0.002558,0.0,0.001935,0.000199,0.9999923706054688,0.0,0.0,0.002066,0.000201,0.9999992847442627,nan,1000000
45599,0.00011536478996276855,0.9985105991363525,0.002562,0.002561,0.0,0.001801,0.000199,0.9999991059303284,0.0,0.0,0.002066,0.000201,0.9999992847442627,nan,1000000
45699,0.0004013180732727051,0.9988663196563721,0.002774,0.002774,0.0,0.001902,0.000203,0.9999983310699463,0.0,0.0,0.002066,0.000201,0.9999992847442627,nan,1000000
45799,0.0007246732711791992,1.0001965761184692,0.002752,0.002752,0.0,0.001808,0.000199,0.9999927282333374,0.0,0.0,0.002066,0.000201,0.9999992847442627,nan,1000000
45899,0.00029212236404418945,0.9990851879119873,0.002584,0.002584,0.0,0.00164,0.000178,0.9999967813491821,0.0,0.0,0.002066,0.000201,0.9999992847442627,nan,1000000
45999,0.0007808506488800049,1.0005724430084229,0.0028230000000000026,0.002531,0.0,0.001904,0.000199,0.9999969005584717,0.0,0.0,0.002066,0.000201,0.9999992847442627,nan,1000000
46099,0.0005422830581665039,0.9993385672569275,0.0029860000000000025,0.002614,0.0,0.002022,0.000204,0.9999996423721313,0.0,0.0,0.002066,0.000201,0.9999992847442627,nan,1000000
46199,-0.00012996792793273926,0.998884379863739,0.003495,0.003494,0.0,0.001698,0.000188,0.9999988079071045,0.0,0.0,0.002066,0.000201,0.9999992847442627,nan,1000000
46299,0.0006301403045654297,0.999816358089447,0.003041,0.003041,0.0,0.00157,0.000171,0.9999986886978149,0.0,0.0,0.002066,0.000201,0.9999992847442627,nan,1000000
46399,-0.0011770427227020264,0.9969704151153564,0.003387,0.003386,0.0,0.001769,0.000204,0.9999947547912598,0.0,0.0,0.002066,0.000201,0.9999992847442627,nan,1000000
46499,0.0005653500556945801,1.0000238418579102,0.002859,0.002859,0.0,0.001897,0.000208,0.9999997615814209,0.0,0.0,0.002066,0.000201,0.9999992847442627,nan,1000000
46599,0.0003037452697753906,0.999326229095459,0.0028680000000000025,0.002531,0.0,0.001754,0.000192,0.9999945163726807,0.0,0.0,0.002066,0.000201,0.9999992847442627,nan,1000000
46699,0.00032967329025268555,0.9998742341995239,0.002947,0.002947,0.0,0.001781,0.000201,0.9999985694885254,0.0,0.0,0.002066,0.000201,0.9999992847442627,nan,1000000
46799,0.00018462538719177246,1.0006557703018188,0.002978,0.002978,0.0,0.001943,0.0002,0.9999996423721313,0.0,0.0,0.002066,0.000201,0.9999992847442627,nan,1000000
46899,0.000784069299697876,0.9992851614952087,0.003160000000000003,0.002626,0.0,0.001923,0.000212,0.999997615814209,0.0,0.0,0.002066,0.000201,0.9999992847442627,nan,1000000
46999,-0.00018805265426635742,0.9981412887573242,0.002839,0.002837,0.0,0.001947,0.000219,0.9999992847442627,0.0,0.0,0.002066,0.000201,0.9999992847442627,nan,1000000
47099,0.00044673681259155273,1.0005964040756226,0.003538,0.003538,0.0,0.001697,0.00018,0.9999969005584717,0.0,0.0,0.002066,0.000201,0.9999992847442627,nan,1000000
47199,0.0004621148109436035,0.9991392493247986,0.003019,0.003019,0.0,0.00188,0.000203,0.9999886751174927,0.0,0.0,0.002066,0.000201,0.9999992847442627,nan,1000000
47299,0.0006943345069885254,0.9988857507705688,0.0037540000000000004,0.002502,0.0,0.001609,0.000158,0.9999934434890747,0.0,0.0,0.002066,0.000201,0.9999992847442627,nan,1000000
47399,0.0008293688297271729,0.9991930723190308,0.0029340000000000026,0.00276,0.0,0.001881,0.00021,0.9999927282333374,0.0,0.0,0.002066,0.000201,0.9999992847442627,nan,1000000
47499,0.0005778670310974121,0.9988360404968262,0.002816,0.002815,0.0,0.001686,0.000181,0.9999933242797852,0.0,0.0,0.002066,0.000201,0.9999992847442627,nan,1000000
47599,0.000518798828125,0.9991774559020996,0.002931,0.002931,0.0,0.002043,0.000225,0.9999947547912598,0.0,0.0,0.002066,0.000201,0.9999992847442627,nan,1000000
47699,0.0005685091018676758,0.9995476007461548,0.0031389999999999994,0.002822,0.0,0.002002,0.00022,0.9999937415122986,0.0,0.0,0.002066,0.000201,0.9999992847442627,nan,1000000
47799,0.0006757378578186035,1.0007741451263428,0.003133,0.003133,0.0,0.001946,0.000225,0.9999997615814209,0.0,0.0,0.002066,0.000201,0.9999992847442627,nan,1000000
47899,-0.0005414783954620361,0.9979827404022217,0.003209,0.003209,0.0,0.001864,0.00021,0.9999790191650391,0.0,0.0,0.002066,0.000201,0.9999992847442627,nan,1000000
47999,0.0009018778800964355,1.000465750694275,0.00303,0.003029,0.0,0.001922,0.000224,0.9999957084655762,0.0,0.0,0.002066,0.000201,0.9999992847442627,nan,1000000
48099,0.00030878186225891113,0.9991870522499084,0.003329,0.003329,0.0,0.002045,0.000206,0.9999961853027344,0.0,0.0,0.002066,0.000201,0.9999992847442627,nan,1000000
48199,-0.0006862282752990723,0.9976028203964233,0.003781,0.003781,0.0,0.001808,0.000213,0.9999994039535522,0.0,0.0,0.002066,0.000201,0.9999992847442627,nan,1000000
48299,-0.0005781352519989014,0.9995940327644348,0.003324,0.003324,0.0,0.001778,0.000207,0.9999995827674866,0.0,0.0,0.002066,0.000201,0.9999992847442627,nan,1000000
48399,4.029273986816406e-05,0.9986634850502014,0.002756,0.002756,0.0,0.00186,0.000195,0.9999890327453613,0.0,0.0,0.002066,0.000201,0.9999992847442627,nan,1000000
48499,-0.00042951107025146484,1.0001065731048584,0.003429,0.003428,0.0,0.00209,0.000208,0.9999978542327881,0.0,0.0,0.002066,0.000201,0.9999992847442627,nan,1000000
48599,-0.00013655424118041992,0.9999688863754272,0.003254,0.003254,0.0,0.002059,0.000227,0.9999931454658508,0.0,0.0,0.002066,0.000201,0.9999992847442627,nan,1000000
48699,0.0001856982707977295,0.9998450875282288,0.002883,0.002883,0.0,0.002171,0.000242,0.9999954700469971,0.0,0.0,0.002066,0.000201,0.9999992847442627,nan,1000000
48799,0.0006377100944519043,0.9999830722808838,0.002715,0.002715,0.0,0.002002,0.000212,0.999998927116394,0.0,0.0,0.002066,0.000201,0.9999992847442627,nan,1000000
48899,0.0002506077289581299,0.9996365308761597,0.002748,0.002748,0.0,0.001866,0.000212,0.9999890327453613,0.0,0.0,0.002066,0.000201,0.9999992847442627,nan,1000000
48999,-0.0002536475658416748,0.9996708631515503,0.003235,0.003235,0.0,0.001956,0.000219,0.9999971389770508,0.0,0.0,0.002066,0.000201,0.9999992847442627,nan,1000000
49099,0.0006642043590545654,0.9993542432785034,0.002748,0.002747,0.0,0.001698,0.000195,0.9999998807907104,0.0,0.0,0.002066,0.000201,0.9999992847442627,nan,1000000
49199,0.00045293569564819336,0.9988008737564087,0.003046,0.003046,0.0,0.001709,0.000193,0.9999798536300659,0.0,0.0,0.002066,0.000201,0.9999992847442627,nan,1000000
49299,0.00015652179718017578,0.9999502897262573,0.0034990000000000004,0.003498,0.0,0.001968,0.000224,0.9999990463256836,0.0,0.0,0.002066,0.000201,0.9999992847442627,nan,1000000
49399,1.7911195755004883e-05,0.9989995956420898,0.003342,0.003342,0.0,0.001714,0.000188,0.9999969005584717,0.0,0.0,0.002066,0.000201,0.9999992847442627,nan,1000000
49499,-0.0002409815788269043,0.998399019241333,0.00351,0.00351,0.0,0.001802,0.000209,0.9999918937683105,0.0,0.0,0.002066,0.000201,0.9999992847442627,nan,1000000
49599,6.93202018737793e-05,1.0002549886703491,0.003347,0.003347,0.0,0.00205,0.000237,0.9999974966049194,0.0,0.0,0.002066,0.000201,0.9999992847442627,nan,1000000
49699,0.00021338462829589844,0.9985819458961487,0.002787,0.002786,0.0,0.00187,0.000238,0.9999943971633911,0.0,0.0,0.002066,0.000201,0.9999992847442627,nan,1000000
49799,0.00039577484130859375,1.0013080835342407,0.003331,0.003331,1e-06,0.002109,0.000235,1.0,0.0,0.0,0.002066,0.000201,0.9999992847442627,nan,1000000
49899,-0.0002592802047729492,0.9985548257827759,0.002887,0.002887,0.0,0.001729,0.000189,0.9999779462814331,0.0,0.0,0.002066,0.000201,0.9999992847442627,nan,1000000
49999,0.0002880692481994629,0.9993559718132019,0.002819,0.002819,0.0,0.001954,0.000235,0.9999918341636658,0.0,0.0,0.002066,0.000201,0.9999992847442627,nan,1000000
50099,0.0004215240478515625,0.9994536638259888,0.002796,0.002674,0.0,0.001685,0.000191,0.9999954700469971,0.0,0.0,0.002066,0.000201,0.9999992847442627,nan,1000000
50199,0.0005933046340942383,1.0003838539123535,0.003184,0.003184,0.0,0.001835,0.000208,0.9999976754188538,0.0,0.0,0.002066,0.000201,0.9999992847442627,nan,1000000
50299,0.0006025433540344238,1.0012353658676147,0.00311,0.00311,0.0,0.001822,0.000207,0.9999818205833435,0.0,0.0,0.002066,0.000201,0.9999992847442627,nan,1000000
50399,-0.00011792778968811035,0.9987301230430603,0.003024,0.003024,0.0,0.001867,0.000207,0.9999933242797852,0.0,0.0,0.002066,0.000201,0.9999992847442627,nan,1000000
50499,6.046891212463379e-05,0.9992428421974182,0.00296,0.00296,0.0,0.00204,0.000243,0.9999923706054688,0.0,0.0,0.002066,0.000201,0.9999992847442627,nan,1000000
50599,-0.00012448430061340332,0.9978824257850647,0.002844,0.002844,0.0,0.001996,0.000248,0.9999971389770508,0.0,0.0,0.002066,0.000201,0.9999992847442627,nan,1000000
50699,0.0002282559871673584,0.9995761513710022,0.003125,0.003125,0.0,0.001876,0.000225,0.999995231628418,0.0,0.0,0.002066,0.000201,0.9999992847442627,nan,1000000
50799,-0.00010645389556884766,0.9978662729263306,0.002834,0.002834,0.0,0.001952,0.000231,0.9999973773956299,0.0,0.0,0.002066,0.000201,0.9999992847442627,nan,1000000
50899,0.000639498233795166,1.0001496076583862,0.003082,0.003082,0.0,0.001941,0.000229,0.9999939799308777,0.0,0.0,0.002066,0.000201,0.9999992847442627,nan,1000000
50999,0.0006066858768463135,0.9996423721313477,0.0035460000000000005,0.002537,0.0,0.002118,0.000226,0.9999979734420776,0.0,0.0,0.002066,0.000201,0.9999992847442627,nan,1000000
51099,-0.00030344724655151367,0.9980827569961548,0.003203,0.003202,0.0,0.002091,0.000232,0.9999873042106628,0.0,0.0,0.002066,0.000201,0.9999992847442627,nan,1000000
51199,7.519125938415527e-05,0.9995020627975464,0.00339,0.00339,0.0,0.001934,0.000191,0.9999954700469971,0.0,0.0,0.002066,0.000201,0.9999992847442627,nan,1000000
51299,-5.742907524108887e-05,0.9989964365959167,0.003059,0.003059,0.0,0.002209,0.000229,0.9999873638153076,0.0,0.0,0.002066,0.000201,0.9999992847442627,nan,1000000
51399,0.0010581612586975098,1.0005972385406494,0.002738000000000001,0.002711,0.0,0.002022,0.000216,0.9999904632568359,0.0,0.0,0.002066,0.000201,0.9999992847442627,nan,1000000
51499,0.0002950429916381836,1.0002975463867188,0.003889,0.003889,0.0,0.00183,0.000213,0.999991774559021,0.0,0.0,0.002066,0.000201,0.9999992847442627,nan,1000000
51599,0.0001297295093536377,0.9988168478012085,0.00349,0.003489,0.0,0.001951,0.000216,0.9999867677688599,0.0,0.0,0.002066,0.000201,0.9999992847442627,nan,1000000
51699,-0.0007916092872619629,0.9988142848014832,0.003846,0.003846,0.0,0.001919,0.000207,0.999990701675415,0.0,0.0,0.002066,0.000201,0.9999992847442627,nan,1000000
51799,0.0008891820907592773,1.0014325380325317,0.003321,0.003321,0.0,0.002198,0.000218,0.9999993443489075,0.0,0.0,0.002066,0.000201,0.9999992847442627,nan,1000000
51899,0.00022989511489868164,0.9994847774505615,0.003236,0.003236,0.0,0.002243,0.000223,0.9999973773956299,0.0,0.0,0.002066,0.000201,0.9999992847442627,nan,1000000
51999,-0.00012084841728210449,0.9979364275932312,0.003053,0.003052,0.0,0.001939,0.0002,0.9999992251396179,0.0,0.0,0.002066,0.000201,0.9999992847442627,nan,1000000
52099,-8.502602577209473e-05,0.9979282021522522,0.00309,0.00309,0.0,0.001831,0.000191,0.9999990463256836,0.0,0.0,0.002066,0.000201,0.9999992847442627,nan,1000000
52199,0.0004464089870452881,0.9988937973976135,0.003102,0.003102,0.0,0.002053,0.000192,0.9999823570251465,0.0,0.0,0.002066,0.000201,0.9999992847442627,nan,1000000
52299,0.00012996792793273926,1.0005168914794922,0.002958,0.002957,0.0,0.002198,0.000214,0.9999975562095642,0.0,0.0,0.002066,0.000201,0.9999992847442627,nan,1000000
52399,0.0003197193145751953,0.9986544847488403,0.0030050000000000007,0.002374,0.0,0.002008,0.000203,0.999994158744812,0.0,0.0,0.002066,0.000201,0.9999992847442627,nan,1000000
52499,0.0002168416976928711,0.9998478889465332,0.002673,0.002672,0.0,0.002031,0.000186,0.9999994039535522,0.0,0.0,0.002066,0.000201,0.9999992847442627,nan,1000000
52599,2.294778823852539e-05,0.9994091391563416,0.00283,0.002828,0.0,0.002166,0.000228,0.999996542930603,0.0,0.0,0.002066,0.000201,0.9999992847442627,nan,1000000
52699,-0.00014987587928771973,0.9987265467643738,0.002968,0.002968,0.0,0.001934,0.000192,0.9999972581863403,0.0,0.0,0.002066,0.000201,0.9999992847442627,nan,1000000
52799,0.00023260712623596191,0.9995713233947754,0.00328,0.00328,0.0,0.001928,0.0002,0.9999977350234985,0.0,0.0,0.002066,0.000201,0.9999992847442627,nan,1000000
52899,-8.970499038696289e-05,0.9997197985649109,0.003447,0.003447,0.0,0.002038,0.000222,0.9999984502792358,0.0,0.0,0.002066,0.000201,0.9999992847442627,nan,1000000
52999,0.000946730375289917,1.000165343284607,0.002927,0.002927,0.0,0.001641,0.000195,0.9999979734420776,0.0,0.0,0.002066,0.000201,0.9999992847442627,nan,1000000
53099,0.0005009770393371582,1.0004230737686157,0.003101,0.0031,0.0,0.00176,0.000205,0.99998939037323,0.0,0.0,0.002066,0.000201,0.9999992847442627,nan,1000000
53199,-0.00021117925643920898,0.9985592365264893,0.003138,0.003138,0.0,0.001801,0.000202,0.9999940395355225,0.0,0.0,0.002066,0.000201,0.9999992847442627,nan,1000000
53299,4.9680471420288086e-05,0.999618649482727,0.002988,0.002988,0.0,0.001997,0.000221,0.9999816417694092,0.0,0.0,0.002066,0.000201,0.9999992847442627,nan,1000000
53399,0.0007079839706420898,0.9993749260902405,0.003341000000000002,0.002558,0.0,0.001968,0.000209,0.9999947547912598,0.0,0.0,0.002066,0.000201,0.9999992847442627,nan,1000000
53499,0.0006070733070373535,1.0000516176223755,0.003529000000000001,0.002502,0.0,0.001808,0.000202,0.9999986886978149,0.0,0.0,0.002066,0.000201,0.9999992847442627,nan,1000000
53599,0.0011513829231262207,0.999988317489624,0.003946999999999999,0.002358,0.0,0.002203,0.000218,0.9999980926513672,0.0,0.0,0.002066,0.000201,0.9999992847442627,nan,1000000
53699,7.170438766479492e-05,1.0002821683883667,0.003249,0.003249,0.0,0.002142,0.000211,0.9999935626983643,0.0,0.0,0.002066,0.000201,0.9999992847442627,nan,1000000
53799,-0.00027307868003845215,0.9984353184700012,0.003413,0.003413,0.0,0.002077,0.0002,0.9999954104423523,0.0,0.0,0.002066,0.000201,0.9999992847442627,nan,1000000
53899,0.0012069940567016602,1.0013132095336914,0.00317,0.00317,0.0,0.002109,0.000225,0.9999979734420776,0.0,0.0,0.002066,0.000201,0.9999992847442627,nan,1000000
53999,0.00042113661766052246,0.9998925924301147,0.002932,0.002932,0.0,0.002001,0.000211,0.9999961853027344,0.0,0.0,0.002066,0.000201,0.9999992847442627,nan,1000000
54099,0.0012143254280090332,0.9987688660621643,0.003711999999999993,0.00269,0.0,0.001974,0.000218,0.999998927116394,0.0,0.0,0.002066,0.000201,0.9999992847442627,nan,1000000
54199,0.00043275952339172363,0.999037504196167,0.002988000000000001,0.002627,0.0,0.002192,0.000246,0.9999978542327881,0.0,0.0,0.002066,0.000201,0.9999992847442627,nan,1000000
54299,6.905198097229004e-05,0.9999091029167175,0.00321,0.00321,0.0,0.002045,0.000232,0.9999898672103882,0.0,0.0,0.002066,0.000201,0.9999992847442627,nan,1000000
54399,2.944469451904297e-05,0.9992786049842834,0.003226,0.003225,0.0,0.00202,0.000216,0.9999985694885254,0.0,0.0,0.002066,0.000201,0.9999992847442627,nan,1000000
54499,0.00041106343269348145,0.9994972348213196,0.003062,0.003062,0.0,0.001947,0.000205,0.9999984502792358,0.0,0.0,0.002066,0.000201,0.9999992847442627,nan,1000000
54599,0.0007638335227966309,0.9996509552001953,0.003085000000000001,0.002815,0.0,0.002172,0.00022,0.9999991655349731,0.0,0.0,0.002066,0.000201,0.9999992847442627,nan,1000000
54699,0.00022235512733459473,0.999986469745636,0.003874,0.003874,0.0,0.001923,0.000211,0.9999948740005493,0.0,0.0,0.002066,0.000201,0.9999992847442627,nan,1000000
54799,-0.0004864335060119629,0.998264491558075,0.00338,0.00338,0.0,0.002003,0.000209,0.9999948143959045,0.0,0.0,0.002066,0.000201,0.9999992847442627,nan,1000000
54899,0.0006187856197357178,0.9990838766098022,0.004310999999999999,0.002499,0.0,0.002101,0.000209,0.9999936819076538,0.0,0.0,0.002066,0.000201,0.9999992847442627,nan,1000000
54999,0.0005271434783935547,1.0005662441253662,0.003092,0.003092,0.0,0.002473,0.000273,0.999998927116394,0.0,0.0,0.002066,0.000201,0.9999992847442627,nan,1000000
55099,0.0001760423183441162,0.9991364479064941,0.003264,0.003263,0.0,0.002357,0.000275,0.999995231628418,0.0,0.0,0.002066,0.000201,0.9999992847442627,nan,1000000
55199,0.0004356801509857178,0.9982618689537048,0.0035610000000000017,0.002834,0.0,0.002299,0.000257,0.9999951124191284,0.0,0.0,0.002066,0.000201,0.9999992847442627,nan,1000000
55299,0.0010837912559509277,0.999671220779419,0.003185,0.003185,0.0,0.002275,0.000257,0.9999980926513672,0.0,0.0,0.002066,0.000201,0.9999992847442627,nan,1000000
55399,-0.00025856494903564453,0.9987559914588928,0.003293,0.003293,0.0,0.002271,0.000237,0.9999943971633911,0.0,0.0,0.002066,0.000201,0.9999992847442627,nan,1000000
55499,0.0008348524570465088,1.000403642654419,0.003464,0.003464,0.0,0.002271,0.000236,0.999998927116394,0.0,0.0,0.002066,0.000201,0.9999992847442627,nan,1000000
55599,0.0006461441516876221,0.999211847782135,0.003162,0.003162,0.0,0.001983,0.000222,0.9999985694885254,0.0,0.0,0.002066,0.000201,0.9999992847442627,nan,1000000
55699,0.00010326504707336426,0.9997721314430237,0.003163,0.003163,0.0,0.002398,0.00027,0.9999978542327881,0.0,0.0,0.002066,0.000201,0.9999992847442627,nan,1000000
55799,0.0003981292247772217,0.9987513422966003,0.00307,0.002565,0.0,0.002099,0.00022,0.9999980926513672,0.0,0.0,0.002066,0.000201,0.9999992847442627,nan,1000000
55899,0.0002536773681640625,0.9990370869636536,0.002954,0.002954,0.0,0.00192,0.000211,0.9999910593032837,0.0,0.0,0.002066,0.000201,0.9999992847442627,nan,1000000
55999,0.0005463957786560059,0.9994543194770813,0.002728,0.002728,0.0,0.002088,0.000224,0.999992311000824,0.0,0.0,0.002066,0.000201,0.9999992847442627,nan,1000000
56099,0.00035440921783447266,0.9999253153800964,0.002734,0.002734,0.0,0.002207,0.000248,0.9999948740005493,0.0,0.0,0.002066,0.000201,0.9999992847442627,nan,1000000
56199,0.00044038891792297363,1.0000498294830322,0.0027760000000000007,0.002572,0.0,0.001977,0.000208,0.9999891519546509,0.0,0.0,0.002066,0.000201,0.9999992847442627,nan,1000000
56299,7.179379463195801e-05,0.9982569217681885,0.002704,0.002704,0.0,0.001974,0.000215,0.9999856948852539,0.0,0.0,0.002066,0.000201,0.9999992847442627,nan,1000000
56399,0.0004899501800537109,1.0001072883605957,0.002968,0.002518,0.0,0.002085,0.000226,0.9999997615814209,0.0,0.0,0.002066,0.000201,0.9999992847442627,nan,1000000
56499,0.0003878772258758545,0.9997060298919678,0.002825,0.002825,0.0,0.002007,0.000218,0.9999960064888,0.0,0.0,0.002066,0.000201,0.9999992847442627,nan,1000000
56599,-0.0001799166202545166,0.9982436895370483,0.0027340000000000003,0.002584,0.0,0.001947,0.000216,0.9999984502792358,0.0,0.0,0.002066,0.000201,0.9999992847442627,nan,1000000
56699,-6.73830509185791e-05,0.9989838004112244,0.003221,0.003221,0.0,0.002073,0.000235,0.9999984502792358,0.0,0.0,0.002066,0.000201,0.9999992847442627,nan,1000000
56799,8.085370063781738e-05,0.9989540576934814,0.003068,0.003068,0.0,0.001934,0.00022,0.9999899864196777,0.0,0.0,0.002066,0.000201,0.9999992847442627,nan,1000000
56899,0.00022348761558532715,1.000111699104309,0.002655,0.002655,0.0,0.00215,0.000241,0.9999997615814209,0.0,0.0,0.002066,0.000201,0.9999992847442627,nan,1000000
56999,-0.00010821223258972168,0.9988856911659241,0.003115,0.003115,0.0,0.002218,0.00026,0.9999995231628418,0.0,0.0,0.002066,0.000201,0.9999992847442627,nan,1000000
57099,0.00026279687881469727,1.0004522800445557,0.003165,0.003165,0.0,0.002031,0.000228,0.9999971389770508,0.0,0.0,0.002066,0.000201,0.9999992847442627,nan,1000000
57199,0.00028452277183532715,0.9988136887550354,0.002668,0.002668,0.0,0.001931,0.00021,0.9999940395355225,0.0,0.0,0.002066,0.000201,0.9999992847442627,nan,1000000
57299,0.00046956539154052734,0.9991088509559631,0.002681,0.002681,0.0,0.001598,0.000162,0.999991774559021,0.0,0.0,0.002066,0.000201,0.9999992847442627,nan,1000000
57399,0.0006467103958129883,0.9993101954460144,0.002771,0.00277,0.0,0.001939,0.000205,0.9999982714653015,0.0,0.0,0.002066,0.000201,0.9999992847442627,nan,1000000
57499,-6.943941116333008e-06,0.9987252950668335,0.002868,0.002868,0.0,0.001899,0.000209,0.9999804496765137,0.0,0.0,0.002066,0.000201,0.9999992847442627,nan,1000000
57599,-0.00021827220916748047,0.998651921749115,0.003114,0.003113,0.0,0.001965,0.000215,0.9999771118164062,0.0,0.0,0.002066,0.000201,0.9999992847442627,nan,1000000
57699,0.0007966160774230957,0.9995375275611877,0.0030840000000000034,0.002655,0.0,0.002127,0.000241,0.9999966621398926,0.0,0.0,0.002066,0.000201,0.9999992847442627,nan,1000000
57799,0.00038507580757141113,0.9987011551856995,0.002943000000000001,0.002709,0.0,0.002108,0.000241,0.9999992847442627,0.0,0.0,0.002066,0.000201,0.9999992847442627,nan,1000000
57899,0.0002802610397338867,0.9978325366973877,0.0029089999999999984,0.0027,0.0,0.001987,0.000228,0.9999891519546509,0.0,0.0,0.002066,0.000201,0.9999992847442627,nan,1000000
57999,0.00045421719551086426,1.0001007318496704,0.002721000000000001,0.002575,0.0,0.002115,0.000238,0.9999971389770508,0.0,0.0,0.002066,0.000201,0.9999992847442627,nan,1000000
58099,-0.0002658069133758545,0.9981781244277954,0.002675,0.002675,0.0,0.002324,0.000249,0.9999940395355225,0.0,0.0,0.002066,0.000201,0.9999992847442627,nan,1000000
58199,0.0011094212532043457,0.9998063445091248,0.003060000000000007,0.002574,0.0,0.00214,0.000235,0.9999960660934448,0.0,0.0,0.002066,0.000201,0.9999992847442627,nan,1000000
58299,0.00037357211112976074,0.9992631673812866,0.002746,0.002745,0.0,0.002274,0.000256,0.9999974370002747,0.0,0.0,0.002066,0.000201,0.9999992847442627,nan,1000000
58399,-0.0003973841667175293,0.9983875751495361,0.003151000000000001,0.002543,0.0,0.002285,0.000255,0.9999971389770508,0.0,0.0,0.002066,0.000201,0.9999992847442627,nan,1000000
58499,-0.0005238652229309082,0.998100757598877,0.003009,0.003008,0.0,0.00231,0.00026,0.9999967813491821,0.0,0.0,0.002066,0.000201,0.9999992847442627,nan,1000000
58599,0.000724494457244873,0.9997707009315491,0.002802,0.002802,0.0,0.002173,0.000259,0.9999970197677612,0.0,0.0,0.002066,0.000201,0.9999992847442627,nan,1000000
58699,-0.00031873583793640137,0.9982922673225403,0.003148,0.003148,0.0,0.002126,0.000248,0.9999944567680359,0.0,0.0,0.002066,0.000201,0.9999992847442627,nan,1000000
58799,7.94827938079834e-05,0.9991526007652283,0.003008,0.003008,0.0,0.002007,0.000226,0.9999963045120239,0.0,0.0,0.002066,0.000201,0.9999992847442627,nan,1000000
58899,0.0007482171058654785,1.0004311800003052,0.002672,0.002672,0.0,0.00215,0.000251,0.999998152256012,0.0,0.0,0.002066,0.000201,0.9999992847442627,nan,1000000
58999,-0.0006150901317596436,0.9984204769134521,0.002837,0.002836,0.0,0.002006,0.000229,0.999991774559021,0.0,0.0,0.002066,0.000201,0.9999992847442627,nan,1000000
59099,0.00047019124031066895,0.9987770318984985,0.0024980000000000002,0.002467,0.0,0.002172,0.000234,0.9999973177909851,0.0,0.0,0.002066,0.000201,0.9999992847442627,nan,1000000
59199,-0.00013947486877441406,0.9982234835624695,0.00258,0.00258,0.0,0.001956,0.00022,0.9999964237213135,0.0,0.0,0.002066,0.000201,0.9999992847442627,nan,1000000
59299,0.0007971823215484619,1.000413417816162,0.002685,0.002685,0.0,0.002355,0.000275,0.9999921917915344,0.0,0.0,0.002066,0.000201,0.9999992847442627,nan,1000000
59399,0.0004051029682159424,0.9999001026153564,0.002635,0.002635,0.0,0.002164,0.000256,0.9999988079071045,0.0,0.0,0.002066,0.000201,0.9999992847442627,nan,1000000
59499,0.0002415478229522705,0.9992135763168335,0.002772,0.002772,0.0,0.002188,0.000264,0.9999985694885254,0.0,0.0,0.002066,0.000201,0.9999992847442627,nan,1000000
59599,-2.86102294921875e-06,0.9993175268173218,0.002508,0.002508,0.0,0.002239,0.000261,0.9999974966049194,0.0,0.0,0.002066,0.000201,0.9999992847442627,nan,1000000
59699,0.0002873837947845459,0.9999889135360718,0.00254,0.00254,0.0,0.002096,0.000247,0.9999947547912598,0.0,0.0,0.002066,0.000201,0.9999992847442627,nan,1000000
59799,-0.00045043230056762695,0.9982835054397583,0.002683,0.002683,0.0,0.001908,0.000216,0.9999972581863403,0.0,0.0,0.002066,0.000201,0.9999992847442627,nan,1000000
59899,0.000402599573135376,0.9987050294876099,0.0026680000000000002,0.00222,0.0,0.002034,0.000219,0.9999990463256836,0.0,0.0,0.002066,0.000201,0.9999992847442627,nan,1000000
59999,0.0004051327705383301,0.9990781545639038,0.002529,0.002529,0.0,0.002183,0.000233,0.9999984502792358,0.0,0.0,0.002066,0.000201,0.9999992847442627,nan,1000000
60099,-3.3915042877197266e-05,1.000523567199707,0.002682,0.002682,0.0,0.002044,0.000218,0.9999966621398926,0.0,0.0,0.002066,0.000201,0.9999992847442627,nan,1000000
60199,-0.0001284480094909668,0.9998610615730286,0.00247,0.00247,0.0,0.002392,0.000277,0.9999908208847046,0.0,0.0,0.002066,0.000201,0.9999992847442627,nan,1000000
60299,-4.4345855712890625e-05,0.9980095624923706,0.002459,0.002459,0.0,0.00202,0.000221,0.999997615814209,0.0,0.0,0.002066,0.000201,0.9999992847442627,nan,1000000
60399,-0.00037223100662231445,0.9977765679359436,0.002685,0.002685,0.0,0.002019,0.000206,0.9999995231628418,0.0,0.0,0.002066,0.000201,0.9999992847442627,nan,1000000
60499,-9.763240814208984e-05,0.9990800619125366,0.00255,0.00255,0.0,0.002213,0.000248,0.999997615814209,0.0,0.0,0.002066,0.000201,0.9999992847442627,nan,1000000
60599,-0.0003324747085571289,0.9968951344490051,0.00237,0.00237,0.0,0.002039,0.000223,0.9999998807907104,0.0,0.0,0.002066,0.000201,0.9999992847442627,nan,1000000
60699,0.0006791055202484131,0.9992023706436157,0.004110000000000001,0.002154,0.0,0.002507,0.000275,0.9999974966049194,0.0,0.0,0.002066,0.000201,0.9999992847442627,nan,1000000
60799,0.0003902614116668701,0.9985871911048889,0.002730999999999999,0.002193,0.0,0.002389,0.000262,0.9999970197677612,0.0,0.0,0.002066,0.000201,0.9999992847442627,nan,1000000
60899,0.0013012886047363281,1.0002238750457764,0.004027000000000001,0.002027,0.0,0.002412,0.000269,0.9999932050704956,0.0,0.0,0.002066,0.000201,0.9999992847442627,nan,1000000
60999,0.00019425153732299805,0.9994500875473022,0.002293,0.002293,0.0,0.002273,0.000254,0.9999987483024597,0.0,0.0,0.002066,0.000201,0.9999992847442627,nan,1000000
61099,-0.00018259882926940918,0.998630166053772,0.002344,0.002344,1e-06,0.002165,0.000248,1.0,0.0,0.0,0.002066,0.000201,0.9999992847442627,nan,1000000
61199,-0.00048553943634033203,0.9995480179786682,0.002444,0.002444,0.0,0.002114,0.000221,0.9999969005584717,0.0,0.0,0.002066,0.000201,0.9999992847442627,nan,1000000
61299,1.2636184692382812e-05,0.9991765022277832,0.0024069999999999994,0.002187,0.0,0.002133,0.000228,0.9999997615814209,0.0,0.0,0.002066,0.000201,0.9999992847442627,nan,1000000
61399,0.000308990478515625,0.9979572892189026,0.002188,0.002188,0.0,0.002302,0.000246,0.9999963045120239,0.0,0.0,0.002066,0.000201,0.9999992847442627,nan,1000000
61499,0.0007802844047546387,0.9993904829025269,0.0025089999999999835,0.002331,0.0,0.002083,0.000211,0.999998927116394,0.0,0.0,0.002066,0.000201,0.9999992847442627,nan,1000000
61599,0.00021982192993164062,0.9981440305709839,0.002343,0.002343,0.0,0.00233,0.000268,0.9999994039535522,0.0,0.0,0.002066,0.000201,0.9999992847442627,nan,1000000
61699,-0.00048425793647766113,0.9992912411689758,0.003456,0.003456,0.0,0.002148,0.000206,0.9999983310699463,0.0,0.0,0.002066,0.000201,0.9999992847442627,nan,1000000
61799,0.0005225241184234619,1.0002057552337646,0.002158,0.002158,0.0,0.002503,0.000302,0.9999983310699463,0.0,0.0,0.002066,0.000201,0.9999992847442627,nan,1000000
61899,0.0006947219371795654,1.001010537147522,0.0025179999999999994,0.002135,0.0,0.002193,0.00023,0.9999977946281433,0.0,0.0,0.002066,0.000201,0.9999992847442627,nan,1000000
61999,4.884600639343262e-05,0.9997245669364929,0.002422,0.002422,0.0,0.002452,0.000263,0.9999873638153076,0.0,0.0,0.002066,0.000201,0.9999992847442627,nan,1000000
62099,-0.0004697740077972412,0.9983021020889282,0.002243,0.002243,0.0,0.002318,0.000259,0.999994695186615,0.0,0.0,0.002066,0.000201,0.9999992847442627,nan,1000000
62199,0.00027889013290405273,1.0000361204147339,0.002826,0.002826,0.0,0.002337,0.000266,0.9999990463256836,0.0,0.0,0.002066,0.000201,0.9999992847442627,nan,1000000
62299,0.0007349550724029541,0.9985465407371521,0.0024990000000000012,0.00217,0.0,0.001994,0.000194,0.999995231628418,0.0,0.0,0.002066,0.000201,0.9999992847442627,nan,1000000
62399,9.644031524658203e-05,0.9990024566650391,0.002583,0.002581,0.0,0.002155,0.000231,0.9999995231628418,0.0,0.0,0.002066,0.000201,0.9999992847442627,nan,1000000
62499,-7.361173629760742e-06,0.9994916319847107,0.002668,0.002668,0.0,0.002296,0.000257,0.9999923706054688,0.0,0.0,0.002066,0.000201,0.9999992847442627,nan,1000000
62599,0.0005556941032409668,1.0004560947418213,0.0025210000000000007,0.00229,0.0,0.002216,0.000252,0.9999996423721313,0.0,0.0,0.002066,0.000201,0.9999992847442627,nan,1000000
62699,0.00010821223258972168,0.9994544982910156,0.002341,0.002341,0.0,0.002489,0.000281,0.9999911189079285,0.0,0.0,0.002066,0.000201,0.9999992847442627,nan,1000000
62799,0.0003158748149871826,0.9997769594192505,0.002692,0.002241,0.0,0.001701,0.000188,0.9999966025352478,0.0,0.0,0.002066,0.000201,0.9999992847442627,nan,1000000
62899,-0.0005682706832885742,0.9978334903717041,0.0023530000000000495,0.002284,0.0,0.001556,0.000183,0.9999980926513672,0.0,0.0,0.002066,0.000201,0.9999992847442627,nan,1000000
62999,-0.0003579258918762207,0.9969599843025208,0.0030620000000000005,0.002311,0.0,0.002047,0.000209,0.9999963045120239,0.0,0.0,0.002066,0.000201,0.9999992847442627,nan,1000000
63099,0.0004754066467285156,0.9987009167671204,0.002790999999999988,0.002262,0.0,0.002067,0.00022,0.9999961853027344,0.0,0.0,0.002066,0.000201,0.9999992847442627,nan,1000000
63199,3.7997961044311523e-05,0.9974550604820251,0.0024390000000000245,0.002077,0.0,0.002103,0.000232,0.999988317489624,0.0,0.0,0.002066,0.000201,0.9999992847442627,nan,1000000
63299,5.793571472167969e-05,0.998657763004303,0.002345,0.002345,0.0,0.001873,0.000229,0.9999998211860657,0.0,0.0,0.002066,0.000201,0.9999992847442627,nan,1000000
63399,0.0003848075866699219,0.9989926815032959,0.0023299999999999987,0.002023,0.0,0.001867,0.000224,0.999997615814209,0.0,0.0,0.002066,0.000201,0.9999992847442627,nan,1000000
63499,0.0005945265293121338,0.9993219375610352,0.0028579999999999994,0.001963,0.0,0.001741,0.000203,0.9999938011169434,0.0,0.0,0.002066,0.000201,0.9999992847442627,nan,1000000
63599,0.0005300939083099365,0.9999639987945557,0.0034729999999999987,0.001841,0.0,0.001664,0.00018,0.9999947547912598,0.0,0.0,0.002066,0.000201,0.9999992847442627,nan,1000000
63699,0.0008074045181274414,1.0007201433181763,0.002658999999999967,0.002603,0.0,0.002144,0.000241,0.9999895095825195,0.0,0.0,0.002066,0.000201,0.9999992847442627,nan,1000000
63799,0.000356823205947876,1.0000808238983154,0.002497,0.002497,0.0,0.002075,0.000227,0.9999988079071045,0.0,0.0,0.002066,0.000201,0.9999992847442627,nan,1000000
63899,-0.00040346384048461914,0.9989595413208008,0.002347,0.002347,0.0,0.001868,0.000216,0.999995231628418,0.0,0.0,0.002066,0.000201,0.9999992847442627,nan,1000000
63999,0.0005463957786560059,0.9991722702980042,0.002276,0.002276,0.0,0.002068,0.000232,0.9999978542327881,0.0,0.0,0.002066,0.000201,0.9999992847442627,nan,1000000
64099,0.0004909932613372803,0.9983072876930237,0.003583000000000003,0.001972,0.0,0.002077,0.000252,0.9999984502792358,0.0,0.0,0.002066,0.000201,0.9999992847442627,nan,1000000
64199,0.0001347959041595459,0.9998226165771484,0.002481,0.002481,0.0,0.002126,0.000245,0.9999953508377075,0.0,0.0,0.002066,0.000201,0.9999992847442627,nan,1000000
64299,0.000346451997756958,0.9992897510528564,0.002495,0.002495,0.0,0.002364,0.00029,0.999998927116394,0.0,0.0,0.002066,0.000201,0.9999992847442627,nan,1000000
64399,0.0005303025245666504,1.000741720199585,0.0036609999999999976,0.001772,0.0,0.002092,0.000252,0.9999998807907104,0.0,0.0,0.002066,0.000201,0.9999992847442627,nan,1000000
64499,0.00042325258255004883,0.9996766448020935,0.0026119999999999997,0.002208,0.0,0.002287,0.000266,0.9999998807907104,0.0,0.0,0.002066,0.000201,0.9999992847442627,nan,1000000
64599,0.00030344724655151367,0.998977780342102,0.002163,0.002163,0.0,0.002422,0.000294,0.9999939203262329,0.0,0.0,0.002066,0.000201,0.9999992847442627,nan,1000000
64699,0.0007032454013824463,0.9985017776489258,0.0027379999999999627,0.002183,0.0,0.002445,0.000293,0.9999895095825195,0.0,0.0,0.002066,0.000201,0.9999992847442627,nan,1000000
64799,0.00031557679176330566,1.0001496076583862,0.00231,0.00231,0.0,0.002114,0.00024,0.9999962449073792,0.0,0.0,0.002066,0.000201,0.9999992847442627,nan,1000000
64899,0.001068413257598877,1.0005130767822266,0.003228999999999982,0.00242,0.0,0.002362,0.000271,0.9999979734420776,0.0,0.0,0.002066,0.000201,0.9999992847442627,nan,1000000
64999,0.0006880462169647217,0.9993352293968201,0.0024600000000000177,0.002323,0.0,0.002418,0.000277,0.9999992847442627,0.0,0.0,0.002066,0.000201,0.9999992847442627,nan,1000000
65099,-0.0005286633968353271,0.997321605682373,0.002715,0.002715,0.0,0.002129,0.00025,0.9999991655349731,0.0,0.0,0.002066,0.000201,0.9999992847442627,nan,1000000
65199,-0.00018581748008728027,0.9977477192878723,0.002477,0.002477,0.0,0.00211,0.000237,0.9999982118606567,0.0,0.0,0.002066,0.000201,0.9999992847442627,nan,1000000
65299,0.00042569637298583984,0.999765157699585,0.0029400000000000016,0.002003,0.0,0.002246,0.00026,0.9999947547912598,0.0,0.0,0.002066,0.000201,0.9999992847442627,nan,1000000
65399,0.00042957067489624023,0.9990675449371338,0.002091,0.002091,0.0,0.002453,0.000292,0.9999998807907104,0.0,0.0,0.002066,0.000201,0.9999992847442627,nan,1000000
65499,-0.00021597743034362793,0.9990372061729431,0.00229,0.00229,0.0,0.002495,0.000305,0.9999943971633911,0.0,0.0,0.002066,0.000201,0.9999992847442627,nan,1000000
65599,0.00043451786041259766,0.9988378882408142,0.002261000000000013,0.002038,0.0,0.002109,0.00024,0.9999940395355225,0.0,0.0,0.002066,0.000201,0.9999992847442627,nan,1000000
65699,-0.0007100701332092285,0.9973184466362,0.002275,0.002274,1e-06,0.002358,0.000275,1.0,0.0,0.0,0.002066,0.000201,0.9999992847442627,nan,1000000
65799,-0.0007355809211730957,0.9978916049003601,0.002358,0.002358,0.0,0.002114,0.00024,0.9999998211860657,0.0,0.0,0.002066,0.000201,0.9999992847442627,nan,1000000
65899,-0.0005254745483398438,0.9982044100761414,0.002127,0.002127,0.0,0.002389,0.000263,0.9999998807907104,0.0,0.0,0.002066,0.000201,0.9999992847442627,nan,1000000
65999,-0.00023567676544189453,0.9988380670547485,0.0026710000000000015,0.002122,0.0,0.002309,0.000258,0.9999997615814209,0.0,0.0,0.002066,0.000201,0.9999992847442627,nan,1000000
66099,0.000567317008972168,0.9994804263114929,0.0023190000000000155,0.002059,0.0,0.002552,0.000283,0.9999988079071045,0.0,0.0,0.002066,0.000201,0.9999992847442627,nan,1000000
66199,0.0002885162830352783,0.998447060585022,0.002075,0.002075,0.0,0.002029,0.000236,0.9999985694885254,0.0,0.0,0.002066,0.000201,0.9999992847442627,nan,1000000
66299,0.00020489096641540527,0.9994665384292603,0.002444,0.002444,0.0,0.002129,0.000248,0.9999651908874512,0.0,0.0,0.002066,0.000201,0.9999992847442627,nan,1000000
66399,0.0010937750339508057,1.0004279613494873,0.0028260000000000507,0.002241,0.0,0.002227,0.000262,0.9999978542327881,0.0,0.0,0.002066,0.000201,0.9999992847442627,nan,1000000
66499,9.959936141967773e-05,0.99788898229599,0.002087,0.002086,0.0,0.001927,0.00019,0.999977707862854,0.0,0.0,0.002066,0.000201,0.9999992847442627,nan,1000000
66599,0.0007055997848510742,1.000350832939148,0.002462,0.002462,0.0,0.002299,0.000262,0.9999985694885254,0.0,0.0,0.002066,0.000201,0.9999992847442627,nan,1000000
66699,0.0005911290645599365,1.0001120567321777,0.002135,0.002135,0.0,0.002616,0.000303,0.9999998807907104,0.0,0.0,0.002066,0.000201,0.9999992847442627,nan,1000000
66799,0.0004309117794036865,0.999370276927948,0.002184,0.002184,0.0,0.002298,0.000288,0.9999980926513672,0.0,0.0,0.002066,0.000201,0.9999992847442627,nan,1000000
66899,0.0005490779876708984,0.9997225403785706,0.001894,0.001894,0.0,0.001978,0.000209,0.9999992847442627,0.0,0.0,0.002066,0.000201,0.9999992847442627,nan,1000000
66999,-1.6421079635620117e-05,0.9985999464988708,0.002098,0.002098,0.0,0.002103,0.000241,0.999994158744812,0.0,0.0,0.002066,0.000201,0.9999992847442627,nan,1000000
67099,-0.000232011079788208,0.9981299638748169,0.0019430000000000003,0.001891,0.0,0.002,0.000223,0.9999995231628418,0.0,0.0,0.002066,0.000201,0.9999992847442627,nan,1000000
67199,0.0007637143135070801,0.9983757734298706,0.002827999999999997,0.002018,0.0,0.002052,0.000242,0.9999985694885254,0.0,0.0,0.002066,0.000201,0.9999992847442627,nan,1000000
67299,0.0005330145359039307,0.9978838562965393,0.0026709999999999998,0.00157,0.0,0.001859,0.000189,0.9999899864196777,0.0,0.0,0.002066,0.000201,0.9999992847442627,nan,1000000
67399,-0.00014021992683410645,0.9988372921943665,0.0029639999999999996,0.00157,0.0,0.002034,0.000223,0.9999912977218628,0.0,0.0,0.002066,0.000201,0.9999992847442627,nan,1000000
67499,0.001185595989227295,1.0011889934539795,0.0031550000000000016,0.001292,0.0,0.002126,0.00026,0.999993085861206,0.0,0.0,0.002066,0.000201,0.9999992847442627,nan,1000000
67599,0.001066744327545166,1.0000529289245605,0.003937000000000001,0.001249,0.0,0.00193,0.000227,0.9999985098838806,0.0,0.0,0.002066,0.000201,0.9999992847442627,nan,1000000
67699,0.0006020963191986084,0.9979398846626282,0.004099,0.001242,0.0,0.002018,0.000243,0.9999963045120239,0.0,0.0,0.002066,0.000201,0.9999992847442627,nan,1000000
67799,0.00022622942924499512,0.9998645186424255,0.001586,0.001586,0.0,0.002246,0.000262,0.9999996423721313,0.0,0.0,0.002066,0.000201,0.9999992847442627,nan,1000000
67899,1.0907649993896484e-05,0.9986375570297241,0.00175,0.00175,0.0,0.002269,0.000268,0.9999961853027344,0.0,0.0,0.002066,0.000201,0.9999992847442627,nan,1000000
67999,0.0008069276809692383,0.9999798536300659,0.0026619999999999977,0.001898,0.0,0.001999,0.000224,0.9999970197677612,0.0,0.0,0.002066,0.000201,0.9999992847442627,nan,1000000
68099,1.7881393432617188e-06,0.999673068523407,0.001781,0.001781,0.0,0.002085,0.000236,0.9999997615814209,0.0,0.0,0.002066,0.000201,0.9999992847442627,nan,1000000
68199,-0.0003622770309448242,0.9984601140022278,0.001826,0.001826,0.0,0.002158,0.000256,0.999992847442627,0.0,0.0,0.002066,0.000201,0.9999992847442627,nan,1000000
68299,0.0002937018871307373,0.9985183477401733,0.002404,0.002404,0.0,0.002085,0.00024,0.9999997615814209,0.0,0.0,0.002066,0.000201,0.9999992847442627,nan,1000000
68399,-0.00015494227409362793,0.9986348748207092,0.001978,0.001978,0.0,0.002118,0.00023,0.9999938011169434,0.0,0.0,0.002066,0.000201,0.9999992847442627,nan,1000000
68499,0.0004642903804779053,0.9984405636787415,0.0026289999999999925,0.001942,0.0,0.002173,0.000252,0.9999962449073792,0.0,0.0,0.002066,0.000201,0.9999992847442627,nan,1000000
68599,8.910894393920898e-06,1.0006688833236694,0.001965,0.001965,0.0,0.002095,0.000231,0.9999985694885254,0.0,0.0,0.002066,0.000201,0.9999992847442627,nan,1000000
68699,0.00012812018394470215,0.9992992281913757,0.0017280000000000004,0.001667,0.0,0.002272,0.000251,0.9999986886978149,0.0,0.0,0.002066,0.000201,0.9999992847442627,nan,1000000
68799,0.0005535781383514404,0.9990206956863403,0.0032109999999999986,0.001408,0.0,0.002181,0.000221,0.9999971389770508,0.0,0.0,0.002066,0.000201,0.9999992847442627,nan,1000000
68899,0.0006272196769714355,1.0005615949630737,0.003025,0.003025,0.0,0.002687,0.000274,0.9999960660934448,0.0,0.0,0.002066,0.000201,0.9999992847442627,nan,1000000
68999,0.0002869069576263428,0.9998391270637512,0.003141,0.003141,0.0,0.002526,0.00029,0.9999970197677612,0.0,0.0,0.002066,0.000201,0.9999992847442627,nan,1000000
69099,-0.00024819374084472656,0.9986438751220703,0.003724,0.003724,1e-06,0.002102,0.000253,1.0,0.0,0.0,0.002066,0.000201,0.9999992847442627,nan,1000000
69199,0.000988394021987915,0.9984878897666931,0.002961000000000002,0.001734,0.0,0.001979,0.000217,0.9999939203262329,0.0,0.0,0.002066,0.000201,0.9999992847442627,nan,1000000
69299,-0.00020164251327514648,0.9981959462165833,0.002052,0.002052,0.0,0.002223,0.000263,0.9999949932098389,0.0,0.0,0.002066,0.000201,0.9999992847442627,nan,1000000
69399,0.0007561147212982178,0.9973612427711487,0.002990000000000048,0.002015,0.0,0.002157,0.000263,0.9999853372573853,0.0,0.0,0.002066,0.000201,0.9999992847442627,nan,1000000
69499,0.0014721155166625977,0.9995742440223694,0.0037730000000000263,0.00243,0.0,0.001694,0.000178,0.9999885559082031,0.0,0.0,0.002066,0.000201,0.9999992847442627,nan,1000000
69599,5.1409006118774414e-05,0.9995800256729126,0.00259,0.00259,0.0,0.001728,0.000175,0.999984860420227,0.0,0.0,0.002066,0.000201,0.9999992847442627,nan,1000000
69699,0.0001023411750793457,0.9988216161727905,0.00274,0.00274,0.0,0.002216,0.000268,0.9999983310699463,0.0,0.0,0.002066,0.000201,0.9999992847442627,nan,1000000
69799,-0.0007282495498657227,0.9965925216674805,0.002859,0.002859,0.0,0.002148,0.000258,0.9999954700469971,0.0,0.0,0.002066,0.000201,0.9999992847442627,nan,1000000
69899,0.0006277263164520264,1.0008974075317383,0.002363,0.002363,0.0,0.002091,0.000253,0.9999957084655762,0.0,0.0,0.002066,0.000201,0.9999992847442627,nan,1000000
69999,-0.00016129016876220703,0.9992173910140991,0.002503,0.002503,0.0,0.002148,0.000256,0.9999992847442627,0.0,0.0,0.002066,0.000201,0.9999992847442627,nan,1000000
70099,0.0005228221416473389,0.9996313452720642,0.00225,0.002249,0.0,0.002418,0.000253,0.9999983906745911,0.0,0.0,0.002066,0.000201,0.9999992847442627,nan,1000000
70199,0.000252455472946167,1.000319242477417,0.002411,0.002411,0.0,0.002342,0.00026,0.999997079372406,0.0,0.0,0.002066,0.000201,0.9999992847442627,nan,1000000
70299,0.00030690431594848633,0.9963751435279846,0.002597000000000016,0.001715,0.0,0.002245,0.000262,0.9999990463256836,0.0,0.0,0.002066,0.000201,0.9999992847442627,nan,1000000
70399,-0.00039204955101013184,1.0004115104675293,0.002121,0.002121,0.0,0.002673,0.000298,0.9999973773956299,0.0,0.0,0.002066,0.000201,0.9999992847442627,nan,1000000
70499,0.0005273818969726562,0.9993811845779419,0.001985,0.001985,0.0,0.002487,0.000276,0.9999946355819702,0.0,0.0,0.002066,0.000201,0.9999992847442627,nan,1000000
70599,0.0013432502746582031,1.0013484954833984,0.002892999999999979,0.001836,0.0,0.002461,0.000255,0.9999946355819702,0.0,0.0,0.002066,0.000201,0.9999992847442627,nan,1000000
70699,-1.2516975402832031e-05,0.9987687468528748,0.002163,0.002163,0.0,0.002445,0.000254,0.9999967813491821,0.0,0.0,0.002066,0.000201,0.9999992847442627,nan,1000000
70799,2.339482307434082e-05,0.9976412653923035,0.002444,0.002443,0.0,0.002228,0.000247,0.9999948740005493,0.0,0.0,0.002066,0.000201,0.9999992847442627,nan,1000000
70899,0.00023362040519714355,1.0002039670944214,0.002329,0.002329,0.0,0.00232,0.00027,0.9999948740005493,0.0,0.0,0.002066,0.000201,0.9999992847442627,nan,1000000
70999,0.0005925297737121582,1.0020809173583984,0.00185,0.00185,0.0,0.002364,0.000247,0.999987006187439,0.0,0.0,0.002066,0.000201,0.9999992847442627,nan,1000000
71099,-0.000285416841506958,0.9989244937896729,0.002109,0.002109,0.0,0.002164,0.000235,0.9999973773956299,0.0,0.0,0.002066,0.000201,0.9999992847442627,nan,1000000
71199,0.00014531612396240234,1.0006834268569946,0.0019689999999999985,0.001589,0.0,0.001859,0.000213,0.9999996423721313,0.0,0.0,0.002066,0.000201,0.9999992847442627,nan,1000000
71299,-7.396936416625977e-05,0.9981690645217896,0.0019210000000000008,0.001404,0.0,0.002082,0.000245,0.9999949932098389,0.0,0.0,0.002066,0.000201,0.9999992847442627,nan,1000000
71399,-0.00017380714416503906,1.000637173652649,0.002493,0.002493,0.0,0.002222,0.000252,0.9999978542327881,0.0,0.0,0.002066,0.000201,0.9999992847442627,nan,1000000
71499,0.000795513391494751,1.0005419254302979,0.002257000000000009,0.001775,0.0,0.002436,0.000265,0.9999991655349731,0.0,0.0,0.002066,0.000201,0.9999992847442627,nan,1000000
71599,0.001020878553390503,1.0001330375671387,0.0024250000000000105,0.001829,0.0,0.0025,0.00027,0.9999994039535522,0.0,0.0,0.002066,0.000201,0.9999992847442627,nan,1000000
71699,0.00019431114196777344,0.9995741248130798,0.002142,0.002142,0.0,0.002358,0.000257,0.9999951124191284,0.0,0.0,0.002066,0.000201,0.9999992847442627,nan,1000000
71799,0.0002493858337402344,0.9998385906219482,0.0017730000000000003,0.001658,0.0,0.002444,0.00028,0.9999978542327881,0.0,0.0,0.002066,0.000201,0.9999992847442627,nan,1000000
71899,0.0009475648403167725,1.0005900859832764,0.0023140000000000382,0.001814,0.0,0.00229,0.000252,0.9999971985816956,0.0,0.0,0.002066,0.000201,0.9999992847442627,nan,1000000
71999,0.00013977289199829102,0.9985594749450684,0.001817,0.001817,0.0,0.00121,9.1e-05,0.9999958276748657,0.0,0.0,0.002066,0.000201,0.9999992847442627,nan,1000000
72099,0.0002842545509338379,0.9992404580116272,0.0018980000000000004,0.001502,0.0,0.001134,6.4e-05,0.9999985694885254,0.0,0.0,0.002066,0.000201,0.9999992847442627,nan,1000000
72199,0.00018110871315002441,0.999110758304596,0.001681,0.001681,0.0,0.002098,0.000237,0.9999992251396179,0.0,0.0,0.002066,0.000201,0.9999992847442627,nan,1000000
72299,4.532933235168457e-05,0.9970649480819702,0.002628000000000019,0.001603,0.0,0.001813,0.000211,0.9999958276748657,0.0,0.0,0.002066,0.000201,0.9999992847442627,nan,1000000
72399,0.0012003779411315918,1.000527262687683,0.003495000000000026,0.001222,0.0,0.001919,0.000215,0.9999971389770508,0.0,0.0,0.002066,0.000201,0.9999992847442627,nan,1000000
72499,-5.513429641723633e-06,0.998167097568512,0.001462,0.001462,0.0,0.001228,9e-05,0.9999859929084778,0.0,0.0,0.002066,0.000201,0.9999992847442627,nan,1000000
72599,-0.00033286213874816895,0.9986775517463684,0.00186,0.00186,0.0,0.001441,0.000141,0.9999988079071045,0.0,0.0,0.002066,0.000201,0.9999992847442627,nan,1000000
72699,-0.00020998716354370117,0.9999549984931946,0.002309,0.002309,0.0,0.001565,0.000162,0.9999866485595703,0.0,0.0,0.002066,0.000201,0.9999992847442627,nan,1000000
72799,0.00018301606178283691,0.9999148845672607,0.003268,0.003266,0.0,0.002122,0.000244,0.999994158744812,0.0,0.0,0.002066,0.000201,0.9999992847442627,nan,1000000
72899,0.00019082427024841309,0.9991514682769775,0.002337,0.002337,0.0,0.00184,0.000202,0.999997615814209,0.0,0.0,0.002066,0.000201,0.9999992847442627,nan,1000000
72999,0.0001316666603088379,1.000026822090149,0.002846,0.002845,0.0,0.001958,0.000226,0.9999905824661255,0.0,0.0,0.002066,0.000201,0.9999992847442627,nan,1000000
73099,-0.00028142333030700684,0.9967914819717407,0.002078,0.002078,0.0,0.00215,0.000208,0.9999970197677612,0.0,0.0,0.002066,0.000201,0.9999992847442627,nan,1000000
73199,0.00022467970848083496,0.99993896484375,0.002098,0.002098,0.0,0.002094,0.000225,0.9999903440475464,0.0,0.0,0.002066,0.000201,0.9999992847442627,nan,1000000
73299,0.0004966259002685547,0.9999645352363586,0.002093,0.002093,0.0,0.002135,0.00023,0.9999967217445374,0.0,0.0,0.002066,0.000201,0.9999992847442627,nan,1000000
73399,0.0006771683692932129,0.9995270371437073,0.002242999999999995,0.001235,0.0,0.002097,0.000233,0.9999963045120239,0.0,0.0,0.002066,0.000201,0.9999992847442627,nan,1000000
73499,5.906820297241211e-05,1.0000288486480713,0.002124,0.002124,0.0,0.002318,0.000261,0.9999987483024597,0.0,0.0,0.002066,0.000201,0.9999992847442627,nan,1000000
73599,0.0006316006183624268,1.0011074542999268,0.00212,0.00212,0.0,0.002499,0.000265,0.9999985098838806,0.0,0.0,0.002066,0.000201,0.9999992847442627,nan,1000000
73699,-0.0005790889263153076,0.9980648756027222,0.002819,0.002819,0.0,0.002387,0.000253,0.9999944567680359,0.0,0.0,0.002066,0.000201,0.9999992847442627,nan,1000000
73799,0.0013484954833984375,1.0023114681243896,0.002701999999999982,0.001988,0.0,0.002551,0.000267,0.9999978542327881,0.0,0.0,0.002066,0.000201,0.9999992847442627,nan,1000000
73899,0.0005789697170257568,1.0002877712249756,0.003382,0.003381,0.0,0.002337,0.000265,0.9999991655349731,0.0,0.0,0.002066,0.000201,0.9999992847442627,nan,1000000
73999,0.00045418739318847656,1.0004148483276367,0.002801,0.002801,0.0,0.002347,0.000231,0.9999953508377075,0.0,0.0,0.002066,0.000201,0.9999992847442627,nan,1000000
74099,0.0005132853984832764,1.0009108781814575,0.003086,0.003086,0.0,0.002091,0.000223,0.9999985694885254,0.0,0.0,0.002066,0.000201,0.9999992847442627,nan,1000000
74199,0.0003002285957336426,0.9995192885398865,0.0015450000000000012,0.001449,0.0,0.00187,0.000214,0.9999934434890747,0.0,0.0,0.002066,0.000201,0.9999992847442627,nan,1000000
74299,0.0008282959461212158,1.0004217624664307,0.002627000000000046,0.0021,0.0,0.002124,0.000214,0.9999921321868896,0.0,0.0,0.002066,0.000201,0.9999992847442627,nan,1000000
74399,0.0001677870750427246,1.0014162063598633,0.002262,0.002262,0.0,0.002274,0.000212,0.9999990463256836,0.0,0.0,0.002066,0.000201,0.9999992847442627,nan,1000000
74499,0.0002148747444152832,1.0005919933319092,0.002371,0.002371,0.0,0.002009,0.000254,0.9999938011169434,0.0,0.0,0.002066,0.000201,0.9999992847442627,nan,1000000
74599,0.0007073581218719482,0.9982982277870178,0.0027679999999999927,0.00158,0.0,0.0023,0.000231,0.999998927116394,0.0,0.0,0.002066,0.000201,0.9999992847442627,nan,1000000
74699,0.0004232823848724365,1.0001652240753174,0.0018640000000000323,0.001852,0.0,0.002381,0.000259,0.9999980926513672,0.0,0.0,0.002066,0.000201,0.9999992847442627,nan,1000000
74799,-0.00031378865242004395,0.9999534487724304,0.002459,0.002459,0.0,0.002604,0.000258,0.9999932050704956,0.0,0.0,0.002066,0.000201,0.9999992847442627,nan,1000000
74899,0.0007367432117462158,1.000867247581482,0.0021880000000000233,0.002003,0.0,0.002743,0.000257,0.9999843835830688,0.0,0.0,0.002066,0.000201,0.9999992847442627,nan,1000000
74999,0.0003172755241394043,0.9990770220756531,0.001931000000000016,0.001841,0.0,0.002415,0.000271,0.9999996423721313,0.0,0.0,0.002066,0.000201,0.9999992847442627,nan,1000000
75099,-0.0008498728275299072,0.9976959228515625,0.003258,0.003258,0.0,0.002328,0.000262,0.9999999403953552,0.0,0.0,0.002066,0.000201,0.9999992847442627,nan,1000000
75199,1.233816146850586e-05,0.9993469715118408,0.002886,0.002886,0.0,0.002247,0.000258,0.9999963045120239,0.0,0.0,0.002066,0.000201,0.9999992847442627,nan,1000000
75299,0.0008233487606048584,1.0004748106002808,0.0026880000000000237,0.002259,0.0,0.002376,0.000255,0.9999920129776001,0.0,0.0,0.002066,0.000201,0.9999992847442627,nan,1000000
75399,1.990795135498047e-05,0.9996656179428101,0.002166,0.002166,0.0,0.002668,0.000262,0.9999951124191284,0.0,0.0,0.002066,0.000201,0.9999992847442627,nan,1000000
75499,0.00043061375617980957,1.0005502700805664,0.002483,0.002483,0.0,0.002348,0.00022,0.9999983310699463,0.0,0.0,0.002066,0.000201,0.9999992847442627,nan,1000000
75599,0.0007521510124206543,1.0002803802490234,0.002794999999999999,0.001892,1e-06,0.002606,0.000233,1.0,0.0,0.0,0.002066,0.000201,0.9999992847442627,nan,1000000
75699,0.00017771124839782715,1.0001943111419678,0.002196,0.002196,0.0,0.002212,0.000222,0.9999996423721313,0.0,0.0,0.002066,0.000201,0.9999992847442627,nan,1000000
75799,0.0004349052906036377,0.9999334216117859,0.001951000000000036,0.001839,0.0,0.002333,0.000252,0.999997615814209,0.0,0.0,0.002066,0.000201,0.9999992847442627,nan,1000000
75899,0.00038170814514160156,1.0001230239868164,0.00222,0.00222,0.0,0.002243,0.000232,0.9999935626983643,0.0,0.0,0.002066,0.000201,0.9999992847442627,nan,1000000
75999,0.0003369152545928955,0.999526858329773,0.002097,0.002096,0.0,0.002255,0.00025,0.9999957084655762,0.0,0.0,0.002066,0.000201,0.9999992847442627,nan,1000000
76099,0.0013037323951721191,1.001108169555664,0.003265999999999991,0.0018,0.0,0.00265,0.000245,0.9999969005584717,0.0,0.0,0.002066,0.000201,0.9999992847442627,nan,1000000
76199,0.00043469667434692383,1.0005346536636353,0.002837,0.002837,0.0,0.002203,0.000257,0.9999997615814209,0.0,0.0,0.002066,0.000201,0.9999992847442627,nan,1000000
76299,0.0011363625526428223,1.0034310817718506,0.003104,0.003104,1e-06,0.002269,0.000266,1.0,0.0,0.0,0.002066,0.000201,0.9999992847442627,nan,1000000
76399,0.0003555715084075928,1.0001405477523804,0.002483,0.002483,0.0,0.00193,0.000206,0.9999961853027344,0.0,0.0,0.002066,0.000201,0.9999992847442627,nan,1000000
76499,0.000550687313079834,1.0014616250991821,0.002655,0.002655,0.0,0.002145,0.000194,0.9999993443489075,0.0,0.0,0.002066,0.000201,0.9999992847442627,nan,1000000
76599,0.00019744038581848145,1.000636100769043,0.002205,0.002205,0.0,0.002263,0.000219,0.9999899864196777,0.0,0.0,0.002066,0.000201,0.9999992847442627,nan,1000000
76699,6.541609764099121e-05,1.0000462532043457,0.00191,0.001909,0.0,0.002289,0.000248,0.999996542930603,0.0,0.0,0.002066,0.000201,0.9999992847442627,nan,1000000
76799,-4.0411949157714844e-05,0.9990803003311157,0.002389,0.002388,0.0,0.002182,0.000247,0.9999947547912598,0.0,0.0,0.002066,0.000201,0.9999992847442627,nan,1000000
76899,-0.0002434849739074707,1.0002644062042236,0.002543,0.002543,0.0,0.002422,0.000275,0.9999899864196777,0.0,0.0,0.002066,0.000201,0.9999992847442627,nan,1000000
76999,-2.7120113372802734e-06,0.999603807926178,0.00214,0.00214,0.0,0.002079,0.000245,0.9999996423721313,0.0,0.0,0.002066,0.000201,0.9999992847442627,nan,1000000
77099,-3.078579902648926e-05,0.9983637928962708,0.002275,0.002275,0.0,0.00171,0.000191,0.9999997615814209,0.0,0.0,0.002066,0.000201,0.9999992847442627,nan,1000000
77199,0.0004583597183227539,0.9991843700408936,0.002455,0.002455,0.0,0.001732,0.000179,0.9999957084655762,0.0,0.0,0.002066,0.000201,0.9999992847442627,nan,1000000
77299,-0.0003084838390350342,0.9997069239616394,0.002627,0.002626,0.0,0.001861,0.000232,0.9999923706054688,0.0,0.0,0.002066,0.000201,0.9999992847442627,nan,1000000
77399,-8.100271224975586e-05,1.000421404838562,0.002408,0.002407,0.0,0.001841,0.000222,0.9999946355819702,0.0,0.0,0.002066,0.000201,0.9999992847442627,nan,1000000
77499,-8.669495582580566e-05,0.9993119239807129,0.002296,0.002296,0.0,0.001816,0.000213,0.9999961256980896,0.0,0.0,0.002066,0.000201,0.9999992847442627,nan,1000000
77599,0.0001569986343383789,1.0007092952728271,0.001879,0.001879,0.0,0.001836,0.000225,0.9999978542327881,0.0,0.0,0.002066,0.000201,0.9999992847442627,nan,1000000
77699,9.429454803466797e-05,1.000805377960205,0.002114,0.002114,0.0,0.001967,0.000231,0.9999978542327881,0.0,0.0,0.002066,0.000201,0.9999992847442627,nan,1000000
77799,3.045797348022461e-05,0.9995147585868835,0.002323,0.002323,0.0,0.001641,0.000158,0.9999992847442627,0.0,0.0,0.002066,0.000201,0.9999992847442627,nan,1000000
77899,0.0006203055381774902,1.000994086265564,0.002197,0.002197,0.0,0.001843,0.000201,0.9999897480010986,0.0,0.0,0.002066,0.000201,0.9999992847442627,nan,1000000
77999,6.499886512756348e-05,0.9992483258247375,0.002254,0.002254,0.0,0.001914,0.000224,0.9999998807907104,0.0,0.0,0.002066,0.000201,0.9999992847442627,nan,1000000
78099,0.0009264945983886719,1.0007001161575317,0.003052,0.003052,0.0,0.001973,0.000228,0.999996542930603,0.0,0.0,0.002066,0.000201,0.9999992847442627,nan,1000000
78199,-0.00041538476943969727,0.9995278120040894,0.002384,0.002384,0.0,0.001637,0.000147,0.9999971389770508,0.0,0.0,0.002066,0.000201,0.9999992847442627,nan,1000000
78299,0.00044411420822143555,1.0009859800338745,0.00237,0.00237,0.0,0.001771,0.000172,0.9999905824661255,0.0,0.0,0.002066,0.000201,0.9999992847442627,nan,1000000
78399,0.0001359879970550537,1.0002071857452393,0.002196,0.002196,0.0,0.001674,0.000146,0.9999964237213135,0.0,0.0,0.002066,0.000201,0.9999992847442627,nan,1000000
78499,-0.0007575750350952148,0.9988646507263184,0.002243,0.002243,0.0,0.001668,0.000154,0.9999839067459106,0.0,0.0,0.002066,0.000201,0.9999992847442627,nan,1000000
78599,0.00011855363845825195,0.9993152618408203,0.002544,0.002544,0.0,0.001611,0.00014,0.9999945163726807,0.0,0.0,0.002066,0.000201,0.9999992847442627,nan,1000000
78699,0.00011971592903137207,0.9985920786857605,0.0023619999999999995,0.002299,0.0,0.001987,0.000224,0.9999920129776001,0.0,0.0,0.002066,0.000201,0.9999992847442627,nan,1000000
78799,0.0003300011157989502,1.0001614093780518,0.0021,0.0021,0.0,0.00215,0.00026,0.9999985694885254,0.0,0.0,0.002066,0.000201,0.9999992847442627,nan,1000000
78899,0.00030162930488586426,0.9985848665237427,0.0019930000000000225,0.001852,0.0,0.002138,0.000267,0.9999927282333374,0.0,0.0,0.002066,0.000201,0.9999992847442627,nan,1000000
78999,0.0004949569702148438,1.0002434253692627,0.002234999999999987,0.001849,0.0,0.002271,0.000275,0.9999949932098389,0.0,0.0,0.002066,0.000201,0.9999992847442627,nan,1000000
79099,-3.0368566513061523e-05,0.999591588973999,0.001811,0.001811,0.0,0.002283,0.000242,0.9999973773956299,0.0,0.0,0.002066,0.000201,0.9999992847442627,nan,1000000
79199,0.0006503462791442871,0.9998545050621033,0.0023190000000000155,0.001383,0.0,0.00225,0.000266,0.9999946355819702,0.0,0.0,0.002066,0.000201,0.9999992847442627,nan,1000000
79299,0.0006458759307861328,0.9997843503952026,0.0023540000000000227,0.001606,0.0,0.001978,0.000218,0.9999972581863403,0.0,0.0,0.002066,0.000201,0.9999992847442627,nan,1000000
79399,0.00029709935188293457,0.9997209310531616,0.002372,0.002371,0.0,0.001981,0.00022,0.9999978542327881,0.0,0.0,0.002066,0.000201,0.9999992847442627,nan,1000000
79499,-1.5735626220703125e-05,0.9979448914527893,0.001842,0.001842,0.0,0.001904,0.000197,0.9999995231628418,0.0,0.0,0.002066,0.000201,0.9999992847442627,nan,1000000
79599,0.00031182169914245605,0.998598039150238,0.0026579999999999998,0.001903,0.0,0.002066,0.000246,0.9999797940254211,0.0,0.0,0.002066,0.000201,0.9999992847442627,nan,1000000
79699,0.0006694793701171875,0.9999409914016724,0.0023310000000000275,0.001506,0.0,0.001909,0.000209,0.9999979734420776,0.0,0.0,0.002066,0.000201,0.9999992847442627,nan,1000000
79799,0.0015505850315093994,0.9991276264190674,0.004532999999999954,0.001265,0.0,0.001841,0.000191,0.9999996423721313,0.0,0.0,0.002066,0.000201,0.9999992847442627,nan,1000000
79899,0.0012226104736328125,1.000213384628296,0.003483000000000014,0.001437,0.0,0.001895,0.000216,0.9999998807907104,0.0,0.0,0.002066,0.000201,0.9999992847442627,nan,1000000
79999,0.0011654496192932129,1.000549554824829,0.003279,0.001743,0.0,0.002093,0.000247,0.9999905824661255,0.0,0.0,0.002066,0.000201,0.9999992847442627,nan,1000000
80099,0.0005516111850738525,0.9991362690925598,0.0024039999999999617,0.001715,0.0,0.001853,0.00019,0.9999969005584717,0.0,0.0,0.002066,0.000201,0.9999992847442627,nan,1000000
80199,-1.475214958190918e-05,0.9990953207015991,0.001754,0.001754,0.0,0.001327,8.5e-05,0.9999854564666748,0.0,0.0,0.002066,0.000201,0.9999992847442627,nan,1000000
80299,0.0003071725368499756,0.9992056488990784,0.002151000000000014,0.001962,0.0,0.001111,2.4e-05,0.9998849034309387,0.0,0.0,0.002066,0.000201,0.9999992847442627,nan,1000000
80399,0.000220566987991333,0.9995800256729126,0.002001,0.002001,0.0,0.001064,1.1e-05,0.9998429417610168,0.0,0.0,0.002066,0.000201,0.9999992847442627,nan,1000000
80499,6.383657455444336e-05,0.9974246621131897,0.0022079999999999878,0.002091,0.0,0.001016,9e-06,0.9999220371246338,0.0,0.0,0.002066,0.000201,0.9999992847442627,nan,1000000
80599,-8.016824722290039e-06,0.9992400407791138,0.002294,0.002294,0.0,0.000966,5e-06,0.9994390606880188,0.0,0.0,0.002066,0.000201,0.9999992847442627,nan,1000000
80699,0.0015120208263397217,1.0010493993759155,0.004342999999999986,0.001706,0.0,0.00116,2.5e-05,0.9999809861183167,0.0,0.0,0.002066,0.000201,0.9999992847442627,nan,1000000
80799,0.0005369782447814941,1.0007251501083374,0.0020070000000000365,0.001517,0.0,0.001517,0.000121,0.9999995231628418,0.0,0.0,0.002066,0.000201,0.9999992847442627,nan,1000000
80899,0.00011479854583740234,0.9985484480857849,0.0021660000000000013,0.001745,0.0,0.001484,0.000123,0.9999980926513672,0.0,0.0,0.002066,0.000201,0.9999992847442627,nan,1000000
80999,0.0006604492664337158,1.0002907514572144,0.002821000000000018,0.001738,0.0,0.001534,0.000127,0.9999934434890747,0.0,0.0,0.002066,0.000201,0.9999992847442627,nan,1000000
81099,-0.00026229023933410645,0.9998987317085266,0.001461999999999998,0.001316,0.0,0.001651,0.000168,0.9999661445617676,0.0,0.0,0.002066,0.000201,0.9999992847442627,nan,1000000
81199,0.00044986605644226074,0.9983603358268738,0.002717000000000025,0.001122,0.0,0.001069,1.1e-05,0.9999963045120239,0.0,0.0,0.002066,0.000201,0.9999992847442627,nan,1000000
81299,-5.796551704406738e-05,0.999224066734314,0.001449,0.001448,0.0,0.001052,1.1e-05,0.999985933303833,0.0,0.0,0.002066,0.000201,0.9999992847442627,nan,1000000
81399,-0.00047475099563598633,0.9995720982551575,0.002245,0.002245,0.0,0.00136,6.5e-05,0.9999970197677612,0.0,0.0,0.002066,0.000201,0.9999992847442627,nan,1000000
81499,0.0008584558963775635,1.0004627704620361,0.002624000000000015,0.001543,0.0,0.001534,0.00011,0.9999973773956299,0.0,0.0,0.002066,0.000201,0.9999992847442627,nan,1000000
81599,-0.00036004185676574707,0.9992086291313171,0.002155,0.002155,0.0,0.001565,0.000133,0.9999934434890747,0.0,0.0,0.002066,0.000201,0.9999992847442627,nan,1000000
81699,-7.319450378417969e-05,0.9990123510360718,0.002413,0.002413,0.0,0.001354,8.9e-05,0.9999940395355225,0.0,0.0,0.002066,0.000201,0.9999992847442627,nan,1000000
81799,0.0008287727832794189,1.0001789331436157,0.0025770000000000515,0.002016,0.0,0.001515,0.000121,0.999981164932251,0.0,0.0,0.002066,0.000201,0.9999992847442627,nan,1000000
81899,-0.00015667080879211426,1.000041127204895,0.002529,0.002529,0.0,0.001539,0.000118,0.9999979734420776,0.0,0.0,0.002066,0.000201,0.9999992847442627,nan,1000000
81999,-2.0176172256469727e-05,0.9989973902702332,0.001902,0.001902,0.0,0.001378,8e-05,0.9999949932098389,0.0,0.0,0.002066,0.000201,0.9999992847442627,nan,1000000
82099,0.0004335641860961914,0.9993459582328796,0.002053000000000027,0.001949,0.0,0.00113,5.9e-05,0.999988317489624,0.0,0.0,0.002066,0.000201,0.9999992847442627,nan,1000000
82199,0.0004226863384246826,1.0011076927185059,0.002168,0.002167,0.0,0.001348,9.1e-05,0.9999924898147583,0.0,0.0,0.002066,0.000201,0.9999992847442627,nan,1000000
82299,-0.0002427995204925537,0.9983921051025391,0.00268,0.002679,0.0,0.001303,9.6e-05,0.9999920129776001,0.0,0.0,0.002066,0.000201,0.9999992847442627,nan,1000000
82399,0.0004190206527709961,0.9998270869255066,0.002031,0.002031,0.0,0.001688,0.000163,0.999992847442627,0.0,0.0,0.002066,0.000201,0.9999992847442627,nan,1000000
82499,0.0008560121059417725,0.9998624324798584,0.002507000000000037,0.002095,0.0,0.001572,0.000162,0.9999949932098389,0.0,0.0,0.002066,0.000201,0.9999992847442627,nan,1000000
82599,-0.0006601810455322266,0.9975561499595642,0.002551,0.00255,0.0,0.001319,9.1e-05,0.999944806098938,0.0,0.0,0.002066,0.000201,0.9999992847442627,nan,1000000
82699,0.00035834312438964844,0.9989311695098877,0.0018539999999999668,0.001818,0.0,0.001366,9.7e-05,0.9999804496765137,0.0,0.0,0.002066,0.000201,0.9999992847442627,nan,1000000
82799,-0.00041222572326660156,0.9978531002998352,0.002181,0.002181,0.0,0.001375,0.000109,0.9999939203262329,0.0,0.0,0.002066,0.000201,0.9999992847442627,nan,1000000
82899,0.0008136928081512451,0.9996358752250671,0.002854000000000023,0.001833,0.0,0.00139,0.000111,0.9999816417694092,0.0,0.0,0.002066,0.000201,0.9999992847442627,nan,1000000
82999,0.00018399953842163086,0.998450517654419,0.0020219999999999683,0.001773,0.0,0.001227,9.8e-05,0.9999903440475464,0.0,0.0,0.002066,0.000201,0.9999992847442627,nan,1000000
83099,0.00022017955780029297,1.000011682510376,0.001894,0.001894,0.0,0.001578,0.000151,0.9999932050704956,0.0,0.0,0.002066,0.000201,0.9999992847442627,nan,1000000
83199,0.0006465613842010498,0.9997943043708801,0.0021840000000000193,0.001913,0.0,0.001886,0.000207,0.9999993443489075,0.0,0.0,0.002066,0.000201,0.9999992847442627,nan,1000000
83299,-0.00025331974029541016,0.9988975524902344,0.002226,0.002226,0.0,0.001526,0.000159,0.9999986290931702,0.0,0.0,0.002066,0.000201,0.9999992847442627,nan,1000000
83399,-0.0008626580238342285,0.9986150860786438,0.002533,0.002533,0.0,0.001681,0.000174,0.9999996423721313,0.0,0.0,0.002066,0.000201,0.9999992847442627,nan,1000000
83499,-0.0001907646656036377,0.9972031116485596,0.002264,0.002264,0.0,0.001566,0.000145,0.9999704360961914,0.0,0.0,0.002066,0.000201,0.9999992847442627,nan,1000000
83599,-0.00038117170333862305,0.9987858533859253,0.002687,0.002687,0.0,0.001649,0.000156,0.9999866485595703,0.0,0.0,0.002066,0.000201,0.9999992847442627,nan,1000000
83699,-8.344650268554688e-06,0.9995827674865723,0.002701,0.002701,0.0,0.001657,0.000161,0.9999922513961792,0.0,0.0,0.002066,0.000201,0.9999992847442627,nan,1000000
83799,4.9501657485961914e-05,0.9984679818153381,0.002179,0.002179,0.0,0.001642,0.000173,0.999997615814209,0.0,0.0,0.002066,0.000201,0.9999992847442627,nan,1000000
83899,0.000626981258392334,0.997934877872467,0.00282300000000002,0.001781,0.0,0.001367,0.000142,0.9999980330467224,0.0,0.0,0.002066,0.000201,0.9999992847442627,nan,1000000
83999,0.00010907649993896484,0.9996921420097351,0.001947,0.001947,0.0,0.001399,0.000144,0.9999851584434509,0.0,0.0,0.002066,0.000201,0.9999992847442627,nan,1000000
84099,0.0007162094116210938,1.00007963180542,0.002662999999999971,0.00148,0.0,0.001313,0.00012,0.9999982118606567,0.0,0.0,0.002066,0.000201,0.9999992847442627,nan,1000000
84199,0.000304490327835083,0.9995990991592407,0.00164,0.00164,0.0,0.001489,0.000148,0.9999995231628418,0.0,0.0,0.002066,0.000201,0.9999992847442627,nan,1000000
84299,0.00021091103553771973,0.9981712102890015,0.0018810000000000215,0.001711,0.0,0.001586,0.000156,0.9999951124191284,0.0,0.0,0.002066,0.000201,0.9999992847442627,nan,1000000
84399,0.0005456507205963135,1.0005218982696533,0.0018559999999999688,0.001771,0.0,0.001537,0.000153,0.9999951124191284,0.0,0.0,0.002066,0.000201,0.9999992847442627,nan,1000000
84499,0.0005974769592285156,0.9995383620262146,0.0025459999999999927,0.001793,0.0,0.001525,0.000157,0.9999961853027344,0.0,0.0,0.002066,0.000201,0.9999992847442627,nan,1000000
84599,0.0002586543560028076,0.998996913433075,0.0019770000000000065,0.001669,0.0,0.00147,0.000145,0.9999933838844299,0.0,0.0,0.002066,0.000201,0.9999992847442627,nan,1000000
84699,0.00013753771781921387,0.9990869164466858,0.0016920000000000268,0.001542,0.0,0.001511,0.00014,0.9999966621398926,0.0,0.0,0.002066,0.000201,0.9999992847442627,nan,1000000
84799,0.0006470978260040283,1.0005546808242798,0.0024980000000000002,0.002099,0.0,0.00164,0.00018,0.999980092048645,0.0,0.0,0.002066,0.000201,0.9999992847442627,nan,1000000
84899,4.38690185546875e-05,1.0003595352172852,0.002285,0.002283,0.0,0.001918,0.000209,0.9999971389770508,0.0,0.0,0.002066,0.000201,0.9999992847442627,nan,1000000
84999,0.0006927251815795898,1.0010709762573242,0.002382,0.002382,0.0,0.001918,0.000204,0.9999997615814209,0.0,0.0,0.002066,0.000201,0.9999992847442627,nan,1000000
85099,-0.00030419230461120605,0.9991042613983154,0.002148,0.002148,0.0,0.00182,0.000197,0.9999846816062927,0.0,0.0,0.002066,0.000201,0.9999992847442627,nan,1000000
85199,0.00015223026275634766,0.9995898008346558,0.002697,0.002696,0.0,0.001878,0.000193,0.9999945163726807,0.0,0.0,0.002066,0.000201,0.9999992847442627,nan,1000000
85299,0.000500023365020752,0.9995203614234924,0.002161000000000024,0.001877,0.0,0.002046,0.000235,0.999994158744812,0.0,0.0,0.002066,0.000201,0.9999992847442627,nan,1000000
85399,0.000795900821685791,0.9995809197425842,0.002819999999999989,0.001444,0.0,0.002097,0.000231,0.9999949932098389,0.0,0.0,0.002066,0.000201,0.9999992847442627,nan,1000000
85499,0.00011307001113891602,0.9979493021965027,0.002413000000000001,0.001518,0.0,0.002024,0.00022,0.9999997615814209,0.0,0.0,0.002066,0.000201,0.9999992847442627,nan,1000000
85599,0.0003617405891418457,0.9993031024932861,0.002066,0.002066,0.0,0.002105,0.000213,0.999997615814209,0.0,0.0,0.002066,0.000201,0.9999992847442627,nan,1000000
85699,0.0006971657276153564,0.9987604022026062,0.0028249999999999664,0.001526,0.0,0.002059,0.000228,0.9999971389770508,0.0,0.0,0.002066,0.000201,0.9999992847442627,nan,1000000
85799,0.000858694314956665,0.9991840124130249,0.003390000000000004,0.002071,0.0,0.001954,0.000193,0.9999986886978149,0.0,0.0,0.002066,0.000201,0.9999992847442627,nan,1000000
85899,0.0007547140121459961,0.9995902180671692,0.002705999999999986,0.001848,0.0,0.002048,0.000214,0.9999957084655762,0.0,0.0,0.002066,0.000201,0.9999992847442627,nan,1000000
85999,5.728006362915039e-05,0.9979242086410522,0.001703,0.001703,0.0,0.001848,0.000178,0.9999908208847046,0.0,0.0,0.002066,0.000201,0.9999992847442627,nan,1000000
86099,0.0001131594181060791,0.9984046816825867,0.0018650000000000055,0.001858,0.0,0.0019,0.000185,0.9999979734420776,0.0,0.0,0.002066,0.000201,0.9999992847442627,nan,1000000
86199,-0.0004642307758331299,0.9978863596916199,0.002366,0.002365,0.0,0.001839,0.00018,0.9999945163726807,0.0,0.0,0.002066,0.000201,0.9999992847442627,nan,1000000
86299,-0.0005095005035400391,0.9979401230812073,0.0025920000000000006,0.002254,0.0,0.001778,0.000173,0.999998927116394,0.0,0.0,0.002066,0.000201,0.9999992847442627,nan,1000000
86399,0.0005527138710021973,0.9981709122657776,0.002890999999999977,0.001995,0.0,0.001809,0.000188,0.9999985694885254,0.0,0.0,0.002066,0.000201,0.9999992847442627,nan,1000000
86499,0.0002002716064453125,0.9986271858215332,0.002355,0.002355,0.0,0.001887,0.00019,0.9999933242797852,0.0,0.0,0.002066,0.000201,0.9999992847442627,nan,1000000
86599,0.0007079243659973145,0.9987304210662842,0.002829000000000026,0.002024,0.0,0.001739,0.00018,0.9999970197677612,0.0,0.0,0.002066,0.000201,0.9999992847442627,nan,1000000
86699,-0.00025591254234313965,0.9983235001564026,0.002017,0.002017,0.0,0.001855,0.000204,0.9999868869781494,0.0,0.0,0.002066,0.000201,0.9999992847442627,nan,1000000
86799,0.0006480216979980469,0.9997082948684692,0.002471000000000001,0.0021,0.0,0.001858,0.000196,0.9999992847442627,0.0,0.0,0.002066,0.000201,0.9999992847442627,nan,1000000
86899,0.0006429553031921387,0.9994326233863831,0.0029030000000000444,0.001724,0.0,0.001775,0.000179,0.9999881982803345,0.0,0.0,0.002066,0.000201,0.9999992847442627,nan,1000000
86999,0.00043699145317077637,0.9987664818763733,0.0025000000000000022,0.001956,0.0,0.00177,0.00018,0.9999980926513672,0.0,0.0,0.002066,0.000201,0.9999992847442627,nan,1000000
87099,0.00019723176956176758,0.9989549517631531,0.002344,0.002344,0.0,0.001768,0.000167,0.999995231628418,0.0,0.0,0.002066,0.000201,0.9999992847442627,nan,1000000
87199,0.00031179189682006836,0.9995486736297607,0.002195,0.002194,0.0,0.001935,0.000181,0.9999897480010986,0.0,0.0,0.002066,0.000201,0.9999992847442627,nan,1000000
87299,0.0006235241889953613,0.9992345571517944,0.002387000000000028,0.002048,0.0,0.001887,0.000183,0.9999964237213135,0.0,0.0,0.002066,0.000201,0.9999992847442627,nan,1000000
87399,0.00018796324729919434,0.9994753003120422,0.0021150000000000023,0.001812,0.0,0.001893,0.000181,0.9999853372573853,0.0,0.0,0.002066,0.000201,0.9999992847442627,nan,1000000
87499,-0.00017708539962768555,0.9983524680137634,0.001853,0.001853,0.0,0.001725,0.000169,0.9999984502792358,0.0,0.0,0.002066,0.000201,0.9999992847442627,nan,1000000
87599,-6.201863288879395e-05,0.9986810684204102,0.001889,0.001889,0.0,0.001697,0.000167,0.999992847442627,0.0,0.0,0.002066,0.000201,0.9999992847442627,nan,1000000
87699,-0.00022307038307189941,1.000596523284912,0.0034140000000000004,0.002446,0.0,0.00165,0.000174,0.9999969005584717,0.0,0.0,0.002066,0.000201,0.9999992847442627,nan,1000000
87799,0.00016242265701293945,0.9983598589897156,0.002307,0.002307,0.0,0.001768,0.000176,0.9999995231628418,0.0,0.0,0.002066,0.000201,0.9999992847442627,nan,1000000
87899,-0.0001055300235748291,0.9995788931846619,0.002121,0.00212,0.0,0.001651,0.000157,0.9999997615814209,0.0,0.0,0.002066,0.000201,0.9999992847442627,nan,1000000
87999,-0.00027373433113098145,0.9986608624458313,0.002275,0.002275,0.0,0.001798,0.000176,0.9999902248382568,0.0,0.0,0.002066,0.000201,0.9999992847442627,nan,1000000
88099,-3.3289194107055664e-05,0.9983727335929871,0.002106,0.002106,0.0,0.001664,0.000183,0.9999998807907104,0.0,0.0,0.002066,0.000201,0.9999992847442627,nan,1000000
88199,-0.0007555782794952393,0.9974405765533447,0.002539,0.002539,0.0,0.001835,0.000183,0.9999918937683105,0.0,0.0,0.002066,0.000201,0.9999992847442627,nan,1000000
88299,-0.0005140900611877441,0.998322069644928,0.002555,0.002554,0.0,0.00167,0.000161,0.9999914169311523,0.0,0.0,0.002066,0.000201,0.9999992847442627,nan,1000000
88399,8.556246757507324e-05,0.9985488653182983,0.002473,0.002473,0.0,0.001847,0.000182,0.9999932050704956,0.0,0.0,0.002066,0.000201,0.9999992847442627,nan,1000000
88499,-0.0005618631839752197,0.999029815196991,0.0029130000000000024,0.002905,0.0,0.001922,0.000199,0.99998939037323,0.0,0.0,0.002066,0.000201,0.9999992847442627,nan,1000000
88599,-0.0004324615001678467,0.9988831281661987,0.0033439999999999998,0.00291,0.0,0.001793,0.000191,0.9999970197677612,0.0,0.0,0.002066,0.000201,0.9999992847442627,nan,1000000
88699,0.0008957087993621826,0.9997954964637756,0.003076000000000023,0.001839,0.0,0.001897,0.000195,0.9999934434890747,0.0,0.0,0.002066,0.000201,0.9999992847442627,nan,1000000
88799,0.0002830028533935547,0.9987918138504028,0.0026730000000000018,0.002666,0.0,0.001631,0.000178,0.9999973773956299,0.0,0.0,0.002066,0.000201,0.9999992847442627,nan,1000000
88899,0.00037479400634765625,0.9993918538093567,0.002605000000000024,0.002217,0.0,0.001593,0.000166,0.9999957084655762,0.0,0.0,0.002066,0.000201,0.9999992847442627,nan,1000000
88999,0.00033473968505859375,0.9980034828186035,0.002960000000000018,0.001986,0.0,0.001491,0.000174,0.9999955892562866,0.0,0.0,0.002066,0.000201,0.9999992847442627,nan,1000000
89099,0.000786513090133667,0.9995224475860596,0.0034029999999999894,0.002146,0.0,0.001455,0.000148,0.9999943971633911,0.0,0.0,0.002066,0.000201,0.9999992847442627,nan,1000000
89199,0.00042182207107543945,0.9997953176498413,0.0031739999999999997,0.00272,0.0,0.00142,0.000149,0.9999945163726807,0.0,0.0,0.002066,0.000201,0.9999992847442627,nan,1000000
89299,3.6954879760742188e-06,1.000028133392334,0.0017199999999999993,0.00154,0.0,0.001555,0.000166,0.9999874830245972,0.0,0.0,0.002066,0.000201,0.9999992847442627,nan,1000000
89399,-0.0002003312110900879,0.9988261461257935,0.0029829999999999995,0.001504,0.0,0.001571,0.000178,0.9999868869781494,0.0,0.0,0.002066,0.000201,0.9999992847442627,nan,1000000
89499,0.0004367828369140625,0.9989996552467346,0.003941000000000001,0.001545,0.0,0.001572,0.000164,0.9999908208847046,0.0,0.0,0.002066,0.000201,0.9999992847442627,nan,1000000
89599,0.000213623046875,0.998624324798584,0.0031859999999999996,0.00134,0.0,0.00151,0.000161,0.9999949932098389,0.0,0.0,0.002066,0.000201,0.9999992847442627,nan,1000000
89699,3.87728214263916e-05,0.9995604753494263,0.0031470000000000005,0.001469,0.0,0.001545,0.00015,0.9999946355819702,0.0,0.0,0.002066,0.000201,0.9999992847442627,nan,1000000
89799,0.00031819939613342285,0.9996335506439209,0.002863,0.001279,0.0,0.001775,0.000179,0.9999885559082031,0.0,0.0,0.002066,0.000201,0.9999992847442627,nan,1000000
89899,0.0003020763397216797,0.9996416568756104,0.002967000000000001,0.001473,0.0,0.001691,0.00018,0.999998927116394,0.0,0.0,0.002066,0.000201,0.9999992847442627,nan,1000000
89999,-0.00021708011627197266,1.0000317096710205,0.002026,0.001456,0.0,0.001871,0.000179,0.9999933242797852,0.0,0.0,0.002066,0.000201,0.9999992847442627,nan,1000000
90099,0.00037348270416259766,0.9993920922279358,0.003576000000000001,0.001463,0.0,0.001825,0.000179,0.9999935030937195,0.0,0.0,0.002066,0.000201,0.9999992847442627,nan,1000000
90199,-4.4405460357666016e-05,0.9996602535247803,0.002477000000000001,0.001549,0.0,0.001941,0.000197,0.9999959468841553,0.0,0.0,0.002066,0.000201,0.9999992847442627,nan,1000000
90299,1.9729137420654297e-05,1.0005828142166138,0.0034000000000000002,0.001501,0.0,0.002141,0.000201,0.9999947547912598,0.0,0.0,0.002066,0.000201,0.9999992847442627,nan,1000000
90399,-0.00024500489234924316,1.0000364780426025,0.002372000000000001,0.001458,0.0,0.002171,0.000213,0.9999927282333374,0.0,0.0,0.002066,0.000201,0.9999992847442627,nan,1000000
90499,0.00048220157623291016,1.0004976987838745,0.0030560000000000006,0.001306,0.0,0.002222,0.000216,0.999987006187439,0.0,0.0,0.002066,0.000201,0.9999992847442627,nan,1000000
90599,-0.00024577975273132324,0.9993014335632324,0.001711,0.00171,0.0,0.002127,0.000206,0.9999945163726807,0.0,0.0,0.002066,0.000201,0.9999992847442627,nan,1000000
90699,-0.0003553926944732666,0.99959796667099,0.0030540000000000003,0.001823,0.0,0.002236,0.000241,0.9999927282333374,0.0,0.0,0.002066,0.000201,0.9999992847442627,nan,1000000
90799,0.0006828904151916504,1.001007318496704,0.0020499999999999997,0.001712,0.0,0.002234,0.000235,0.9999803304672241,0.0,0.0,0.002066,0.000201,0.9999992847442627,nan,1000000
90899,0.0003082752227783203,0.9996706247329712,0.003025,0.001729,0.0,0.002128,0.000217,0.9999910593032837,0.0,0.0,0.002066,0.000201,0.9999992847442627,nan,1000000
90999,0.0003269612789154053,1.0010311603546143,0.001822,0.001822,0.0,0.0021,0.000192,0.9999995231628418,0.0,0.0,0.002066,0.000201,0.9999992847442627,nan,1000000
91099,0.00011813640594482422,0.9989513754844666,0.0030830000000000007,0.001546,0.0,0.002115,0.000207,0.9999995231628418,0.0,0.0,0.002066,0.000201,0.9999992847442627,nan,1000000
91199,0.00022429227828979492,1.0006717443466187,0.002009,0.002009,0.0,0.002022,0.000191,0.9999934434890747,0.0,0.0,0.002066,0.000201,0.9999992847442627,nan,1000000
91299,0.00030919909477233887,1.000307321548462,0.002226,0.002226,0.0,0.00201,0.000203,0.9999938011169434,0.0,0.0,0.002066,0.000201,0.9999992847442627,nan,1000000
91399,0.0008395016193389893,0.9990440011024475,0.0031979999999999786,0.002199,0.0,0.001603,0.000162,0.9999966621398926,0.0,0.0,0.002066,0.000201,0.9999992847442627,nan,1000000
91499,0.00014853477478027344,0.9986676573753357,0.002546,0.002545,0.0,0.001614,0.000156,0.9999933242797852,0.0,0.0,0.002066,0.000201,0.9999992847442627,nan,1000000
91599,-0.0001335740089416504,0.9985962510108948,0.001883,0.001883,0.0,0.001691,0.000183,0.9999980926513672,0.0,0.0,0.002066,0.000201,0.9999992847442627,nan,1000000
91699,0.0007510185241699219,0.9998560547828674,0.003608,0.001685,0.0,0.001662,0.000162,0.9999963045120239,0.0,0.0,0.002066,0.000201,0.9999992847442627,nan,1000000
91799,8.982419967651367e-05,0.9984315633773804,0.002155000000000018,0.001482,0.0,0.001849,0.000187,0.9999963045120239,0.0,0.0,0.002066,0.000201,0.9999992847442627,nan,1000000
91899,0.000444561243057251,0.9987227916717529,0.003110999999999975,0.001304,0.0,0.001681,0.000174,0.9999997615814209,0.0,0.0,0.002066,0.000201,0.9999992847442627,nan,1000000
91999,0.0001977980136871338,0.9992222785949707,0.0024889999999999635,0.001807,0.0,0.001613,0.000165,0.9999994039535522,0.0,0.0,0.002066,0.000201,0.9999992847442627,nan,1000000
92099,0.0005776584148406982,1.0003265142440796,0.002774999999999972,0.001747,0.0,0.001601,0.00017,0.999996542930603,0.0,0.0,0.002066,0.000201,0.9999992847442627,nan,1000000
92199,0.000773698091506958,0.9998382925987244,0.0032290000000000374,0.001509,0.0,0.001944,0.000179,0.999998927116394,0.0,0.0,0.002066,0.000201,0.9999992847442627,nan,1000000
92299,0.0009506046772003174,1.0010175704956055,0.0030040000000000067,0.001559,0.0,0.001787,0.000187,0.9999973773956299,0.0,0.0,0.002066,0.000201,0.9999992847442627,nan,1000000
92399,0.00018298625946044922,0.9993224143981934,0.0017019999999999813,0.001391,0.0,0.001556,0.000151,0.9999960064888,0.0,0.0,0.002066,0.000201,0.9999992847442627,nan,1000000
92499,0.00038063526153564453,0.9995306730270386,0.0020580000000000043,0.001489,0.0,0.001587,0.000148,0.9999979138374329,0.0,0.0,0.002066,0.000201,0.9999992847442627,nan,1000000
92599,0.00023743510246276855,0.998884916305542,0.0018780000000000463,0.001766,0.0,0.001367,0.000102,0.9999982118606567,0.0,0.0,0.002066,0.000201,0.9999992847442627,nan,1000000
92699,0.0004832446575164795,0.9995078444480896,0.0025290000000000035,0.001803,0.0,0.001413,0.000106,0.9999899864196777,0.0,0.0,0.002066,0.000201,0.9999992847442627,nan,1000000
92799,0.0003593564033508301,0.9994202256202698,0.0017659999999999898,0.001589,0.0,0.001577,0.000146,0.9999829530715942,0.0,0.0,0.002066,0.000201,0.9999992847442627,nan,1000000
92899,5.891919136047363e-05,0.9995402693748474,0.00184,0.00184,0.0,0.001514,0.000118,0.9999817609786987,0.0,0.0,0.002066,0.000201,0.9999992847442627,nan,1000000
92999,0.0009774565696716309,1.0011210441589355,0.002953000000000039,0.001893,0.0,0.001401,0.000112,0.9999983906745911,0.0,0.0,0.002066,0.000201,0.9999992847442627,nan,1000000
93099,-0.00010654330253601074,0.9995343685150146,0.001859,0.001859,0.0,0.001218,9.6e-05,0.999998927116394,0.0,0.0,0.002066,0.000201,0.9999992847442627,nan,1000000
93199,0.0004475712776184082,0.999083936214447,0.0024219999999999997,0.001841,0.0,0.001302,0.000103,0.9999949932098389,0.0,0.0,0.002066,0.000201,0.9999992847442627,nan,1000000
93299,0.0004190802574157715,0.9998033046722412,0.002333,0.00169,0.0,0.001486,0.000124,0.9999901056289673,0.0,0.0,0.002066,0.000201,0.9999992847442627,nan,1000000
93399,0.0007316172122955322,1.001102328300476,0.0022659999999999902,0.001425,0.0,0.001588,0.000153,0.9999983310699463,0.0,0.0,0.002066,0.000201,0.9999992847442627,nan,1000000
93499,0.00015240907669067383,0.9995939135551453,0.0034329999999999994,0.001235,0.0,0.001712,0.000179,0.9999971389770508,0.0,0.0,0.002066,0.000201,0.9999992847442627,nan,1000000
93599,0.0006243586540222168,1.0005391836166382,0.0026499999999999857,0.001589,0.0,0.001563,0.00015,0.999996542930603,0.0,0.0,0.002066,0.000201,0.9999992847442627,nan,1000000
93699,0.00017565488815307617,0.9988905191421509,0.001623,0.001623,0.0,0.001395,0.000132,0.9999922513961792,0.0,0.0,0.002066,0.000201,0.9999992847442627,nan,1000000
93799,0.0002824068069458008,0.999606192111969,0.0017189999999999706,0.001458,0.0,0.001585,0.000159,0.9999987483024597,0.0,0.0,0.002066,0.000201,0.9999992847442627,nan,1000000
93899,0.0006405115127563477,1.000101923942566,0.0024799999999999822,0.00165,0.0,0.001429,0.000138,0.9999967813491821,0.0,0.0,0.002066,0.000201,0.9999992847442627,nan,1000000
93999,0.0005308687686920166,0.999605119228363,0.002699000000000007,0.001802,0.0,0.001351,0.00011,0.9999982118606567,0.0,0.0,0.002066,0.000201,0.9999992847442627,nan,1000000
94099,0.000807642936706543,1.0000288486480713,0.003182000000000018,0.002272,0.0,0.00138,0.000131,0.9999867677688599,0.0,0.0,0.002066,0.000201,0.9999992847442627,nan,1000000
94199,-4.807114601135254e-05,0.99943608045578,0.002914000000000001,0.001927,0.0,0.001601,0.000176,0.9999902248382568,0.0,0.0,0.002066,0.000201,0.9999992847442627,nan,1000000
94299,0.00012123584747314453,0.9993712902069092,0.002653,0.001699,0.0,0.001548,0.000154,0.9999951124191284,0.0,0.0,0.002066,0.000201,0.9999992847442627,nan,1000000
94399,-0.0004824995994567871,0.9977989196777344,0.001955,0.001955,0.0,0.001329,0.000125,0.9999955892562866,0.0,0.0,0.002066,0.000201,0.9999992847442627,nan,1000000
94499,-0.00043526291847229004,0.9985422492027283,0.002148,0.002148,0.0,0.001538,0.000155,0.999995231628418,0.0,0.0,0.002066,0.000201,0.9999992847442627,nan,1000000
94599,0.0007309913635253906,0.9995700120925903,0.0025560000000000027,0.001766,0.0,0.001615,0.000153,0.9999935626983643,0.0,0.0,0.002066,0.000201,0.9999992847442627,nan,1000000
94699,0.0007267892360687256,0.9996463060379028,0.0028549999999999964,0.002168,0.0,0.001576,0.000153,0.999993085861206,0.0,0.0,0.002066,0.000201,0.9999992847442627,nan,1000000
94799,0.000641167163848877,1.0006375312805176,0.0022449999999999996,0.001887,0.0,0.0018,0.000172,0.9999868869781494,0.0,0.0,0.002066,0.000201,0.9999992847442627,nan,1000000
94899,0.0002974569797515869,0.999919056892395,0.002539,0.002539,0.0,0.001656,0.000172,0.9999995231628418,0.0,0.0,0.002066,0.000201,0.9999992847442627,nan,1000000
94999,0.0007842481136322021,1.0009678602218628,0.0028470000000000006,0.002428,0.0,0.001829,0.000167,0.999994695186615,0.0,0.0,0.002066,0.000201,0.9999992847442627,nan,1000000
95099,0.0005282759666442871,0.998814046382904,0.0033290000000000004,0.002578,0.0,0.001737,0.000158,0.9999909400939941,0.0,0.0,0.002066,0.000201,0.9999992847442627,nan,1000000
95199,-5.155801773071289e-06,0.9990137815475464,0.002619,0.002619,0.0,0.001824,0.000173,0.9999877214431763,0.0,0.0,0.002066,0.000201,0.9999992847442627,nan,1000000
95299,-0.00013127923011779785,0.9987964034080505,0.002531,0.002531,0.0,0.00179,0.000175,0.9999995231628418,0.0,0.0,0.002066,0.000201,0.9999992847442627,nan,1000000
95399,0.0005190670490264893,0.9992508292198181,0.0034399999999999995,0.002636,0.0,0.001951,0.0002,0.9999899864196777,0.0,0.0,0.002066,0.000201,0.9999992847442627,nan,1000000
95499,0.0007628202438354492,0.9990608096122742,0.002827999999999997,0.002459,0.0,0.00205,0.000227,0.9999923706054688,0.0,0.0,0.002066,0.000201,0.9999992847442627,nan,1000000
95599,0.0007681548595428467,0.9999671578407288,0.00257099999999999,0.002195,0.0,0.001936,0.000215,0.9999973177909851,0.0,0.0,0.002066,0.000201,0.9999992847442627,nan,1000000
95699,0.0007718503475189209,1.0010325908660889,0.002595999999999987,0.002269,0.0,0.001871,0.000196,0.999994158744812,0.0,0.0,0.002066,0.000201,0.9999992847442627,nan,1000000
95799,0.0002022087574005127,0.9992651343345642,0.002412,0.002412,0.0,0.001961,0.000203,0.9999973773956299,0.0,0.0,0.002066,0.000201,0.9999992847442627,nan,1000000
95899,0.0007230639457702637,0.9994358420372009,0.00336,0.002715,0.0,0.00179,0.000185,0.9999999403953552,0.0,0.0,0.002066,0.000201,0.9999992847442627,nan,1000000
95999,0.0008049607276916504,1.0003738403320312,0.0029759999999999787,0.002868,0.0,0.001816,0.000184,0.9999967813491821,0.0,0.0,0.002066,0.000201,0.9999992847442627,nan,1000000
96099,-0.0002141892910003662,0.9984869360923767,0.003063,0.003063,0.0,0.001821,0.000179,0.9999996423721313,0.0,0.0,0.002066,0.000201,0.9999992847442627,nan,1000000
96199,-6.5267086029052734e-06,0.9984092712402344,0.003334,0.003334,0.0,0.00175,0.000181,0.9999961853027344,0.0,0.0,0.002066,0.000201,0.9999992847442627,nan,1000000
96299,0.0003616511821746826,0.9983757138252258,0.002941,0.002941,0.0,0.001715,0.000184,0.9999970197677612,0.0,0.0,0.002066,0.000201,0.9999992847442627,nan,1000000
96399,0.0006112456321716309,1.0000098943710327,0.003181,0.003181,0.0,0.001749,0.000206,0.9999996423721313,0.0,0.0,0.002066,0.000201,0.9999992847442627,nan,1000000
96499,0.0005234181880950928,0.9994673132896423,0.003306,0.003306,0.0,0.001887,0.000199,0.9999985098838806,0.0,0.0,0.002066,0.000201,0.9999992847442627,nan,1000000
96599,-0.00036916136741638184,0.9991948008537292,0.003215,0.003214,0.0,0.001801,0.000202,0.9999964237213135,0.0,0.0,0.002066,0.000201,0.9999992847442627,nan,1000000
96699,0.0008613169193267822,0.9993860721588135,0.0031869999999999954,0.003044,0.0,0.001812,0.000217,0.9999933242797852,0.0,0.0,0.002066,0.000201,0.9999992847442627,nan,1000000
96799,5.21540641784668e-05,0.9990013241767883,0.003066,0.003065,0.0,0.001853,0.00019,0.9999957084655762,0.0,0.0,0.002066,0.000201,0.9999992847442627,nan,1000000
96899,0.0003975033760070801,0.9998857378959656,0.003513,0.003513,0.0,0.001878,0.00018,0.9999982118606567,0.0,0.0,0.002066,0.000201,0.9999992847442627,nan,1000000
96999,0.0004699230194091797,0.9990585446357727,0.003339,0.003339,0.0,0.001877,0.00017,0.9999951124191284,0.0,0.0,0.002066,0.000201,0.9999992847442627,nan,1000000
97099,-0.0005411207675933838,0.9974169731140137,0.003698,0.003698,0.0,0.001816,0.000175,0.9999933242797852,0.0,0.0,0.002066,0.000201,0.9999992847442627,nan,1000000
97199,5.6862831115722656e-05,0.9988565444946289,0.003619,0.003619,0.0,0.00192,0.000192,0.9999988079071045,0.0,0.0,0.002066,0.000201,0.9999992847442627,nan,1000000
97299,0.0003586709499359131,0.999884843826294,0.00329,0.00329,0.0,0.001838,0.00018,0.9999971389770508,0.0,0.0,0.002066,0.000201,0.9999992847442627,nan,1000000
97399,0.0005074143409729004,0.998376727104187,0.003411,0.003411,0.0,0.001847,0.000192,0.9999803304672241,0.0,0.0,0.002066,0.000201,0.9999992847442627,nan,1000000
97499,0.00014966726303100586,0.9992628693580627,0.003374,0.003374,0.0,0.002023,0.000204,0.9999901056289673,0.0,0.0,0.002066,0.000201,0.9999992847442627,nan,1000000
97599,0.00032135844230651855,0.9990823268890381,0.003644,0.003643,0.0,0.001991,0.000216,0.9999935626983643,0.0,0.0,0.002066,0.000201,0.9999992847442627,nan,1000000
97699,-0.00043314695358276367,0.9974974393844604,0.003652,0.003652,0.0,0.001991,0.000206,0.9999852180480957,0.0,0.0,0.002066,0.000201,0.9999992847442627,nan,1000000
97799,0.00048166513442993164,0.9984367489814758,0.003588,0.003588,0.0,0.002141,0.000202,0.9999896287918091,0.0,0.0,0.002066,0.000201,0.9999992847442627,nan,1000000
97899,0.0001227855682373047,0.9986177086830139,0.003669,0.003669,0.0,0.002021,0.000184,0.9999964237213135,0.0,0.0,0.002066,0.000201,0.9999992847442627,nan,1000000
97999,-0.00019046664237976074,0.9978854656219482,0.004064,0.004064,0.0,0.002023,0.0002,0.9999934434890747,0.0,0.0,0.002066,0.000201,0.9999992847442627,nan,1000000
98099,0.000263899564743042,0.9973672032356262,0.003659,0.003659,0.0,0.002011,0.000192,0.999985933303833,0.0,0.0,0.002066,0.000201,0.9999992847442627,nan,1000000
98199,0.0001284778118133545,0.9986363053321838,0.003632,0.003632,0.0,0.002109,0.000203,0.9999958276748657,0.0,0.0,0.002066,0.000201,0.9999992847442627,nan,1000000
98299,-0.00020357966423034668,0.9990127682685852,0.003546,0.003546,0.0,0.001981,0.000176,0.9999966621398926,0.0,0.0,0.002066,0.000201,0.9999992847442627,nan,1000000
98399,0.00016427040100097656,0.9994475841522217,0.003772,0.003772,0.0,0.002067,0.000203,0.9999959468841553,0.0,0.0,0.002066,0.000201,0.9999992847442627,nan,1000000
98499,0.000605851411819458,1.0009177923202515,0.003815,0.003815,0.0,0.002342,0.00023,0.9999984502792358,0.0,0.0,0.002066,0.000201,0.9999992847442627,nan,1000000
98599,8.171796798706055e-05,0.9983546733856201,0.004194,0.004193,0.0,0.001931,0.000197,0.9999986886978149,0.0,0.0,0.002066,0.000201,0.9999992847442627,nan,1000000
98699,0.0013720691204071045,0.9979352951049805,0.0043179999999999885,0.003405,0.0,0.002047,0.000208,0.9999984502792358,0.0,0.0,0.002066,0.000201,0.9999992847442627,nan,1000000
98799,-0.00030541419982910156,1.0014762878417969,0.004061,0.004061,0.0,0.002003,0.000232,0.9999958276748657,0.0,0.0,0.002066,0.000201,0.9999992847442627,nan,1000000
98899,-0.0007524788379669189,0.9971687197685242,0.003484,0.003484,0.0,0.002143,0.000218,0.9999997615814209,0.0,0.0,0.002066,0.000201,0.9999992847442627,nan,1000000
98999,-0.00036141276359558105,0.9982417225837708,0.003544,0.003544,0.0,0.002655,0.000247,0.9999904632568359,0.0,0.0,0.002066,0.000201,0.9999992847442627,nan,1000000
99099,-0.0006108283996582031,0.9980647563934326,0.003629,0.003629,0.0,0.002663,0.000264,0.9999992847442627,0.0,0.0,0.002066,0.000201,0.9999992847442627,nan,1000000
99199,0.0008226931095123291,1.001908779144287,0.003401,0.003401,0.0,0.002817,0.000302,0.9999994039535522,0.0,0.0,0.002066,0.000201,0.9999992847442627,nan,1000000
99299,0.00014281272888183594,0.998865008354187,0.003613,0.003613,0.0,0.001989,0.000212,0.9999890327453613,0.0,0.0,0.002066,0.000201,0.9999992847442627,nan,1000000
99399,0.0007263123989105225,1.0001916885375977,0.003149,0.003149,0.0,0.002247,0.000239,0.9999982118606567,0.0,0.0,0.002066,0.000201,0.9999992847442627,nan,1000000
99499,-0.000561147928237915,0.999279797077179,0.003699,0.003699,0.0,0.002079,0.000232,0.999992847442627,0.0,0.0,0.002066,0.000201,0.9999992847442627,nan,1000000
99599,0.0004349946975708008,0.9999268054962158,0.00408,0.003332,0.0,0.002433,0.000251,0.9999966621398926,0.0,0.0,0.002066,0.000201,0.9999992847442627,nan,1000000
99699,0.0006305575370788574,0.9990980625152588,0.00291,0.00291,0.0,0.002042,0.000214,0.9999942779541016,0.0,0.0,0.002066,0.000201,0.9999992847442627,nan,1000000
99799,3.504753112792969e-05,1.0007774829864502,0.002635,0.002635,0.0,0.002532,0.00024,0.9999980926513672,0.0,0.0,0.002066,0.000201,0.9999992847442627,nan,1000000
99899,0.00021818280220031738,0.9986481666564941,0.002926,0.002926,0.0,0.002658,0.000265,0.9999992847442627,0.0,0.0,0.002066,0.000201,0.9999992847442627,nan,1000000
99999,0.00048232078552246094,0.9990292191505432,0.002731,0.002731,0.0,0.002685,0.000275,0.9999973773956299,0.0,0.0,0.002066,0.000201,0.9999992847442627,nan,1000000
