epoch,z_bias,z_std_ratio,ks,gen_z_le_0,gen_z_ge_1,gen_z_gt_0.99,gen_z_gt_0.999,gen_z_max,g4_z_le_0,g4_z_ge_1,g4_z_gt_0.99,g4_z_gt_0.999,g4_z_max,phys_reg,n_rows
99,0.007944699376821518,0.9184398651123047,0.021442000000000072,0.478409,0.151824,0.154218,0.152065,1.9503093957901,0.482648,0.155207,0.15787,0.155468,4.570567607879639,nan,1000000
199,0.008012624457478523,0.9615273475646973,0.011974,0.480424,0.154777,0.157388,0.155052,2.217341184616089,0.482648,0.155207,0.15787,0.155468,4.570567607879639,nan,1000000
299,0.009680844843387604,0.9745303988456726,0.00709,0.4814,0.155319,0.157808,0.155562,2.4687349796295166,0.482648,0.155207,0.15787,0.155468,4.570567607879639,nan,1000000
399,0.010655080899596214,0.9866936206817627,0.004024,0.481752,0.156917,0.159477,0.157171,2.7117795944213867,0.482648,0.155207,0.15787,0.155468,4.570567607879639,nan,1000000
499,0.005176096688956022,0.9936857223510742,0.002558999999999978,0.482267,0.157106,0.159671,0.157365,2.913459062576294,0.482648,0.155207,0.15787,0.155468,4.570567607879639,nan,1000000
599,0.004147581290453672,0.9956707954406738,0.0020809999999999995,0.480973,0.155829,0.15848,0.156082,3.0757205486297607,0.482648,0.155207,0.15787,0.155468,4.570567607879639,nan,1000000
699,-0.0025681201368570328,0.9978459477424622,0.0021059999999999968,0.483548,0.15426,0.156906,0.154502,3.2260570526123047,0.482648,0.155207,0.15787,0.155468,4.570567607879639,nan,1000000
799,0.0005903411656618118,0.998054027557373,0.0010949999999999849,0.482604,0.155694,0.158234,0.155967,3.3679630756378174,0.482648,0.155207,0.15787,0.155468,4.570567607879639,nan,1000000
899,0.002450544387102127,0.9982497096061707,0.0017660000000000453,0.481978,0.155844,0.158296,0.156115,3.4966232776641846,0.482648,0.155207,0.15787,0.155468,4.570567607879639,nan,1000000
999,0.0010492992587387562,0.9978898763656616,0.0014129999999999976,0.482027,0.154999,0.157575,0.155264,3.6052920818328857,0.482648,0.155207,0.15787,0.155468,4.570567607879639,nan,1000000
1099,0.0005697645246982574,0.9999113082885742,0.0013130000000000086,0.481769,0.155208,0.157756,0.155468,3.694756031036377,0.482648,0.155207,0.15787,0.155468,4.570567607879639,nan,1000000
1199,0.0008456571958959103,0.9992839097976685,0.0014279999999999848,0.481572,0.154933,0.157465,0.155213,3.772642135620117,0.482648,0.155207,0.15787,0.155468,4.570567607879639,nan,1000000
1299,-0.0015023334417492151,1.0008502006530762,0.001479000000000008,0.483203,0.154933,0.157434,0.155154,3.8288326263427734,0.482648,0.155207,0.15787,0.155468,4.570567607879639,nan,1000000
1399,0.003038331400603056,0.999718964099884,0.001731000000000038,0.481811,0.155981,0.158507,0.156244,3.866892099380493,0.482648,0.155207,0.15787,0.155468,4.570567607879639,nan,1000000
1499,-0.0014321550261229277,0.9998420476913452,0.0010919999999999819,0.483293,0.154729,0.157229,0.154997,3.8760015964508057,0.482648,0.155207,0.15787,0.155468,4.570567607879639,nan,1000000
1599,-0.0011245561763644218,1.0021324157714844,0.0011380000000000279,0.483084,0.155547,0.15808,0.155795,3.934354305267334,0.482648,0.155207,0.15787,0.155468,4.570567607879639,nan,1000000
1699,-0.0031359861604869366,0.9997637867927551,0.0023050000000000015,0.483924,0.154861,0.157398,0.155105,3.9754221439361572,0.482648,0.155207,0.15787,0.155468,4.570567607879639,nan,1000000
1799,-0.0022075006272643805,0.9994068741798401,0.002434999999999965,0.483087,0.155204,0.157713,0.155456,3.96006178855896,0.482648,0.155207,0.15787,0.155468,4.570567607879639,nan,1000000
1899,-0.0022357944399118423,0.9991956949234009,0.0017770000000000286,0.483783,0.1555,0.158026,0.155746,3.9328770637512207,0.482648,0.155207,0.15787,0.155468,4.570567607879639,nan,1000000
1999,-0.0016496824100613594,0.9991490840911865,0.0020000000000000018,0.483629,0.154831,0.157456,0.155055,3.8844993114471436,0.482648,0.155207,0.15787,0.155468,4.570567607879639,nan,1000000
2099,-0.004195853602141142,1.000023603439331,0.0032200000000000006,0.484642,0.154978,0.157595,0.155245,3.8405325412750244,0.482648,0.155207,0.15787,0.155468,4.570567607879639,nan,1000000
2199,-0.0012209739070385695,0.9980911016464233,0.0025740000000000762,0.483437,0.155713,0.158313,0.155974,3.861837863922119,0.482648,0.155207,0.15787,0.155468,4.570567607879639,nan,1000000
2299,4.492746666073799e-05,0.9980088472366333,0.0025460000000000482,0.483003,0.156374,0.158994,0.156632,3.868561029434204,0.482648,0.155207,0.15787,0.155468,4.570567607879639,nan,1000000
2399,0.0012317006476223469,0.9983417987823486,0.0021130000000000315,0.482239,0.156437,0.159021,0.156686,3.854996681213379,0.482648,0.155207,0.15787,0.155468,4.570567607879639,nan,1000000
2499,-0.0035458439961075783,0.9998282790184021,0.004237999999999964,0.48379,0.155687,0.158221,0.155946,3.790187120437622,0.482648,0.155207,0.15787,0.155468,4.570567607879639,nan,1000000
2599,-0.005640395916998386,0.9985054135322571,0.00522200000000006,0.485151,0.154141,0.156799,0.154427,3.7395143508911133,0.482648,0.155207,0.15787,0.155468,4.570567607879639,nan,1000000
2699,7.542362436652184e-05,0.9983252882957458,0.0024660000000000792,0.482378,0.155049,0.157716,0.155327,3.6894893646240234,0.482648,0.155207,0.15787,0.155468,4.570567607879639,nan,1000000
2799,-0.01232183538377285,0.9977295398712158,0.007857000000000003,0.488414,0.151709,0.154179,0.15198,3.714073657989502,0.482648,0.155207,0.15787,0.155468,4.570567607879639,nan,1000000
2899,-0.00034253927879035473,0.9991807341575623,0.0018160000000000398,0.483946,0.154772,0.15736,0.155031,3.630131483078003,0.482648,0.155207,0.15787,0.155468,4.570567607879639,nan,1000000
2999,-0.006509765051305294,0.9994035363197327,0.0036219999999999586,0.485987,0.152889,0.155339,0.153143,3.6414084434509277,0.482648,0.155207,0.15787,0.155468,4.570567607879639,nan,1000000
3099,-0.0034542058128863573,1.0020924806594849,0.002995000000000081,0.484798,0.153928,0.156413,0.154168,3.709991693496704,0.482648,0.155207,0.15787,0.155468,4.570567607879639,nan,1000000
3199,-0.0035660320427268744,1.0003334283828735,0.0030520000000000547,0.484275,0.154405,0.156902,0.154639,3.7313778400421143,0.482648,0.155207,0.15787,0.155468,4.570567607879639,nan,1000000
3299,-0.009214486926794052,0.9964871406555176,0.005049999999999999,0.485368,0.151516,0.154035,0.151776,3.717947006225586,0.482648,0.155207,0.15787,0.155468,4.570567607879639,nan,1000000
3399,0.006044044625014067,0.9967036247253418,0.0036269999999999913,0.480021,0.155807,0.158386,0.156032,3.7890806198120117,0.482648,0.155207,0.15787,0.155468,4.570567607879639,nan,1000000
3499,1.9901897758245468e-05,1.000200867652893,0.0011690000000000034,0.482402,0.154857,0.157438,0.155104,3.868661642074585,0.482648,0.155207,0.15787,0.155468,4.570567607879639,nan,1000000
3599,0.006701332982629538,0.9984495639801025,0.004076999999999997,0.479386,0.155872,0.158516,0.156144,3.9805996417999268,0.482648,0.155207,0.15787,0.155468,4.570567607879639,nan,1000000
3699,-0.01032816618680954,1.001763105392456,0.0042169999999999985,0.486218,0.152914,0.155439,0.153171,4.008193016052246,0.482648,0.155207,0.15787,0.155468,4.570567607879639,nan,1000000
3799,0.0026443609967827797,0.9966351985931396,0.00215700000000002,0.4816,0.154779,0.157355,0.155038,4.052483081817627,0.482648,0.155207,0.15787,0.155468,4.570567607879639,nan,1000000
3899,-0.01245175115764141,1.0003411769866943,0.005842000000000014,0.488271,0.152082,0.154657,0.152349,4.016597270965576,0.482648,0.155207,0.15787,0.155468,4.570567607879639,nan,1000000
3999,-0.001081767724826932,0.9985796809196472,0.0011780000000000124,0.483522,0.154798,0.15742,0.155075,3.9254114627838135,0.482648,0.155207,0.15787,0.155468,4.570567607879639,nan,1000000
4099,0.0027937162667512894,1.0011980533599854,0.0024379999999999957,0.480818,0.155854,0.158373,0.156114,3.8245418071746826,0.482648,0.155207,0.15787,0.155468,4.570567607879639,nan,1000000
4199,0.0012139882892370224,1.0009011030197144,0.0017890000000000406,0.481369,0.155106,0.157751,0.15537,3.706331253051758,0.482648,0.155207,0.15787,0.155468,4.570567607879639,nan,1000000
4299,-0.0022205605637282133,1.00088369846344,0.001402999999999932,0.482438,0.153931,0.156505,0.154195,3.5907907485961914,0.482648,0.155207,0.15787,0.155468,4.570567607879639,nan,1000000
4399,0.006826441269367933,0.9993405938148499,0.0040440000000000476,0.479377,0.156666,0.159318,0.156919,3.54164457321167,0.482648,0.155207,0.15787,0.155468,4.570567607879639,nan,1000000
4499,0.0015044896863400936,0.9984533786773682,0.001576999999999995,0.481426,0.154732,0.157297,0.154973,3.534494400024414,0.482648,0.155207,0.15787,0.155468,4.570567607879639,nan,1000000
4599,-0.005368114914745092,0.9981982111930847,0.0026399999999999757,0.484714,0.15301,0.155671,0.153287,3.60184383392334,0.482648,0.155207,0.15787,0.155468,4.570567607879639,nan,1000000
4699,0.003916724119335413,0.9999604225158691,0.002978000000000036,0.4801,0.15566,0.15829,0.155936,3.672668933868408,0.482648,0.155207,0.15787,0.155468,4.570567607879639,nan,1000000
4799,-0.0021549502853304148,1.0027543306350708,0.0016480000000000106,0.48378,0.155357,0.157935,0.155601,3.6894354820251465,0.482648,0.155207,0.15787,0.155468,4.570567607879639,nan,1000000
4899,0.0017823735252022743,0.9995570182800293,0.0018790000000000195,0.481427,0.155106,0.157755,0.155361,3.7185306549072266,0.482648,0.155207,0.15787,0.155468,4.570567607879639,nan,1000000
4999,-0.003193956334143877,1.001701831817627,0.001603000000000021,0.484012,0.154062,0.156642,0.154285,3.7596616744995117,0.482648,0.155207,0.15787,0.155468,4.570567607879639,nan,1000000
5099,-0.004329231102019548,0.999966561794281,0.0020200000000000218,0.484169,0.153355,0.155965,0.153605,3.7611281871795654,0.482648,0.155207,0.15787,0.155468,4.570567607879639,nan,1000000
5199,0.0036434843204915524,0.9997838735580444,0.0023480000000000167,0.480891,0.155576,0.1583,0.155856,3.799022674560547,0.482648,0.155207,0.15787,0.155468,4.570567607879639,nan,1000000
5299,0.0014645131304860115,0.9986063241958618,0.0018870000000000275,0.481827,0.15426,0.156803,0.154487,3.8150105476379395,0.482648,0.155207,0.15787,0.155468,4.570567607879639,nan,1000000
5399,-0.00014122994616627693,0.996119499206543,0.0019890000000000185,0.482494,0.153343,0.155931,0.153584,3.829328775405884,0.482648,0.155207,0.15787,0.155468,4.570567607879639,nan,1000000
5499,0.003105322364717722,0.9978215098381042,0.00296200000000002,0.480473,0.154681,0.157221,0.154943,3.838679790496826,0.482648,0.155207,0.15787,0.155468,4.570567607879639,nan,1000000
5599,0.0003990507684648037,1.0007771253585815,0.0011060000000000514,0.48243,0.155099,0.157609,0.155359,3.855147123336792,0.482648,0.155207,0.15787,0.155468,4.570567607879639,nan,1000000
5699,-0.012780953198671341,1.0000053644180298,0.005620000000000069,0.487821,0.151288,0.153762,0.151538,3.8682875633239746,0.482648,0.155207,0.15787,0.155468,4.570567607879639,nan,1000000
5799,-0.008368294686079025,0.9983348846435547,0.0034650000000000514,0.485659,0.152077,0.154588,0.152322,3.8946001529693604,0.482648,0.155207,0.15787,0.155468,4.570567607879639,nan,1000000
5899,-0.012134851887822151,1.0034903287887573,0.004581000000000057,0.486861,0.152344,0.154887,0.152609,3.9149484634399414,0.482648,0.155207,0.15787,0.155468,4.570567607879639,nan,1000000
5999,0.00026888540014624596,1.0021300315856934,0.0009759999999999769,0.48232,0.155088,0.157693,0.15534,3.935386896133423,0.482648,0.155207,0.15787,0.155468,4.570567607879639,nan,1000000
6099,-0.008296594023704529,0.9974475502967834,0.003726000000000007,0.485646,0.151759,0.154279,0.15202,3.921437978744507,0.482648,0.155207,0.15787,0.155468,4.570567607879639,nan,1000000
6199,-0.010116897523403168,1.0032635927200317,0.004141000000000061,0.486442,0.152893,0.155355,0.15314,3.928847551345825,0.482648,0.155207,0.15787,0.155468,4.570567607879639,nan,1000000
6299,0.0020420029759407043,0.9981921315193176,0.0018759999999999888,0.481314,0.154973,0.157545,0.155237,3.943775177001953,0.482648,0.155207,0.15787,0.155468,4.570567607879639,nan,1000000
6399,-0.0013298515696078539,0.9989088177680969,0.001774999999999971,0.481756,0.153611,0.156219,0.153873,3.9859962463378906,0.482648,0.155207,0.15787,0.155468,4.570567607879639,nan,1000000
6499,0.0007097027264535427,1.0007166862487793,0.0013559999999999683,0.481993,0.155053,0.157616,0.155296,3.9913015365600586,0.482648,0.155207,0.15787,0.155468,4.570567607879639,nan,1000000
6599,0.0019468171522021294,1.0001858472824097,0.0023739999999999872,0.481126,0.155187,0.157828,0.155466,4.014638423919678,0.482648,0.155207,0.15787,0.155468,4.570567607879639,nan,1000000
6699,-0.006067216396331787,1.0023442506790161,0.0026240000000000707,0.484936,0.154088,0.156672,0.154358,4.03093147277832,0.482648,0.155207,0.15787,0.155468,4.570567607879639,nan,1000000
6799,-0.0031249343883246183,1.0032354593276978,0.0017790000000000028,0.483462,0.155149,0.15772,0.155413,4.04981803894043,0.482648,0.155207,0.15787,0.155468,4.570567607879639,nan,1000000
6899,-0.0026423134841024876,1.0016160011291504,0.0012910000000000421,0.483547,0.154676,0.157221,0.154915,4.0550384521484375,0.482648,0.155207,0.15787,0.155468,4.570567607879639,nan,1000000
6999,-0.001609949627891183,1.0042307376861572,0.0015110000000000123,0.482399,0.155388,0.157951,0.15565,4.080904006958008,0.482648,0.155207,0.15787,0.155468,4.570567607879639,nan,1000000
7099,0.0005950829945504665,1.0018073320388794,0.0017580000000000373,0.481812,0.155229,0.157858,0.155478,4.117763519287109,0.482648,0.155207,0.15787,0.155468,4.570567607879639,nan,1000000
7199,-0.002373301424086094,0.9965308904647827,0.001802999999999999,0.483868,0.153823,0.156461,0.154066,4.18743371963501,0.482648,0.155207,0.15787,0.155468,4.570567607879639,nan,1000000
7299,0.008007751777768135,1.002530574798584,0.004577999999999971,0.479507,0.15852,0.16113,0.158772,4.221022129058838,0.482648,0.155207,0.15787,0.155468,4.570567607879639,nan,1000000
7399,-0.012057039886713028,1.0013936758041382,0.00527500000000003,0.487473,0.152436,0.154955,0.152668,4.281057357788086,0.482648,0.155207,0.15787,0.155468,4.570567607879639,nan,1000000
7499,9.232759475708008e-05,1.0018036365509033,0.0009990000000000276,0.482453,0.155681,0.158233,0.155914,4.248703956604004,0.482648,0.155207,0.15787,0.155468,4.570567607879639,nan,1000000
7599,-0.0009492072276771069,1.001457691192627,0.0010920000000000096,0.482653,0.155451,0.157998,0.155691,4.263192176818848,0.482648,0.155207,0.15787,0.155468,4.570567607879639,nan,1000000
7699,-0.008051278069615364,1.000663161277771,0.003722999999999921,0.485911,0.153335,0.15582,0.153591,4.239888668060303,0.482648,0.155207,0.15787,0.155468,4.570567607879639,nan,1000000
7799,0.0014248755760490894,1.000253677368164,0.0014039999999999608,0.48211,0.155943,0.15856,0.156191,4.251036643981934,0.482648,0.155207,0.15787,0.155468,4.570567607879639,nan,1000000
7899,-0.0017153241205960512,1.002589464187622,0.001808000000000004,0.483005,0.155659,0.158178,0.155892,4.263944149017334,0.482648,0.155207,0.15787,0.155468,4.570567607879639,nan,1000000
7999,0.006633578334003687,0.9990867376327515,0.003646000000000038,0.479812,0.156392,0.158997,0.156631,4.297590732574463,0.482648,0.155207,0.15787,0.155468,4.570567607879639,nan,1000000
8099,0.0014202226884663105,0.9986030459403992,0.0018529999999999935,0.481643,0.155154,0.157638,0.155412,4.329308032989502,0.482648,0.155207,0.15787,0.155468,4.570567607879639,nan,1000000
8199,-0.007474284153431654,0.9985473155975342,0.003471000000000002,0.485207,0.152514,0.15504,0.152758,4.405472278594971,0.482648,0.155207,0.15787,0.155468,4.570567607879639,nan,1000000
8299,-0.00020310096442699432,0.9955945611000061,0.0023659999999999792,0.481635,0.153688,0.156167,0.153927,4.402252674102783,0.482648,0.155207,0.15787,0.155468,4.570567607879639,nan,1000000
8399,-0.0017248697113245726,0.9996901154518127,0.0020379999999999843,0.484038,0.154678,0.157127,0.154903,4.436413764953613,0.482648,0.155207,0.15787,0.155468,4.570567607879639,nan,1000000
8499,0.0005771745927631855,0.9991540312767029,0.0018340000000000023,0.482324,0.154635,0.157163,0.154883,4.443628311157227,0.482648,0.155207,0.15787,0.155468,4.570567607879639,nan,1000000
8599,0.004266736563295126,0.9958850145339966,0.002950000000000008,0.481089,0.155383,0.157908,0.155623,4.4199371337890625,0.482648,0.155207,0.15787,0.155468,4.570567607879639,nan,1000000
8699,-0.003371219849213958,0.9980565309524536,0.002678999999999987,0.484331,0.153496,0.15609,0.153758,4.444194793701172,0.482648,0.155207,0.15787,0.155468,4.570567607879639,nan,1000000
8799,0.0009606201201677322,1.0006099939346313,0.0017419999999999103,0.48359,0.156011,0.158509,0.15625,4.415716648101807,0.482648,0.155207,0.15787,0.155468,4.570567607879639,nan,1000000
8899,0.0023070834577083588,0.999936044216156,0.0019740000000000313,0.481647,0.155399,0.157981,0.155677,4.401443004608154,0.482648,0.155207,0.15787,0.155468,4.570567607879639,nan,1000000
8999,-0.006123031955212355,0.9998672008514404,0.0032130000000000214,0.485647,0.153384,0.155851,0.15366,4.395021915435791,0.482648,0.155207,0.15787,0.155468,4.570567607879639,nan,1000000
9099,-0.0024019144475460052,0.9999282956123352,0.0016580000000000483,0.483645,0.153731,0.156258,0.153972,4.3723225593566895,0.482648,0.155207,0.15787,0.155468,4.570567607879639,nan,1000000
9199,-0.01241765171289444,1.0022977590560913,0.006025000000000003,0.488533,0.152478,0.15509,0.15273,4.318272590637207,0.482648,0.155207,0.15787,0.155468,4.570567607879639,nan,1000000
9299,-0.007954544387757778,0.9960519075393677,0.0047040000000000415,0.48695,0.15179,0.154347,0.152025,4.312295436859131,0.482648,0.155207,0.15787,0.155468,4.570567607879639,nan,1000000
9399,0.003111432306468487,0.9984913468360901,0.002346999999999988,0.481502,0.155189,0.157839,0.155446,4.328738689422607,0.482648,0.155207,0.15787,0.155468,4.570567607879639,nan,1000000
9499,-0.001968799391761422,1.0001639127731323,0.0014039999999999608,0.483833,0.154595,0.157119,0.154879,4.324020862579346,0.482648,0.155207,0.15787,0.155468,4.570567607879639,nan,1000000
9599,0.00014075124636292458,1.0027244091033936,0.0015200000000000213,0.482095,0.155136,0.157716,0.155407,4.3402228355407715,0.482648,0.155207,0.15787,0.155468,4.570567607879639,nan,1000000
9699,0.0024615731090307236,1.0009115934371948,0.0018500000000000183,0.481665,0.155734,0.15842,0.156019,4.376126289367676,0.482648,0.155207,0.15787,0.155468,4.570567607879639,nan,1000000
9799,-0.006353526376187801,1.0010359287261963,0.0029319999999999347,0.485206,0.15339,0.155954,0.153657,4.340633869171143,0.482648,0.155207,0.15787,0.155468,4.570567607879639,nan,1000000
9899,0.0033366847783327103,1.0037083625793457,0.003253000000000006,0.480572,0.156874,0.159404,0.157158,4.375787734985352,0.482648,0.155207,0.15787,0.155468,4.570567607879639,nan,1000000
9999,-0.009573671966791153,1.0026378631591797,0.004505000000000092,0.486677,0.153476,0.155943,0.153728,4.366252899169922,0.482648,0.155207,0.15787,0.155468,4.570567607879639,nan,1000000
10099,0.0025228862650692463,1.0007176399230957,0.0022639999999999882,0.481684,0.155937,0.158461,0.156171,4.333301067352295,0.482648,0.155207,0.15787,0.155468,4.570567607879639,nan,1000000
10199,-0.01056269183754921,1.0019888877868652,0.00512199999999996,0.487462,0.153115,0.155606,0.153374,4.254343032836914,0.482648,0.155207,0.15787,0.155468,4.570567607879639,nan,1000000
10299,-0.0007241994608193636,1.0012996196746826,0.0013410000000000089,0.483015,0.155335,0.157949,0.15558,4.180137634277344,0.482648,0.155207,0.15787,0.155468,4.570567607879639,nan,1000000
10399,-0.010951888747513294,1.001965880393982,0.00493700000000008,0.486962,0.152727,0.155183,0.152966,4.16552734375,0.482648,0.155207,0.15787,0.155468,4.570567607879639,nan,1000000
10499,0.0015160744078457355,1.0022528171539307,0.0019469999999999765,0.481646,0.155946,0.158637,0.15624,4.138728618621826,0.482648,0.155207,0.15787,0.155468,4.570567607879639,nan,1000000
10599,-0.004354341886937618,0.9991568326950073,0.0027599999999999847,0.484409,0.153542,0.156129,0.153785,4.130378723144531,0.482648,0.155207,0.15787,0.155468,4.570567607879639,nan,1000000
10699,-0.0036653720308095217,0.999833881855011,0.0023060000000000302,0.484388,0.153811,0.156467,0.154096,4.130277156829834,0.482648,0.155207,0.15787,0.155468,4.570567607879639,nan,1000000
10799,0.002722817473113537,0.9993725419044495,0.002695999999999976,0.481313,0.15549,0.158127,0.155782,4.1091084480285645,0.482648,0.155207,0.15787,0.155468,4.570567607879639,nan,1000000
10899,-0.004335195757448673,0.9979401230812073,0.0030289999999999484,0.485197,0.153655,0.156241,0.153902,4.081220626831055,0.482648,0.155207,0.15787,0.155468,4.570567607879639,nan,1000000
10999,-0.0030272677540779114,1.001047968864441,0.0024089999999999945,0.484695,0.154784,0.157355,0.155038,4.099514007568359,0.482648,0.155207,0.15787,0.155468,4.570567607879639,nan,1000000
11099,-0.007476122118532658,0.9998007416725159,0.0038640000000000896,0.486083,0.153129,0.155608,0.153357,4.120942115783691,0.482648,0.155207,0.15787,0.155468,4.570567607879639,nan,1000000
11199,0.001945836003869772,0.9994503259658813,0.0010910000000000641,0.482479,0.15574,0.158327,0.155994,4.125580310821533,0.482648,0.155207,0.15787,0.155468,4.570567607879639,nan,1000000
11299,0.0047487723641097546,0.9987995028495789,0.003281000000000034,0.480308,0.15574,0.15837,0.156,4.113238334655762,0.482648,0.155207,0.15787,0.155468,4.570567607879639,nan,1000000
11399,0.001161554828286171,1.0009660720825195,0.0010490000000000776,0.483468,0.15566,0.158298,0.155919,4.105830669403076,0.482648,0.155207,0.15787,0.155468,4.570567607879639,nan,1000000
11499,0.0026125158183276653,1.000725507736206,0.00193500000000002,0.481413,0.156039,0.158738,0.156279,4.070293426513672,0.482648,0.155207,0.15787,0.155468,4.570567607879639,nan,1000000
11599,-0.012788252905011177,1.0007864236831665,0.006005000000000038,0.488396,0.152057,0.154641,0.152306,4.038366794586182,0.482648,0.155207,0.15787,0.155468,4.570567607879639,nan,1000000
11699,-0.01601090095937252,1.0006777048110962,0.006303000000000003,0.488743,0.150866,0.153465,0.151132,4.033890247344971,0.482648,0.155207,0.15787,0.155468,4.570567607879639,nan,1000000
11799,0.0012492951937019825,1.0003445148468018,0.0010610000000000341,0.483066,0.155104,0.157787,0.155409,4.054818153381348,0.482648,0.155207,0.15787,0.155468,4.570567607879639,nan,1000000
11899,0.0012446558102965355,1.00249445438385,0.0013370000000000326,0.482551,0.155969,0.158581,0.156229,4.043797492980957,0.482648,0.155207,0.15787,0.155468,4.570567607879639,nan,1000000
11999,-0.001457366393879056,1.0002155303955078,0.0012680000000000469,0.483607,0.154983,0.157546,0.155231,4.023866176605225,0.482648,0.155207,0.15787,0.155468,4.570567607879639,nan,1000000
12099,0.003336681518703699,0.9985021352767944,0.002033000000000007,0.482324,0.155454,0.158048,0.155691,4.002264976501465,0.482648,0.155207,0.15787,0.155468,4.570567607879639,nan,1000000
12199,-0.0035498016513884068,0.9995664358139038,0.002650000000000041,0.484865,0.154126,0.156679,0.154391,3.95166015625,0.482648,0.155207,0.15787,0.155468,4.570567607879639,nan,1000000
12299,-0.008301228284835815,0.9992291927337646,0.003974999999999951,0.486041,0.152639,0.155202,0.152896,3.897190570831299,0.482648,0.155207,0.15787,0.155468,4.570567607879639,nan,1000000
12399,-0.001288671512156725,1.0039600133895874,0.0017290000000000083,0.483638,0.155742,0.158325,0.155984,3.894380569458008,0.482648,0.155207,0.15787,0.155468,4.570567607879639,nan,1000000
12499,-0.010519154369831085,1.0024440288543701,0.005081999999999975,0.487451,0.152913,0.155504,0.153186,3.855564594268799,0.482648,0.155207,0.15787,0.155468,4.570567607879639,nan,1000000
12599,-0.004998185206204653,1.0020111799240112,0.0026820000000000177,0.485054,0.154065,0.1567,0.154326,3.905531883239746,0.482648,0.155207,0.15787,0.155468,4.570567607879639,nan,1000000
12699,-0.00633959099650383,1.0009170770645142,0.0026680000000000037,0.485019,0.153516,0.156124,0.153777,3.8534507751464844,0.482648,0.155207,0.15787,0.155468,4.570567607879639,nan,1000000
12799,-0.007513255812227726,1.0010918378829956,0.0035179999999999656,0.485863,0.152974,0.155552,0.153233,3.8729164600372314,0.482648,0.155207,0.15787,0.155468,4.570567607879639,nan,1000000
12899,-0.006730024702847004,1.0017127990722656,0.0031789999999999874,0.485536,0.153708,0.15628,0.153983,3.862443447113037,0.482648,0.155207,0.15787,0.155468,4.570567607879639,nan,1000000
12999,-0.0006578376051038504,0.9984755516052246,0.00149100000000002,0.482665,0.154167,0.156784,0.154435,3.8272292613983154,0.482648,0.155207,0.15787,0.155468,4.570567607879639,nan,1000000
13099,-0.007856540381908417,0.9991304278373718,0.004190999999999945,0.486487,0.152906,0.155492,0.153184,3.870107412338257,0.482648,0.155207,0.15787,0.155468,4.570567607879639,nan,1000000
13199,-0.0017991638742387295,0.998911440372467,0.0021459999999999813,0.483995,0.154043,0.156572,0.154271,3.8743999004364014,0.482648,0.155207,0.15787,0.155468,4.570567607879639,nan,1000000
13299,-0.005447939969599247,0.9988898038864136,0.0032720000000000526,0.485468,0.15352,0.156019,0.153747,3.91092586517334,0.482648,0.155207,0.15787,0.155468,4.570567607879639,nan,1000000
13399,0.006178689654916525,0.9971954822540283,0.0043279999999999985,0.479667,0.15584,0.158389,0.156077,3.9095685482025146,0.482648,0.155207,0.15787,0.155468,4.570567607879639,nan,1000000
13499,0.0004174802452325821,0.9998515248298645,0.001342999999999983,0.48344,0.155495,0.157945,0.15573,3.949204683303833,0.482648,0.155207,0.15787,0.155468,4.570567607879639,nan,1000000
13599,-0.001883703749626875,1.0040329694747925,0.0013900000000000023,0.482295,0.155696,0.158261,0.155973,3.9262773990631104,0.482648,0.155207,0.15787,0.155468,4.570567607879639,nan,1000000
13699,-0.008932327851653099,1.0000680685043335,0.0050640000000000684,0.486695,0.152669,0.155148,0.15293,3.9270076751708984,0.482648,0.155207,0.15787,0.155468,4.570567607879639,nan,1000000
13799,-0.0044786022044718266,0.9978154301643372,0.003202999999999956,0.484486,0.153488,0.156104,0.153744,3.9049792289733887,0.482648,0.155207,0.15787,0.155468,4.570567607879639,nan,1000000
13899,0.002809469122439623,1.0013035535812378,0.0019669999999999965,0.481575,0.156393,0.159021,0.156686,3.8919661045074463,0.482648,0.155207,0.15787,0.155468,4.570567607879639,nan,1000000
13999,0.0011213026009500027,1.000711441040039,0.0022540000000000338,0.481023,0.155861,0.158399,0.156109,3.854646921157837,0.482648,0.155207,0.15787,0.155468,4.570567607879639,nan,1000000
14099,0.004587370436638594,1.0025606155395508,0.0022460000000000258,0.480942,0.156856,0.159377,0.157122,3.8447365760803223,0.482648,0.155207,0.15787,0.155468,4.570567607879639,nan,1000000
14199,0.008317600935697556,0.9994918704032898,0.004720999999999975,0.478356,0.157688,0.160337,0.157976,3.793196439743042,0.482648,0.155207,0.15787,0.155468,4.570567607879639,nan,1000000
14299,-0.0026983479037880898,0.9977415204048157,0.0024239999999999817,0.483842,0.154027,0.156544,0.154283,3.7803521156311035,0.482648,0.155207,0.15787,0.155468,4.570567607879639,nan,1000000
14399,-0.002868387382477522,0.9968898296356201,0.002527000000000057,0.483961,0.153677,0.156252,0.153941,3.771822452545166,0.482648,0.155207,0.15787,0.155468,4.570567607879639,nan,1000000
14499,0.0018812394700944424,0.999308705329895,0.001709000000000016,0.48197,0.155525,0.158186,0.155786,3.8231329917907715,0.482648,0.155207,0.15787,0.155468,4.570567607879639,nan,1000000
14599,-0.0007281277794390917,0.9973371624946594,0.002331000000000083,0.484025,0.154448,0.157005,0.154723,3.824035167694092,0.482648,0.155207,0.15787,0.155468,4.570567607879639,nan,1000000
14699,-0.0045636785216629505,0.9999712109565735,0.002607000000000026,0.484537,0.153796,0.156438,0.154063,3.8402750492095947,0.482648,0.155207,0.15787,0.155468,4.570567607879639,nan,1000000
14799,-0.0056267110630869865,1.000759243965149,0.002758000000000038,0.484507,0.154018,0.156567,0.154267,3.831941604614258,0.482648,0.155207,0.15787,0.155468,4.570567607879639,nan,1000000
14899,-0.004246000666171312,1.000347375869751,0.0019339999999999913,0.483381,0.153936,0.1565,0.154196,3.815552234649658,0.482648,0.155207,0.15787,0.155468,4.570567607879639,nan,1000000
14999,0.0018534660339355469,0.99845951795578,0.001684999999999992,0.481826,0.155307,0.157887,0.155574,3.829054355621338,0.482648,0.155207,0.15787,0.155468,4.570567607879639,nan,1000000
15099,0.005438575986772776,0.9979282021522522,0.0029970000000000274,0.480316,0.155719,0.158265,0.155966,3.842353582382202,0.482648,0.155207,0.15787,0.155468,4.570567607879639,nan,1000000
15199,-0.006022555287927389,0.9956827163696289,0.0042000000000000925,0.484922,0.152154,0.154657,0.152417,3.8598575592041016,0.482648,0.155207,0.15787,0.155468,4.570567607879639,nan,1000000
15299,0.0006598150357604027,1.000525712966919,0.001044000000000045,0.48185,0.155334,0.157918,0.155597,3.8718252182006836,0.482648,0.155207,0.15787,0.155468,4.570567607879639,nan,1000000
15399,-0.0005856507923454046,0.9997996091842651,0.0007949999999999902,0.4825,0.155247,0.157737,0.155486,3.885779619216919,0.482648,0.155207,0.15787,0.155468,4.570567607879639,nan,1000000
15499,0.0012994231656193733,0.9992390871047974,0.001908999999999994,0.48123,0.155073,0.157684,0.155338,3.9223287105560303,0.482648,0.155207,0.15787,0.155468,4.570567607879639,nan,1000000
15599,0.0030493615195155144,1.0026450157165527,0.0022250000000000325,0.480592,0.156737,0.159353,0.157,3.9518868923187256,0.482648,0.155207,0.15787,0.155468,4.570567607879639,nan,1000000
15699,0.005512149538844824,1.0009645223617554,0.0028399999999999537,0.480067,0.15687,0.159445,0.157114,3.9492478370666504,0.482648,0.155207,0.15787,0.155468,4.570567607879639,nan,1000000
15799,-0.0062872013077139854,1.0013103485107422,0.002783000000000091,0.484803,0.153931,0.156496,0.15418,3.9370553493499756,0.482648,0.155207,0.15787,0.155468,4.570567607879639,nan,1000000
15899,-0.0006387506145983934,0.9985561370849609,0.0019290000000000695,0.484286,0.155174,0.157679,0.1554,3.9421546459198,0.482648,0.155207,0.15787,0.155468,4.570567607879639,nan,1000000
15999,-0.002971039153635502,0.9997908473014832,0.0020499999999999963,0.484111,0.154367,0.156974,0.154609,3.9365036487579346,0.482648,0.155207,0.15787,0.155468,4.570567607879639,nan,1000000
16099,0.001555842813104391,0.9998390674591064,0.002487000000000017,0.480705,0.155135,0.157641,0.155383,3.9215269088745117,0.482648,0.155207,0.15787,0.155468,4.570567607879639,nan,1000000
16199,-0.0044181253761053085,1.001719355583191,0.0016810000000000436,0.483594,0.154278,0.156891,0.154561,3.92948579788208,0.482648,0.155207,0.15787,0.155468,4.570567607879639,nan,1000000
16299,-0.00012724101543426514,0.9993626475334167,0.0010900000000000354,0.482049,0.154938,0.157516,0.15519,3.9569079875946045,0.482648,0.155207,0.15787,0.155468,4.570567607879639,nan,1000000
16399,0.006096361670643091,0.9991793036460876,0.0033290000000000264,0.479776,0.156441,0.159016,0.156705,3.9652085304260254,0.482648,0.155207,0.15787,0.155468,4.570567607879639,nan,1000000
16499,0.0002177269198000431,0.9986118078231812,0.001643000000000061,0.483644,0.154643,0.157203,0.15487,3.9987008571624756,0.482648,0.155207,0.15787,0.155468,4.570567607879639,nan,1000000
16599,-0.0018483251333236694,0.9966364502906799,0.0018980000000000663,0.483694,0.153653,0.156232,0.153943,4.050817966461182,0.482648,0.155207,0.15787,0.155468,4.570567607879639,nan,1000000
16699,0.0032318225130438805,1.0019011497497559,0.0021100000000000563,0.481602,0.156316,0.158792,0.156562,4.075139999389648,0.482648,0.155207,0.15787,0.155468,4.570567607879639,nan,1000000
16799,0.00017381878569722176,0.9957805275917053,0.0014859999999999873,0.483397,0.154159,0.156746,0.154404,4.0681352615356445,0.482648,0.155207,0.15787,0.155468,4.570567607879639,nan,1000000
16899,0.0008396022021770477,0.9973567128181458,0.0020540000000000003,0.481589,0.154511,0.157146,0.154744,4.057684898376465,0.482648,0.155207,0.15787,0.155468,4.570567607879639,nan,1000000
16999,0.00020560156553983688,1.0025060176849365,0.0013420000000000654,0.482226,0.155815,0.158397,0.156061,4.020749568939209,0.482648,0.155207,0.15787,0.155468,4.570567607879639,nan,1000000
17099,-0.0028757774271070957,0.9991897940635681,0.0026880000000000237,0.485008,0.154638,0.157121,0.154899,4.070350646972656,0.482648,0.155207,0.15787,0.155468,4.570567607879639,nan,1000000
17199,0.0033055152744054794,0.9995933771133423,0.001813000000000009,0.481731,0.155838,0.158396,0.156083,4.083445072174072,0.482648,0.155207,0.15787,0.155468,4.570567607879639,nan,1000000
17299,-0.0036476426757872105,0.9993319511413574,0.0016420000000000323,0.483907,0.154019,0.156552,0.154294,4.086579322814941,0.482648,0.155207,0.15787,0.155468,4.570567607879639,nan,1000000
17399,-0.008087022230029106,0.9991884827613831,0.0034810000000000674,0.485507,0.152347,0.154916,0.15259,4.124105453491211,0.482648,0.155207,0.15787,0.155468,4.570567607879639,nan,1000000
17499,-0.0026703178882598877,1.0015065670013428,0.0020419999999999883,0.483532,0.154561,0.157152,0.154845,4.050636291503906,0.482648,0.155207,0.15787,0.155468,4.570567607879639,nan,1000000
17599,-0.0007933075539767742,0.9985460042953491,0.0015089999999999826,0.483495,0.154076,0.15666,0.154329,4.045262336730957,0.482648,0.155207,0.15787,0.155468,4.570567607879639,nan,1000000
17699,-0.004234361462295055,0.9992527961730957,0.002686999999999995,0.482894,0.152828,0.155354,0.153093,4.067442417144775,0.482648,0.155207,0.15787,0.155468,4.570567607879639,nan,1000000
17799,-0.009279005229473114,1.003095030784607,0.003527000000000058,0.485309,0.15234,0.154866,0.152613,4.138220310211182,0.482648,0.155207,0.15787,0.155468,4.570567607879639,nan,1000000
17899,-0.005339916795492172,1.0021907091140747,0.00303500000000001,0.485401,0.154107,0.156731,0.154361,4.233752250671387,0.482648,0.155207,0.15787,0.155468,4.570567607879639,nan,1000000
17999,0.002591317519545555,1.0008985996246338,0.0022230000000000305,0.481254,0.155226,0.157815,0.155495,4.246497631072998,0.482648,0.155207,0.15787,0.155468,4.570567607879639,nan,1000000
18099,0.0035138153471052647,1.0015060901641846,0.002251000000000003,0.482342,0.156271,0.158823,0.15653,4.3257527351379395,0.482648,0.155207,0.15787,0.155468,4.570567607879639,nan,1000000
18199,-0.016071511432528496,0.9999352097511292,0.007164999999999977,0.489549,0.150769,0.153274,0.150999,4.298117160797119,0.482648,0.155207,0.15787,0.155468,4.570567607879639,nan,1000000
18299,0.00033412035554647446,0.9957985281944275,0.001943000000000028,0.483186,0.153756,0.156248,0.154017,4.2637939453125,0.482648,0.155207,0.15787,0.155468,4.570567607879639,nan,1000000
18399,-0.007713130675256252,0.9991868138313293,0.0040240000000000276,0.486614,0.152912,0.155459,0.153158,4.25763463973999,0.482648,0.155207,0.15787,0.155468,4.570567607879639,nan,1000000
18499,0.0015440736897289753,0.997668445110321,0.000899999999999998,0.482932,0.155188,0.157713,0.155428,4.3135480880737305,0.482648,0.155207,0.15787,0.155468,4.570567607879639,nan,1000000
18599,-0.002592772711068392,0.9977180361747742,0.0019679999999999698,0.484324,0.153929,0.156463,0.154167,4.34334659576416,0.482648,0.155207,0.15787,0.155468,4.570567607879639,nan,1000000
18699,-0.0073686749674379826,0.9992839694023132,0.003660000000000052,0.486103,0.152936,0.155495,0.153218,4.430473804473877,0.482648,0.155207,0.15787,0.155468,4.570567607879639,nan,1000000
18799,-0.006146187894046307,0.9993214011192322,0.003356999999999999,0.485752,0.153204,0.155673,0.153433,4.473123550415039,0.482648,0.155207,0.15787,0.155468,4.570567607879639,nan,1000000
18899,0.0003492129035294056,1.0005940198898315,0.0006880000000000219,0.482814,0.155399,0.157913,0.155667,4.521849155426025,0.482648,0.155207,0.15787,0.155468,4.570567607879639,nan,1000000
18999,-0.004428842570632696,1.0027154684066772,0.0027510000000000034,0.485046,0.154488,0.157073,0.154725,4.556851387023926,0.482648,0.155207,0.15787,0.155468,4.570567607879639,nan,1000000
19099,-0.004275701008737087,0.9973358511924744,0.0029810000000000114,0.484158,0.152895,0.15548,0.153157,4.543046951293945,0.482648,0.155207,0.15787,0.155468,4.570567607879639,nan,1000000
19199,-0.013929735869169235,1.0015395879745483,0.006039999999999934,0.488461,0.151848,0.154339,0.152085,4.491734981536865,0.482648,0.155207,0.15787,0.155468,4.570567607879639,nan,1000000
19299,-0.005108610726892948,0.9984524846076965,0.0035960000000000436,0.484259,0.152504,0.155007,0.152793,4.530636787414551,0.482648,0.155207,0.15787,0.155468,4.570567607879639,nan,1000000
19399,0.0011427756398916245,1.0015445947647095,0.0012460000000000804,0.4817,0.155789,0.158417,0.156041,4.503303050994873,0.482648,0.155207,0.15787,0.155468,4.570567607879639,nan,1000000
19499,-0.005754380486905575,1.000351905822754,0.0029450000000000864,0.485049,0.153606,0.156143,0.153862,4.50779390335083,0.482648,0.155207,0.15787,0.155468,4.570567607879639,nan,1000000
19599,0.001671026460826397,1.003209114074707,0.0016059999999999963,0.481512,0.155971,0.158586,0.156222,4.512116432189941,0.482648,0.155207,0.15787,0.155468,4.570567607879639,nan,1000000
19699,-0.0017364087980240583,1.0017765760421753,0.0016300000000000203,0.483172,0.155054,0.157542,0.155324,4.485096454620361,0.482648,0.155207,0.15787,0.155468,4.570567607879639,nan,1000000
19799,0.005894138012081385,1.0019876956939697,0.002743000000000051,0.480271,0.156557,0.159158,0.156807,4.480071067810059,0.482648,0.155207,0.15787,0.155468,4.570567607879639,nan,1000000
19899,-0.0024596364237368107,1.000836730003357,0.001867000000000063,0.483825,0.154329,0.156822,0.154582,4.531695365905762,0.482648,0.155207,0.15787,0.155468,4.570567607879639,nan,1000000
19999,-0.008629867807030678,1.0026953220367432,0.003703000000000012,0.485797,0.15321,0.155754,0.153469,4.521394729614258,0.482648,0.155207,0.15787,0.155468,4.570567607879639,nan,1000000
20099,0.007304984610527754,0.9966514706611633,0.004881000000000024,0.479033,0.155656,0.158249,0.155908,4.4601593017578125,0.482648,0.155207,0.15787,0.155468,4.570567607879639,nan,1000000
20199,-0.0019016675651073456,1.0019073486328125,0.0017200000000000548,0.483131,0.154243,0.156783,0.154489,4.49221134185791,0.482648,0.155207,0.15787,0.155468,4.570567607879639,nan,1000000
20299,0.002483971882611513,1.0008625984191895,0.0021759999999999557,0.481196,0.155647,0.158265,0.155919,4.471928596496582,0.482648,0.155207,0.15787,0.155468,4.570567607879639,nan,1000000
20399,-0.007851831614971161,1.006888508796692,0.004105000000000025,0.486473,0.154636,0.157168,0.154892,4.501765727996826,0.482648,0.155207,0.15787,0.155468,4.570567607879639,nan,1000000
20499,0.008501997217535973,1.003230094909668,0.003654999999999964,0.48045,0.158343,0.160825,0.15859,4.407277584075928,0.482648,0.155207,0.15787,0.155468,4.570567607879639,nan,1000000
20599,-0.0020572368521243334,1.0012855529785156,0.0012880000000000114,0.48288,0.154905,0.157414,0.155155,4.322378635406494,0.482648,0.155207,0.15787,0.155468,4.570567607879639,nan,1000000
20699,-0.001728168921545148,1.0000238418579102,0.0014280000000000959,0.483597,0.154882,0.157414,0.155117,4.283981800079346,0.482648,0.155207,0.15787,0.155468,4.570567607879639,nan,1000000
20799,0.0025237202644348145,0.998970091342926,0.001605000000000023,0.482239,0.156098,0.158583,0.15635,4.19713830947876,0.482648,0.155207,0.15787,0.155468,4.570567607879639,nan,1000000
20899,0.0014314912259578705,1.0002225637435913,0.0016820000000000168,0.482106,0.155705,0.158236,0.155946,4.098753929138184,0.482648,0.155207,0.15787,0.155468,4.570567607879639,nan,1000000
20999,0.004675813484936953,1.0002464056015015,0.003022999999999998,0.480294,0.15663,0.159219,0.156874,4.177802085876465,0.482648,0.155207,0.15787,0.155468,4.570567607879639,nan,1000000
21099,-0.010433681309223175,1.0060831308364868,0.004902999999999991,0.487328,0.154187,0.156707,0.154438,4.319411754608154,0.482648,0.155207,0.15787,0.155468,4.570567607879639,nan,1000000
21199,0.0053948392160236835,1.0032109022140503,0.0032280000000000086,0.48149,0.15819,0.160793,0.15845,4.352890491485596,0.482648,0.155207,0.15787,0.155468,4.570567607879639,nan,1000000
21299,-0.0006036283448338509,1.0057274103164673,0.002585000000000004,0.484175,0.157251,0.159739,0.15749,4.2960429191589355,0.482648,0.155207,0.15787,0.155468,4.570567607879639,nan,1000000
21399,-0.0007756948471069336,1.001139760017395,0.0011570000000000746,0.483269,0.155751,0.158346,0.156002,4.247677803039551,0.482648,0.155207,0.15787,0.155468,4.570567607879639,nan,1000000
21499,-0.0014273710548877716,1.0004913806915283,0.0011739999999998973,0.483075,0.155381,0.158003,0.155639,4.246132850646973,0.482648,0.155207,0.15787,0.155468,4.570567607879639,nan,1000000
21599,-0.00539943715557456,1.0053297281265259,0.003317999999999932,0.485628,0.155882,0.15847,0.156143,4.2915568351745605,0.482648,0.155207,0.15787,0.155468,4.570567607879639,nan,1000000
21699,0.0016260817646980286,0.9995971918106079,0.0014630000000000476,0.482363,0.156119,0.15867,0.156377,4.280217170715332,0.482648,0.155207,0.15787,0.155468,4.570567607879639,nan,1000000
21799,-0.0007804627530276775,1.0037775039672852,0.0014680000000000248,0.483314,0.156254,0.15882,0.15653,4.276804447174072,0.482648,0.155207,0.15787,0.155468,4.570567607879639,nan,1000000
21899,-0.010864206589758396,1.0059897899627686,0.004607000000000028,0.487097,0.15432,0.15682,0.154546,4.315060138702393,0.482648,0.155207,0.15787,0.155468,4.570567607879639,nan,1000000
21999,0.006515201646834612,0.9998340606689453,0.0029410000000000824,0.481684,0.157659,0.160174,0.157908,4.2822370529174805,0.482648,0.155207,0.15787,0.155468,4.570567607879639,nan,1000000
22099,-0.0013226289302110672,1.0012016296386719,0.0012290000000000356,0.483483,0.155709,0.158253,0.155949,4.27646541595459,0.482648,0.155207,0.15787,0.155468,4.570567607879639,nan,1000000
22199,0.0003921492025256157,1.000451683998108,0.0014760000000000328,0.483435,0.156217,0.158764,0.156456,4.281440258026123,0.482648,0.155207,0.15787,0.155468,4.570567607879639,nan,1000000
22299,0.005291816312819719,0.997464120388031,0.003485000000000016,0.4811,0.156405,0.158946,0.156657,4.259992599487305,0.482648,0.155207,0.15787,0.155468,4.570567607879639,nan,1000000
22399,-0.0068487804383039474,1.0027767419815063,0.0030940000000000134,0.485269,0.154698,0.157234,0.154947,4.2364630699157715,0.482648,0.155207,0.15787,0.155468,4.570567607879639,nan,1000000
22499,0.0006430693902075291,1.003767967224121,0.0025079999999999547,0.483501,0.157021,0.159618,0.157264,4.250988483428955,0.482648,0.155207,0.15787,0.155468,4.570567607879639,nan,1000000
22599,-0.0003732845652848482,1.0021611452102661,0.0016820000000000168,0.482768,0.156423,0.158938,0.156666,4.2115159034729,0.482648,0.155207,0.15787,0.155468,4.570567607879639,nan,1000000
22699,0.004760023672133684,1.002049446105957,0.002975000000000061,0.481277,0.157694,0.160252,0.157953,4.216617584228516,0.482648,0.155207,0.15787,0.155468,4.570567607879639,nan,1000000
22799,-0.0005494889337569475,1.0032373666763306,0.0022199999999999998,0.483763,0.156859,0.159436,0.157115,4.187398433685303,0.482648,0.155207,0.15787,0.155468,4.570567607879639,nan,1000000
22899,0.0017569512128829956,1.0016268491744995,0.002166999999999919,0.482063,0.156764,0.159317,0.156996,4.161922931671143,0.482648,0.155207,0.15787,0.155468,4.570567607879639,nan,1000000
22999,-0.0024070716463029385,1.0040351152420044,0.002337999999999979,0.483996,0.156245,0.158881,0.156521,4.164162635803223,0.482648,0.155207,0.15787,0.155468,4.570567607879639,nan,1000000
23099,0.0009098974987864494,1.0018413066864014,0.0019950000000000245,0.481624,0.156087,0.158616,0.156324,4.140264511108398,0.482648,0.155207,0.15787,0.155468,4.570567607879639,nan,1000000
23199,0.007174003403633833,1.0012458562850952,0.003363000000000005,0.480817,0.158062,0.160623,0.158302,4.125021934509277,0.482648,0.155207,0.15787,0.155468,4.570567607879639,nan,1000000
23299,0.006266393233090639,1.0061026811599731,0.004163000000000028,0.480972,0.158922,0.161555,0.159161,4.137368679046631,0.482648,0.155207,0.15787,0.155468,4.570567607879639,nan,1000000
23399,0.007305399049073458,0.9992496967315674,0.0028559999999999697,0.480741,0.157713,0.160244,0.15797,4.126457691192627,0.482648,0.155207,0.15787,0.155468,4.570567607879639,nan,1000000
23499,0.0030402946285903454,0.9998392462730408,0.0020010000000000305,0.48186,0.156802,0.1594,0.157073,4.140933513641357,0.482648,0.155207,0.15787,0.155468,4.570567607879639,nan,1000000
23599,0.00358223682269454,1.001605749130249,0.0023900000000000032,0.481544,0.157033,0.159622,0.157279,4.155264854431152,0.482648,0.155207,0.15787,0.155468,4.570567607879639,nan,1000000
23699,-0.0032581211999058723,1.0017011165618896,0.0025320000000000342,0.484871,0.155697,0.158232,0.155963,4.097951889038086,0.482648,0.155207,0.15787,0.155468,4.570567607879639,nan,1000000
23799,0.004313669633120298,1.0004005432128906,0.002407000000000048,0.481706,0.157179,0.159655,0.157428,4.13154935836792,0.482648,0.155207,0.15787,0.155468,4.570567607879639,nan,1000000
23899,-0.0035488749854266644,1.0031638145446777,0.002150000000000013,0.484091,0.155592,0.158216,0.155832,4.17156457901001,0.482648,0.155207,0.15787,0.155468,4.570567607879639,nan,1000000
23999,-0.003023340366780758,0.9997265338897705,0.001949000000000034,0.484296,0.154899,0.157492,0.155152,4.135085582733154,0.482648,0.155207,0.15787,0.155468,4.570567607879639,nan,1000000
24099,-0.010093143209815025,1.0017125606536865,0.004557000000000033,0.486719,0.153493,0.156028,0.153751,4.10746955871582,0.482648,0.155207,0.15787,0.155468,4.570567607879639,nan,1000000
24199,0.004936886485666037,1.0013782978057861,0.002710999999999908,0.481967,0.157523,0.160048,0.157761,4.25825834274292,0.482648,0.155207,0.15787,0.155468,4.570567607879639,nan,1000000
24299,0.002285121940076351,0.999927818775177,0.0016319999999999668,0.482434,0.156458,0.158979,0.156697,4.2284746170043945,0.482648,0.155207,0.15787,0.155468,4.570567607879639,nan,1000000
24399,-0.007626902312040329,1.0039161443710327,0.0033929999999999794,0.48572,0.154401,0.156947,0.154665,4.238496780395508,0.482648,0.155207,0.15787,0.155468,4.570567607879639,nan,1000000
24499,-0.0030092911329120398,1.0017019510269165,0.0014739999999999753,0.483711,0.154862,0.157329,0.155102,4.1489434242248535,0.482648,0.155207,0.15787,0.155468,4.570567607879639,nan,1000000
24599,0.0017641661688685417,1.0001285076141357,0.001048000000000049,0.482059,0.155872,0.158393,0.156167,4.155170440673828,0.482648,0.155207,0.15787,0.155468,4.570567607879639,nan,1000000
24699,0.0009367046877741814,1.0017141103744507,0.0014370000000000216,0.482879,0.156147,0.158674,0.156396,4.225619316101074,0.482648,0.155207,0.15787,0.155468,4.570567607879639,nan,1000000
24799,0.002441949211061001,0.9999427199363708,0.0016280000000000183,0.48135,0.155898,0.158515,0.156159,4.277568340301514,0.482648,0.155207,0.15787,0.155468,4.570567607879639,nan,1000000
24899,0.007489807438105345,0.9997996091842651,0.0031039999999999957,0.47971,0.157408,0.159911,0.157685,4.279703140258789,0.482648,0.155207,0.15787,0.155468,4.570567607879639,nan,1000000
24999,0.003979077097028494,1.0025546550750732,0.0024719999999999187,0.481202,0.157281,0.159873,0.157532,4.3264241218566895,0.482648,0.155207,0.15787,0.155468,4.570567607879639,nan,1000000
25099,-0.0008410005830228329,1.0015283823013306,0.0011260000000000159,0.482749,0.155412,0.157939,0.155674,4.313497543334961,0.482648,0.155207,0.15787,0.155468,4.570567607879639,nan,1000000
25199,-0.009610412642359734,1.0034980773925781,0.004206999999999961,0.485891,0.153606,0.156107,0.153843,4.299007892608643,0.482648,0.155207,0.15787,0.155468,4.570567607879639,nan,1000000
25299,-0.0034588919952511787,1.0035276412963867,0.001930000000000015,0.483072,0.154989,0.157446,0.15521,4.290457725524902,0.482648,0.155207,0.15787,0.155468,4.570567607879639,nan,1000000
25399,0.0010588029399514198,1.0017844438552856,0.0011560000000000459,0.482176,0.155933,0.158435,0.156188,4.30911111831665,0.482648,0.155207,0.15787,0.155468,4.570567607879639,nan,1000000
25499,0.005842630285769701,1.0019233226776123,0.0033560000000000256,0.479749,0.157123,0.159757,0.157396,4.288655757904053,0.482648,0.155207,0.15787,0.155468,4.570567607879639,nan,1000000
25599,-0.005113356746733189,1.0040843486785889,0.0026880000000000237,0.484293,0.154857,0.157403,0.155105,4.236620903015137,0.482648,0.155207,0.15787,0.155468,4.570567607879639,nan,1000000
25699,-0.0009007377084344625,0.9998311400413513,0.0008309999999999707,0.482979,0.154988,0.157496,0.155253,4.22409725189209,0.482648,0.155207,0.15787,0.155468,4.570567607879639,nan,1000000
25799,-0.008269814774394035,1.0017879009246826,0.003689999999999971,0.485739,0.153578,0.156133,0.153844,4.238026142120361,0.482648,0.155207,0.15787,0.155468,4.570567607879639,nan,1000000
25899,0.006972047034651041,0.997768759727478,0.003603000000000023,0.479145,0.156261,0.158863,0.15654,4.225131988525391,0.482648,0.155207,0.15787,0.155468,4.570567607879639,nan,1000000
25999,0.0026486855931580067,1.0005390644073486,0.0021780000000000133,0.481152,0.155978,0.158427,0.15624,4.272846221923828,0.482648,0.155207,0.15787,0.155468,4.570567607879639,nan,1000000
26099,0.007488972041755915,0.9991590976715088,0.003361999999999976,0.479661,0.156955,0.15951,0.157208,4.281290054321289,0.482648,0.155207,0.15787,0.155468,4.570567607879639,nan,1000000
26199,0.0008105668239295483,0.9995933175086975,0.0007149999999999934,0.482687,0.155313,0.157838,0.155552,4.241069316864014,0.482648,0.155207,0.15787,0.155468,4.570567607879639,nan,1000000
26299,0.001586338970810175,1.0011800527572632,0.0017439999999999678,0.481674,0.155905,0.158493,0.15616,4.252009868621826,0.482648,0.155207,0.15787,0.155468,4.570567607879639,nan,1000000
26399,0.0009271940216422081,1.001600980758667,0.0015060000000000073,0.482022,0.15582,0.158406,0.156054,4.279604434967041,0.482648,0.155207,0.15787,0.155468,4.570567607879639,nan,1000000
26499,0.0003528245724737644,1.0038883686065674,0.0015529999999999988,0.482615,0.155933,0.15845,0.156194,4.314014911651611,0.482648,0.155207,0.15787,0.155468,4.570567607879639,nan,1000000
26599,-0.009913838468492031,1.0037086009979248,0.0040840000000000876,0.486203,0.153139,0.155632,0.1534,4.278164863586426,0.482648,0.155207,0.15787,0.155468,4.570567607879639,nan,1000000
26699,0.0012836568057537079,1.0028246641159058,0.0011740000000000084,0.482117,0.155843,0.158358,0.156077,4.344392776489258,0.482648,0.155207,0.15787,0.155468,4.570567607879639,nan,1000000
26799,0.002692937385290861,0.9971203804016113,0.0021080000000000543,0.481329,0.154953,0.157495,0.155197,4.381701946258545,0.482648,0.155207,0.15787,0.155468,4.570567607879639,nan,1000000
26899,0.005555107723921537,0.9964192509651184,0.0036550000000000193,0.479761,0.155581,0.158075,0.15584,4.375153064727783,0.482648,0.155207,0.15787,0.155468,4.570567607879639,nan,1000000
26999,-0.004341465421020985,1.0035756826400757,0.0027690000000000214,0.484221,0.154811,0.157345,0.155037,4.366243839263916,0.482648,0.155207,0.15787,0.155468,4.570567607879639,nan,1000000
27099,-0.001242176629602909,1.00388503074646,0.002016999999999991,0.482758,0.155581,0.158116,0.155826,4.374905586242676,0.482648,0.155207,0.15787,0.155468,4.570567607879639,nan,1000000
27199,0.000401331577450037,1.002841591835022,0.0014530000000000098,0.48227,0.155882,0.158407,0.156109,4.391836643218994,0.482648,0.155207,0.15787,0.155468,4.570567607879639,nan,1000000
27299,0.0031868116930127144,0.9989423751831055,0.0033270000000000244,0.480206,0.155537,0.15804,0.155805,4.38315486907959,0.482648,0.155207,0.15787,0.155468,4.570567607879639,nan,1000000
27399,0.009466348215937614,0.9995971918106079,0.004361000000000004,0.47909,0.157456,0.160049,0.157712,4.406469821929932,0.482648,0.155207,0.15787,0.155468,4.570567607879639,nan,1000000
27499,-0.005763867869973183,1.0009384155273438,0.00237900000000002,0.483611,0.153648,0.156164,0.153878,4.378468036651611,0.482648,0.155207,0.15787,0.155468,4.570567607879639,nan,1000000
27599,-0.0010852138511836529,1.0012145042419434,0.0013060000000000016,0.482319,0.154974,0.157537,0.155234,4.351419448852539,0.482648,0.155207,0.15787,0.155468,4.570567607879639,nan,1000000
27699,-0.003980208188295364,1.003818392753601,0.0025620000000000087,0.483984,0.154967,0.157597,0.155238,4.360301494598389,0.482648,0.155207,0.15787,0.155468,4.570567607879639,nan,1000000
27799,-0.0014358845073729753,1.0037084817886353,0.0019430000000000003,0.483379,0.155627,0.158226,0.155895,4.355273723602295,0.482648,0.155207,0.15787,0.155468,4.570567607879639,nan,1000000
27899,-0.0011793815065175295,1.0017739534378052,0.0015680000000000138,0.482855,0.155405,0.157992,0.155669,4.333792209625244,0.482648,0.155207,0.15787,0.155468,4.570567607879639,nan,1000000
27999,0.008112374693155289,1.0011540651321411,0.004553000000000029,0.478708,0.157498,0.160106,0.157758,4.331502914428711,0.482648,0.155207,0.15787,0.155468,4.570567607879639,nan,1000000
28099,-0.0013109268620610237,0.9997509717941284,0.0015460000000000473,0.48237,0.15438,0.15693,0.154658,4.329052448272705,0.482648,0.155207,0.15787,0.155468,4.570567607879639,nan,1000000
28199,-0.005575583316385746,0.9999809265136719,0.0031170000000000364,0.484829,0.153772,0.156295,0.154048,4.314620018005371,0.482648,0.155207,0.15787,0.155468,4.570567607879639,nan,1000000
28299,-0.0007746061310172081,1.0030595064163208,0.00146099999999999,0.483078,0.155833,0.158474,0.156107,4.321316242218018,0.482648,0.155207,0.15787,0.155468,4.570567607879639,nan,1000000
28399,0.0008824234828352928,1.0007022619247437,0.0012840000000000074,0.482163,0.155603,0.158182,0.155827,4.327812671661377,0.482648,0.155207,0.15787,0.155468,4.570567607879639,nan,1000000
28499,-0.008394693955779076,1.001096487045288,0.004209000000000018,0.486221,0.153112,0.15569,0.153377,4.336056709289551,0.482648,0.155207,0.15787,0.155468,4.570567607879639,nan,1000000
28599,0.0062751187942922115,1.0016720294952393,0.0030030000000000334,0.480198,0.157421,0.160024,0.157694,4.3098931312561035,0.482648,0.155207,0.15787,0.155468,4.570567607879639,nan,1000000
28699,0.0072661698795855045,1.0004225969314575,0.00407200000000002,0.479068,0.157028,0.159648,0.157299,4.3105597496032715,0.482648,0.155207,0.15787,0.155468,4.570567607879639,nan,1000000
28799,-0.0063469489105045795,1.0035587549209595,0.003031000000000006,0.485263,0.154459,0.157018,0.154718,4.317924976348877,0.482648,0.155207,0.15787,0.155468,4.570567607879639,nan,1000000
28899,-0.004518882371485233,1.0016472339630127,0.0022780000000000022,0.484467,0.15447,0.157057,0.154745,4.325194358825684,0.482648,0.155207,0.15787,0.155468,4.570567607879639,nan,1000000
28999,0.005348303820937872,1.0009251832962036,0.002452999999999983,0.480807,0.156916,0.159454,0.157163,4.300146579742432,0.482648,0.155207,0.15787,0.155468,4.570567607879639,nan,1000000
29099,-0.0074848150834441185,1.002805471420288,0.003576999999999997,0.485838,0.154213,0.15674,0.154467,4.2663655281066895,0.482648,0.155207,0.15787,0.155468,4.570567607879639,nan,1000000
29199,9.762169793248177e-05,1.000920057296753,0.0008290000000000033,0.482511,0.155386,0.157949,0.155621,4.263932704925537,0.482648,0.155207,0.15787,0.155468,4.570567607879639,nan,1000000
29299,0.0018918472342193127,1.0011051893234253,0.0015100000000000113,0.481937,0.155976,0.15844,0.156211,4.285404682159424,0.482648,0.155207,0.15787,0.155468,4.570567607879639,nan,1000000
29399,0.003476198296993971,0.998188316822052,0.0022760000000000002,0.481121,0.155828,0.15848,0.156104,4.276366233825684,0.482648,0.155207,0.15787,0.155468,4.570567607879639,nan,1000000
29499,-0.000517603475600481,1.0006428956985474,0.0009989999999999721,0.483293,0.155452,0.158041,0.155736,4.261306285858154,0.482648,0.155207,0.15787,0.155468,4.570567607879639,nan,1000000
29599,-0.0014784466475248337,1.0017645359039307,0.0014290000000000136,0.48368,0.155739,0.15824,0.156002,4.264906406402588,0.482648,0.155207,0.15787,0.155468,4.570567607879639,nan,1000000
29699,0.0015830062329769135,1.0009535551071167,0.0014020000000000143,0.482627,0.156227,0.158764,0.15647,4.252939701080322,0.482648,0.155207,0.15787,0.155468,4.570567607879639,nan,1000000
29799,-0.002726732986047864,1.0012849569320679,0.0018019999999999703,0.484024,0.154757,0.157299,0.155,4.245604991912842,0.482648,0.155207,0.15787,0.155468,4.570567607879639,nan,1000000
29899,-0.0009706390555948019,1.004422664642334,0.0016060000000000033,0.483129,0.155994,0.158537,0.156246,4.256598949432373,0.482648,0.155207,0.15787,0.155468,4.570567607879639,nan,1000000
29999,-0.01563783921301365,1.0007836818695068,0.0069270000000000165,0.489002,0.151194,0.15369,0.151435,4.2530317306518555,0.482648,0.155207,0.15787,0.155468,4.570567607879639,nan,1000000
30099,-0.0071279872208833694,0.999807596206665,0.00361800000000001,0.485766,0.153048,0.15559,0.153322,4.250627040863037,0.482648,0.155207,0.15787,0.155468,4.570567607879639,nan,1000000
30199,-0.007741902023553848,1.001105546951294,0.003697999999999979,0.485989,0.153183,0.155762,0.153437,4.250074863433838,0.482648,0.155207,0.15787,0.155468,4.570567607879639,nan,1000000
30299,0.0021125362254679203,1.0018715858459473,0.0014780000000000904,0.482306,0.15638,0.15895,0.15664,4.2391533851623535,0.482648,0.155207,0.15787,0.155468,4.570567607879639,nan,1000000
30399,0.007550321985036135,0.9964370131492615,0.003695000000000004,0.479839,0.156577,0.159193,0.156836,4.23008394241333,0.482648,0.155207,0.15787,0.155468,4.570567607879639,nan,1000000
30499,-0.0019054189324378967,1.0007760524749756,0.0015020000000000033,0.483977,0.155111,0.157717,0.155356,4.222426891326904,0.482648,0.155207,0.15787,0.155468,4.570567607879639,nan,1000000
30599,-0.0013935393653810024,1.002583622932434,0.0014299999999999868,0.483799,0.15561,0.158237,0.155872,4.219621181488037,0.482648,0.155207,0.15787,0.155468,4.570567607879639,nan,1000000
30699,0.00017577176913619041,1.002112865447998,0.0013350000000000861,0.483233,0.156101,0.158689,0.156359,4.215965747833252,0.482648,0.155207,0.15787,0.155468,4.570567607879639,nan,1000000
30799,-0.0024974895641207695,1.0032880306243896,0.0016409999999999966,0.483561,0.155465,0.158072,0.155722,4.220262050628662,0.482648,0.155207,0.15787,0.155468,4.570567607879639,nan,1000000
30899,-0.0013676846865564585,1.0017833709716797,0.0012500000000000011,0.483627,0.155499,0.158104,0.15577,4.193907260894775,0.482648,0.155207,0.15787,0.155468,4.570567607879639,nan,1000000
30999,0.004828426521271467,0.9991188645362854,0.002579999999999999,0.481602,0.156531,0.159041,0.156758,4.201262474060059,0.482648,0.155207,0.15787,0.155468,4.570567607879639,nan,1000000
31099,0.0021670139394700527,1.0010707378387451,0.0015359999999999818,0.482008,0.156293,0.158905,0.156549,4.186002731323242,0.482648,0.155207,0.15787,0.155468,4.570567607879639,nan,1000000
31199,-0.010817954316735268,1.0030487775802612,0.004348999999999992,0.486689,0.153276,0.155859,0.15353,4.184230327606201,0.482648,0.155207,0.15787,0.155468,4.570567607879639,nan,1000000
31299,0.002576221711933613,1.001579761505127,0.0017710000000000226,0.481872,0.156298,0.158846,0.156552,4.162580490112305,0.482648,0.155207,0.15787,0.155468,4.570567607879639,nan,1000000
31399,0.009196318686008453,0.9997137784957886,0.004070000000000018,0.479307,0.157612,0.1602,0.157904,4.131038665771484,0.482648,0.155207,0.15787,0.155468,4.570567607879639,nan,1000000
31499,0.0001892787404358387,0.9995882511138916,0.0009029999999999871,0.482732,0.155258,0.157808,0.155524,4.090054035186768,0.482648,0.155207,0.15787,0.155468,4.570567607879639,nan,1000000
31599,-0.002899669110774994,0.9993668794631958,0.0018680000000000918,0.483657,0.154266,0.156811,0.154528,4.107168674468994,0.482648,0.155207,0.15787,0.155468,4.570567607879639,nan,1000000
31699,-0.001226075692102313,1.0022072792053223,0.0014470000000000038,0.48314,0.155599,0.158193,0.155863,4.103310585021973,0.482648,0.155207,0.15787,0.155468,4.570567607879639,nan,1000000
31799,-0.010713785886764526,1.0001190900802612,0.003703000000000012,0.486137,0.152627,0.155156,0.15289,4.1085309982299805,0.482648,0.155207,0.15787,0.155468,4.570567607879639,nan,1000000
31899,-0.009339132346212864,0.9997958540916443,0.0036760000000000126,0.485836,0.152708,0.155272,0.15294,4.1463165283203125,0.482648,0.155207,0.15787,0.155468,4.570567607879639,nan,1000000
31999,-0.003458129009231925,1.001118540763855,0.0017520000000000036,0.483972,0.154675,0.157322,0.154959,4.1620659828186035,0.482648,0.155207,0.15787,0.155468,4.570567607879639,nan,1000000
32099,0.00792851485311985,1.000901222229004,0.0034650000000000514,0.479623,0.157759,0.16037,0.158029,4.183380126953125,0.482648,0.155207,0.15787,0.155468,4.570567607879639,nan,1000000
32199,-0.0012954841367900372,1.0010336637496948,0.0010890000000000066,0.483463,0.155525,0.158167,0.15581,4.158957004547119,0.482648,0.155207,0.15787,0.155468,4.570567607879639,nan,1000000
32299,0.0070288716815412045,1.0007482767105103,0.003027000000000002,0.480377,0.157698,0.160311,0.157945,4.124079704284668,0.482648,0.155207,0.15787,0.155468,4.570567607879639,nan,1000000
32399,-0.011022955179214478,1.002817153930664,0.0045820000000000305,0.486916,0.153418,0.156016,0.153659,4.076006889343262,0.482648,0.155207,0.15787,0.155468,4.570567607879639,nan,1000000
32499,-0.0029140757396817207,1.0005658864974976,0.001345999999999986,0.483801,0.154794,0.157473,0.155078,4.093590259552002,0.482648,0.155207,0.15787,0.155468,4.570567607879639,nan,1000000
32599,-0.002949533285573125,1.0001903772354126,0.0019419999999999993,0.484285,0.155057,0.157518,0.155296,4.067850112915039,0.482648,0.155207,0.15787,0.155468,4.570567607879639,nan,1000000
32699,-0.004618316423147917,0.998683750629425,0.002539000000000069,0.484786,0.154143,0.156624,0.154357,4.026006698608398,0.482648,0.155207,0.15787,0.155468,4.570567607879639,nan,1000000
32799,-0.015606550499796867,1.003060221672058,0.0065090000000000425,0.48863,0.152394,0.154919,0.152648,4.037850379943848,0.482648,0.155207,0.15787,0.155468,4.570567607879639,nan,1000000
32899,0.0018160301260650158,0.9996883869171143,0.0017340000000000133,0.481779,0.155872,0.158326,0.156147,4.069019317626953,0.482648,0.155207,0.15787,0.155468,4.570567607879639,nan,1000000
32999,0.00416475860401988,0.9979668855667114,0.0022809999999999775,0.481281,0.156059,0.158606,0.156312,4.044651031494141,0.482648,0.155207,0.15787,0.155468,4.570567607879639,nan,1000000
33099,-0.0029890304431319237,1.0017963647842407,0.001916000000000001,0.483948,0.155245,0.15785,0.155494,4.018865585327148,0.482648,0.155207,0.15787,0.155468,4.570567607879639,nan,1000000
33199,-0.003701060079038143,1.0019160509109497,0.0021879999999999955,0.484094,0.154953,0.157512,0.155218,4.092152118682861,0.482648,0.155207,0.15787,0.155468,4.570567607879639,nan,1000000
33299,-0.003253569360822439,0.9995540380477905,0.001831000000000027,0.484124,0.154387,0.156956,0.154647,4.091705322265625,0.482648,0.155207,0.15787,0.155468,4.570567607879639,nan,1000000
33399,-0.015339799225330353,0.9990826845169067,0.006193000000000004,0.488405,0.151282,0.153873,0.151526,4.103115558624268,0.482648,0.155207,0.15787,0.155468,4.570567607879639,nan,1000000
33499,-0.004008356481790543,1.0016541481018066,0.0021639999999999993,0.484349,0.154742,0.15732,0.15498,4.172403812408447,0.482648,0.155207,0.15787,0.155468,4.570567607879639,nan,1000000
33599,-0.009971432387828827,1.0023338794708252,0.004085000000000005,0.486486,0.153255,0.155802,0.153511,4.1967668533325195,0.482648,0.155207,0.15787,0.155468,4.570567607879639,nan,1000000
33699,-0.0030424660071730614,1.0015238523483276,0.0020509999999999973,0.483888,0.155157,0.157731,0.155427,4.228120803833008,0.482648,0.155207,0.15787,0.155468,4.570567607879639,nan,1000000
33799,-0.01833365485072136,1.001656174659729,0.0070209999999999995,0.489394,0.150791,0.153291,0.151029,4.247195243835449,0.482648,0.155207,0.15787,0.155468,4.570567607879639,nan,1000000
33899,0.0034981518983840942,1.0007448196411133,0.0019299999999999873,0.481282,0.156272,0.158876,0.156532,4.253002166748047,0.482648,0.155207,0.15787,0.155468,4.570567607879639,nan,1000000
33999,0.0063118101097643375,1.0009726285934448,0.003462999999999994,0.479782,0.157241,0.159839,0.157506,4.255759239196777,0.482648,0.155207,0.15787,0.155468,4.570567607879639,nan,1000000
34099,-0.0007427183445543051,1.0021693706512451,0.0016380000000000006,0.483039,0.155876,0.158365,0.156124,4.23175048828125,0.482648,0.155207,0.15787,0.155468,4.570567607879639,nan,1000000
34199,0.0027614166028797626,0.9997791647911072,0.0012700000000000489,0.481567,0.155801,0.158447,0.156071,4.2618489265441895,0.482648,0.155207,0.15787,0.155468,4.570567607879639,nan,1000000
34299,-0.001509741647168994,1.000889778137207,0.0015170000000000183,0.482824,0.155199,0.15777,0.155441,4.260498046875,0.482648,0.155207,0.15787,0.155468,4.570567607879639,nan,1000000
34399,0.005243197549134493,0.9995654225349426,0.0021419999999999773,0.480744,0.156864,0.159392,0.157136,4.235245704650879,0.482648,0.155207,0.15787,0.155468,4.570567607879639,nan,1000000
34499,-0.001491013215854764,0.998928964138031,0.0012719999999999954,0.483456,0.155311,0.157905,0.155569,4.255250930786133,0.482648,0.155207,0.15787,0.155468,4.570567607879639,nan,1000000
34599,-0.00910701509565115,1.0009335279464722,0.0037279999999999536,0.485885,0.153658,0.156169,0.153906,4.262918949127197,0.482648,0.155207,0.15787,0.155468,4.570567607879639,nan,1000000
34699,-0.0013853742275387049,1.0015372037887573,0.001461999999999991,0.483364,0.155531,0.158125,0.1558,4.286722183227539,0.482648,0.155207,0.15787,0.155468,4.570567607879639,nan,1000000
34799,0.009796487167477608,1.0007236003875732,0.0039639999999999675,0.47901,0.158563,0.161202,0.158841,4.2926764488220215,0.482648,0.155207,0.15787,0.155468,4.570567607879639,nan,1000000
34899,-0.000427858904004097,1.0030800104141235,0.00170300000000001,0.482765,0.156541,0.159087,0.156762,4.281974792480469,0.482648,0.155207,0.15787,0.155468,4.570567607879639,nan,1000000
34999,-5.751848220825195e-05,1.004721999168396,0.0020720000000000183,0.482358,0.156749,0.159425,0.157038,4.289945602416992,0.482648,0.155207,0.15787,0.155468,4.570567607879639,nan,1000000
35099,-0.0008562679868191481,0.9993516802787781,0.0011220000000000119,0.482961,0.155219,0.157801,0.155483,4.246579647064209,0.482648,0.155207,0.15787,0.155468,4.570567607879639,nan,1000000
35199,0.006890009623020887,1.0025861263275146,0.003491000000000022,0.479739,0.15812,0.160752,0.158383,4.245202541351318,0.482648,0.155207,0.15787,0.155468,4.570567607879639,nan,1000000
35299,-0.0011366999242454767,1.0032819509506226,0.0019760000000000055,0.483152,0.155972,0.158565,0.15625,4.18275260925293,0.482648,0.155207,0.15787,0.155468,4.570567607879639,nan,1000000
35399,0.0022202143445611,1.0054574012756348,0.002647000000000066,0.48156,0.157469,0.16013,0.157733,4.134860515594482,0.482648,0.155207,0.15787,0.155468,4.570567607879639,nan,1000000
35499,0.0018162205815315247,1.002974033355713,0.0020700000000000163,0.481593,0.156776,0.159282,0.157033,4.073616981506348,0.482648,0.155207,0.15787,0.155468,4.570567607879639,nan,1000000
35599,0.0035107899457216263,1.0034106969833374,0.0026120000000000587,0.481414,0.157257,0.159874,0.157504,4.084262371063232,0.482648,0.155207,0.15787,0.155468,4.570567607879639,nan,1000000
35699,-0.003861287608742714,1.004433035850525,0.0032360000000000166,0.484043,0.155537,0.158054,0.155813,4.062160015106201,0.482648,0.155207,0.15787,0.155468,4.570567607879639,nan,1000000
35799,0.005091571714729071,1.0008879899978638,0.0031360000000000277,0.479794,0.156655,0.15922,0.156892,4.040548801422119,0.482648,0.155207,0.15787,0.155468,4.570567607879639,nan,1000000
35899,0.007304435130208731,0.9990168809890747,0.0037550000000000083,0.47893,0.156565,0.159171,0.15683,4.0374274253845215,0.482648,0.155207,0.15787,0.155468,4.570567607879639,nan,1000000
35999,-0.005954487714916468,1.0024054050445557,0.003243999999999997,0.484816,0.15429,0.156851,0.154522,4.0440802574157715,0.482648,0.155207,0.15787,0.155468,4.570567607879639,nan,1000000
36099,-0.0009688879363238811,1.002474069595337,0.0021190000000000098,0.482008,0.155555,0.158172,0.155821,4.000250339508057,0.482648,0.155207,0.15787,0.155468,4.570567607879639,nan,1000000
36199,-0.001487718429416418,1.0025765895843506,0.0021250000000000158,0.483134,0.155624,0.15821,0.155927,3.9953699111938477,0.482648,0.155207,0.15787,0.155468,4.570567607879639,nan,1000000
36299,-0.0020493834745138884,1.0013760328292847,0.0016579999999999928,0.482905,0.154915,0.157436,0.155162,3.9749715328216553,0.482648,0.155207,0.15787,0.155468,4.570567607879639,nan,1000000
36399,-0.005211587063968182,1.0021376609802246,0.0026109999999999745,0.48405,0.15421,0.156805,0.154463,3.9944827556610107,0.482648,0.155207,0.15787,0.155468,4.570567607879639,nan,1000000
36499,0.0027849855832755566,0.9994264841079712,0.0019689999999999985,0.481759,0.15589,0.15843,0.156153,4.025737762451172,0.482648,0.155207,0.15787,0.155468,4.570567607879639,nan,1000000
36599,0.006331606302410364,0.9960089921951294,0.003386,0.479896,0.155661,0.158275,0.155923,4.0356316566467285,0.482648,0.155207,0.15787,0.155468,4.570567607879639,nan,1000000
36699,-0.002885408466681838,1.003679871559143,0.0023160000000000125,0.483747,0.155247,0.157842,0.155503,4.048127174377441,0.482648,0.155207,0.15787,0.155468,4.570567607879639,nan,1000000
36799,-0.004034531768411398,1.0015321969985962,0.002124999999999988,0.483724,0.154325,0.156917,0.154592,4.068026542663574,0.482648,0.155207,0.15787,0.155468,4.570567607879639,nan,1000000
36899,0.0034072748385369778,1.0045148134231567,0.00323400000000007,0.481412,0.15733,0.159941,0.157585,4.060314655303955,0.482648,0.155207,0.15787,0.155468,4.570567607879639,nan,1000000
36999,-0.002218452515080571,0.9996048808097839,0.0012300000000000089,0.483556,0.154523,0.157047,0.154793,4.070252418518066,0.482648,0.155207,0.15787,0.155468,4.570567607879639,nan,1000000
37099,-0.014753144234418869,1.002349853515625,0.006115000000000037,0.48842,0.151944,0.154456,0.152175,4.056916236877441,0.482648,0.155207,0.15787,0.155468,4.570567607879639,nan,1000000
37199,0.0018494795076549053,1.0030386447906494,0.0026479999999999837,0.482129,0.156635,0.15924,0.156881,4.068430423736572,0.482648,0.155207,0.15787,0.155468,4.570567607879639,nan,1000000
37299,3.705918788909912e-05,1.0046625137329102,0.0022340000000000693,0.482699,0.156237,0.158872,0.156508,4.052353382110596,0.482648,0.155207,0.15787,0.155468,4.570567607879639,nan,1000000
37399,-0.006616449914872646,1.0028358697891235,0.002901999999999988,0.484751,0.153949,0.156438,0.154203,4.045092582702637,0.482648,0.155207,0.15787,0.155468,4.570567607879639,nan,1000000
37499,0.006462323013693094,1.0011712312698364,0.0036249999999999893,0.480298,0.157256,0.15981,0.157515,4.019406795501709,0.482648,0.155207,0.15787,0.155468,4.570567607879639,nan,1000000
37599,0.008226774632930756,1.0033562183380127,0.004457999999999962,0.479975,0.158486,0.161052,0.158765,4.0207977294921875,0.482648,0.155207,0.15787,0.155468,4.570567607879639,nan,1000000
37699,-0.00698234373703599,1.002272129058838,0.0030810000000000004,0.485076,0.153821,0.15633,0.154065,4.005058765411377,0.482648,0.155207,0.15787,0.155468,4.570567607879639,nan,1000000
37799,0.009515199810266495,0.9995349645614624,0.0044789999999999,0.478773,0.157723,0.160307,0.157971,3.9507384300231934,0.482648,0.155207,0.15787,0.155468,4.570567607879639,nan,1000000
37899,0.012758834287524223,1.00020432472229,0.005711000000000022,0.477696,0.158735,0.16144,0.158991,3.9238133430480957,0.482648,0.155207,0.15787,0.155468,4.570567607879639,nan,1000000
37999,-0.004818623885512352,1.0019608736038208,0.0026289999999999925,0.484195,0.154382,0.156957,0.154642,3.902402400970459,0.482648,0.155207,0.15787,0.155468,4.570567607879639,nan,1000000
38099,0.00928429327905178,1.0011639595031738,0.005105000000000026,0.478826,0.157996,0.160557,0.158265,3.9075565338134766,0.482648,0.155207,0.15787,0.155468,4.570567607879639,nan,1000000
38199,-0.00497777946293354,1.0006870031356812,0.0022879999999999845,0.48439,0.153769,0.156386,0.154068,3.886223316192627,0.482648,0.155207,0.15787,0.155468,4.570567607879639,nan,1000000
38299,0.008009102195501328,0.9990281462669373,0.00418099999999999,0.479601,0.157057,0.159587,0.157332,3.894263744354248,0.482648,0.155207,0.15787,0.155468,4.570567607879639,nan,1000000
38399,0.0025669457390904427,0.9977783560752869,0.0020879999999999788,0.481353,0.154845,0.157492,0.155086,3.869433641433716,0.482648,0.155207,0.15787,0.155468,4.570567607879639,nan,1000000
38499,0.009431445971131325,1.0006444454193115,0.005568000000000017,0.478594,0.157777,0.160312,0.15803,3.860051393508911,0.482648,0.155207,0.15787,0.155468,4.570567607879639,nan,1000000
38599,-0.00021401280537247658,0.9980669617652893,0.0010550000000000281,0.482711,0.154393,0.157068,0.154667,3.861600399017334,0.482648,0.155207,0.15787,0.155468,4.570567607879639,nan,1000000
38699,0.0058975680731236935,0.9991735219955444,0.003574999999999995,0.480171,0.156287,0.158913,0.156546,3.897298574447632,0.482648,0.155207,0.15787,0.155468,4.570567607879639,nan,1000000
38799,-0.0016126714181154966,1.0027310848236084,0.0018750000000000155,0.482815,0.155082,0.157778,0.155364,3.8884408473968506,0.482648,0.155207,0.15787,0.155468,4.570567607879639,nan,1000000
38899,0.001814538612961769,0.998154878616333,0.0011929999999999996,0.482235,0.154768,0.157371,0.155015,3.9473986625671387,0.482648,0.155207,0.15787,0.155468,4.570567607879639,nan,1000000
38999,0.0014515519142150879,0.9975581765174866,0.0013170000000000126,0.48214,0.154443,0.157091,0.154722,3.9552783966064453,0.482648,0.155207,0.15787,0.155468,4.570567607879639,nan,1000000
39099,0.001930770929902792,1.0031373500823975,0.0025380000000000402,0.482325,0.156381,0.158964,0.156659,3.8872692584991455,0.482648,0.155207,0.15787,0.155468,4.570567607879639,nan,1000000
39199,0.0036370367743074894,0.9994177222251892,0.0023529999999999385,0.481113,0.15552,0.158157,0.155803,3.946259021759033,0.482648,0.155207,0.15787,0.155468,4.570567607879639,nan,1000000
39299,0.0006249682046473026,0.9973663091659546,0.001468999999999998,0.481887,0.154125,0.156731,0.154393,3.883127450942993,0.482648,0.155207,0.15787,0.155468,4.570567607879639,nan,1000000
39399,0.007839465513825417,0.9985877275466919,0.003939000000000026,0.479116,0.156202,0.15879,0.156461,3.9609930515289307,0.482648,0.155207,0.15787,0.155468,4.570567607879639,nan,1000000
39499,-0.00791161134839058,0.9997807145118713,0.0033050000000000024,0.485515,0.152311,0.154833,0.152552,3.976017713546753,0.482648,0.155207,0.15787,0.155468,4.570567607879639,nan,1000000
39599,-0.008072788827121258,1.0018683671951294,0.004074000000000022,0.486269,0.153166,0.155692,0.15341,3.9516830444335938,0.482648,0.155207,0.15787,0.155468,4.570567607879639,nan,1000000
39699,-0.00411692401394248,0.9996777772903442,0.0020100000000000673,0.484174,0.153483,0.156089,0.15375,3.9775946140289307,0.482648,0.155207,0.15787,0.155468,4.570567607879639,nan,1000000
39799,-0.009699651971459389,0.999583899974823,0.003915000000000002,0.486229,0.151813,0.154509,0.152085,3.9361863136291504,0.482648,0.155207,0.15787,0.155468,4.570567607879639,nan,1000000
39899,-0.002247648313641548,0.9994498491287231,0.0014490000000000336,0.483337,0.15388,0.156489,0.154147,4.030557155609131,0.482648,0.155207,0.15787,0.155468,4.570567607879639,nan,1000000
39999,-0.008122502826154232,0.9984593391418457,0.0034089999999999954,0.485496,0.152006,0.154479,0.15225,4.135166645050049,0.482648,0.155207,0.15787,0.155468,4.570567607879639,nan,1000000
40099,-0.004799049813300371,1.0011250972747803,0.0023379999999999512,0.484491,0.153733,0.156302,0.153977,4.138455390930176,0.482648,0.155207,0.15787,0.155468,4.570567607879639,nan,1000000
40199,-0.0024621491320431232,1.0014429092407227,0.0017109999999999903,0.483784,0.154493,0.157186,0.154779,4.1103715896606445,0.482648,0.155207,0.15787,0.155468,4.570567607879639,nan,1000000
40299,-0.002353255171328783,0.9980615973472595,0.002179000000000042,0.484156,0.15397,0.156619,0.154239,4.047556400299072,0.482648,0.155207,0.15787,0.155468,4.570567607879639,nan,1000000
40399,0.002293169964104891,0.9993451833724976,0.0015009999999999746,0.482646,0.155799,0.158398,0.156076,4.078229904174805,0.482648,0.155207,0.15787,0.155468,4.570567607879639,nan,1000000
40499,-0.0038937341887503862,0.996423065662384,0.0027729999999999144,0.484774,0.153327,0.155956,0.153599,4.003597736358643,0.482648,0.155207,0.15787,0.155468,4.570567607879639,nan,1000000
40599,0.00975705310702324,0.9972476363182068,0.003969,0.479732,0.157264,0.159879,0.157523,4.009763717651367,0.482648,0.155207,0.15787,0.155468,4.570567607879639,nan,1000000
40699,-0.0038382604252547026,0.9980800747871399,0.002695000000000003,0.484941,0.153649,0.156385,0.153951,3.979994058609009,0.482648,0.155207,0.15787,0.155468,4.570567607879639,nan,1000000
40799,-0.0022072489373385906,1.0015196800231934,0.0014500000000000068,0.483725,0.15485,0.157476,0.155111,3.936479091644287,0.482648,0.155207,0.15787,0.155468,4.570567607879639,nan,1000000
40899,-0.002734683919698,1.0027366876602173,0.001917000000000002,0.483878,0.155033,0.157619,0.155253,3.9611051082611084,0.482648,0.155207,0.15787,0.155468,4.570567607879639,nan,1000000
40999,0.007862931117415428,0.9980546832084656,0.004060000000000008,0.47944,0.156319,0.158928,0.156563,4.004518508911133,0.482648,0.155207,0.15787,0.155468,4.570567607879639,nan,1000000
41099,-0.0001897602342069149,1.0003509521484375,0.0009279999999999844,0.482572,0.15486,0.157428,0.155094,4.021780967712402,0.482648,0.155207,0.15787,0.155468,4.570567607879639,nan,1000000
41199,-0.00868086889386177,1.0004088878631592,0.004050999999999916,0.486353,0.152572,0.155161,0.15285,4.051365375518799,0.482648,0.155207,0.15787,0.155468,4.570567607879639,nan,1000000
41299,0.0030839890241622925,0.9987484812736511,0.0018870000000000275,0.481688,0.155589,0.158192,0.155869,4.036013126373291,0.482648,0.155207,0.15787,0.155468,4.570567607879639,nan,1000000
41399,-0.002920032013207674,0.9992239475250244,0.0015439999999999898,0.483752,0.154053,0.156707,0.154323,4.048706531524658,0.482648,0.155207,0.15787,0.155468,4.570567607879639,nan,1000000
41499,0.0004840996116399765,1.0029504299163818,0.0014440000000000008,0.482481,0.155897,0.158465,0.156126,4.035130977630615,0.482648,0.155207,0.15787,0.155468,4.570567607879639,nan,1000000
41599,-0.009647847153246403,1.0023826360702515,0.0041100000000000025,0.486537,0.153032,0.15557,0.153274,4.041163444519043,0.482648,0.155207,0.15787,0.155468,4.570567607879639,nan,1000000
41699,-0.007087903097271919,1.0038880109786987,0.0037580000000000113,0.485165,0.154062,0.156673,0.154322,4.0161638259887695,0.482648,0.155207,0.15787,0.155468,4.570567607879639,nan,1000000
41799,0.003958509769290686,0.9990894794464111,0.0019330000000000735,0.481479,0.156265,0.158787,0.15655,3.996365547180176,0.482648,0.155207,0.15787,0.155468,4.570567607879639,nan,1000000
41899,0.0012287218123674393,1.0000157356262207,0.0012670000000000181,0.482908,0.155958,0.158513,0.156204,3.990412712097168,0.482648,0.155207,0.15787,0.155468,4.570567607879639,nan,1000000
41999,-0.003453211858868599,1.0019077062606812,0.0021650000000000003,0.484258,0.154719,0.157248,0.154981,4.017163276672363,0.482648,0.155207,0.15787,0.155468,4.570567607879639,nan,1000000
42099,0.0027917223051190376,1.0020240545272827,0.0025530000000000275,0.481542,0.156743,0.159376,0.157052,4.02264404296875,0.482648,0.155207,0.15787,0.155468,4.570567607879639,nan,1000000
42199,-0.00936912465840578,0.99981290102005,0.004593999999999987,0.486941,0.152647,0.155273,0.152893,4.058496952056885,0.482648,0.155207,0.15787,0.155468,4.570567607879639,nan,1000000
42299,0.009747108444571495,0.9988527894020081,0.004299000000000053,0.478967,0.15745,0.160166,0.157711,4.06202507019043,0.482648,0.155207,0.15787,0.155468,4.570567607879639,nan,1000000
42399,-0.0067906854674220085,1.0019080638885498,0.0034369999999999956,0.484595,0.153283,0.155894,0.153562,4.003516674041748,0.482648,0.155207,0.15787,0.155468,4.570567607879639,nan,1000000
42499,-0.005856502801179886,1.0032029151916504,0.003289000000000014,0.484154,0.153394,0.155924,0.153637,4.039755344390869,0.482648,0.155207,0.15787,0.155468,4.570567607879639,nan,1000000
42599,-0.004073204472661018,1.0015381574630737,0.002724000000000004,0.484295,0.153965,0.156562,0.154225,4.045076847076416,0.482648,0.155207,0.15787,0.155468,4.570567607879639,nan,1000000
42699,0.00930473767220974,1.0002782344818115,0.004263000000000017,0.479019,0.157227,0.159846,0.157472,4.074449062347412,0.482648,0.155207,0.15787,0.155468,4.570567607879639,nan,1000000
42799,0.015782281756401062,0.9995545744895935,0.006736999999999993,0.476612,0.158332,0.160958,0.158564,4.082752227783203,0.482648,0.155207,0.15787,0.155468,4.570567607879639,nan,1000000
42899,-0.007728910073637962,1.0012704133987427,0.003359000000000001,0.484969,0.152191,0.15484,0.152477,4.062649250030518,0.482648,0.155207,0.15787,0.155468,4.570567607879639,nan,1000000
42999,0.004003765527158976,0.9971539974212646,0.00234899999999999,0.481267,0.154858,0.157428,0.155101,4.0515875816345215,0.482648,0.155207,0.15787,0.155468,4.570567607879639,nan,1000000
43099,-0.01028604619204998,1.0045737028121948,0.004827999999999999,0.486879,0.153462,0.155896,0.153711,4.052767753601074,0.482648,0.155207,0.15787,0.155468,4.570567607879639,nan,1000000
43199,-0.00010281475260853767,1.0009618997573853,0.001572999999999991,0.482252,0.155045,0.157783,0.155324,4.0742340087890625,0.482648,0.155207,0.15787,0.155468,4.570567607879639,nan,1000000
43299,0.00457811402156949,0.9993372559547424,0.002546999999999966,0.480937,0.155953,0.15851,0.156211,4.066190242767334,0.482648,0.155207,0.15787,0.155468,4.570567607879639,nan,1000000
43399,0.011287970468401909,1.0013234615325928,0.005946000000000007,0.477685,0.158385,0.160984,0.158653,4.048381805419922,0.482648,0.155207,0.15787,0.155468,4.570567607879639,nan,1000000
43499,-0.0023312417324632406,1.0003236532211304,0.0016670000000000018,0.483553,0.154616,0.157188,0.154884,4.022972106933594,0.482648,0.155207,0.15787,0.155468,4.570567607879639,nan,1000000
43599,-0.00428106589242816,1.0031006336212158,0.002827999999999997,0.48383,0.15503,0.157653,0.155308,4.014873504638672,0.482648,0.155207,0.15787,0.155468,4.570567607879639,nan,1000000
43699,-0.013483019545674324,1.0058238506317139,0.005836999999999981,0.487996,0.153365,0.155876,0.153623,4.033020973205566,0.482648,0.155207,0.15787,0.155468,4.570567607879639,nan,1000000
43799,-0.002128810156136751,1.0003268718719482,0.0015300000000000036,0.483532,0.154703,0.157301,0.154958,4.052655220031738,0.482648,0.155207,0.15787,0.155468,4.570567607879639,nan,1000000
43899,0.013370702043175697,0.9976312518119812,0.005823000000000023,0.47736,0.1583,0.160888,0.158571,4.039018154144287,0.482648,0.155207,0.15787,0.155468,4.570567607879639,nan,1000000
43999,0.01109909825026989,0.9988611936569214,0.004919000000000007,0.478505,0.157973,0.160564,0.158247,4.0488080978393555,0.482648,0.155207,0.15787,0.155468,4.570567607879639,nan,1000000
44099,0.001813665498048067,1.0002599954605103,0.001994999999999969,0.482173,0.156202,0.158865,0.15644,4.033921718597412,0.482648,0.155207,0.15787,0.155468,4.570567607879639,nan,1000000
44199,-0.0002714889124035835,1.0022861957550049,0.0017460000000000253,0.48275,0.156208,0.158821,0.156454,4.0387773513793945,0.482648,0.155207,0.15787,0.155468,4.570567607879639,nan,1000000
44299,-0.0101016815751791,1.0003621578216553,0.004894999999999983,0.487025,0.153178,0.155736,0.153444,4.0405964851379395,0.482648,0.155207,0.15787,0.155468,4.570567607879639,nan,1000000
44399,-0.0027092075906693935,0.9977620840072632,0.0021220000000000683,0.484162,0.154515,0.157027,0.154749,4.029696941375732,0.482648,0.155207,0.15787,0.155468,4.570567607879639,nan,1000000
44499,0.00616943696513772,0.9975677728652954,0.003128999999999993,0.480249,0.156429,0.159068,0.156654,4.080757141113281,0.482648,0.155207,0.15787,0.155468,4.570567607879639,nan,1000000
44599,-0.0009133636485785246,1.000710129737854,0.0015180000000000193,0.482429,0.15536,0.157919,0.155599,4.025924205780029,0.482648,0.155207,0.15787,0.155468,4.570567607879639,nan,1000000
44699,0.008468134328722954,1.000649094581604,0.003982999999999959,0.479411,0.157831,0.160382,0.158086,4.050332069396973,0.482648,0.155207,0.15787,0.155468,4.570567607879639,nan,1000000
44799,-0.002724678022786975,0.9991098046302795,0.001659000000000077,0.483809,0.154499,0.157099,0.154742,4.042693614959717,0.482648,0.155207,0.15787,0.155468,4.570567607879639,nan,1000000
44899,0.0058728610165417194,0.9975682497024536,0.003018999999999994,0.480577,0.156329,0.15896,0.156619,4.032351016998291,0.482648,0.155207,0.15787,0.155468,4.570567607879639,nan,1000000
44999,-0.00028176698833703995,1.0000190734863281,0.0012079999999999869,0.482904,0.155561,0.158129,0.155819,4.1229472160339355,0.482648,0.155207,0.15787,0.155468,4.570567607879639,nan,1000000
45099,-0.002902180887758732,1.0011117458343506,0.0020300000000000873,0.484355,0.15516,0.157656,0.155401,4.099176406860352,0.482648,0.155207,0.15787,0.155468,4.570567607879639,nan,1000000
45199,-0.010338140651583672,1.0024478435516357,0.004369999999999985,0.486851,0.153692,0.156283,0.153939,4.122386932373047,0.482648,0.155207,0.15787,0.155468,4.570567607879639,nan,1000000
45299,-0.017257357016205788,1.005019187927246,0.006301000000000001,0.488674,0.152296,0.154798,0.152575,4.16208028793335,0.482648,0.155207,0.15787,0.155468,4.570567607879639,nan,1000000
45399,-0.0032214000821113586,0.9979028701782227,0.0017979999999999663,0.483929,0.154114,0.156686,0.154347,4.178477764129639,0.482648,0.155207,0.15787,0.155468,4.570567607879639,nan,1000000
45499,0.008091190829873085,0.9991068840026855,0.004070000000000018,0.479147,0.157367,0.160081,0.157633,4.114790439605713,0.482648,0.155207,0.15787,0.155468,4.570567607879639,nan,1000000
45599,0.010319685563445091,0.9989554286003113,0.004673000000000038,0.478507,0.157975,0.160604,0.158209,4.206148624420166,0.482648,0.155207,0.15787,0.155468,4.570567607879639,nan,1000000
45699,0.0007930854335427284,0.9990898370742798,0.0012719999999999954,0.482131,0.155358,0.157935,0.155621,4.1478705406188965,0.482648,0.155207,0.15787,0.155468,4.570567607879639,nan,1000000
45799,0.006470829714089632,1.0000711679458618,0.0032569999999999544,0.480081,0.157192,0.159813,0.157457,4.161375045776367,0.482648,0.155207,0.15787,0.155468,4.570567607879639,nan,1000000
45899,-0.008748358115553856,1.0029653310775757,0.003720000000000001,0.485881,0.153847,0.156397,0.154096,4.120565414428711,0.482648,0.155207,0.15787,0.155468,4.570567607879639,nan,1000000
45999,0.016675559803843498,1.0004222393035889,0.007665999999999951,0.475447,0.159863,0.162543,0.160148,4.103445053100586,0.482648,0.155207,0.15787,0.155468,4.570567607879639,nan,1000000
46099,0.0014249160885810852,1.0011687278747559,0.001627000000000045,0.481756,0.156069,0.158698,0.15632,4.056638717651367,0.482648,0.155207,0.15787,0.155468,4.570567607879639,nan,1000000
46199,0.007950739935040474,0.9958034753799438,0.003991000000000022,0.47954,0.156441,0.158965,0.156707,3.987598180770874,0.482648,0.155207,0.15787,0.155468,4.570567607879639,nan,1000000
46299,-0.0016593572217971087,1.00011146068573,0.0014979999999999993,0.48285,0.15497,0.157583,0.155201,3.9504404067993164,0.482648,0.155207,0.15787,0.155468,4.570567607879639,nan,1000000
46399,-0.007313458248972893,1.0018353462219238,0.003472000000000003,0.485231,0.154051,0.156676,0.154321,3.916114330291748,0.482648,0.155207,0.15787,0.155468,4.570567607879639,nan,1000000
46499,0.010385360568761826,0.9966616630554199,0.004701000000000011,0.478674,0.157402,0.160014,0.157681,3.935300350189209,0.482648,0.155207,0.15787,0.155468,4.570567607879639,nan,1000000
46599,0.0046417866833508015,1.001312255859375,0.0027369999999999894,0.480554,0.157019,0.15957,0.157267,3.8711392879486084,0.482648,0.155207,0.15787,0.155468,4.570567607879639,nan,1000000
46699,-0.006413373164832592,1.002041220664978,0.0032140000000000224,0.484568,0.154101,0.156631,0.154363,3.8453891277313232,0.482648,0.155207,0.15787,0.155468,4.570567607879639,nan,1000000
46799,-0.007720560766756535,0.999093770980835,0.0030839999999999756,0.485226,0.152673,0.15527,0.152939,3.9025540351867676,0.482648,0.155207,0.15787,0.155468,4.570567607879639,nan,1000000
46899,-0.0005167985800653696,0.9986739158630371,0.0010809999999999986,0.482435,0.154543,0.15712,0.154791,3.9339470863342285,0.482648,0.155207,0.15787,0.155468,4.570567607879639,nan,1000000
46999,-0.003989232704043388,1.0003749132156372,0.002230999999999983,0.483089,0.153728,0.156304,0.153983,3.9928629398345947,0.482648,0.155207,0.15787,0.155468,4.570567607879639,nan,1000000
47099,0.011265287175774574,0.9988768100738525,0.005230000000000012,0.477757,0.15755,0.160144,0.157788,4.042544841766357,0.482648,0.155207,0.15787,0.155468,4.570567607879639,nan,1000000
47199,-0.00587274506688118,1.001524567604065,0.002889999999999976,0.484151,0.153806,0.156322,0.154046,4.002415657043457,0.482648,0.155207,0.15787,0.155468,4.570567607879639,nan,1000000
47299,-0.004834001883864403,1.0007790327072144,0.0025419999999999887,0.484275,0.154176,0.156716,0.154429,3.9061765670776367,0.482648,0.155207,0.15787,0.155468,4.570567607879639,nan,1000000
47399,-0.0055847628973424435,0.9996355175971985,0.00233899999999998,0.484498,0.153623,0.156135,0.153867,3.857198715209961,0.482648,0.155207,0.15787,0.155468,4.570567607879639,nan,1000000
47499,-0.0021990989334881306,1.0012742280960083,0.0018870000000000275,0.483381,0.154846,0.157489,0.155124,3.837041139602661,0.482648,0.155207,0.15787,0.155468,4.570567607879639,nan,1000000
47599,0.0002900543622672558,1.001223087310791,0.0012820000000000054,0.482143,0.155407,0.157927,0.155669,3.839639902114868,0.482648,0.155207,0.15787,0.155468,4.570567607879639,nan,1000000
47699,-0.008762040175497532,1.0009552240371704,0.003390000000000004,0.485535,0.152787,0.155377,0.153021,3.8356406688690186,0.482648,0.155207,0.15787,0.155468,4.570567607879639,nan,1000000
47799,0.0109288040548563,0.9983557462692261,0.005081000000000002,0.478062,0.157543,0.160192,0.1578,3.853085517883301,0.482648,0.155207,0.15787,0.155468,4.570567607879639,nan,1000000
47899,-0.01525878719985485,1.0049368143081665,0.006017999999999996,0.487881,0.152069,0.154712,0.152327,3.849276542663574,0.482648,0.155207,0.15787,0.155468,4.570567607879639,nan,1000000
47999,0.0004930812865495682,1.0011682510375977,0.001361000000000001,0.481727,0.15518,0.157828,0.155449,3.8427019119262695,0.482648,0.155207,0.15787,0.155468,4.570567607879639,nan,1000000
48099,1.712050288915634e-05,1.0011553764343262,0.0014340000000000463,0.481643,0.154998,0.157584,0.155279,3.9043147563934326,0.482648,0.155207,0.15787,0.155468,4.570567607879639,nan,1000000
48199,-0.0013285670429468155,0.9995765686035156,0.0015570000000000028,0.482812,0.154275,0.156808,0.154535,3.947951078414917,0.482648,0.155207,0.15787,0.155468,4.570567607879639,nan,1000000
48299,0.004468919243663549,1.0015490055084229,0.0029569999999999874,0.480148,0.15638,0.159009,0.156625,3.9521243572235107,0.482648,0.155207,0.15787,0.155468,4.570567607879639,nan,1000000
48399,0.0016417121514678001,0.9988677501678467,0.0016680000000000028,0.481668,0.155171,0.157831,0.155429,3.8933236598968506,0.482648,0.155207,0.15787,0.155468,4.570567607879639,nan,1000000
48499,-0.01270909234881401,1.00399911403656,0.005234000000000072,0.487509,0.152838,0.155417,0.15308,3.8688530921936035,0.482648,0.155207,0.15787,0.155468,4.570567607879639,nan,1000000
48599,0.016447193920612335,0.9980437159538269,0.007589999999999986,0.475638,0.158769,0.161435,0.159041,3.878309965133667,0.482648,0.155207,0.15787,0.155468,4.570567607879639,nan,1000000
48699,-0.006028931122273207,1.0046321153640747,0.0036690000000000056,0.484535,0.15468,0.15721,0.154941,3.8958475589752197,0.482648,0.155207,0.15787,0.155468,4.570567607879639,nan,1000000
48799,0.010888677090406418,1.0016745328903198,0.0049120000000000275,0.478311,0.158466,0.161013,0.15872,3.8979766368865967,0.482648,0.155207,0.15787,0.155468,4.570567607879639,nan,1000000
48899,0.007345020305365324,0.9970165491104126,0.004257000000000011,0.479158,0.156074,0.158639,0.156321,3.847323417663574,0.482648,0.155207,0.15787,0.155468,4.570567607879639,nan,1000000
48999,-0.006100066937506199,1.0017129182815552,0.003038000000000013,0.484625,0.154055,0.156628,0.154309,3.855968475341797,0.482648,0.155207,0.15787,0.155468,4.570567607879639,nan,1000000
49099,-0.017610477283596992,1.0069760084152222,0.007292999999999994,0.489403,0.152496,0.155018,0.152744,3.8286571502685547,0.482648,0.155207,0.15787,0.155468,4.570567607879639,nan,1000000
49199,0.005724623333662748,1.0007108449935913,0.003082000000000029,0.480343,0.156766,0.159263,0.157008,3.8248822689056396,0.482648,0.155207,0.15787,0.155468,4.570567607879639,nan,1000000
49299,0.01227378100156784,0.9987870454788208,0.005479000000000012,0.477823,0.158256,0.160842,0.158496,3.8246257305145264,0.482648,0.155207,0.15787,0.155468,4.570567607879639,nan,1000000
49399,0.013907773420214653,0.9949214458465576,0.006355999999999973,0.477,0.157723,0.160309,0.157977,3.8458728790283203,0.482648,0.155207,0.15787,0.155468,4.570567607879639,nan,1000000
49499,0.011172853410243988,1.0007526874542236,0.005396999999999985,0.47778,0.158212,0.160807,0.15848,3.8736753463745117,0.482648,0.155207,0.15787,0.155468,4.570567607879639,nan,1000000
49599,-0.0017476985231041908,1.0019659996032715,0.002565999999999985,0.483048,0.155397,0.157972,0.155624,3.8096165657043457,0.482648,0.155207,0.15787,0.155468,4.570567607879639,nan,1000000
49699,-0.0001903078518807888,1.00026535987854,0.001686999999999994,0.482454,0.155373,0.157905,0.155592,3.781996726989746,0.482648,0.155207,0.15787,0.155468,4.570567607879639,nan,1000000
49799,0.003045923076570034,0.9998373985290527,0.0020789999999999975,0.48121,0.156161,0.158796,0.156425,3.847235679626465,0.482648,0.155207,0.15787,0.155468,4.570567607879639,nan,1000000
49899,0.007914919406175613,1.0000567436218262,0.004390999999999978,0.478851,0.157449,0.160126,0.157733,3.8692617416381836,0.482648,0.155207,0.15787,0.155468,4.570567607879639,nan,1000000
49999,0.004100835416465998,1.0018783807754517,0.0024740000000000317,0.480552,0.15679,0.159341,0.157021,3.837280511856079,0.482648,0.155207,0.15787,0.155468,4.570567607879639,nan,1000000
50099,-0.009506795555353165,1.003432273864746,0.0046680000000000055,0.48609,0.153647,0.156198,0.153886,3.808695077896118,0.482648,0.155207,0.15787,0.155468,4.570567607879639,nan,1000000
50199,-0.003562865313142538,1.0007332563400269,0.002705000000000013,0.483467,0.15436,0.156943,0.154621,3.827131748199463,0.482648,0.155207,0.15787,0.155468,4.570567607879639,nan,1000000
50299,-0.010720355436205864,1.0045008659362793,0.00517999999999999,0.486248,0.1536,0.156202,0.153813,3.8488430976867676,0.482648,0.155207,0.15787,0.155468,4.570567607879639,nan,1000000
50399,0.014409756287932396,0.9963516592979431,0.006291999999999964,0.476795,0.158117,0.160815,0.158373,3.802820920944214,0.482648,0.155207,0.15787,0.155468,4.570567607879639,nan,1000000
50499,0.008980587124824524,0.9972318410873413,0.004374999999999962,0.478712,0.156725,0.159314,0.156944,3.8109004497528076,0.482648,0.155207,0.15787,0.155468,4.570567607879639,nan,1000000
50599,0.0049315704964101315,1.0015779733657837,0.0026209999999999845,0.480428,0.156903,0.159519,0.15717,3.8112716674804688,0.482648,0.155207,0.15787,0.155468,4.570567607879639,nan,1000000
50699,-0.007053674664348364,1.0017070770263672,0.0034929999999999684,0.485772,0.153754,0.156326,0.154032,3.8163068294525146,0.482648,0.155207,0.15787,0.155468,4.570567607879639,nan,1000000
50799,0.005525216925889254,1.000880241394043,0.003041999999999989,0.479976,0.156845,0.159446,0.157085,3.817335605621338,0.482648,0.155207,0.15787,0.155468,4.570567607879639,nan,1000000
50899,-0.0011327133979648352,1.0005357265472412,0.0015270000000000006,0.483257,0.154804,0.157428,0.155078,3.9096832275390625,0.482648,0.155207,0.15787,0.155468,4.570567607879639,nan,1000000
50999,0.012652898207306862,0.9984955191612244,0.005493000000000026,0.477521,0.15775,0.160314,0.158,3.910750150680542,0.482648,0.155207,0.15787,0.155468,4.570567607879639,nan,1000000
51099,-0.00045568449422717094,1.0024702548980713,0.0015430000000000166,0.483024,0.155815,0.158396,0.156071,3.923736572265625,0.482648,0.155207,0.15787,0.155468,4.570567607879639,nan,1000000
51199,0.007921973243355751,0.9987327456474304,0.003853000000000051,0.479128,0.156959,0.159656,0.157233,3.9168121814727783,0.482648,0.155207,0.15787,0.155468,4.570567607879639,nan,1000000
51299,0.006233397405594587,1.0011121034622192,0.00317400000000001,0.480278,0.15717,0.159714,0.157425,3.9447407722473145,0.482648,0.155207,0.15787,0.155468,4.570567607879639,nan,1000000
51399,-0.0061484817415475845,1.005022406578064,0.003432000000000046,0.485856,0.154975,0.157497,0.155248,3.9846699237823486,0.482648,0.155207,0.15787,0.155468,4.570567607879639,nan,1000000
51499,-0.010887541808187962,1.0030087232589722,0.005554999999999977,0.487779,0.153308,0.155826,0.153568,4.076091289520264,0.482648,0.155207,0.15787,0.155468,4.570567607879639,nan,1000000
51599,-0.0072563886642456055,1.0018200874328613,0.0036000000000000476,0.485947,0.154053,0.156587,0.154334,4.108008861541748,0.482648,0.155207,0.15787,0.155468,4.570567607879639,nan,1000000
51699,-0.0032641557045280933,1.0011099576950073,0.0019890000000000185,0.484232,0.154928,0.157525,0.155186,4.134335041046143,0.482648,0.155207,0.15787,0.155468,4.570567607879639,nan,1000000
51799,-0.0032342784106731415,1.000675082206726,0.002137,0.484393,0.155132,0.157679,0.155394,4.114283561706543,0.482648,0.155207,0.15787,0.155468,4.570567607879639,nan,1000000
51899,-0.0012370189651846886,1.0030481815338135,0.0012040000000000106,0.483542,0.155844,0.158451,0.156104,4.139857769012451,0.482648,0.155207,0.15787,0.155468,4.570567607879639,nan,1000000
51999,-0.003032469656318426,1.0020747184753418,0.0020700000000000163,0.48417,0.155441,0.158086,0.15569,4.078761577606201,0.482648,0.155207,0.15787,0.155468,4.570567607879639,nan,1000000
52099,0.01130467839539051,0.9965431094169617,0.0043600000000000305,0.478736,0.157911,0.160545,0.158183,4.037271022796631,0.482648,0.155207,0.15787,0.155468,4.570567607879639,nan,1000000
52199,-0.0032604471780359745,1.0003975629806519,0.0021740000000000093,0.484538,0.154795,0.157351,0.15504,4.038605213165283,0.482648,0.155207,0.15787,0.155468,4.570567607879639,nan,1000000
52299,0.003848374355584383,0.9998462200164795,0.0024160000000000847,0.481412,0.156518,0.159226,0.156773,4.062651634216309,0.482648,0.155207,0.15787,0.155468,4.570567607879639,nan,1000000
52399,0.00171190919354558,0.9979987740516663,0.0015240000000000808,0.482647,0.155914,0.15855,0.156187,4.022264003753662,0.482648,0.155207,0.15787,0.155468,4.570567607879639,nan,1000000
52499,-0.010076841339468956,1.0025943517684937,0.004952999999999985,0.487079,0.153947,0.156567,0.154206,4.023392677307129,0.482648,0.155207,0.15787,0.155468,4.570567607879639,nan,1000000
52599,-0.0018367636948823929,0.9999814629554749,0.0017429999999999946,0.48403,0.155359,0.15803,0.15563,4.031026840209961,0.482648,0.155207,0.15787,0.155468,4.570567607879639,nan,1000000
52699,-0.006481145974248648,1.0006966590881348,0.0034179999999999766,0.48555,0.154454,0.157104,0.154737,4.064741611480713,0.482648,0.155207,0.15787,0.155468,4.570567607879639,nan,1000000
52799,-0.011400679126381874,0.9979780912399292,0.005169000000000035,0.48752,0.151936,0.154552,0.152207,4.08230447769165,0.482648,0.155207,0.15787,0.155468,4.570567607879639,nan,1000000
52899,0.0077041988261044025,0.9982887506484985,0.0038200000000000456,0.480126,0.157257,0.159901,0.157522,4.115443229675293,0.482648,0.155207,0.15787,0.155468,4.570567607879639,nan,1000000
52999,0.0067472090013325214,1.0023120641708374,0.004518000000000022,0.479999,0.15794,0.160563,0.158184,4.131745338439941,0.482648,0.155207,0.15787,0.155468,4.570567607879639,nan,1000000
53099,0.016296561807394028,0.9998655319213867,0.007750000000000035,0.476348,0.159895,0.162462,0.16017,4.13303804397583,0.482648,0.155207,0.15787,0.155468,4.570567607879639,nan,1000000
53199,0.0049706860445439816,1.0007710456848145,0.0034919999999999396,0.480803,0.156887,0.159513,0.157163,4.173227310180664,0.482648,0.155207,0.15787,0.155468,4.570567607879639,nan,1000000
53299,-0.008288712240755558,1.0024949312210083,0.004196000000000033,0.485942,0.154095,0.156692,0.154331,4.114187717437744,0.482648,0.155207,0.15787,0.155468,4.570567607879639,nan,1000000
53399,-0.0006305363494902849,1.0019166469573975,0.0017690000000000206,0.48308,0.155698,0.158301,0.155954,4.071401119232178,0.482648,0.155207,0.15787,0.155468,4.570567607879639,nan,1000000
53499,0.0012970911338925362,1.0000416040420532,0.0019080000000000208,0.482759,0.155935,0.158436,0.156156,4.095983505249023,0.482648,0.155207,0.15787,0.155468,4.570567607879639,nan,1000000
53599,-0.0035468279384076595,1.0030583143234253,0.0027610000000000134,0.484507,0.155482,0.158009,0.155742,4.058089733123779,0.482648,0.155207,0.15787,0.155468,4.570567607879639,nan,1000000
53699,-0.0032512834295630455,1.0003774166107178,0.0019219999999999793,0.483996,0.154579,0.157133,0.154836,4.036568641662598,0.482648,0.155207,0.15787,0.155468,4.570567607879639,nan,1000000
53799,0.014847787097096443,0.9979116916656494,0.006488999999999967,0.477176,0.158687,0.161339,0.158966,3.9863698482513428,0.482648,0.155207,0.15787,0.155468,4.570567607879639,nan,1000000
53899,-0.0015116485301405191,1.0002186298370361,0.0017460000000000253,0.483945,0.155092,0.15765,0.15533,3.9699158668518066,0.482648,0.155207,0.15787,0.155468,4.570567607879639,nan,1000000
53999,0.008435158059000969,0.9993467926979065,0.0042039999999999855,0.479402,0.157023,0.159691,0.157303,4.010636329650879,0.482648,0.155207,0.15787,0.155468,4.570567607879639,nan,1000000
54099,0.0021914378739893436,1.0004132986068726,0.0022480000000000278,0.481996,0.155823,0.158407,0.156098,4.035983562469482,0.482648,0.155207,0.15787,0.155468,4.570567607879639,nan,1000000
54199,0.000991377979516983,1.0018011331558228,0.002435000000000076,0.482634,0.156176,0.158754,0.156419,4.027284622192383,0.482648,0.155207,0.15787,0.155468,4.570567607879639,nan,1000000
54299,-0.0030050291679799557,0.9979990720748901,0.0021930000000000005,0.484598,0.154231,0.156768,0.154504,4.042516708374023,0.482648,0.155207,0.15787,0.155468,4.570567607879639,nan,1000000
