epoch,z_bias,z_std_ratio,ks,cond_chi2,panel_median,panel_frac_gt_0.1,panel_null_median,panel_null_frac_gt_0.1,gen_z_le_0,gen_z_ge_1,gen_z_gt_0.99,gen_z_gt_0.999,gen_z_max,g4_z_le_0,g4_z_ge_1,g4_z_gt_0.99,g4_z_gt_0.999,g4_z_max,phys_reg,n_rows
99,-0.011721789836883545,0.8874204754829407,0.160717,325.72399788751835,0.3262482260353503,0.7668187001140251,0.0760181618051734,0.403363740022805,0.160717,0.0,0.0,0.0,0.7001262903213501,0.0,5e-07,0.0007675,6.95e-05,1.0000180006027222,0.20799817144870758,2000000
199,-0.008705943822860718,0.9545110464096069,0.06273,148.3946580219888,0.2529189950479306,0.7964652223489168,0.0760181618051734,0.403363740022805,0.062729,0.0,0.0,0.0,0.7943235039710999,0.0,5e-07,0.0007675,6.95e-05,1.0000180006027222,0.19087733328342438,2000000
299,-0.006835624575614929,0.9619258642196655,0.0378395,61.603516897072886,0.15692960521330604,0.6488027366020525,0.0760181618051734,0.403363740022805,0.0378395,0.0,0.0,0.0,0.8831883072853088,0.0,5e-07,0.0007675,6.95e-05,1.0000180006027222,0.11396131664514542,2000000
399,-0.0019861459732055664,0.9815552234649658,0.0189355,25.7313776672563,0.11764705882352938,0.5624287343215507,0.0760181618051734,0.403363740022805,0.0189355,0.0,0.0,0.0,0.9768338203430176,0.0,5e-07,0.0007675,6.95e-05,1.0000180006027222,0.049782607704401016,2000000
499,0.0012739896774291992,1.0048431158065796,0.012920000000000001,4.828540216373756,0.09457002457002453,0.4714937286202965,0.0760181618051734,0.403363740022805,0.0129195,0.0,0.001118,0.000109,0.9999960660934448,0.0,5e-07,0.0007675,6.95e-05,1.0000180006027222,0.02133176662027836,2000000
599,0.0012045353651046753,1.0071635246276855,0.0158505,4.856817771296956,0.08695652173913049,0.44811858608893956,0.0760181618051734,0.403363740022805,0.0158505,0.0,0.0013245,0.000125,0.9999973773956299,0.0,5e-07,0.0007675,6.95e-05,1.0000180006027222,0.017445623874664307,2000000
699,-5.143880844116211e-05,1.0019681453704834,0.0125665,3.496321780011781,0.0856378915202444,0.4338654503990878,0.0760181618051734,0.403363740022805,0.0125665,0.0,0.000781,8.45e-05,0.9999926090240479,0.0,5e-07,0.0007675,6.95e-05,1.0000180006027222,0.013201766647398472,2000000
799,0.0006267428398132324,1.002834677696228,0.010091000000000001,3.7229599049089015,0.08108108108108122,0.4261687571265678,0.0760181618051734,0.403363740022805,0.0100895,0.0,0.001017,0.0001175,0.9999973773956299,0.0,5e-07,0.0007675,6.95e-05,1.0000180006027222,0.012651010416448116,2000000
899,-0.00018256902694702148,0.9944791197776794,0.009225,2.9902835027562076,0.08367231180617463,0.42930444697833525,0.0760181618051734,0.403363740022805,0.009225,0.0,0.000571,5.35e-05,0.9999960660934448,0.0,5e-07,0.0007675,6.95e-05,1.0000180006027222,0.012300888076424599,2000000
999,6.489455699920654e-05,0.9978307485580444,0.0079305,2.6267720216700647,0.08459624952162262,0.4298745724059293,0.0760181618051734,0.403363740022805,0.0079305,0.0,0.000788,8.4e-05,0.9999921917915344,0.0,5e-07,0.0007675,6.95e-05,1.0000180006027222,0.01350325159728527,2000000
1099,0.0008012503385543823,1.0047606229782104,0.0073555,2.10581722265531,0.08000000000000004,0.4218928164196123,0.0760181618051734,0.403363740022805,0.0073555,0.0,0.00113,0.000125,0.9999989867210388,0.0,5e-07,0.0007675,6.95e-05,1.0000180006027222,0.01188683696091175,2000000
1199,-0.001025170087814331,0.9995756149291992,0.007912500000000001,2.37739818979071,0.08060694083473469,0.4221778791334094,0.0760181618051734,0.403363740022805,0.007912,0.0,0.000762,8.35e-05,0.9999925494194031,0.0,5e-07,0.0007675,6.95e-05,1.0000180006027222,0.012311997823417187,2000000
1299,0.0011992454528808594,1.005104660987854,0.007583,1.895136838682174,0.07913787005791245,0.41391106043329534,0.0760181618051734,0.403363740022805,0.007583,0.0,0.001098,0.000106,0.9999995231628418,0.0,5e-07,0.0007675,6.95e-05,1.0000180006027222,0.011473741382360458,2000000
1399,-0.00019153952598571777,0.9998693466186523,0.0069105,2.4361918287418036,0.07936507936507936,0.40992018244013684,0.0760181618051734,0.403363740022805,0.0069105,0.0,0.000405,3.15e-05,0.9999915361404419,0.0,5e-07,0.0007675,6.95e-05,1.0000180006027222,0.011814170517027378,2000000
1499,-0.0007379502058029175,0.998356282711029,0.0065060000000000005,2.3253781426311426,0.08088023088023077,0.4161915621436716,0.0760181618051734,0.403363740022805,0.0065055,0.0,0.0008225,8.4e-05,0.9999979138374329,0.0,5e-07,0.0007675,6.95e-05,1.0000180006027222,0.010625493712723255,2000000
1599,0.000581592321395874,1.0034252405166626,0.0070265,1.9822801258328777,0.08235294117647067,0.4238882554161916,0.0760181618051734,0.403363740022805,0.007026,0.0,0.0006825,8.8e-05,0.9999854564666748,0.0,5e-07,0.0007675,6.95e-05,1.0000180006027222,0.011474506929516792,2000000
1699,-0.002836883068084717,0.9851212501525879,0.008514,3.1273161492080708,0.08201174162672548,0.4295895096921323,0.0760181618051734,0.403363740022805,0.008514,0.0,0.0007575,8.45e-05,0.9999985694885254,0.0,5e-07,0.0007675,6.95e-05,1.0000180006027222,0.012974238023161888,2000000
1799,0.0011328905820846558,1.0092370510101318,0.006699500000000001,2.636729184426346,0.08333333333333329,0.41961231470923605,0.0760181618051734,0.403363740022805,0.0053045,0.0,0.001213,0.0001335,0.9999934434890747,0.0,5e-07,0.0007675,6.95e-05,1.0000180006027222,0.010849937796592712,2000000
1899,0.000331193208694458,1.0008807182312012,0.006754499999999997,2.1313140890261115,0.08080808080808072,0.41391106043329534,0.0760181618051734,0.403363740022805,0.0057515,0.0,0.00093,9.45e-05,0.9999953508377075,0.0,5e-07,0.0007675,6.95e-05,1.0000180006027222,0.011566180735826492,2000000
1999,-0.00040255486965179443,0.9997694492340088,0.006259,1.8268706364606977,0.08108108108108104,0.4107753705815279,0.0760181618051734,0.403363740022805,0.006259,0.0,0.000886,9.65e-05,0.9999934434890747,0.0,5e-07,0.0007675,6.95e-05,1.0000180006027222,0.010914960876107216,2000000
2099,0.00026220083236694336,1.0005601644515991,0.00705,1.9618212574539913,0.08292955230545937,0.4227480045610034,0.0760181618051734,0.403363740022805,0.00705,0.0,0.0007735,8.4e-05,0.9999983310699463,0.0,5e-07,0.0007675,6.95e-05,1.0000180006027222,0.011080782860517502,2000000
2199,1.2308359146118164e-05,0.9962610602378845,0.006688,1.838915576526071,0.08163265306122447,0.4184720638540479,0.0760181618051734,0.403363740022805,0.006688,0.0,0.00033,2e-05,0.9999682903289795,0.0,5e-07,0.0007675,6.95e-05,1.0000180006027222,0.010774525813758373,2000000
2299,0.0003743171691894531,0.9990007281303406,0.0059225,3.195525412558449,0.0819299213890422,0.427594070695553,0.0760181618051734,0.403363740022805,0.0059225,0.0,0.0014005,0.0001555,0.9999939203262329,0.0,5e-07,0.0007675,6.95e-05,1.0000180006027222,0.01145626325160265,2000000
2399,-0.0001411139965057373,0.9987680315971375,0.005702,1.3480028429715407,0.07692307692307689,0.40022805017103763,0.0760181618051734,0.403363740022805,0.005702,0.0,0.0007505,8.3e-05,0.9999949932098389,0.0,5e-07,0.0007675,6.95e-05,1.0000180006027222,0.009553171694278717,2000000
2499,0.0009308755397796631,1.0162769556045532,0.007489,3.9275883108603478,0.07991880920162371,0.4047890535917902,0.0760181618051734,0.403363740022805,0.007489,0.0,0.001756,0.0001825,0.9999990463256836,0.0,5e-07,0.0007675,6.95e-05,1.0000180006027222,0.011078767478466034,2000000
2599,0.0004269033670425415,0.9976758360862732,0.007209,2.3522582179022997,0.08064516129032254,0.42132269099201825,0.0760181618051734,0.403363740022805,0.004912,0.0,0.0007765,8.45e-05,0.9999899864196777,0.0,5e-07,0.0007675,6.95e-05,1.0000180006027222,0.010641776025295258,2000000
2699,0.0007909238338470459,1.0013917684555054,0.005279,1.6168949120854286,0.076923076923077,0.40592930444697833,0.0760181618051734,0.403363740022805,0.0052785,0.0,0.0012395,0.000127,0.9999948740005493,0.0,5e-07,0.0007675,6.95e-05,1.0000180006027222,0.009701861068606377,2000000
2799,0.0006325393915176392,1.0026326179504395,0.0065015,2.688681786872943,0.0832251082251082,0.42331812998859747,0.0760181618051734,0.403363740022805,0.005751,0.0,0.001388,0.000154,0.9999984502792358,0.0,5e-07,0.0007675,6.95e-05,1.0000180006027222,0.011600501835346222,2000000
2899,0.00024844706058502197,0.9996082186698914,0.0055625,1.8545911380111486,0.07993610223642161,0.41391106043329534,0.0760181618051734,0.403363740022805,0.0055625,0.0,0.000446,3.9e-05,0.9999878406524658,0.0,5e-07,0.0007675,6.95e-05,1.0000180006027222,0.011312184855341911,2000000
2999,-0.0001157224178314209,0.9990351796150208,0.0050115,1.4097888340272848,0.07621840525066324,0.39851767388825543,0.0760181618051734,0.403363740022805,0.0050115,0.0,0.000745,7.8e-05,0.9999940395355225,0.0,5e-07,0.0007675,6.95e-05,1.0000180006027222,0.009421352297067642,2000000
3099,0.0006329715251922607,1.0017541646957397,0.0046705,1.9236703761564693,0.07462686567164181,0.395096921322691,0.0760181618051734,0.403363740022805,0.00467,0.0,0.000234,2e-06,0.9997802972793579,0.0,5e-07,0.0007675,6.95e-05,1.0000180006027222,0.009422967210412025,2000000
3199,-0.0002831965684890747,0.9958871006965637,0.005680499999999998,1.664261318300143,0.0808376898182723,0.41391106043329534,0.0760181618051734,0.403363740022805,0.004856,0.0,0.000719,8.25e-05,0.9999912977218628,0.0,5e-07,0.0007675,6.95e-05,1.0000180006027222,0.011217478662729263,2000000
3299,0.0005668550729751587,1.0024017095565796,0.004191500000000001,1.6423405348560876,0.07703720611732481,0.4047890535917902,0.0760181618051734,0.403363740022805,0.0041445,0.0,0.0009225,9.35e-05,0.9999922513961792,0.0,5e-07,0.0007675,6.95e-05,1.0000180006027222,0.010078712366521358,2000000
3399,0.0001971125602722168,0.9981623291969299,0.005035999999999999,1.6633330067472936,0.07692307692307687,0.39680729760547323,0.0760181618051734,0.403363740022805,0.0041375,0.0,0.0011975,0.0001245,0.9999954700469971,0.0,5e-07,0.0007675,6.95e-05,1.0000180006027222,0.009838726371526718,2000000
3499,0.00021819770336151123,1.0004112720489502,0.0043145,1.804029859466752,0.07707942464040037,0.4013683010262258,0.0760181618051734,0.403363740022805,0.0043145,0.0,0.001031,9.9e-05,0.9999983310699463,0.0,5e-07,0.0007675,6.95e-05,1.0000180006027222,0.009595263749361038,2000000
3599,0.0005110055208206177,1.0006519556045532,0.004652,1.8961027315398629,0.079455266955267,0.4064994298745724,0.0760181618051734,0.403363740022805,0.004652,0.0,0.001283,0.0001305,0.9999990463256836,0.0,5e-07,0.0007675,6.95e-05,1.0000180006027222,0.009756783954799175,2000000
3699,0.00021801888942718506,0.9990590214729309,0.0042965,1.428833148810453,0.07913884411696986,0.4104903078677309,0.0760181618051734,0.403363740022805,0.0042965,0.0,0.000979,9.55e-05,0.999998927116394,0.0,5e-07,0.0007675,6.95e-05,1.0000180006027222,0.009272291325032711,2000000
3799,0.00026023387908935547,1.0024313926696777,0.0053185,1.284762880474501,0.07692307692307698,0.39880273660205245,0.0760181618051734,0.403363740022805,0.0053185,0.0,0.000902,0.0001075,0.9999947547912598,0.0,5e-07,0.0007675,6.95e-05,1.0000180006027222,0.009128008037805557,2000000
3899,0.0005565732717514038,0.9999321103096008,0.004127000000000002,1.5541403651134809,0.07692307692307698,0.40279361459521096,0.0760181618051734,0.403363740022805,0.00395,0.0,0.0009495,9.9e-05,0.9999982118606567,0.0,5e-07,0.0007675,6.95e-05,1.0000180006027222,0.009577734395861626,2000000
3999,0.0003728717565536499,1.0003938674926758,0.004644,1.6663210092577945,0.07681770284510002,0.4007981755986317,0.0760181618051734,0.403363740022805,0.004644,0.0,0.0010915,0.0001175,0.9999998807907104,0.0,5e-07,0.0007675,6.95e-05,1.0000180006027222,0.010110844857990742,2000000
4099,0.00017404556274414062,1.0016319751739502,0.004087,1.3509562800226251,0.07798353909465025,0.4053591790193843,0.0760181618051734,0.403363740022805,0.004087,0.0,0.00098,0.0001115,0.9999964237213135,0.0,5e-07,0.0007675,6.95e-05,1.0000180006027222,0.00903036817908287,2000000
4199,2.810359001159668e-05,0.9980000853538513,0.0049,1.5088456563245949,0.0799999999999999,0.41391106043329534,0.0760181618051734,0.403363740022805,0.0049,0.0,0.0008255,8.95e-05,0.999993085861206,0.0,5e-07,0.0007675,6.95e-05,1.0000180006027222,0.010318197309970856,2000000
4299,0.0002790689468383789,1.0024712085723877,0.005072500000000001,1.3814227341640624,0.077558926233086,0.3990877993158495,0.0760181618051734,0.403363740022805,0.0050725,0.0,0.0008815,8.65e-05,0.9999964237213135,0.0,5e-07,0.0007675,6.95e-05,1.0000180006027222,0.00917003396898508,2000000
4399,-3.293156623840332e-05,0.9977207779884338,0.0044015,1.4830647715286223,0.07792207792207788,0.4087799315849487,0.0760181618051734,0.403363740022805,0.004401,0.0,0.0007795,6.75e-05,0.9999986886978149,0.0,5e-07,0.0007675,6.95e-05,1.0000180006027222,0.009803623892366886,2000000
4499,0.000665023922920227,1.0005054473876953,0.004906000000000001,1.5974161302866785,0.07904202953426738,0.41590649942987457,0.0760181618051734,0.403363740022805,0.004906,0.0,0.0011855,0.00013,0.9999933838844299,0.0,5e-07,0.0007675,6.95e-05,1.0000180006027222,0.010184094309806824,2000000
4599,-0.00014294683933258057,1.0012203454971313,0.0052725,1.302546221906812,0.07692307692307689,0.4050741163055872,0.0760181618051734,0.403363740022805,0.0052725,0.0,0.001057,0.0001195,0.9999978542327881,0.0,5e-07,0.0007675,6.95e-05,1.0000180006027222,0.009195069782435894,2000000
4699,0.0012564659118652344,1.0032620429992676,0.00434,1.3596691698504424,0.0799999999999999,0.40820980615735464,0.0760181618051734,0.403363740022805,0.0043395,0.0,0.000928,9.85e-05,0.9999963045120239,0.0,5e-07,0.0007675,6.95e-05,1.0000180006027222,0.009408649057149887,2000000
4799,0.0007466375827789307,1.0031647682189941,0.0047235,1.3664388937274141,0.07865168539325837,0.4090649942987457,0.0760181618051734,0.403363740022805,0.0047235,0.0,0.0011935,0.000125,0.9999973773956299,0.0,5e-07,0.0007675,6.95e-05,1.0000180006027222,0.009443756192922592,2000000
4899,0.0004816800355911255,1.002038598060608,0.004158000000000002,1.2968738000084583,0.07692307692307696,0.40678449258836946,0.0760181618051734,0.403363740022805,0.003789,0.0,0.000904,8.85e-05,0.999993085861206,0.0,5e-07,0.0007675,6.95e-05,1.0000180006027222,0.009182475507259369,2000000
4999,-4.373490810394287e-05,0.9979569911956787,0.0041025,1.3240295587256752,0.0799999999999999,0.41391106043329534,0.0760181618051734,0.403363740022805,0.0041025,0.0,0.00082,8.55e-05,0.9999895095825195,0.0,5e-07,0.0007675,6.95e-05,1.0000180006027222,0.009870274923741817,2000000
5099,-2.518296241760254e-06,0.9975433945655823,0.004479,1.332510611086901,0.07827818627450978,0.40992018244013684,0.0760181618051734,0.403363740022805,0.0040055,0.0,0.000973,0.0001035,0.999992847442627,0.0,5e-07,0.0007675,6.95e-05,1.0000180006027222,0.009372880682349205,2000000
5199,0.00032244622707366943,1.0028939247131348,0.0053545,1.2582784945957963,0.07958018595174063,0.403363740022805,0.0760181618051734,0.403363740022805,0.0053545,0.0,0.000791,8e-05,0.9999970197677612,0.0,5e-07,0.0007675,6.95e-05,1.0000180006027222,0.009282988496124744,2000000
5299,0.00033593177795410156,0.999395489692688,0.004037,1.3785850519899818,0.07939608134920637,0.4070695553021665,0.0760181618051734,0.403363740022805,0.004037,0.0,0.0007535,7.4e-05,0.9999954700469971,0.0,5e-07,0.0007675,6.95e-05,1.0000180006027222,0.009467599913477898,2000000
5399,6.969273090362549e-05,0.9996181726455688,0.004388,1.3210028626416077,0.08020878290893396,0.41248574686431017,0.0760181618051734,0.403363740022805,0.004388,0.0,0.001111,0.0001155,0.9999995827674866,0.0,5e-07,0.0007675,6.95e-05,1.0000180006027222,0.009696324355900288,2000000
5499,0.00016683340072631836,1.002988576889038,0.005411,1.2278131299063464,0.07962400387443318,0.4150513112884835,0.0760181618051734,0.403363740022805,0.005411,0.0,0.0009585,0.000105,0.9999951124191284,0.0,5e-07,0.0007675,6.95e-05,1.0000180006027222,0.00900491513311863,2000000
5599,5.239248275756836e-05,0.9997422099113464,0.005144,1.4086405169025724,0.07936507936507936,0.4170467502850627,0.0760181618051734,0.403363740022805,0.005144,0.0,0.0008795,9.8e-05,0.9999854564666748,0.0,5e-07,0.0007675,6.95e-05,1.0000180006027222,0.009116570465266705,2000000
5699,-7.610023021697998e-05,0.9985954761505127,0.004481,1.4872051522721785,0.07740729034976818,0.40364880273660203,0.0760181618051734,0.403363740022805,0.004481,0.0,0.0010575,0.0001075,0.9999958276748657,0.0,5e-07,0.0007675,6.95e-05,1.0000180006027222,0.009259483776986599,2000000
5799,-0.0002543926239013672,0.9988946318626404,0.0042795,1.4548372006966201,0.07834612105711852,0.41334093500570124,0.0760181618051734,0.403363740022805,0.0042785,0.0,0.001095,0.0001105,0.9999994039535522,0.0,5e-07,0.0007675,6.95e-05,1.0000180006027222,0.009528560563921928,2000000
5899,0.00039449334144592285,0.9990615844726562,0.0044405,1.4417550207809906,0.07969023729893293,0.41818700114025087,0.0760181618051734,0.403363740022805,0.0037935,0.0,0.0011135,0.0001085,0.9999926090240479,0.0,5e-07,0.0007675,6.95e-05,1.0000180006027222,0.00956947822123766,2000000
5999,0.0002830624580383301,1.0038211345672607,0.0048685,1.6530544909931701,0.07861155698234354,0.4087799315849487,0.0760181618051734,0.403363740022805,0.0048685,0.0,0.001286,0.0001415,0.9999991655349731,0.0,5e-07,0.0007675,6.95e-05,1.0000180006027222,0.00951096136122942,2000000
6099,-0.00010287761688232422,1.0003772974014282,0.0052915,1.3984078189973732,0.07692307692307687,0.40250855188141393,0.0760181618051734,0.403363740022805,0.0052915,0.0,0.000968,0.0001075,0.9999957084655762,0.0,5e-07,0.0007675,6.95e-05,1.0000180006027222,0.009325025603175163,2000000
6199,0.00032639503479003906,0.9995789527893066,0.005322499999999997,1.619303094467253,0.07999999999999993,0.4153363740022805,0.0760181618051734,0.403363740022805,0.003549,0.0,0.0010295,0.000101,0.9999992847442627,0.0,5e-07,0.0007675,6.95e-05,1.0000180006027222,0.009688393212854862,2000000
6299,0.0005595535039901733,1.000380277633667,0.005136999999999999,1.5026862701731765,0.08040360927028342,0.4122006841505131,0.0760181618051734,0.403363740022805,0.0035575,0.0,0.00101,0.000105,0.9999933242797852,0.0,5e-07,0.0007675,6.95e-05,1.0000180006027222,0.009940816089510918,2000000
6399,-1.2949109077453613e-05,1.0020161867141724,0.0051345,1.3694793378475167,0.08202838267678007,0.4261687571265678,0.0760181618051734,0.403363740022805,0.0051345,0.0,0.000975,9.3e-05,0.9999992251396179,0.0,5e-07,0.0007675,6.95e-05,1.0000180006027222,0.009295420721173286,2000000
6499,0.00024509429931640625,1.00139582157135,0.0040705,1.3296683085961205,0.07894736842105271,0.41020524515393386,0.0760181618051734,0.403363740022805,0.0040705,0.0,0.000914,8.8e-05,0.9999994039535522,0.0,5e-07,0.0007675,6.95e-05,1.0000180006027222,0.009448663331568241,2000000
6599,-2.8699636459350586e-05,0.9996816515922546,0.004407500000000002,1.4127072841118309,0.07869592143678666,0.41163055872291904,0.0760181618051734,0.403363740022805,0.003657,0.0,0.0009915,0.000102,0.9999915361404419,0.0,5e-07,0.0007675,6.95e-05,1.0000180006027222,0.010241587646305561,2000000
6699,0.0004906952381134033,1.0021928548812866,0.004303,1.3307956113206454,0.07692307692307689,0.4136259977194983,0.0760181618051734,0.403363740022805,0.0043025,0.0,0.0010305,0.0001105,0.9999991655349731,0.0,5e-07,0.0007675,6.95e-05,1.0000180006027222,0.00894043780863285,2000000
6799,-0.00035487115383148193,1.0003806352615356,0.00452,1.3117738593418216,0.07755279337075643,0.411060433295325,0.0760181618051734,0.403363740022805,0.00452,0.0,0.000973,9.25e-05,0.999996542930603,0.0,5e-07,0.0007675,6.95e-05,1.0000180006027222,0.009240628220140934,2000000
6899,0.00029921531677246094,1.0001702308654785,0.004583,1.3960689446407415,0.07692307692307691,0.4016533637400228,0.0760181618051734,0.403363740022805,0.004583,0.0,0.0010305,0.000117,0.9999997615814209,0.0,5e-07,0.0007675,6.95e-05,1.0000180006027222,0.00911878515034914,2000000
6999,0.0006352365016937256,1.0009536743164062,0.0042475,1.953013612740795,0.0792865000785793,0.41248574686431017,0.0760181618051734,0.403363740022805,0.0042475,0.0,0.001227,0.0001195,0.9999840259552002,0.0,5e-07,0.0007675,6.95e-05,1.0000180006027222,0.009507477283477783,2000000
7099,-9.396672248840332e-05,0.9997562766075134,0.0042215,1.3360811375636594,0.07983361321738805,0.4147662485746864,0.0760181618051734,0.403363740022805,0.0042205,0.0,0.0010905,0.00013,0.999998927116394,0.0,5e-07,0.0007675,6.95e-05,1.0000180006027222,0.00949855800718069,2000000
7199,-0.00018846988677978516,0.9989830255508423,0.0042169999999999985,1.4146669488512098,0.07407407407407407,0.3922462941847206,0.0760181618051734,0.403363740022805,0.0033845,0.0,0.0010345,0.0001175,0.9999997019767761,0.0,5e-07,0.0007675,6.95e-05,1.0000180006027222,0.009279991500079632,2000000
7299,0.0011194497346878052,1.0016732215881348,0.0044745,1.7979769275239463,0.08040233274982873,0.4104903078677309,0.0760181618051734,0.403363740022805,0.0044745,0.0,0.001287,0.0001305,0.9999961853027344,0.0,5e-07,0.0007675,6.95e-05,1.0000180006027222,0.009498401544988155,2000000
7399,0.0003438591957092285,1.0008058547973633,0.005083000000000001,1.63619245128985,0.07782811680859204,0.40450399087799316,0.0760181618051734,0.403363740022805,0.005083,0.0,0.001244,0.0001305,0.999997615814209,0.0,5e-07,0.0007675,6.95e-05,1.0000180006027222,0.009300030767917633,2000000
7499,0.000885888934135437,1.0009907484054565,0.005108,1.6253788916608463,0.08155706727135292,0.4227480045610034,0.0760181618051734,0.403363740022805,0.005108,0.0,0.001159,0.0001145,0.9999948740005493,0.0,5e-07,0.0007675,6.95e-05,1.0000180006027222,0.009104820899665356,2000000
7599,0.0004280656576156616,1.0013904571533203,0.0038975,1.210441264307147,0.076923076923077,0.4053591790193843,0.0760181618051734,0.403363740022805,0.0038965,0.0,0.0011255,0.000119,0.999998927116394,0.0,5e-07,0.0007675,6.95e-05,1.0000180006027222,0.008948060683906078,2000000
7699,0.0004397779703140259,1.0034511089324951,0.0041995,1.1532396003227807,0.07722310067013026,0.403078677309008,0.0760181618051734,0.403363740022805,0.0041995,0.0,0.000911,0.0001045,0.9999979734420776,0.0,5e-07,0.0007675,6.95e-05,1.0000180006027222,0.008940011262893677,2000000
7799,0.0003869980573654175,1.0010310411453247,0.00487,1.437425250499762,0.07822508498837002,0.411060433295325,0.0760181618051734,0.403363740022805,0.00487,0.0,0.0012165,0.0001175,0.999996542930603,0.0,5e-07,0.0007675,6.95e-05,1.0000180006027222,0.009354019537568092,2000000
7899,0.00020895898342132568,0.9997965693473816,0.005216,1.4923523897773532,0.08064516129032256,0.41733181299885974,0.0760181618051734,0.403363740022805,0.0052155,0.0,0.00112,0.0001125,0.9999998807907104,0.0,5e-07,0.0007675,6.95e-05,1.0000180006027222,0.009205473586916924,2000000
7999,2.41696834564209e-05,1.0009089708328247,0.004582,1.575925877828495,0.0760181618051734,0.40051311288483465,0.0760181618051734,0.403363740022805,0.004582,0.0,0.0012345,0.0001415,0.9999933242797852,0.0,5e-07,0.0007675,6.95e-05,1.0000180006027222,0.009576783515512943,2000000
8099,0.0006694197654724121,1.0023953914642334,0.004492,1.399786564852891,0.07633827594873085,0.40450399087799316,0.0760181618051734,0.403363740022805,0.0044915,0.0,0.000296,0.0,0.9989700317382812,0.0,5e-07,0.0007675,6.95e-05,1.0000180006027222,0.009669896215200424,2000000
8199,0.00011396408081054688,1.0007429122924805,0.004078,1.3086281048649435,0.07692307692307682,0.403078677309008,0.0760181618051734,0.403363740022805,0.004078,0.0,0.000711,9.05e-05,0.9999948740005493,0.0,5e-07,0.0007675,6.95e-05,1.0000180006027222,0.009236444719135761,2000000
8299,-6.978213787078857e-05,1.000675082206726,0.0050245,1.2972638619456345,0.07592111211573237,0.41163055872291904,0.0760181618051734,0.403363740022805,0.0050245,0.0,0.0010045,0.0001085,0.9999960660934448,0.0,5e-07,0.0007675,6.95e-05,1.0000180006027222,0.00920140091329813,2000000
8399,-0.00021693110466003418,0.9985507130622864,0.003878,1.305803865741519,0.07713312234163511,0.403078677309008,0.0760181618051734,0.403363740022805,0.003878,0.0,0.000438,2.75e-05,0.9999994039535522,0.0,5e-07,0.0007675,6.95e-05,1.0000180006027222,0.009095794521272182,2000000
8499,0.00020451843738555908,1.0018178224563599,0.0048625000000000005,1.3198186300210042,0.07754756871035937,0.40364880273660203,0.0760181618051734,0.403363740022805,0.0048625,0.0,0.000453,3.1e-05,0.999990701675415,0.0,5e-07,0.0007675,6.95e-05,1.0000180006027222,0.009032800793647766,2000000
8599,-0.00018039345741271973,1.0011073350906372,0.0042455,1.2494586376882582,0.07510162601626025,0.4070695553021665,0.0760181618051734,0.403363740022805,0.0042455,0.0,0.000552,5.05e-05,0.9999897480010986,0.0,5e-07,0.0007675,6.95e-05,1.0000180006027222,0.008870627731084824,2000000
8699,-0.0006567537784576416,0.999420166015625,0.0046305,1.233350962161635,0.07734593837535013,0.4039338654503991,0.0760181618051734,0.403363740022805,0.00463,0.0,0.000556,5.4e-05,0.9999943971633911,0.0,5e-07,0.0007675,6.95e-05,1.0000180006027222,0.008941364474594593,2000000
8799,0.000510677695274353,1.0014734268188477,0.0040945,1.136549200189282,0.07710613360560707,0.4064994298745724,0.0760181618051734,0.403363740022805,0.0040945,0.0,0.000693,7.2e-05,0.9999990463256836,0.0,5e-07,0.0007675,6.95e-05,1.0000180006027222,0.00897239986807108,2000000
8899,0.00012959539890289307,0.9999021887779236,0.0043025,1.2725902850873934,0.07766999329708797,0.40108323831242876,0.0760181618051734,0.403363740022805,0.004302,0.0,0.000412,2.6e-05,0.999992847442627,0.0,5e-07,0.0007675,6.95e-05,1.0000180006027222,0.009262082166969776,2000000
8999,0.00020109117031097412,1.0004281997680664,0.0046385,1.3648027607858337,0.07762805490458657,0.4127708095781072,0.0760181618051734,0.403363740022805,0.0046385,0.0,0.000356,1.8e-05,0.9999682903289795,0.0,5e-07,0.0007675,6.95e-05,1.0000180006027222,0.009191805496811867,2000000
9099,9.393692016601562e-05,1.0000252723693848,0.0040165,1.3568570908829571,0.07692307692307683,0.40763968072976053,0.0760181618051734,0.403363740022805,0.004016,0.0,0.000433,3.05e-05,0.9999946355819702,0.0,5e-07,0.0007675,6.95e-05,1.0000180006027222,0.009072981774806976,2000000
9199,0.00024612247943878174,1.0010581016540527,0.0046005,1.0933942044870084,0.07819409313413292,0.40222348916761685,0.0760181618051734,0.403363740022805,0.0046005,0.0,0.0007425,7.95e-05,0.9999911189079285,0.0,5e-07,0.0007675,6.95e-05,1.0000180006027222,0.009002400562167168,2000000
9299,2.8580427169799805e-05,0.9990691542625427,0.0040095,1.1717242164426045,0.07863114434196747,0.40792474344355756,0.0760181618051734,0.403363740022805,0.004009,0.0,0.0010025,0.000113,0.9999959468841553,0.0,5e-07,0.0007675,6.95e-05,1.0000180006027222,0.00916073564440012,2000000
9399,0.00010035932064056396,1.0005152225494385,0.004069,1.1485787092605146,0.0786701049917112,0.4070695553021665,0.0760181618051734,0.403363740022805,0.004069,0.0,0.00097,0.000107,0.9999861717224121,0.0,5e-07,0.0007675,6.95e-05,1.0000180006027222,0.009127707220613956,2000000
9499,-0.00013266503810882568,1.0013819932937622,0.0041965,1.270143476317595,0.07789546519054713,0.4136259977194983,0.0760181618051734,0.403363740022805,0.0041965,0.0,0.000985,0.000102,0.999997615814209,0.0,5e-07,0.0007675,6.95e-05,1.0000180006027222,0.00929380115121603,2000000
9599,0.0005077719688415527,1.0006941556930542,0.004126000000000001,1.4630879543868267,0.07894736842105274,0.411345496009122,0.0760181618051734,0.403363740022805,0.0035365,0.0,0.001151,0.0001255,0.9999972581863403,0.0,5e-07,0.0007675,6.95e-05,1.0000180006027222,0.009101840667426586,2000000
9699,0.0006265789270401001,1.0019729137420654,0.003803,1.3841134307350198,0.07923950170785615,0.4096351197263398,0.0760181618051734,0.403363740022805,0.003803,0.0,0.0011665,0.000117,0.999990701675415,0.0,5e-07,0.0007675,6.95e-05,1.0000180006027222,0.009093421511352062,2000000
9799,0.00014029443264007568,1.0006961822509766,0.004033000000000002,1.451806047885913,0.07692307692307684,0.3999429874572406,0.0760181618051734,0.403363740022805,0.0033655,0.0,0.001188,0.0001205,0.9999872446060181,0.0,5e-07,0.0007675,6.95e-05,1.0000180006027222,0.009263713844120502,2000000
9899,-0.0002063363790512085,0.9993638396263123,0.004109499999999999,1.4788592619486627,0.07563025210084029,0.3973774230330673,0.0760181618051734,0.403363740022805,0.00326,0.0,0.001164,0.000126,0.9999982118606567,0.0,5e-07,0.0007675,6.95e-05,1.0000180006027222,0.009401915594935417,2000000
9999,0.00050334632396698,0.9996940493583679,0.004984000000000002,1.5282557134912809,0.0783461210571185,0.40678449258836946,0.0760181618051734,0.403363740022805,0.0030655,0.0,0.001135,0.000119,0.9999978542327881,0.0,5e-07,0.0007675,6.95e-05,1.0000180006027222,0.00921102985739708,2000000
10099,0.0004967451095581055,1.0002692937850952,0.003942000000000001,1.5168445599540452,0.0766257151323137,0.4050741163055872,0.0760181618051734,0.403363740022805,0.003455,0.0,0.001101,0.0001225,0.9999934434890747,0.0,5e-07,0.0007675,6.95e-05,1.0000180006027222,0.008850486017763615,2000000
10199,-0.0002358555793762207,1.0001286268234253,0.003897,1.4599839074913217,0.07692307692307689,0.3990877993158495,0.0760181618051734,0.403363740022805,0.003897,0.0,0.001071,0.000109,0.9999961853027344,0.0,5e-07,0.0007675,6.95e-05,1.0000180006027222,0.009163906797766685,2000000
10299,-0.00024433434009552,0.9985203742980957,0.004268,1.3312790344260168,0.07692307692307687,0.3959521094640821,0.0760181618051734,0.403363740022805,0.004268,0.0,0.001065,0.0001105,0.9999993443489075,0.0,5e-07,0.0007675,6.95e-05,1.0000180006027222,0.009137550368905067,2000000
10399,0.0005832910537719727,1.0001981258392334,0.0039155,1.363208271027359,0.07442613080454578,0.3982326111744584,0.0760181618051734,0.403363740022805,0.0039155,0.0,0.001139,0.000109,0.9999998807907104,0.0,5e-07,0.0007675,6.95e-05,1.0000180006027222,0.009086512960493565,2000000
10499,0.0003073662519454956,1.0000869035720825,0.0035705,1.1764069179698273,0.07469285405768583,0.39538198403648805,0.0760181618051734,0.403363740022805,0.0035705,0.0,0.0009335,0.000109,0.9999963045120239,0.0,5e-07,0.0007675,6.95e-05,1.0000180006027222,0.008919024839997292,2000000
10599,-0.0002340078353881836,0.9991217255592346,0.0040195,1.1484284584646949,0.0769230769230769,0.3956670467502851,0.0760181618051734,0.403363740022805,0.0040195,0.0,0.0007995,8.8e-05,0.9999903440475464,0.0,5e-07,0.0007675,6.95e-05,1.0000180006027222,0.008395060896873474,2000000
10699,0.0002562105655670166,0.9994767308235168,0.003955,1.1631001620756336,0.07555097510702397,0.39851767388825543,0.0760181618051734,0.403363740022805,0.003954,0.0,0.00081,8.35e-05,0.9999945163726807,0.0,5e-07,0.0007675,6.95e-05,1.0000180006027222,0.008908596821129322,2000000
10799,-0.00023217499256134033,0.9993201494216919,0.0042475,1.172680383979029,0.07664811496661095,0.40421892816419613,0.0760181618051734,0.403363740022805,0.0042475,0.0,0.000812,8.8e-05,0.9999926090240479,0.0,5e-07,0.0007675,6.95e-05,1.0000180006027222,0.0091384993866086,2000000
10899,0.00023889541625976562,1.0009011030197144,0.004323,1.2016638617880673,0.07838619318695222,0.39880273660205245,0.0760181618051734,0.403363740022805,0.004323,0.0,0.0005935,6.65e-05,0.9999924898147583,0.0,5e-07,0.0007675,6.95e-05,1.0000180006027222,0.008839230053126812,2000000
10999,3.249943256378174e-05,1.0004605054855347,0.004025000000000001,1.2624070072381177,0.07539975560507345,0.4013683010262258,0.0760181618051734,0.403363740022805,0.004025,0.0,0.000498,5.35e-05,0.9999825954437256,0.0,5e-07,0.0007675,6.95e-05,1.0000180006027222,0.008927728980779648,2000000
11099,-0.00019031763076782227,0.9997268319129944,0.0039955,1.2326441070784278,0.07671286905566829,0.4013683010262258,0.0760181618051734,0.403363740022805,0.0039955,0.0,0.0005775,6.45e-05,0.9999922513961792,0.0,5e-07,0.0007675,6.95e-05,1.0000180006027222,0.009021660313010216,2000000
11199,-5.549192428588867e-05,1.0001190900802612,0.0043765,1.1840043244489957,0.07713557161070973,0.40450399087799316,0.0760181618051734,0.403363740022805,0.0043765,0.0,0.0008735,0.0001,0.9999845027923584,0.0,5e-07,0.0007675,6.95e-05,1.0000180006027222,0.008837982080876827,2000000
11299,0.00010761618614196777,0.9980403780937195,0.004691500000000001,1.3051383257898022,0.07692307692307691,0.395096921322691,0.0760181618051734,0.403363740022805,0.0038145,0.0,0.0009595,9.55e-05,0.9999974966049194,0.0,5e-07,0.0007675,6.95e-05,1.0000180006027222,0.008899406529963017,2000000
11399,-0.0008785426616668701,0.9994399547576904,0.0049215,1.293190170827389,0.07843137254901965,0.41590649942987457,0.0760181618051734,0.403363740022805,0.0049215,0.0,0.0009915,0.00011,0.9999982118606567,0.0,5e-07,0.0007675,6.95e-05,1.0000180006027222,0.009132062084972858,2000000
11499,0.0002532154321670532,1.0025919675827026,0.0040045,1.2645430138095262,0.07592534768092622,0.4047890535917902,0.0760181618051734,0.403363740022805,0.0040045,0.0,0.000494,4.5e-05,0.99998539686203,0.0,5e-07,0.0007675,6.95e-05,1.0000180006027222,0.009354148991405964,2000000
11599,-0.0003166496753692627,0.9985056519508362,0.004053,1.1038414273100507,0.07640042451088964,0.3982326111744584,0.0760181618051734,0.403363740022805,0.004053,0.0,0.0007845,8e-05,0.99998939037323,0.0,5e-07,0.0007675,6.95e-05,1.0000180006027222,0.00895922165364027,2000000
11699,-2.6777386665344238e-05,1.0003994703292847,0.0039875,1.1792602180110692,0.07692307692307682,0.3996579247434436,0.0760181618051734,0.403363740022805,0.0039875,0.0,0.0010185,9.55e-05,0.9999959468841553,0.0,5e-07,0.0007675,6.95e-05,1.0000180006027222,0.009041178971529007,2000000
11799,0.00024053454399108887,1.0006513595581055,0.0039965,1.178563772548103,0.0755475619504396,0.4013683010262258,0.0760181618051734,0.403363740022805,0.0039965,0.0,0.0010205,0.000103,0.9999974966049194,0.0,5e-07,0.0007675,6.95e-05,1.0000180006027222,0.008947264403104782,2000000
11899,-0.00010663270950317383,0.9996854066848755,0.004549,1.1580641812136365,0.07692307692307689,0.39481185860889395,0.0760181618051734,0.403363740022805,0.004549,0.0,0.000992,9.85e-05,0.9999946355819702,0.0,5e-07,0.0007675,6.95e-05,1.0000180006027222,0.008847072720527649,2000000
11999,-0.00037413835525512695,0.9990984201431274,0.0040645,1.1416566712319092,0.07519604088132717,0.3956670467502851,0.0760181618051734,0.403363740022805,0.0040645,0.0,0.001011,0.0001055,0.9999995231628418,0.0,5e-07,0.0007675,6.95e-05,1.0000180006027222,0.008926566690206528,2000000
12099,0.00020600855350494385,1.0011570453643799,0.003866,1.1366512721806585,0.07660924479205655,0.39082098061573545,0.0760181618051734,0.403363740022805,0.003866,0.0,0.0010375,0.0001055,0.9999969005584717,0.0,5e-07,0.0007675,6.95e-05,1.0000180006027222,0.008889954537153244,2000000
12199,0.0001614987850189209,1.0005476474761963,0.004558,1.2341516547350817,0.07692307692307689,0.4047890535917902,0.0760181618051734,0.403363740022805,0.004558,0.0,0.0010875,0.0001055,0.9999947547912598,0.0,5e-07,0.0007675,6.95e-05,1.0000180006027222,0.00884558167308569,2000000
12299,0.00025053322315216064,1.0013790130615234,0.0040005,1.1866201627468116,0.07692307692307698,0.40279361459521096,0.0760181618051734,0.403363740022805,0.0040005,0.0,0.0010065,0.0001035,0.9999910593032837,0.0,5e-07,0.0007675,6.95e-05,1.0000180006027222,0.008762522600591183,2000000
12399,-1.9252300262451172e-05,1.000730037689209,0.0038835,1.274945002818899,0.07756376116929994,0.4127708095781072,0.0760181618051734,0.403363740022805,0.0038835,0.0,0.0010545,0.0001065,0.999992847442627,0.0,5e-07,0.0007675,6.95e-05,1.0000180006027222,0.008875980041921139,2000000
12499,0.0004976987838745117,1.002503752708435,0.0038735,1.180952261177564,0.07643312101910824,0.4013683010262258,0.0760181618051734,0.403363740022805,0.0038735,0.0,0.000822,8.15e-05,0.9999973177909851,0.0,5e-07,0.0007675,6.95e-05,1.0000180006027222,0.008741602301597595,2000000
12599,0.00020897388458251953,1.000718355178833,0.004236500000000001,1.121138966162275,0.07800386011972911,0.3962371721778791,0.0760181618051734,0.403363740022805,0.0042365,0.0,0.0008635,8.75e-05,0.9999982118606567,0.0,5e-07,0.0007675,6.95e-05,1.0000180006027222,0.008493960835039616,2000000
12699,0.0003719031810760498,1.0011320114135742,0.004038,1.204495654040802,0.07692307692307697,0.4013683010262258,0.0760181618051734,0.403363740022805,0.004038,0.0,0.001023,9.75e-05,0.9999970197677612,0.0,5e-07,0.0007675,6.95e-05,1.0000180006027222,0.008903615176677704,2000000
12799,0.0004951357841491699,1.000967025756836,0.0039465,1.2329899403035927,0.07667981620643274,0.3945267958950969,0.0760181618051734,0.403363740022805,0.0039465,0.0,0.00097,9.2e-05,0.9999977350234985,0.0,5e-07,0.0007675,6.95e-05,1.0000180006027222,0.008953269571065903,2000000
12899,-0.0002851635217666626,0.9998441338539124,0.0042485000000000005,1.2430114040727847,0.07791288032081226,0.40108323831242876,0.0760181618051734,0.403363740022805,0.0042485,0.0,0.0009955,0.0001025,0.999995231628418,0.0,5e-07,0.0007675,6.95e-05,1.0000180006027222,0.008982731960713863,2000000
12999,0.0002851635217666626,1.0007718801498413,0.0039745,1.2855755845428696,0.07630353215163674,0.3990877993158495,0.0760181618051734,0.403363740022805,0.0039745,0.0,0.0010675,0.000103,0.9999890327453613,0.0,5e-07,0.0007675,6.95e-05,1.0000180006027222,0.009056445211172104,2000000
13099,0.0004974305629730225,1.0002340078353882,0.0037785000000000006,1.3678458638816748,0.07706962302993492,0.3993728620296465,0.0760181618051734,0.403363740022805,0.0037355,0.0,0.001066,0.0001055,0.9999909400939941,0.0,5e-07,0.0007675,6.95e-05,1.0000180006027222,0.00902487337589264,2000000
13199,0.00018486380577087402,0.9996659159660339,0.004065,1.2290311944684982,0.07547169811320759,0.39652223489167615,0.0760181618051734,0.403363740022805,0.0040645,0.0,0.0009845,9.5e-05,0.9999980926513672,0.0,5e-07,0.0007675,6.95e-05,1.0000180006027222,0.008963463827967644,2000000
13299,0.0006427466869354248,1.0013222694396973,0.0036784999999999977,1.2749782103194682,0.07692307692307689,0.39680729760547323,0.0760181618051734,0.403363740022805,0.003636,0.0,0.0010175,0.000101,0.9999945163726807,0.0,5e-07,0.0007675,6.95e-05,1.0000180006027222,0.009107210673391819,2000000
13399,0.0006820559501647949,1.001429796218872,0.003642,1.1585618469391632,0.07704178537511877,0.3939566704675028,0.0760181618051734,0.403363740022805,0.003642,0.0,0.0009645,9.5e-05,0.9999983310699463,0.0,5e-07,0.0007675,6.95e-05,1.0000180006027222,0.008820192888379097,2000000
13499,1.3262033462524414e-05,1.0015619993209839,0.004131,1.0858638730118253,0.07479814355648803,0.3905359179019384,0.0760181618051734,0.403363740022805,0.004131,0.0,0.0009055,9.7e-05,0.9999977350234985,0.0,5e-07,0.0007675,6.95e-05,1.0000180006027222,0.00876554660499096,2000000
13599,2.516806125640869e-05,1.0003541707992554,0.0036885,1.1050211109335641,0.07594936708860764,0.4016533637400228,0.0760181618051734,0.403363740022805,0.0036885,0.0,0.0007535,7.5e-05,0.9999991655349731,0.0,5e-07,0.0007675,6.95e-05,1.0000180006027222,0.008698984049260616,2000000
13699,0.0004850625991821289,1.0020159482955933,0.004014999999999998,1.1698562246282842,0.074634496230504,0.3996579247434436,0.0760181618051734,0.403363740022805,0.0034155,0.0,0.000978,9.85e-05,0.9999951124191284,0.0,5e-07,0.0007675,6.95e-05,1.0000180006027222,0.008912772871553898,2000000
13799,0.0006398856639862061,1.0034213066101074,0.00355,1.1704998768451316,0.07617907148120853,0.3982326111744584,0.0760181618051734,0.403363740022805,0.003549,0.0,0.0006675,7.9e-05,0.9999964833259583,0.0,5e-07,0.0007675,6.95e-05,1.0000180006027222,0.009058679454028606,2000000
13899,-6.601214408874512e-06,0.998623788356781,0.0041670000000000006,1.1971095532617249,0.07843137254901965,0.40250855188141393,0.0760181618051734,0.403363740022805,0.003182,0.0,0.000686,7.3e-05,0.999997615814209,0.0,5e-07,0.0007675,6.95e-05,1.0000180006027222,0.009052781388163567,2000000
13999,2.518296241760254e-06,0.9991433024406433,0.003462,1.2521714764332756,0.07756861365235751,0.39652223489167615,0.0760181618051734,0.403363740022805,0.003418,0.0,0.001,0.000105,0.9999998807907104,0.0,5e-07,0.0007675,6.95e-05,1.0000180006027222,0.008972492069005966,2000000
14099,6.601214408874512e-06,0.999842643737793,0.0035965,1.3179841363538722,0.07772384034519958,0.3993728620296465,0.0760181618051734,0.403363740022805,0.0035955,0.0,0.0010335,9.6e-05,0.9999991655349731,0.0,5e-07,0.0007675,6.95e-05,1.0000180006027222,0.008939262479543686,2000000
14199,-0.0006406456232070923,0.9989924430847168,0.003649,1.3541066055411617,0.07770589443417537,0.3996579247434436,0.0760181618051734,0.403363740022805,0.003649,0.0,0.0010675,0.0001015,0.9999971389770508,0.0,5e-07,0.0007675,6.95e-05,1.0000180006027222,0.00896935909986496,2000000
14299,-0.0003708302974700928,0.9985185265541077,0.0034605,1.2569333857307516,0.078125,0.40222348916761685,0.0760181618051734,0.403363740022805,0.003459,0.0,0.001035,9.25e-05,0.9999948143959045,0.0,5e-07,0.0007675,6.95e-05,1.0000180006027222,0.008666171692311764,2000000
14399,4.5299530029296875e-05,0.998391330242157,0.003301,1.2890589346442125,0.07692307692307687,0.3896807297605473,0.0760181618051734,0.403363740022805,0.003301,0.0,0.001032,0.0001015,0.9999935030937195,0.0,5e-07,0.0007675,6.95e-05,1.0000180006027222,0.008969335816800594,2000000
14499,1.8164515495300293e-05,0.999703586101532,0.0034305,1.234345586447211,0.07422070100185091,0.3942417331812999,0.0760181618051734,0.403363740022805,0.0034305,0.0,0.0009945,0.0001,0.9999949932098389,0.0,5e-07,0.0007675,6.95e-05,1.0000180006027222,0.008772405795753002,2000000
14599,0.0004162639379501343,1.0002989768981934,0.0034544999999999992,1.2450519053416764,0.07407407407407413,0.39082098061573545,0.0760181618051734,0.403363740022805,0.0032065,0.0,0.000999,0.0001025,0.9999984502792358,0.0,5e-07,0.0007675,6.95e-05,1.0000180006027222,0.009047994390130043,2000000
14699,-0.0002673715353012085,0.9985318779945374,0.003583,1.2945653620543078,0.07692307692307682,0.3993728620296465,0.0760181618051734,0.403363740022805,0.003583,0.0,0.001026,0.0001045,0.9999927878379822,0.0,5e-07,0.0007675,6.95e-05,1.0000180006027222,0.008839713409543037,2000000
14799,0.0005798935890197754,1.000686764717102,0.0034035,1.3036590233350782,0.07936507936507936,0.41391106043329534,0.0760181618051734,0.403363740022805,0.0034035,0.0,0.001052,0.000104,0.9999953508377075,0.0,5e-07,0.0007675,6.95e-05,1.0000180006027222,0.008755791932344437,2000000
14899,0.0001720041036605835,1.0011166334152222,0.003484,1.2698257049952262,0.07560271378561309,0.40592930444697833,0.0760181618051734,0.403363740022805,0.003484,0.0,0.0010665,0.0001175,0.9999963045120239,0.0,5e-07,0.0007675,6.95e-05,1.0000180006027222,0.008549054153263569,2000000
14999,-4.57763671875e-05,1.0012304782867432,0.0038569999999999998,1.2917663897144753,0.07550563322926561,0.3999429874572406,0.0760181618051734,0.403363740022805,0.0038565,0.0,0.0010285,0.0001185,0.9999904632568359,0.0,5e-07,0.0007675,6.95e-05,1.0000180006027222,0.009062716737389565,2000000
15099,6.942451000213623e-05,1.0010898113250732,0.003735,1.2724019310601424,0.07651961646727665,0.3973774230330673,0.0760181618051734,0.403363740022805,0.0037345,0.0,0.001043,0.0001045,0.9999969005584717,0.0,5e-07,0.0007675,6.95e-05,1.0000180006027222,0.009104869328439236,2000000
15199,-0.0003708451986312866,0.9994986653327942,0.0036995,1.340829639567635,0.07826086956521741,0.40992018244013684,0.0760181618051734,0.403363740022805,0.0036995,0.0,0.0011395,0.000105,0.9999960660934448,0.0,5e-07,0.0007675,6.95e-05,1.0000180006027222,0.008627680130302906,2000000
15299,-4.486739635467529e-05,0.9993109703063965,0.0033715,1.2469843128628768,0.07547169811320759,0.3942417331812999,0.0760181618051734,0.403363740022805,0.0033715,0.0,0.001053,0.000107,0.999993085861206,0.0,5e-07,0.0007675,6.95e-05,1.0000180006027222,0.008831644430756569,2000000
15399,0.00032033026218414307,1.0019727945327759,0.003469,1.2264090625475335,0.07402138981086342,0.3945267958950969,0.0760181618051734,0.403363740022805,0.003176,0.0,0.0010515,0.0001055,0.9999976754188538,0.0,5e-07,0.0007675,6.95e-05,1.0000180006027222,0.008702334016561508,2000000
15499,-0.00020359456539154053,1.0003706216812134,0.0034315,1.227767880488657,0.07769046059812276,0.4053591790193843,0.0760181618051734,0.403363740022805,0.0034315,0.0,0.0009345,0.000102,0.9999992847442627,0.0,5e-07,0.0007675,6.95e-05,1.0000180006027222,0.008832504972815514,2000000
15599,9.079277515411377e-05,1.0021698474884033,0.003753,1.1915166630893115,0.0761747082939136,0.40108323831242876,0.0760181618051734,0.403363740022805,0.003753,0.0,0.0007645,7.8e-05,0.9999984502792358,0.0,5e-07,0.0007675,6.95e-05,1.0000180006027222,0.00919234286993742,2000000
15699,0.0004946589469909668,1.002100944519043,0.0038485,1.19871344445483,0.07843137254901959,0.40051311288483465,0.0760181618051734,0.403363740022805,0.0038485,0.0,0.00061,6.9e-05,0.9999895095825195,0.0,5e-07,0.0007675,6.95e-05,1.0000180006027222,0.008730992674827576,2000000
15799,1.8671154975891113e-05,0.9993956089019775,0.003493,1.1326441373668168,0.07867769454848113,0.4064994298745724,0.0760181618051734,0.403363740022805,0.003493,0.0,0.000822,8.75e-05,0.9999979734420776,0.0,5e-07,0.0007675,6.95e-05,1.0000180006027222,0.008918225765228271,2000000
15899,0.0004356652498245239,1.0010268688201904,0.00336,1.1695436985321794,0.07865168539325852,0.39880273660205245,0.0760181618051734,0.403363740022805,0.00336,0.0,0.0009795,9.85e-05,0.9999996423721313,0.0,5e-07,0.0007675,6.95e-05,1.0000180006027222,0.008713528513908386,2000000
15999,0.0002507716417312622,1.0005728006362915,0.0036555,1.1953438626914927,0.07995433789954337,0.40250855188141393,0.0760181618051734,0.403363740022805,0.0036555,0.0,0.0010635,0.0001275,0.9999984502792358,0.0,5e-07,0.0007675,6.95e-05,1.0000180006027222,0.008919037878513336,2000000
16099,0.00011578202247619629,1.0017390251159668,0.0034945,1.1715481063075812,0.07608695652173907,0.3979475484606613,0.0760181618051734,0.403363740022805,0.0034945,0.0,0.0009615,0.0001,0.9999954104423523,0.0,5e-07,0.0007675,6.95e-05,1.0000180006027222,0.008814625442028046,2000000
16199,0.0001429915428161621,1.0011214017868042,0.0038080000000000006,1.2601216237051953,0.07741495324602357,0.39851767388825543,0.0760181618051734,0.403363740022805,0.003125,0.0,0.001051,0.000114,0.9999911785125732,0.0,5e-07,0.0007675,6.95e-05,1.0000180006027222,0.008826030418276787,2000000
16299,0.000264972448348999,1.000604510307312,0.004012999999999999,1.253393719521398,0.07737242461454485,0.39709236031927025,0.0760181618051734,0.403363740022805,0.003213,0.0,0.000999,0.0001135,0.9999973773956299,0.0,5e-07,0.0007675,6.95e-05,1.0000180006027222,0.008742406964302063,2000000
16399,7.635354995727539e-05,0.9998999238014221,0.0037585,1.2570068868594655,0.07692307692307689,0.4050741163055872,0.0760181618051734,0.403363740022805,0.0037585,0.0,0.0010615,0.000118,0.9999940395355225,0.0,5e-07,0.0007675,6.95e-05,1.0000180006027222,0.008913515135645866,2000000
16499,-0.000563502311706543,0.9983984231948853,0.0037535,1.215654560821846,0.0775924583031182,0.40421892816419613,0.0760181618051734,0.403363740022805,0.0037535,0.0,0.001036,0.000107,0.9999995231628418,0.0,5e-07,0.0007675,6.95e-05,1.0000180006027222,0.009004883468151093,2000000
16599,0.00018440186977386475,0.9998649954795837,0.003631,1.199469575799198,0.07594936708860764,0.39709236031927025,0.0760181618051734,0.403363740022805,0.0036305,0.0,0.0009745,0.000113,0.9999985694885254,0.0,5e-07,0.0007675,6.95e-05,1.0000180006027222,0.008881330490112305,2000000
16699,-0.0007935762405395508,0.9984452128410339,0.0045005,1.1790209011640171,0.08163265306122454,0.4144811858608894,0.0760181618051734,0.403363740022805,0.0045005,0.0,0.0009425,0.0001,0.9999991655349731,0.0,5e-07,0.0007675,6.95e-05,1.0000180006027222,0.008918004110455513,2000000
16799,-0.00033605098724365234,1.000239610671997,0.0042435,1.1805719507686783,0.07894736842105259,0.4122006841505131,0.0760181618051734,0.403363740022805,0.0042435,0.0,0.000961,0.0001055,0.999997615814209,0.0,5e-07,0.0007675,6.95e-05,1.0000180006027222,0.00888391025364399,2000000
16899,-2.8595328330993652e-05,0.9997769594192505,0.003851,1.118166256479748,0.07889277134745576,0.40820980615735464,0.0760181618051734,0.403363740022805,0.003851,0.0,0.000894,9.7e-05,0.9999973177909851,0.0,5e-07,0.0007675,6.95e-05,1.0000180006027222,0.008939872495830059,2000000
16999,-5.4135918617248535e-05,1.0000005960464478,0.0043275,1.1547408134984911,0.0792310000230792,0.4064994298745724,0.0760181618051734,0.403363740022805,0.004327,0.0,0.0010065,0.0001065,0.9999959468841553,0.0,5e-07,0.0007675,6.95e-05,1.0000180006027222,0.008839389309287071,2000000
17099,0.0003944486379623413,1.0012506246566772,0.0042685,1.19388314091972,0.08320668693009114,0.42531356898517675,0.0760181618051734,0.403363740022805,0.0042685,0.0,0.0009615,9.55e-05,0.999984860420227,0.0,5e-07,0.0007675,6.95e-05,1.0000180006027222,0.008943682536482811,2000000
17199,-0.0004974007606506348,0.9990423321723938,0.0045650000000000005,1.1449374148536453,0.07950782661047556,0.4096351197263398,0.0760181618051734,0.403363740022805,0.004565,0.0,0.000953,0.000105,0.9999916553497314,0.0,5e-07,0.0007675,6.95e-05,1.0000180006027222,0.008545047603547573,2000000
17299,0.00032213330268859863,1.0006237030029297,0.004073,1.1045975636990144,0.079417639020288,0.41248574686431017,0.0760181618051734,0.403363740022805,0.0040725,0.0,0.000881,8.85e-05,0.9999933242797852,0.0,5e-07,0.0007675,6.95e-05,1.0000180006027222,0.008594227954745293,2000000
17399,-0.00032660365104675293,0.998779296875,0.004371,1.0803327015782873,0.0793000260213375,0.4104903078677309,0.0760181618051734,0.403363740022805,0.0043705,0.0,0.0008355,8.35e-05,0.9999959468841553,0.0,5e-07,0.0007675,6.95e-05,1.0000180006027222,0.008691524155437946,2000000
17499,0.00022920966148376465,1.0012352466583252,0.0044335,1.1486821396147235,0.07843137254901966,0.403363740022805,0.0760181618051734,0.403363740022805,0.0044325,0.0,0.000982,9.5e-05,0.9999898672103882,0.0,5e-07,0.0007675,6.95e-05,1.0000180006027222,0.008903823792934418,2000000
17599,-0.0003736764192581177,0.9993034601211548,0.004488000000000001,1.1450925208901654,0.07677571470674913,0.3976624857468643,0.0760181618051734,0.403363740022805,0.004488,0.0,0.0009115,9.05e-05,0.999991774559021,0.0,5e-07,0.0007675,6.95e-05,1.0000180006027222,0.009126824326813221,2000000
17699,-0.0002949535846710205,0.9988201856613159,0.004179,1.1857861925458133,0.07692307692307689,0.39652223489167615,0.0760181618051734,0.403363740022805,0.004179,0.0,0.000975,9.45e-05,0.9999858140945435,0.0,5e-07,0.0007675,6.95e-05,1.0000180006027222,0.008651470765471458,2000000
17799,0.00013606250286102295,1.0008350610733032,0.004151,1.1764138973109273,0.07812499999999996,0.40421892816419613,0.0760181618051734,0.403363740022805,0.0041505,0.0,0.001003,0.0001055,0.9999760389328003,0.0,5e-07,0.0007675,6.95e-05,1.0000180006027222,0.008958956226706505,2000000
17899,0.0004000812768936157,1.0012671947479248,0.0040605,1.1263812325377192,0.077973876535531,0.40364880273660203,0.0760181618051734,0.403363740022805,0.0040605,0.0,0.000873,8.55e-05,0.9999984502792358,0.0,5e-07,0.0007675,6.95e-05,1.0000180006027222,0.009057519026100636,2000000
17999,-0.0005078315734863281,1.000599980354309,0.0044765000000000004,1.1945714982902387,0.07741392246377324,0.40364880273660203,0.0760181618051734,0.403363740022805,0.004476,0.0,0.0009,9.5e-05,0.9999958276748657,0.0,5e-07,0.0007675,6.95e-05,1.0000180006027222,0.008751549758017063,2000000
18099,0.00017337501049041748,1.001007080078125,0.0041015,1.0987421235698311,0.07479814355648803,0.39880273660205245,0.0760181618051734,0.403363740022805,0.0041005,0.0,0.000854,8.95e-05,0.99998939037323,0.0,5e-07,0.0007675,6.95e-05,1.0000180006027222,0.008777983486652374,2000000
18199,-1.5795230865478516e-05,1.0015509128570557,0.004677,1.0552684683494626,0.07526881720430102,0.3979475484606613,0.0760181618051734,0.403363740022805,0.0046765,0.0,0.0008065,8.45e-05,0.9999978542327881,0.0,5e-07,0.0007675,6.95e-05,1.0000180006027222,0.008710799738764763,2000000
18299,-2.117455005645752e-05,1.0015497207641602,0.005087,1.1150151541199536,0.07692307692307693,0.3982326111744584,0.0760181618051734,0.403363740022805,0.0050865,0.0,0.0008915,9.15e-05,0.9999988079071045,0.0,5e-07,0.0007675,6.95e-05,1.0000180006027222,0.00880800187587738,2000000
18399,0.0002580583095550537,1.0005043745040894,0.00402,1.0802047241622568,0.07421662495919926,0.3922462941847206,0.0760181618051734,0.403363740022805,0.00402,0.0,0.000882,8.95e-05,0.9999992251396179,0.0,5e-07,0.0007675,6.95e-05,1.0000180006027222,0.009094989858567715,2000000
18499,0.00020961463451385498,1.001529574394226,0.004375,1.1188095839100958,0.07446808510638299,0.3888255416191562,0.0760181618051734,0.403363740022805,0.004375,0.0,0.000815,0.0001035,0.9999827146530151,0.0,5e-07,0.0007675,6.95e-05,1.0000180006027222,0.008910613134503365,2000000
18599,7.9423189163208e-06,0.9995946288108826,0.004287,1.1047857831282717,0.07692307692307684,0.39680729760547323,0.0760181618051734,0.403363740022805,0.004287,0.0,0.000865,8.85e-05,0.9999996423721313,0.0,5e-07,0.0007675,6.95e-05,1.0000180006027222,0.00894590001553297,2000000
18699,0.0004949867725372314,1.0005706548690796,0.0044355,1.1345863135093097,0.07549626572327044,0.4050741163055872,0.0760181618051734,0.403363740022805,0.0044355,0.0,0.0008905,9.15e-05,0.9999978542327881,0.0,5e-07,0.0007675,6.95e-05,1.0000180006027222,0.008770209737122059,2000000
18799,-0.00039939582347869873,1.0005254745483398,0.004926,1.170204187952201,0.07741641694576648,0.39538198403648805,0.0760181618051734,0.403363740022805,0.004926,0.0,0.0007665,8.25e-05,0.9999849796295166,0.0,5e-07,0.0007675,6.95e-05,1.0000180006027222,0.008871498517692089,2000000
18899,-0.00018894672393798828,1.000465750694275,0.0048125,1.1163367138850213,0.07692307692307689,0.40364880273660203,0.0760181618051734,0.403363740022805,0.0048125,0.0,0.000777,7.7e-05,0.9999940395355225,0.0,5e-07,0.0007675,6.95e-05,1.0000180006027222,0.008534914813935757,2000000
18999,0.00018966197967529297,1.0001246929168701,0.004006,1.1113929324344767,0.07692307692307689,0.403363740022805,0.0760181618051734,0.403363740022805,0.0040055,0.0,0.000756,8.8e-05,0.9999920129776001,0.0,5e-07,0.0007675,6.95e-05,1.0000180006027222,0.009083087556064129,2000000
19099,-0.00019595026969909668,0.9993783831596375,0.0039055,1.1473427612365483,0.07692307692307696,0.403363740022805,0.0760181618051734,0.403363740022805,0.0039055,0.0,0.0007755,8.3e-05,0.9999974966049194,0.0,5e-07,0.0007675,6.95e-05,1.0000180006027222,0.008685823529958725,2000000
19199,0.00013370811939239502,0.9989851117134094,0.0040115,1.1658596444057356,0.07890020750801732,0.4064994298745724,0.0760181618051734,0.403363740022805,0.004011,0.0,0.0008995,9.4e-05,0.9999998807907104,0.0,5e-07,0.0007675,6.95e-05,1.0000180006027222,0.009154471568763256,2000000
19299,-0.0002470165491104126,1.0000745058059692,0.0041825,1.1167067086198066,0.07773351040283324,0.40421892816419613,0.0760181618051734,0.403363740022805,0.0041825,0.0,0.000837,8.7e-05,0.9999842643737793,0.0,5e-07,0.0007675,6.95e-05,1.0000180006027222,0.008576186373829842,2000000
19399,-0.0002828538417816162,0.9982909560203552,0.003829,1.14267996283326,0.07577966251435642,0.3916761687571266,0.0760181618051734,0.403363740022805,0.003829,0.0,0.000797,8.1e-05,0.999997615814209,0.0,5e-07,0.0007675,6.95e-05,1.0000180006027222,0.008816388435661793,2000000
19499,0.0006885528564453125,1.0020917654037476,0.0042555,1.0978270345932215,0.07586409274206272,0.3962371721778791,0.0760181618051734,0.403363740022805,0.0042555,0.0,0.0008085,7.9e-05,0.9999977350234985,0.0,5e-07,0.0007675,6.95e-05,1.0000180006027222,0.008625339716672897,2000000
19599,0.0006263256072998047,1.0008111000061035,0.0036355,1.176455432090011,0.07755279337075643,0.40193842645381983,0.0760181618051734,0.403363740022805,0.0036355,0.0,0.000832,9.3e-05,0.9999978542327881,0.0,5e-07,0.0007675,6.95e-05,1.0000180006027222,0.008602081798017025,2000000
19699,0.00042475759983062744,1.0001822710037231,0.003949,1.1328807157724967,0.07692307692307689,0.4016533637400228,0.0760181618051734,0.403363740022805,0.003949,0.0,0.000848,9.1e-05,0.9999991655349731,0.0,5e-07,0.0007675,6.95e-05,1.0000180006027222,0.008965739980340004,2000000
19799,0.0002500265836715698,1.000340223312378,0.0036815,1.1708770332604013,0.07692307692307684,0.4050741163055872,0.0760181618051734,0.403363740022805,0.003681,0.0,0.0009795,0.0001015,0.9999879598617554,0.0,5e-07,0.0007675,6.95e-05,1.0000180006027222,0.008685441687703133,2000000
19899,-0.0003327280282974243,0.9987471103668213,0.003972,1.1290780636677769,0.07586877767342005,0.3962371721778791,0.0760181618051734,0.403363740022805,0.003972,0.0,0.000802,8.65e-05,0.9999975562095642,0.0,5e-07,0.0007675,6.95e-05,1.0000180006027222,0.008940705098211765,2000000
19999,0.0007447749376296997,1.0024123191833496,0.0036915,1.166799610976223,0.07500000000000004,0.3942417331812999,0.0760181618051734,0.403363740022805,0.0036915,0.0,0.0008005,8.85e-05,0.9999994039535522,0.0,5e-07,0.0007675,6.95e-05,1.0000180006027222,0.008713623508810997,2000000
20099,0.00039796531200408936,1.0008139610290527,0.0034055,1.084581842588316,0.07692307692307689,0.39851767388825543,0.0760181618051734,0.403363740022805,0.0034055,0.0,0.00087,8.7e-05,0.9999971389770508,0.0,5e-07,0.0007675,6.95e-05,1.0000180006027222,0.008971723727881908,2000000
20199,-0.00025346875190734863,0.9986898899078369,0.0043455,1.0701161673123043,0.0774982171510073,0.4016533637400228,0.0760181618051734,0.403363740022805,0.0043455,0.0,0.000801,8.35e-05,0.9999921321868896,0.0,5e-07,0.0007675,6.95e-05,1.0000180006027222,0.008639807812869549,2000000
20299,-0.00019180774688720703,0.9999905228614807,0.004365,1.1472193199588454,0.07692307692307689,0.4056442417331813,0.0760181618051734,0.403363740022805,0.004365,0.0,0.0009915,0.000105,0.9999943971633911,0.0,5e-07,0.0007675,6.95e-05,1.0000180006027222,0.009058309718966484,2000000
20399,-1.405179500579834e-05,0.9997687935829163,0.003728,1.1405211870652638,0.07897985705003258,0.4087799315849487,0.0760181618051734,0.403363740022805,0.003728,0.0,0.000997,0.000103,0.999992847442627,0.0,5e-07,0.0007675,6.95e-05,1.0000180006027222,0.009003724902868271,2000000
20499,2.7626752853393555e-05,0.9993622303009033,0.0038245,1.0648825296312057,0.07668711656441721,0.4090649942987457,0.0760181618051734,0.403363740022805,0.0038245,0.0,0.0008635,8.3e-05,0.9999731779098511,0.0,5e-07,0.0007675,6.95e-05,1.0000180006027222,0.00896990392357111,2000000
20599,0.000687137246131897,1.0011770725250244,0.003632,1.106030215253009,0.0777535177098495,0.4130558722919042,0.0760181618051734,0.403363740022805,0.0036315,0.0,0.000965,9.8e-05,0.9999992847442627,0.0,5e-07,0.0007675,6.95e-05,1.0000180006027222,0.008696483448147774,2000000
20699,-0.00019633769989013672,0.9991525411605835,0.0042735,1.144530406602924,0.07947860962566841,0.4087799315849487,0.0760181618051734,0.403363740022805,0.0042735,0.0,0.000992,9.45e-05,0.9999964237213135,0.0,5e-07,0.0007675,6.95e-05,1.0000180006027222,0.009156041778624058,2000000
20799,-2.3290514945983887e-05,1.0001246929168701,0.004069000000000001,1.1335245075884606,0.07936507936507936,0.4104903078677309,0.0760181618051734,0.403363740022805,0.004069,0.0,0.001012,9.1e-05,0.9999985694885254,0.0,5e-07,0.0007675,6.95e-05,1.0000180006027222,0.008657733909785748,2000000
20899,0.0002641528844833374,1.0005587339401245,0.003583,1.0794063297389163,0.07956511481597985,0.41562143671607754,0.0760181618051734,0.403363740022805,0.0035825,0.0,0.000938,9.45e-05,0.9999971389770508,0.0,5e-07,0.0007675,6.95e-05,1.0000180006027222,0.00902612041682005,2000000
20999,0.00011655688285827637,1.0009318590164185,0.0039525,1.0926589117600174,0.07717829748991575,0.4107753705815279,0.0760181618051734,0.403363740022805,0.0039525,0.0,0.000954,9.9e-05,0.999995231628418,0.0,5e-07,0.0007675,6.95e-05,1.0000180006027222,0.008617902174592018,2000000
21099,5.708634853363037e-05,1.0006577968597412,0.0037895,1.142214910420698,0.07570773524720895,0.40279361459521096,0.0760181618051734,0.403363740022805,0.0037895,0.0,0.000988,0.000104,0.9999923706054688,0.0,5e-07,0.0007675,6.95e-05,1.0000180006027222,0.00858917273581028,2000000
21199,-0.00042407214641571045,0.998599648475647,0.004147,1.0453441768772027,0.07749208428867774,0.4039338654503991,0.0760181618051734,0.403363740022805,0.004147,0.0,0.000835,8e-05,0.999961256980896,0.0,5e-07,0.0007675,6.95e-05,1.0000180006027222,0.00889830756932497,2000000
21299,-9.578466415405273e-05,1.001458764076233,0.0043445,0.9775541569337616,0.07615752183226226,0.40222348916761685,0.0760181618051734,0.403363740022805,0.0043445,0.0,0.000884,8.65e-05,0.9999921321868896,0.0,5e-07,0.0007675,6.95e-05,1.0000180006027222,0.009025393053889275,2000000
21399,0.0002963244915008545,1.0008454322814941,0.0039325,1.0435245704168037,0.0750000000000001,0.40193842645381983,0.0760181618051734,0.403363740022805,0.0039325,0.0,0.000912,8.8e-05,0.9999927282333374,0.0,5e-07,0.0007675,6.95e-05,1.0000180006027222,0.008736888878047466,2000000
21499,-9.806454181671143e-05,1.0015783309936523,0.0041915,1.0009208938872531,0.07919110836677978,0.40678449258836946,0.0760181618051734,0.403363740022805,0.0041915,0.0,0.000886,8.9e-05,0.9999972581863403,0.0,5e-07,0.0007675,6.95e-05,1.0000180006027222,0.009157011285424232,2000000
21599,0.0005884021520614624,1.0024607181549072,0.003942,1.0479783241154512,0.0783461210571185,0.3979475484606613,0.0760181618051734,0.403363740022805,0.003942,0.0,0.000981,9.45e-05,0.9999942779541016,0.0,5e-07,0.0007675,6.95e-05,1.0000180006027222,0.008723754435777664,2000000
21699,9.073317050933838e-05,1.0011627674102783,0.004127,1.0170324094523915,0.08182139684837327,0.42132269099201825,0.0760181618051734,0.403363740022805,0.004127,0.0,0.0009075,9.5e-05,0.9999957084655762,0.0,5e-07,0.0007675,6.95e-05,1.0000180006027222,0.008839495480060577,2000000
21799,-3.7476420402526855e-05,1.000949740409851,0.00383,0.9945395177354956,0.07810153903903906,0.4039338654503991,0.0760181618051734,0.403363740022805,0.00383,0.0,0.000811,9.05e-05,0.9999946355819702,0.0,5e-07,0.0007675,6.95e-05,1.0000180006027222,0.008992092683911324,2000000
21899,-0.00039899349212646484,1.0004379749298096,0.004347,1.0145949022695082,0.07934259633976351,0.40678449258836946,0.0760181618051734,0.403363740022805,0.004347,0.0,0.000869,9.25e-05,0.9999994039535522,0.0,5e-07,0.0007675,6.95e-05,1.0000180006027222,0.009250412695109844,2000000
21999,1.582503318786621e-05,0.9999605417251587,0.0043285,0.9960775251293666,0.08084521687462859,0.419327251995439,0.0760181618051734,0.403363740022805,0.0043285,0.0,0.0008225,8.95e-05,0.9999966621398926,0.0,5e-07,0.0007675,6.95e-05,1.0000180006027222,0.008899475447833538,2000000
22099,-0.0005190223455429077,0.9996578097343445,0.004275500000000001,1.0587070100872067,0.07692307692307689,0.40592930444697833,0.0760181618051734,0.403363740022805,0.0042755,0.0,0.000857,9.55e-05,0.9999799728393555,0.0,5e-07,0.0007675,6.95e-05,1.0000180006027222,0.00890874769538641,2000000
22199,-0.00031526386737823486,0.9998446702957153,0.004313,1.1162948561053212,0.07772406367650145,0.4104903078677309,0.0760181618051734,0.403363740022805,0.004313,0.0,0.000828,8.05e-05,0.9999949336051941,0.0,5e-07,0.0007675,6.95e-05,1.0000180006027222,0.009091813117265701,2000000
22299,-0.00026476383209228516,0.9999452829360962,0.0043255,1.0859548927960785,0.07748406349879038,0.4087799315849487,0.0760181618051734,0.403363740022805,0.0043255,0.0,0.000907,9.8e-05,0.9999992847442627,0.0,5e-07,0.0007675,6.95e-05,1.0000180006027222,0.009006626904010773,2000000
22399,-0.00032019615173339844,0.9997057914733887,0.004435000000000001,1.0348642804767547,0.07785658191813101,0.40421892816419613,0.0760181618051734,0.403363740022805,0.004435,0.0,0.0008475,9e-05,0.9999992847442627,0.0,5e-07,0.0007675,6.95e-05,1.0000180006027222,0.008921980857849121,2000000
22499,6.966292858123779e-05,1.001827597618103,0.0045395,1.008411315132259,0.07679487179487168,0.40051311288483465,0.0760181618051734,0.403363740022805,0.0045395,0.0,0.0007015,8.4e-05,0.999983549118042,0.0,5e-07,0.0007675,6.95e-05,1.0000180006027222,0.008827512152493,2000000
22599,0.0005001723766326904,1.0017271041870117,0.0040114999999999994,1.0582884025841208,0.07741935483870964,0.4096351197263398,0.0760181618051734,0.403363740022805,0.004011,0.0,0.0008345,8.5e-05,0.9999936819076538,0.0,5e-07,0.0007675,6.95e-05,1.0000180006027222,0.008962754160165787,2000000
22699,-0.0006616562604904175,0.9990643262863159,0.0043945,1.0892168276016514,0.07811743168252641,0.40849486887115166,0.0760181618051734,0.403363740022805,0.0043945,0.0,0.000895,9.05e-05,0.9999937415122986,0.0,5e-07,0.0007675,6.95e-05,1.0000180006027222,0.008863705210387707,2000000
22799,-0.0004888176918029785,0.9999894499778748,0.004204500000000001,1.0777127158574502,0.08000000000000002,0.40250855188141393,0.0760181618051734,0.403363740022805,0.0042045,0.0,0.000901,9.1e-05,0.9999730587005615,0.0,5e-07,0.0007675,6.95e-05,1.0000180006027222,0.00889059528708458,2000000
22899,-3.769993782043457e-06,1.0007257461547852,0.0042165,1.0597776083610755,0.07541700847689362,0.40051311288483465,0.0760181618051734,0.403363740022805,0.0042165,0.0,0.000894,8.25e-05,0.9999878406524658,0.0,5e-07,0.0007675,6.95e-05,1.0000180006027222,0.008919695392251015,2000000
22999,-0.00010995566844940186,1.0018178224563599,0.004359,1.0786236334731962,0.07692307692307691,0.3990877993158495,0.0760181618051734,0.403363740022805,0.004359,0.0,0.0009065,8.4e-05,0.9999979734420776,0.0,5e-07,0.0007675,6.95e-05,1.0000180006027222,0.008850472047924995,2000000
23099,3.68654727935791e-05,1.0016571283340454,0.0044315,1.0495015485634134,0.07894736842105264,0.4130558722919042,0.0760181618051734,0.403363740022805,0.0044315,0.0,0.0008605,9.05e-05,0.9999977350234985,0.0,5e-07,0.0007675,6.95e-05,1.0000180006027222,0.00887002982199192,2000000
23199,-0.00017993152141571045,1.0000630617141724,0.0045925,1.0462878667135074,0.07935474322924375,0.4130558722919042,0.0760181618051734,0.403363740022805,0.004592,0.0,0.00074,7.7e-05,0.9999935626983643,0.0,5e-07,0.0007675,6.95e-05,1.0000180006027222,0.008992447517812252,2000000
23299,0.0008598417043685913,1.0032050609588623,0.0042305,1.0293940687062668,0.0783461210571185,0.4070695553021665,0.0760181618051734,0.403363740022805,0.00423,0.0,0.000761,8.25e-05,0.9999980926513672,0.0,5e-07,0.0007675,6.95e-05,1.0000180006027222,0.008798845112323761,2000000
23399,0.0003204345703125,1.0009307861328125,0.0038475,1.0187403697492172,0.07843137254901965,0.4104903078677309,0.0760181618051734,0.403363740022805,0.003847,0.0,0.0008465,8.85e-05,0.999998927116394,0.0,5e-07,0.0007675,6.95e-05,1.0000180006027222,0.008774537593126297,2000000
23499,0.0005622059106826782,1.0014976263046265,0.0036345,1.0293335778492723,0.07967808131332564,0.4167616875712657,0.0760181618051734,0.403363740022805,0.003634,0.0,0.00089,9.3e-05,0.9999985694885254,0.0,5e-07,0.0007675,6.95e-05,1.0000180006027222,0.008916648104786873,2000000
23599,0.00044436752796173096,1.0016802549362183,0.004281500000000001,1.0298852355075554,0.07889484189515707,0.40935005701254273,0.0760181618051734,0.403363740022805,0.0042815,0.0,0.0008905,9.3e-05,0.9999969005584717,0.0,5e-07,0.0007675,6.95e-05,1.0000180006027222,0.008778118528425694,2000000
23699,0.0003706216812133789,1.00006902217865,0.003776,1.0663015047735835,0.0819672131147542,0.41904218928164194,0.0760181618051734,0.403363740022805,0.003775,0.0,0.0008615,9e-05,0.9999948143959045,0.0,5e-07,0.0007675,6.95e-05,1.0000180006027222,0.008705893531441689,2000000
23799,-8.195638656616211e-07,1.0010334253311157,0.00405,1.075204685347261,0.07692307692307689,0.4087799315849487,0.0760181618051734,0.403363740022805,0.00405,0.0,0.000975,9.45e-05,0.9999946355819702,0.0,5e-07,0.0007675,6.95e-05,1.0000180006027222,0.008499234914779663,2000000
23899,0.0003070831298828125,1.0009138584136963,0.004016,1.0521640762886508,0.0782365800340054,0.4090649942987457,0.0760181618051734,0.403363740022805,0.004016,0.0,0.000937,9.9e-05,0.9999959468841553,0.0,5e-07,0.0007675,6.95e-05,1.0000180006027222,0.00906276237219572,2000000
23999,-6.96331262588501e-05,0.9996811747550964,0.004188,1.0224759204849003,0.07906057542053505,0.411060433295325,0.0760181618051734,0.403363740022805,0.004188,0.0,0.0009105,9.4e-05,0.999985933303833,0.0,5e-07,0.0007675,6.95e-05,1.0000180006027222,0.008715773932635784,2000000
24099,-0.00022874772548675537,1.000253438949585,0.0041435000000000005,1.0020902112615484,0.07758829559220944,0.40421892816419613,0.0760181618051734,0.403363740022805,0.0041435,0.0,0.0008575,8.15e-05,0.9999943971633911,0.0,5e-07,0.0007675,6.95e-05,1.0000180006027222,0.008989488705992699,2000000
24199,-0.00029309093952178955,1.0016883611679077,0.004609,0.9980491561325835,0.07801418439716327,0.4090649942987457,0.0760181618051734,0.403363740022805,0.004609,0.0,0.0008425,7.95e-05,0.9999992847442627,0.0,5e-07,0.0007675,6.95e-05,1.0000180006027222,0.008946152403950691,2000000
24299,-0.00014343857765197754,1.0002774000167847,0.0042105,0.9755209285925176,0.07743920167318499,0.4127708095781072,0.0760181618051734,0.403363740022805,0.0042105,0.0,0.000892,9.8e-05,0.9999991655349731,0.0,5e-07,0.0007675,6.95e-05,1.0000180006027222,0.00856082048267126,2000000
24399,-0.0003107041120529175,1.0010641813278198,0.0043175,0.955603369607732,0.07788319464966173,0.4039338654503991,0.0760181618051734,0.403363740022805,0.0043175,0.0,0.0009205,9.75e-05,0.9999993443489075,0.0,5e-07,0.0007675,6.95e-05,1.0000180006027222,0.008593715727329254,2000000
24499,0.00021129846572875977,1.0003427267074585,0.0035825,0.9498543443129225,0.07792207792207788,0.40849486887115166,0.0760181618051734,0.403363740022805,0.0035825,0.0,0.000885,8.95e-05,0.9999899864196777,0.0,5e-07,0.0007675,6.95e-05,1.0000180006027222,0.008912974037230015,2000000
24599,0.0004828721284866333,1.0017266273498535,0.0040675,1.0068872503013382,0.07851239669421488,0.40592930444697833,0.0760181618051734,0.403363740022805,0.0040675,0.0,0.0008195,7.95e-05,0.999993085861206,0.0,5e-07,0.0007675,6.95e-05,1.0000180006027222,0.008978829719126225,2000000
24699,-0.00010679662227630615,1.0001025199890137,0.004316,0.9808229719425992,0.07947019867549673,0.4090649942987457,0.0760181618051734,0.403363740022805,0.004316,0.0,0.0007975,8.2e-05,0.9999861717224121,0.0,5e-07,0.0007675,6.95e-05,1.0000180006027222,0.00878580380231142,2000000
24799,0.0002186298370361328,1.00044846534729,0.003508,1.03800946642545,0.0782259496523747,0.4039338654503991,0.0760181618051734,0.403363740022805,0.003508,0.0,0.000897,8.7e-05,0.9999717473983765,0.0,5e-07,0.0007675,6.95e-05,1.0000180006027222,0.008635559119284153,2000000
24899,-4.7653913497924805e-05,1.000643014907837,0.004,0.9952238602142496,0.07855272999252053,0.4039338654503991,0.0760181618051734,0.403363740022805,0.0039995,0.0,0.000797,8.65e-05,0.9999828338623047,0.0,5e-07,0.0007675,6.95e-05,1.0000180006027222,0.00913621112704277,2000000
24999,0.0004352480173110962,1.000644326210022,0.003856,1.010837579842445,0.0760181618051734,0.3993728620296465,0.0760181618051734,0.403363740022805,0.003856,0.0,0.0006865,7.15e-05,0.9999890327453613,0.0,5e-07,0.0007675,6.95e-05,1.0000180006027222,0.008841846138238907,2000000
25099,0.00045914947986602783,1.0016053915023804,0.0037855,1.0052973526648483,0.07604574953415161,0.4056442417331813,0.0760181618051734,0.403363740022805,0.0037855,0.0,0.000782,8e-05,0.9999971389770508,0.0,5e-07,0.0007675,6.95e-05,1.0000180006027222,0.008725320920348167,2000000
25199,0.00018136203289031982,1.0007574558258057,0.00401,1.0626316360339243,0.07692307692307689,0.4047890535917902,0.0760181618051734,0.403363740022805,0.00401,0.0,0.0009385,9.05e-05,0.9999890923500061,0.0,5e-07,0.0007675,6.95e-05,1.0000180006027222,0.008770049549639225,2000000
25299,-0.0004203915596008301,0.9993561506271362,0.0041975,0.9990235610662531,0.076923076923077,0.3976624857468643,0.0760181618051734,0.403363740022805,0.0041975,0.0,0.0008075,8e-05,0.9999983906745911,0.0,5e-07,0.0007675,6.95e-05,1.0000180006027222,0.008818274363875389,2000000
25399,9.18358564376831e-05,1.0018516778945923,0.004156,1.0112523348951996,0.07865168539325852,0.3982326111744584,0.0760181618051734,0.403363740022805,0.004156,0.0,0.000763,8e-05,0.999991774559021,0.0,5e-07,0.0007675,6.95e-05,1.0000180006027222,0.008759720250964165,2000000
25499,-9.92119312286377e-05,0.9988420605659485,0.004112,1.0327846346648981,0.07692307692307684,0.4007981755986317,0.0760181618051734,0.403363740022805,0.004112,0.0,0.0007665,7.8e-05,0.9999995231628418,0.0,5e-07,0.0007675,6.95e-05,1.0000180006027222,0.008616691455245018,2000000
25599,0.000361025333404541,1.0022685527801514,0.003728,1.0018594811397024,0.07692307692307689,0.40108323831242876,0.0760181618051734,0.403363740022805,0.003728,0.0,0.000774,8.25e-05,0.9999932050704956,0.0,5e-07,0.0007675,6.95e-05,1.0000180006027222,0.008795847184956074,2000000
25699,0.00031395256519317627,1.0019032955169678,0.0038705,0.9865787513154414,0.07692307692307689,0.41248574686431017,0.0760181618051734,0.403363740022805,0.0038705,0.0,0.000896,9.35e-05,0.9999855160713196,0.0,5e-07,0.0007675,6.95e-05,1.0000180006027222,0.008787821047008038,2000000
25799,0.0003278404474258423,1.0004814863204956,0.003652,1.0229207315364814,0.07545345060399256,0.40250855188141393,0.0760181618051734,0.403363740022805,0.003652,0.0,0.00084,8.45e-05,0.9999959468841553,0.0,5e-07,0.0007675,6.95e-05,1.0000180006027222,0.0086450120434165,2000000
25899,1.3202428817749023e-05,1.0007855892181396,0.00425,0.9816104779348851,0.07857142857142865,0.4053591790193843,0.0760181618051734,0.403363740022805,0.0042495,0.0,0.0007765,7.95e-05,0.9999972581863403,0.0,5e-07,0.0007675,6.95e-05,1.0000180006027222,0.0088528236374259,2000000
25999,-0.00022386014461517334,0.9997888207435608,0.0037365,1.0080090164183597,0.07692307692307696,0.40279361459521096,0.0760181618051734,0.403363740022805,0.0037365,0.0,0.0009385,8.65e-05,0.9999998807907104,0.0,5e-07,0.0007675,6.95e-05,1.0000180006027222,0.00871348287910223,2000000
26099,-4.984438419342041e-05,1.0007635354995728,0.0040095,0.9825973538126932,0.07605517416730226,0.39481185860889395,0.0760181618051734,0.403363740022805,0.0040095,0.0,0.0009175,9.1e-05,0.9999910593032837,0.0,5e-07,0.0007675,6.95e-05,1.0000180006027222,0.008620752952992916,2000000
26199,-0.0007083415985107422,0.9982852339744568,0.003965,0.9732725482735297,0.07571662571662575,0.3976624857468643,0.0760181618051734,0.403363740022805,0.003965,0.0,0.000704,8.1e-05,0.9999995231628418,0.0,5e-07,0.0007675,6.95e-05,1.0000180006027222,0.008747460320591927,2000000
26299,3.808736801147461e-05,1.000640869140625,0.003741,0.9637176706122788,0.07637626262626265,0.3962371721778791,0.0760181618051734,0.403363740022805,0.003741,0.0,0.0008745,8.8e-05,0.9999908208847046,0.0,5e-07,0.0007675,6.95e-05,1.0000180006027222,0.008820162154734135,2000000
26399,0.0004264265298843384,1.0025020837783813,0.0038025,0.9810069289122412,0.07585347142309165,0.3922462941847206,0.0760181618051734,0.403363740022805,0.0038025,0.0,0.000835,9.1e-05,0.9999963045120239,0.0,5e-07,0.0007675,6.95e-05,1.0000180006027222,0.008627867326140404,2000000
26499,-0.0001331716775894165,0.9997661709785461,0.003378,0.9855173158282878,0.07544658552510425,0.3979475484606613,0.0760181618051734,0.403363740022805,0.0033775,0.0,0.00082,8.85e-05,0.9999957084655762,0.0,5e-07,0.0007675,6.95e-05,1.0000180006027222,0.00877887848764658,2000000
26599,0.0004712343215942383,1.001413345336914,0.0032265,1.0008675300733043,0.07547169811320764,0.40222348916761685,0.0760181618051734,0.403363740022805,0.0032265,0.0,0.0008815,8.45e-05,0.9999973773956299,0.0,5e-07,0.0007675,6.95e-05,1.0000180006027222,0.009196709841489792,2000000
26699,7.490813732147217e-05,1.0000805854797363,0.003629,0.9694176102429476,0.07692307692307693,0.4039338654503991,0.0760181618051734,0.403363740022805,0.003629,0.0,0.000826,9e-05,0.999995231628418,0.0,5e-07,0.0007675,6.95e-05,1.0000180006027222,0.008865952491760254,2000000
26799,-0.00018693506717681885,1.0007281303405762,0.0037805,0.9900497028585691,0.07677655203848457,0.4047890535917902,0.0760181618051734,0.403363740022805,0.0037805,0.0,0.000852,8.75e-05,0.9999799728393555,0.0,5e-07,0.0007675,6.95e-05,1.0000180006027222,0.009078018367290497,2000000
26899,0.00020301342010498047,1.0002942085266113,0.0037285,1.0259492358744045,0.07469661040591438,0.39652223489167615,0.0760181618051734,0.403363740022805,0.0037285,0.0,0.0008335,8.75e-05,0.9999874830245972,0.0,5e-07,0.0007675,6.95e-05,1.0000180006027222,0.00891722459346056,2000000
26999,9.629130363464355e-05,1.0013542175292969,0.003957,1.0062699090250538,0.07575757575757577,0.4053591790193843,0.0760181618051734,0.403363740022805,0.0039565,0.0,0.000773,8.6e-05,0.9999976754188538,0.0,5e-07,0.0007675,6.95e-05,1.0000180006027222,0.00897141918540001,2000000
27099,0.00041903555393218994,1.0021764039993286,0.0036245,1.0488140111739228,0.07784952056913083,0.40022805017103763,0.0760181618051734,0.403363740022805,0.003624,0.0,0.000835,8.1e-05,0.9999904632568359,0.0,5e-07,0.0007675,6.95e-05,1.0000180006027222,0.00871067401021719,2000000
27199,0.00019054114818572998,1.0012646913528442,0.003688,1.0580548584836829,0.07843137254901965,0.40222348916761685,0.0760181618051734,0.403363740022805,0.0036875,0.0,0.0009285,9.7e-05,0.9999998211860657,0.0,5e-07,0.0007675,6.95e-05,1.0000180006027222,0.009052802808582783,2000000
27299,-0.0002311021089553833,0.9995324611663818,0.0035775,1.0867945154711078,0.07847188462161728,0.40935005701254273,0.0760181618051734,0.403363740022805,0.0035765,0.0,0.0009275,0.0001005,0.9999850988388062,0.0,5e-07,0.0007675,6.95e-05,1.0000180006027222,0.008957695215940475,2000000
27399,-0.0002734661102294922,0.9999578595161438,0.003871,1.1415045979964578,0.07800816672853578,0.40992018244013684,0.0760181618051734,0.403363740022805,0.003871,0.0,0.000952,0.000102,0.9999998807907104,0.0,5e-07,0.0007675,6.95e-05,1.0000180006027222,0.008841915987432003,2000000
27499,-2.2232532501220703e-05,1.0008667707443237,0.0036065,1.0980440587975704,0.07741935483870967,0.40820980615735464,0.0760181618051734,0.403363740022805,0.003606,0.0,0.0008415,8.85e-05,0.9999961853027344,0.0,5e-07,0.0007675,6.95e-05,1.0000180006027222,0.008635412901639938,2000000
27599,-0.0002011805772781372,1.000306487083435,0.0038365,1.0477303510283764,0.08014161279223489,0.41761687571265677,0.0760181618051734,0.403363740022805,0.0038365,0.0,0.000809,8.25e-05,0.9999934434890747,0.0,5e-07,0.0007675,6.95e-05,1.0000180006027222,0.008929459378123283,2000000
27699,0.00033749639987945557,1.0012520551681519,0.003576,1.0731411130287263,0.07894736842105277,0.41248574686431017,0.0760181618051734,0.403363740022805,0.003576,0.0,0.0008485,8.5e-05,0.9999970197677612,0.0,5e-07,0.0007675,6.95e-05,1.0000180006027222,0.008742377161979675,2000000
27799,-0.00019057095050811768,1.0009846687316895,0.004232,1.057918181650036,0.07692307692307689,0.403078677309008,0.0760181618051734,0.403363740022805,0.004232,0.0,0.0008675,8.3e-05,0.9999969005584717,0.0,5e-07,0.0007675,6.95e-05,1.0000180006027222,0.009264197200536728,2000000
27899,0.0003935694694519043,1.0019770860671997,0.003896,1.0871629006646975,0.0800000000000001,0.41163055872291904,0.0760181618051734,0.403363740022805,0.003896,0.0,0.000795,7.95e-05,0.9999969005584717,0.0,5e-07,0.0007675,6.95e-05,1.0000180006027222,0.00889950804412365,2000000
27999,0.00019066035747528076,1.0006053447723389,0.004094,1.1359689787143157,0.07869490475783719,0.411345496009122,0.0760181618051734,0.403363740022805,0.004094,0.0,0.000777,7.8e-05,0.9999877214431763,0.0,5e-07,0.0007675,6.95e-05,1.0000180006027222,0.008911444805562496,2000000
28099,2.4080276489257812e-05,1.0012661218643188,0.0036205,1.1337529690036985,0.07995680345572354,0.4090649942987457,0.0760181618051734,0.403363740022805,0.0036205,0.0,0.0008115,8.7e-05,0.9999905824661255,0.0,5e-07,0.0007675,6.95e-05,1.0000180006027222,0.009082836098968983,2000000
28199,-0.0007288455963134766,0.9990343451499939,0.003998,1.1336239074570136,0.07830651464920078,0.40279361459521096,0.0760181618051734,0.403363740022805,0.003998,0.0,0.000782,9.1e-05,0.9999871253967285,0.0,5e-07,0.0007675,6.95e-05,1.0000180006027222,0.009118177928030491,2000000
28299,0.00021088123321533203,1.0012677907943726,0.003685,1.1014716763312196,0.08023203001026134,0.411060433295325,0.0760181618051734,0.403363740022805,0.003685,0.0,0.0008365,9.5e-05,0.9999959468841553,0.0,5e-07,0.0007675,6.95e-05,1.0000180006027222,0.00910788681358099,2000000
28399,-0.000278472900390625,1.0006414651870728,0.004213,1.1071060372224029,0.08143841515934541,0.4210376282782212,0.0760181618051734,0.403363740022805,0.0042125,0.0,0.0007455,8.2e-05,0.9999895095825195,0.0,5e-07,0.0007675,6.95e-05,1.0000180006027222,0.009121538139879704,2000000
28499,0.00036503374576568604,1.0005311965942383,0.0037715,1.1548423372442886,0.07692307692307689,0.40621436716077536,0.0760181618051734,0.403363740022805,0.0037715,0.0,0.000807,8.9e-05,0.9999901056289673,0.0,5e-07,0.0007675,6.95e-05,1.0000180006027222,0.008827665820717812,2000000
28599,-0.00012177228927612305,0.999733567237854,0.0040415,1.0748360360215383,0.08108108108108122,0.4130558722919042,0.0760181618051734,0.403363740022805,0.0040415,0.0,0.0007445,8.15e-05,0.999993085861206,0.0,5e-07,0.0007675,6.95e-05,1.0000180006027222,0.008869324810802937,2000000
28699,0.00026220083236694336,1.0015372037887573,0.0039245,1.0870712013616526,0.0799999999999999,0.4161915621436716,0.0760181618051734,0.403363740022805,0.003924,0.0,0.0007665,8.4e-05,0.9999994039535522,0.0,5e-07,0.0007675,6.95e-05,1.0000180006027222,0.008626189082860947,2000000
28799,2.1457672119140625e-05,1.0000910758972168,0.0034255,1.0644548324124559,0.07894736842105268,0.40421892816419613,0.0760181618051734,0.403363740022805,0.0034255,0.0,0.000739,8.15e-05,0.9999881982803345,0.0,5e-07,0.0007675,6.95e-05,1.0000180006027222,0.008628858253359795,2000000
28899,-0.0004125535488128662,0.999290406703949,0.0036845,1.0917168885244377,0.07920249166520443,0.411345496009122,0.0760181618051734,0.403363740022805,0.0036845,0.0,0.0008215,8.4e-05,0.9999991059303284,0.0,5e-07,0.0007675,6.95e-05,1.0000180006027222,0.008890341967344284,2000000
28999,0.00026260316371917725,1.0020766258239746,0.0039175,1.0410567183588837,0.07852939575635835,0.41761687571265677,0.0760181618051734,0.403363740022805,0.0039175,0.0,0.000858,9.35e-05,0.9999847412109375,0.0,5e-07,0.0007675,6.95e-05,1.0000180006027222,0.008951916359364986,2000000
29099,0.00029662251472473145,1.0011361837387085,0.003616,1.1201873640364122,0.07951261166579085,0.4104903078677309,0.0760181618051734,0.403363740022805,0.003616,0.0,0.0008775,9.7e-05,0.9999933242797852,0.0,5e-07,0.0007675,6.95e-05,1.0000180006027222,0.009181506931781769,2000000
29199,-9.816884994506836e-05,1.0005030632019043,0.0038325,1.0537215297311895,0.07923810673750298,0.4150513112884835,0.0760181618051734,0.403363740022805,0.0038325,0.0,0.000825,8e-05,0.9999992847442627,0.0,5e-07,0.0007675,6.95e-05,1.0000180006027222,0.008843778632581234,2000000
29299,0.0002339780330657959,1.000831127166748,0.0038275,1.0679028300598663,0.07755279337075649,0.411060433295325,0.0760181618051734,0.403363740022805,0.0038275,0.0,0.0008935,0.000106,0.9999995827674866,0.0,5e-07,0.0007675,6.95e-05,1.0000180006027222,0.009125402197241783,2000000
29399,-0.00043119490146636963,0.9992685914039612,0.0040615,1.0835745478202934,0.07872193059200935,0.411060433295325,0.0760181618051734,0.403363740022805,0.0040615,0.0,0.000784,8.25e-05,0.9999934434890747,0.0,5e-07,0.0007675,6.95e-05,1.0000180006027222,0.008990754373371601,2000000
29499,-0.00032024085521698,1.0005069971084595,0.004533,1.0802451097224373,0.07955767350928637,0.40592930444697833,0.0760181618051734,0.403363740022805,0.004533,0.0,0.000816,7.85e-05,0.9999780654907227,0.0,5e-07,0.0007675,6.95e-05,1.0000180006027222,0.00893739890307188,2000000
29599,-0.0004467964172363281,1.0006272792816162,0.0043285,1.0496302561338071,0.0799999999999999,0.411060433295325,0.0760181618051734,0.403363740022805,0.0043275,0.0,0.000909,9.9e-05,0.999997615814209,0.0,5e-07,0.0007675,6.95e-05,1.0000180006027222,0.00873527117073536,2000000
29699,8.761882781982422e-05,1.0017024278640747,0.004242,1.0760062041884098,0.07843137254901965,0.41163055872291904,0.0760181618051734,0.403363740022805,0.004242,0.0,0.000867,9.55e-05,0.9999969005584717,0.0,5e-07,0.0007675,6.95e-05,1.0000180006027222,0.00880738440901041,2000000
29799,0.00030072033405303955,1.0005435943603516,0.00363,1.0396004376048007,0.08120337109698814,0.4161915621436716,0.0760181618051734,0.403363740022805,0.00363,0.0,0.000889,9.25e-05,0.9999934434890747,0.0,5e-07,0.0007675,6.95e-05,1.0000180006027222,0.008696532808244228,2000000
29899,0.0005294382572174072,1.001770257949829,0.0041945,1.0526188636151552,0.0810810810810811,0.4210376282782212,0.0760181618051734,0.403363740022805,0.0041945,0.0,0.0007895,7.45e-05,0.9999973773956299,0.0,5e-07,0.0007675,6.95e-05,1.0000180006027222,0.008816749788820744,2000000
29999,-0.0004179328680038452,1.0013483762741089,0.0050055,1.0697903164494202,0.08110491443824788,0.4207525655644242,0.0760181618051734,0.403363740022805,0.0050055,0.0,0.000793,8.55e-05,0.9999945163726807,0.0,5e-07,0.0007675,6.95e-05,1.0000180006027222,0.008726969361305237,2000000
30099,0.00020579993724822998,1.0022271871566772,0.0048495,1.0348054601693049,0.08131662993117714,0.4204675028506271,0.0760181618051734,0.403363740022805,0.0048495,0.0,0.00083,7.35e-05,0.9999982118606567,0.0,5e-07,0.0007675,6.95e-05,1.0000180006027222,0.00878630205988884,2000000
30199,1.043081283569336e-07,1.0007579326629639,0.004849,1.0566381987223465,0.07962779973649531,0.4147662485746864,0.0760181618051734,0.403363740022805,0.004849,0.0,0.0007355,8.55e-05,0.999993622303009,0.0,5e-07,0.0007675,6.95e-05,1.0000180006027222,0.008712120354175568,2000000
30299,0.0001574307680130005,1.0011845827102661,0.004276,1.0571111371818305,0.08090360421625292,0.4153363740022805,0.0760181618051734,0.403363740022805,0.004276,0.0,0.000757,8.75e-05,0.9999898672103882,0.0,5e-07,0.0007675,6.95e-05,1.0000180006027222,0.008817130699753761,2000000
30399,-0.0007378160953521729,0.9981125593185425,0.0048645,1.094355570664177,0.08064516129032256,0.41818700114025087,0.0760181618051734,0.403363740022805,0.004864,0.0,0.0007475,7.75e-05,0.9999994039535522,0.0,5e-07,0.0007675,6.95e-05,1.0000180006027222,0.008931756019592285,2000000
30499,-6.686151027679443e-05,1.0006849765777588,0.0041535,1.0832970072392214,0.07785778577857787,0.4039338654503991,0.0760181618051734,0.403363740022805,0.0041535,0.0,0.000754,8.65e-05,0.999995768070221,0.0,5e-07,0.0007675,6.95e-05,1.0000180006027222,0.008775204420089722,2000000
30599,-0.0008139461278915405,0.9994065761566162,0.004444,1.0659603799686517,0.07869592143678675,0.4050741163055872,0.0760181618051734,0.403363740022805,0.004444,0.0,0.0007435,8.2e-05,0.9999986886978149,0.0,5e-07,0.0007675,6.95e-05,1.0000180006027222,0.008950825780630112,2000000
30699,-0.00023120641708374023,1.0007327795028687,0.004121,1.0412483509545272,0.07995680345572354,0.4104903078677309,0.0760181618051734,0.403363740022805,0.004121,0.0,0.000757,8.15e-05,0.9999977350234985,0.0,5e-07,0.0007675,6.95e-05,1.0000180006027222,0.008841941133141518,2000000
30799,0.00023868680000305176,1.0026934146881104,0.004000500000000001,1.0716299634611426,0.07888635808996991,0.40364880273660203,0.0760181618051734,0.403363740022805,0.0040005,0.0,0.0007985,8.7e-05,0.9999961853027344,0.0,5e-07,0.0007675,6.95e-05,1.0000180006027222,0.008798295632004738,2000000
30899,0.0002157837152481079,0.9997057318687439,0.00371,1.0796812491856338,0.08032720703953572,0.42132269099201825,0.0760181618051734,0.403363740022805,0.00371,0.0,0.000817,9.55e-05,0.9999963045120239,0.0,5e-07,0.0007675,6.95e-05,1.0000180006027222,0.008903625421226025,2000000
30999,0.0001357048749923706,1.0006015300750732,0.0035225,1.0557799997478643,0.078125,0.4104903078677309,0.0760181618051734,0.403363740022805,0.0035225,0.0,0.000851,0.0001,0.9999948740005493,0.0,5e-07,0.0007675,6.95e-05,1.0000180006027222,0.008783824741840363,2000000
31099,-0.000486522912979126,0.9987727999687195,0.003943,1.0941878533208163,0.07786296565747018,0.40193842645381983,0.0760181618051734,0.403363740022805,0.003943,0.0,0.0007245,8.1e-05,0.9999979734420776,0.0,5e-07,0.0007675,6.95e-05,1.0000180006027222,0.009240260347723961,2000000
31199,1.4021992683410645e-05,1.000747799873352,0.0041045,1.0401775341069146,0.07954545454545453,0.4073546180159635,0.0760181618051734,0.403363740022805,0.0041045,0.0,0.000892,9e-05,0.9999955892562866,0.0,5e-07,0.0007675,6.95e-05,1.0000180006027222,0.009039022028446198,2000000
31299,-0.0004351884126663208,1.001512050628662,0.0047575,1.067671544060437,0.0787966020376485,0.41391106043329534,0.0760181618051734,0.403363740022805,0.004757,0.0,0.000785,9.05e-05,0.9999992847442627,0.0,5e-07,0.0007675,6.95e-05,1.0000180006027222,0.00865891482681036,2000000
31399,0.0001513063907623291,1.002331256866455,0.003848,1.0827857366768887,0.08064516129032256,0.4147662485746864,0.0760181618051734,0.403363740022805,0.0038475,0.0,0.00084,9.35e-05,0.9999860525131226,0.0,5e-07,0.0007675,6.95e-05,1.0000180006027222,0.009098242968320847,2000000
31499,0.0001239776611328125,1.000274419784546,0.0041165,1.0383995298563415,0.08064516129032259,0.4104903078677309,0.0760181618051734,0.403363740022805,0.0041155,0.0,0.000763,8.3e-05,0.9999871253967285,0.0,5e-07,0.0007675,6.95e-05,1.0000180006027222,0.00886516273021698,2000000
31599,0.0002263784408569336,1.0009914636611938,0.004060500000000001,1.0223879300715903,0.08308246767012935,0.4218928164196123,0.0760181618051734,0.403363740022805,0.00406,0.0,0.0007695,8.6e-05,0.9999994039535522,0.0,5e-07,0.0007675,6.95e-05,1.0000180006027222,0.00868708360940218,2000000
31699,0.00018416345119476318,1.0016322135925293,0.0047150000000000004,1.0704944192918566,0.08064516129032256,0.41419612314709237,0.0760181618051734,0.403363740022805,0.004715,0.0,0.0007935,8.45e-05,0.9999934434890747,0.0,5e-07,0.0007675,6.95e-05,1.0000180006027222,0.008895146660506725,2000000
31799,-1.1444091796875e-05,1.0006763935089111,0.004004000000000001,1.0656256143120653,0.07880672732810479,0.4090649942987457,0.0760181618051734,0.403363740022805,0.004004,0.0,0.0008215,9.15e-05,0.9999914169311523,0.0,5e-07,0.0007675,6.95e-05,1.0000180006027222,0.008730022236704826,2000000
31899,-0.00020585954189300537,1.0007312297821045,0.0044755,1.0666033493746943,0.07758620689655174,0.40279361459521096,0.0760181618051734,0.403363740022805,0.0044755,0.0,0.0007545,7.95e-05,0.9999970197677612,0.0,5e-07,0.0007675,6.95e-05,1.0000180006027222,0.00883010495454073,2000000
31999,7.05420970916748e-05,1.001894235610962,0.004408,1.111154066226083,0.0778022515907978,0.40051311288483465,0.0760181618051734,0.403363740022805,0.004408,0.0,0.000735,7.4e-05,0.9999975562095642,0.0,5e-07,0.0007675,6.95e-05,1.0000180006027222,0.00867291446775198,2000000
32099,1.703202724456787e-05,1.0002506971359253,0.003811,1.066609739192192,0.07692307692307696,0.40108323831242876,0.0760181618051734,0.403363740022805,0.003811,0.0,0.0007615,7.95e-05,0.9999947547912598,0.0,5e-07,0.0007675,6.95e-05,1.0000180006027222,0.008989978581666946,2000000
32199,0.00045549869537353516,1.0016520023345947,0.003644,1.043380135250292,0.07692307692307689,0.4053591790193843,0.0760181618051734,0.403363740022805,0.003644,0.0,0.000685,6.85e-05,0.9999979734420776,0.0,5e-07,0.0007675,6.95e-05,1.0000180006027222,0.008796337060630322,2000000
32299,-3.859400749206543e-05,0.999427318572998,0.003882,1.0515309304150908,0.07855272999252058,0.4056442417331813,0.0760181618051734,0.403363740022805,0.003882,0.0,0.0007165,7.3e-05,0.9999827146530151,0.0,5e-07,0.0007675,6.95e-05,1.0000180006027222,0.009022271260619164,2000000
32399,-0.0006574690341949463,1.0000754594802856,0.0039045,1.0319969467465742,0.08003267973856215,0.4170467502850627,0.0760181618051734,0.403363740022805,0.0039045,0.0,0.000779,8.6e-05,0.9999852776527405,0.0,5e-07,0.0007675,6.95e-05,1.0000180006027222,0.009034918621182442,2000000
32499,-7.350742816925049e-05,1.0002636909484863,0.003277,1.00613898480055,0.07904202953426738,0.42160775370581527,0.0760181618051734,0.403363740022805,0.003277,0.0,0.0007645,8.05e-05,0.9999988675117493,0.0,5e-07,0.0007675,6.95e-05,1.0000180006027222,0.008831299841403961,2000000
32599,-0.0008532404899597168,1.000059723854065,0.0041065,1.0450147157172334,0.082538529082266,0.4187571265678449,0.0760181618051734,0.403363740022805,0.004106,0.0,0.000797,8.05e-05,0.9999961853027344,0.0,5e-07,0.0007675,6.95e-05,1.0000180006027222,0.00877409242093563,2000000
32699,0.0002945065498352051,1.001692533493042,0.0036615,1.0687567589745888,0.07894736842105259,0.4144811858608894,0.0760181618051734,0.403363740022805,0.0036615,5e-07,0.0007605,8e-05,1.0,0.0,5e-07,0.0007675,6.95e-05,1.0000180006027222,0.008823269046843052,2000000
32799,6.441771984100342e-05,1.0011519193649292,0.003696,1.0677452039116329,0.07954545454545456,0.4104903078677309,0.0760181618051734,0.403363740022805,0.003696,0.0,0.000841,9.1e-05,0.9999963045120239,0.0,5e-07,0.0007675,6.95e-05,1.0000180006027222,0.00910613127052784,2000000
32899,-0.0006339102983474731,1.0003763437271118,0.003786,1.0746204148299476,0.07746239689471134,0.4053591790193843,0.0760181618051734,0.403363740022805,0.003786,0.0,0.000778,8.5e-05,0.9999961853027344,0.0,5e-07,0.0007675,6.95e-05,1.0000180006027222,0.008977093733847141,2000000
32999,0.00029036402702331543,1.002367615699768,0.0033935,1.0321083278034529,0.07750968992248056,0.39851767388825543,0.0760181618051734,0.403363740022805,0.0033935,0.0,0.000864,8.55e-05,0.9999833106994629,0.0,5e-07,0.0007675,6.95e-05,1.0000180006027222,0.008956904523074627,2000000
33099,0.0003325939178466797,1.0017706155776978,0.003474,1.034300684832873,0.0788927713474557,0.41391106043329534,0.0760181618051734,0.403363740022805,0.003474,0.0,0.000789,8.05e-05,0.9999967813491821,0.0,5e-07,0.0007675,6.95e-05,1.0000180006027222,0.009098801761865616,2000000
33199,0.0006739199161529541,1.0026713609695435,0.0032905,1.0668464960552386,0.07692307692307694,0.4070695553021665,0.0760181618051734,0.403363740022805,0.0032895,0.0,0.000722,6.5e-05,0.9999995231628418,0.0,5e-07,0.0007675,6.95e-05,1.0000180006027222,0.009013194590806961,2000000
33299,-0.0005149245262145996,0.9986259341239929,0.003509,1.040379479958867,0.07859775359775364,0.40450399087799316,0.0760181618051734,0.403363740022805,0.003509,0.0,0.0007105,6.9e-05,0.9999982118606567,0.0,5e-07,0.0007675,6.95e-05,1.0000180006027222,0.008836244232952595,2000000
33399,-7.352232933044434e-05,0.999776303768158,0.003168,1.063747904753177,0.08153021442495123,0.4184720638540479,0.0760181618051734,0.403363740022805,0.0031675,0.0,0.000789,8.95e-05,0.9999997615814209,0.0,5e-07,0.0007675,6.95e-05,1.0000180006027222,0.008858921937644482,2000000
33499,0.00040608644485473633,0.999912440776825,0.0033165,1.0326467552973513,0.0786673005105012,0.411345496009122,0.0760181618051734,0.403363740022805,0.0033165,0.0,0.0007895,8.05e-05,0.999998927116394,0.0,5e-07,0.0007675,6.95e-05,1.0000180006027222,0.008928148075938225,2000000
33599,9.091198444366455e-05,1.000434398651123,0.003643,1.1036393171703038,0.07775710714493336,0.3936716077537058,0.0760181618051734,0.403363740022805,0.003642,0.0,0.000802,8.5e-05,0.9999997615814209,0.0,5e-07,0.0007675,6.95e-05,1.0000180006027222,0.008882643654942513,2000000
33699,0.0003423541784286499,1.0009887218475342,0.003868,1.049920780473737,0.07692307692307687,0.3993728620296465,0.0760181618051734,0.403363740022805,0.003868,0.0,0.000785,7.2e-05,0.9999932050704956,0.0,5e-07,0.0007675,6.95e-05,1.0000180006027222,0.008851991035044193,2000000
33799,0.0001614987850189209,1.0002048015594482,0.00391,1.1366959534325347,0.07692307692307689,0.3919612314709236,0.0760181618051734,0.403363740022805,0.00391,0.0,0.00068,5.45e-05,0.9999960660934448,0.0,5e-07,0.0007675,6.95e-05,1.0000180006027222,0.00879084225744009,2000000
33899,-0.00030982494354248047,0.9995184540748596,0.0039855,1.1227914370466434,0.07777696141459413,0.40820980615735464,0.0760181618051734,0.403363740022805,0.0039855,0.0,0.0007115,6e-05,0.9999996423721313,0.0,5e-07,0.0007675,6.95e-05,1.0000180006027222,0.008670194074511528,2000000
33999,0.0001558065414428711,1.0017555952072144,0.003418,1.089353361242095,0.07657175773535212,0.3973774230330673,0.0760181618051734,0.403363740022805,0.0034175,0.0,0.000827,9.25e-05,0.9999960064888,0.0,5e-07,0.0007675,6.95e-05,1.0000180006027222,0.008842491544783115,2000000
34099,0.00016535818576812744,1.0005728006362915,0.0037885,1.0763967712846974,0.07789546519054713,0.40820980615735464,0.0760181618051734,0.403363740022805,0.003788,0.0,0.0008505,9.15e-05,0.999996542930603,0.0,5e-07,0.0007675,6.95e-05,1.0000180006027222,0.008992422372102737,2000000
34199,0.0001948922872543335,1.0001541376113892,0.003857,1.0813310495137525,0.076923076923077,0.4096351197263398,0.0760181618051734,0.403363740022805,0.003857,0.0,0.0008125,8.15e-05,0.9999986886978149,0.0,5e-07,0.0007675,6.95e-05,1.0000180006027222,0.008715980686247349,2000000
34299,0.00033295154571533203,1.0002957582473755,0.003644,1.0643488795093599,0.07843137254901965,0.40450399087799316,0.0760181618051734,0.403363740022805,0.003644,0.0,0.00089,9.75e-05,0.9999944567680359,0.0,5e-07,0.0007675,6.95e-05,1.0000180006027222,0.00880892388522625,2000000
34399,7.618963718414307e-05,1.0011974573135376,0.0039845,1.0617247775289371,0.07594936708860774,0.3936716077537058,0.0760181618051734,0.403363740022805,0.0039845,0.0,0.000814,8.5e-05,0.9999992847442627,0.0,5e-07,0.0007675,6.95e-05,1.0000180006027222,0.008797231130301952,2000000
34499,0.00026203691959381104,1.0010159015655518,0.004293,1.0739146421917707,0.07894736842105277,0.403363740022805,0.0760181618051734,0.403363740022805,0.0042925,0.0,0.0007425,6.85e-05,0.9999961853027344,0.0,5e-07,0.0007675,6.95e-05,1.0000180006027222,0.008924606256186962,2000000
34599,-0.00010634958744049072,0.9987295866012573,0.004119500000000001,1.1164583873120706,0.07491496598639452,0.3990877993158495,0.0760181618051734,0.403363740022805,0.004119,0.0,0.000711,6.4e-05,0.9999997615814209,0.0,5e-07,0.0007675,6.95e-05,1.0000180006027222,0.008932255208492279,2000000
34699,0.0005653053522109985,1.0016342401504517,0.0034215,1.0830869555737503,0.0757575757575758,0.3888255416191562,0.0760181618051734,0.403363740022805,0.0034215,0.0,0.000811,8.15e-05,0.9999985694885254,0.0,5e-07,0.0007675,6.95e-05,1.0000180006027222,0.008949598297476768,2000000
34799,-3.5509467124938965e-05,1.000288963317871,0.0037035,1.0797403279009634,0.07608695652173907,0.39851767388825543,0.0760181618051734,0.403363740022805,0.0037035,0.0,0.000783,7.4e-05,0.9999971389770508,0.0,5e-07,0.0007675,6.95e-05,1.0000180006027222,0.008711536414921284,2000000
34899,8.092820644378662e-05,0.9987720847129822,0.004173,1.0738915784756689,0.07608695652173905,0.3928164196123147,0.0760181618051734,0.403363740022805,0.004173,0.0,0.000776,8.1e-05,0.9999897480010986,0.0,5e-07,0.0007675,6.95e-05,1.0000180006027222,0.008729503490030766,2000000
34999,0.0007634013891220093,1.0011008977890015,0.0034335,1.1307176394075396,0.07692307692307682,0.40279361459521096,0.0760181618051734,0.403363740022805,0.0034335,0.0,0.0007425,7.6e-05,0.9999996423721313,0.0,5e-07,0.0007675,6.95e-05,1.0000180006027222,0.008816679939627647,2000000
35099,8.942186832427979e-05,0.9992281198501587,0.0038925,1.0709862264761982,0.07575757575757575,0.39709236031927025,0.0760181618051734,0.403363740022805,0.003892,0.0,0.000876,8.85e-05,0.9999966621398926,0.0,5e-07,0.0007675,6.95e-05,1.0000180006027222,0.008725948631763458,2000000
35199,-3.835558891296387e-05,0.9997071027755737,0.003893,1.0571690983640507,0.07404064714534027,0.38939566704675027,0.0760181618051734,0.403363740022805,0.003893,0.0,0.0008405,8.75e-05,0.9999984502792358,0.0,5e-07,0.0007675,6.95e-05,1.0000180006027222,0.00878836214542389,2000000
35299,-0.0003001987934112549,1.0002591609954834,0.004033,1.1435872436335486,0.07692307692307689,0.3993728620296465,0.0760181618051734,0.403363740022805,0.004032,0.0,0.000656,5.7e-05,0.9999794960021973,0.0,5e-07,0.0007675,6.95e-05,1.0000180006027222,0.008922327309846878,2000000
35399,5.742907524108887e-05,1.0013686418533325,0.0043505,1.1114878044704162,0.07520460443143258,0.3976624857468643,0.0760181618051734,0.403363740022805,0.0043495,0.0,0.000824,6.55e-05,0.9999946355819702,0.0,5e-07,0.0007675,6.95e-05,1.0000180006027222,0.008910661563277245,2000000
35499,0.0003874152898788452,1.0011060237884521,0.0036395,1.072507092941802,0.07743861329926899,0.3959521094640821,0.0760181618051734,0.403363740022805,0.0036395,0.0,0.0007505,7.8e-05,0.9999978542327881,0.0,5e-07,0.0007675,6.95e-05,1.0000180006027222,0.008916479535400867,2000000
35599,-0.00020076334476470947,1.0001816749572754,0.00401,1.1213919388134628,0.0769230769230769,0.4050741163055872,0.0760181618051734,0.403363740022805,0.0040095,0.0,0.000648,5.8e-05,0.9999984502792358,0.0,5e-07,0.0007675,6.95e-05,1.0000180006027222,0.008853694424033165,2000000
35699,0.00016896426677703857,1.0001845359802246,0.003759,1.087498448347184,0.07692307692307687,0.3982326111744584,0.0760181618051734,0.403363740022805,0.003759,0.0,0.000677,6.3e-05,0.9999973773956299,0.0,5e-07,0.0007675,6.95e-05,1.0000180006027222,0.009203593246638775,2000000
35799,-0.0004964321851730347,1.000659465789795,0.004137,1.1060939479182104,0.07776288352695863,0.4107753705815279,0.0760181618051734,0.403363740022805,0.004137,0.0,0.0006735,6.55e-05,0.999988317489624,0.0,5e-07,0.0007675,6.95e-05,1.0000180006027222,0.008923360146582127,2000000
35899,-0.00013522803783416748,0.9985466003417969,0.003642,1.0594335712699947,0.07579903807425312,0.40279361459521096,0.0760181618051734,0.403363740022805,0.003642,0.0,0.0006185,5.8e-05,0.9999978542327881,0.0,5e-07,0.0007675,6.95e-05,1.0000180006027222,0.008948834612965584,2000000
35999,0.0002510547637939453,1.0015836954116821,0.0035205,1.0064666474376587,0.07630353215163674,0.39709236031927025,0.0760181618051734,0.403363740022805,0.00352,0.0,0.000772,8.05e-05,0.9999973773956299,0.0,5e-07,0.0007675,6.95e-05,1.0000180006027222,0.009118296205997467,2000000
36099,-0.000277593731880188,1.0006747245788574,0.004029,1.0565282276892225,0.07500000000000004,0.40022805017103763,0.0760181618051734,0.403363740022805,0.004029,0.0,0.000855,9e-05,0.9999851584434509,0.0,5e-07,0.0007675,6.95e-05,1.0000180006027222,0.008690587244927883,2000000
36199,-5.435943603515625e-05,0.9996436238288879,0.003676,1.0428663965118228,0.07612413339872802,0.4064994298745724,0.0760181618051734,0.403363740022805,0.003676,0.0,0.0007445,7.75e-05,0.9999932646751404,0.0,5e-07,0.0007675,6.95e-05,1.0000180006027222,0.008806874975562096,2000000
36299,0.0003819465637207031,1.0007381439208984,0.0034735,1.0824961458073172,0.076923076923077,0.39709236031927025,0.0760181618051734,0.403363740022805,0.0034735,0.0,0.000658,5.95e-05,0.9999979734420776,0.0,5e-07,0.0007675,6.95e-05,1.0000180006027222,0.008812248706817627,2000000
36399,0.0003172755241394043,1.0020078420639038,0.00411,1.0695738919848277,0.07751937984496118,0.40108323831242876,0.0760181618051734,0.403363740022805,0.0041095,0.0,0.000679,5.55e-05,0.999996542930603,0.0,5e-07,0.0007675,6.95e-05,1.0000180006027222,0.00882633775472641,2000000
36499,0.00033317506313323975,1.0013153553009033,0.003191,1.0939182983719027,0.07692307692307687,0.4016533637400228,0.0760181618051734,0.403363740022805,0.003191,0.0,0.00074,7.15e-05,0.9999927282333374,0.0,5e-07,0.0007675,6.95e-05,1.0000180006027222,0.008846312761306763,2000000
36599,-0.00039777159690856934,0.9998840093612671,0.003692,1.1007810104700522,0.07692307692307689,0.40108323831242876,0.0760181618051734,0.403363740022805,0.003692,0.0,0.0006425,5.7e-05,0.9999884963035583,0.0,5e-07,0.0007675,6.95e-05,1.0000180006027222,0.008748074993491173,2000000
36699,-0.0007310956716537476,0.9976173639297485,0.003899,1.1064847010688637,0.07741515210735453,0.3990877993158495,0.0760181618051734,0.403363740022805,0.0038985,0.0,0.0006305,5.55e-05,0.9999990463256836,0.0,5e-07,0.0007675,6.95e-05,1.0000180006027222,0.008985817432403564,2000000
36799,-0.0002067089080810547,1.0001981258392334,0.003701,1.082648113094226,0.07740729034976833,0.4039338654503991,0.0760181618051734,0.403363740022805,0.003701,0.0,0.0008115,8.1e-05,0.9999957084655762,0.0,5e-07,0.0007675,6.95e-05,1.0000180006027222,0.008731004782021046,2000000
36899,-0.00012674927711486816,0.9988611340522766,0.003461,1.0485627269711977,0.07499999999999993,0.40108323831242876,0.0760181618051734,0.403363740022805,0.003461,0.0,0.0008225,8.1e-05,0.9999988079071045,0.0,5e-07,0.0007675,6.95e-05,1.0000180006027222,0.008830448612570763,2000000
36999,-0.00034871697425842285,0.9989752173423767,0.003818,1.0760200571950218,0.07692307692307696,0.403078677309008,0.0760181618051734,0.403363740022805,0.0038175,0.0,0.00076,7.4e-05,0.999995231628418,0.0,5e-07,0.0007675,6.95e-05,1.0000180006027222,0.008715219795703888,2000000
37099,-0.00039176642894744873,1.0001264810562134,0.0040955,1.1193737694591612,0.07815715020576137,0.4039338654503991,0.0760181618051734,0.403363740022805,0.004095,0.0,0.000736,7.1e-05,0.9999892711639404,0.0,5e-07,0.0007675,6.95e-05,1.0000180006027222,0.008675027638673782,2000000
37199,0.00028651952743530273,0.9995126724243164,0.003171,1.1107057323950043,0.07792207792207788,0.39880273660205245,0.0760181618051734,0.403363740022805,0.003171,0.0,0.000607,5.4e-05,0.9999569654464722,0.0,5e-07,0.0007675,6.95e-05,1.0000180006027222,0.008880304172635078,2000000
37299,0.0004575997591018677,1.002069354057312,0.0034045000000000013,1.0877618450280657,0.07743697572480696,0.40222348916761685,0.0760181618051734,0.403363740022805,0.00301,0.0,0.0007185,7.35e-05,0.9999836683273315,0.0,5e-07,0.0007675,6.95e-05,1.0000180006027222,0.009022334590554237,2000000
37399,0.0005034953355789185,1.0005077123641968,0.003016999999999999,1.0892859983872383,0.07692307692307684,0.39709236031927025,0.0760181618051734,0.403363740022805,0.003007,0.0,0.00075,7.25e-05,0.999990701675415,0.0,5e-07,0.0007675,6.95e-05,1.0000180006027222,0.00906596053391695,2000000
37499,6.759166717529297e-05,0.9989560842514038,0.003248,1.1088764141218035,0.07506830601092904,0.39310148232611175,0.0760181618051734,0.403363740022805,0.0032475,0.0,0.000704,6.8e-05,0.9999932050704956,0.0,5e-07,0.0007675,6.95e-05,1.0000180006027222,0.008801180869340897,2000000
37599,0.00018578767776489258,1.0011028051376343,0.0035245,1.0639348930009251,0.0769230769230769,0.4013683010262258,0.0760181618051734,0.403363740022805,0.0035245,0.0,0.000693,5.85e-05,0.9999804496765137,0.0,5e-07,0.0007675,6.95e-05,1.0000180006027222,0.009107875637710094,2000000
37699,-3.5196542739868164e-05,1.0003443956375122,0.0033665,1.1304221379542236,0.07843137254901965,0.40849486887115166,0.0760181618051734,0.403363740022805,0.0033665,0.0,0.000714,7e-05,0.9999997615814209,0.0,5e-07,0.0007675,6.95e-05,1.0000180006027222,0.009095651097595692,2000000
37799,-0.00011149048805236816,0.9990564584732056,0.003415,1.1045014372224649,0.07431075653967223,0.3933865450399088,0.0760181618051734,0.403363740022805,0.0034145,0.0,0.0007135,6.8e-05,0.9999983906745911,0.0,5e-07,0.0007675,6.95e-05,1.0000180006027222,0.008718033321201801,2000000
37899,-0.00013178586959838867,0.9997912049293518,0.0035295,1.0700770207952275,0.07692307692307684,0.39880273660205245,0.0760181618051734,0.403363740022805,0.0035285,0.0,0.000755,7.3e-05,0.9999929666519165,0.0,5e-07,0.0007675,6.95e-05,1.0000180006027222,0.008941114880144596,2000000
37999,-0.00032761693000793457,0.99845951795578,0.0037555,1.0671377638919028,0.07492049043988969,0.38426453819840367,0.0760181618051734,0.403363740022805,0.003755,0.0,0.000706,6.75e-05,0.9999995231628418,0.0,5e-07,0.0007675,6.95e-05,1.0000180006027222,0.008982936851680279,2000000
38099,0.0004068911075592041,1.000301718711853,0.00346,1.0766367824411522,0.07767957297025485,0.40108323831242876,0.0760181618051734,0.403363740022805,0.003459,0.0,0.0007305,7.75e-05,0.9999963045120239,0.0,5e-07,0.0007675,6.95e-05,1.0000180006027222,0.008751790970563889,2000000
38199,-0.00024215877056121826,0.9988062381744385,0.0037725,1.12977332016362,0.07894736842105261,0.4013683010262258,0.0760181618051734,0.403363740022805,0.0037725,0.0,0.0006115,5.55e-05,0.9999949932098389,0.0,5e-07,0.0007675,6.95e-05,1.0000180006027222,0.008989511989057064,2000000
38299,0.00042182207107543945,1.0001317262649536,0.0034605,1.1520927870708642,0.07642254057599933,0.39082098061573545,0.0760181618051734,0.403363740022805,0.0034605,0.0,0.000625,6.05e-05,0.999995231628418,0.0,5e-07,0.0007675,6.95e-05,1.0000180006027222,0.009011516347527504,2000000
38399,0.00011494755744934082,1.0005439519882202,0.003668,1.0999647776202095,0.07462686567164178,0.3939566704675028,0.0760181618051734,0.403363740022805,0.003668,0.0,0.0006695,6.4e-05,0.999992847442627,0.0,5e-07,0.0007675,6.95e-05,1.0000180006027222,0.008843660354614258,2000000
38499,-4.786252975463867e-05,0.9982832074165344,0.0035465,1.0620736877895989,0.07483432082510422,0.38568985176738885,0.0760181618051734,0.403363740022805,0.003546,0.0,0.0006225,6e-05,0.9999872446060181,0.0,5e-07,0.0007675,6.95e-05,1.0000180006027222,0.008653190918266773,2000000
38599,-0.0007563531398773193,0.9992792010307312,0.0041515,1.0613255598883164,0.07370762649647118,0.3828392246294185,0.0760181618051734,0.403363740022805,0.0041515,0.0,0.000695,6.6e-05,0.9999983310699463,0.0,5e-07,0.0007675,6.95e-05,1.0000180006027222,0.009011093527078629,2000000
38699,-0.000466763973236084,0.9983880519866943,0.0043255,1.0867971544579846,0.07657175773535219,0.3922462941847206,0.0760181618051734,0.403363740022805,0.0043255,0.0,0.0006255,6.05e-05,0.9999992251396179,0.0,5e-07,0.0007675,6.95e-05,1.0000180006027222,0.008711953647434711,2000000
38799,-0.000302240252494812,0.9979013800621033,0.0036235,1.0545897981547674,0.07500000000000001,0.3939566704675028,0.0760181618051734,0.403363740022805,0.0036235,0.0,0.000668,6.5e-05,0.9999890327453613,0.0,5e-07,0.0007675,6.95e-05,1.0000180006027222,0.008818521164357662,2000000
38899,-0.00037401914596557617,0.9984145164489746,0.0037385,1.1262120218052518,0.0769230769230769,0.39880273660205245,0.0760181618051734,0.403363740022805,0.0037385,0.0,0.000604,5.5e-05,0.999993085861206,0.0,5e-07,0.0007675,6.95e-05,1.0000180006027222,0.009151014499366283,2000000
38999,0.00027874112129211426,0.9998728632926941,0.0036335,1.1359959875697774,0.0769230769230769,0.39880273660205245,0.0760181618051734,0.403363740022805,0.0036335,0.0,0.000649,6.4e-05,0.9999997615814209,0.0,5e-07,0.0007675,6.95e-05,1.0000180006027222,0.008620723150670528,2000000
39099,0.0003741234540939331,1.0005091428756714,0.0036155,1.20932073396717,0.07692307692307696,0.3979475484606613,0.0760181618051734,0.403363740022805,0.0036155,0.0,0.0005605,4.85e-05,0.9999935626983643,0.0,5e-07,0.0007675,6.95e-05,1.0000180006027222,0.009001222439110279,2000000
39199,-0.0005120784044265747,0.9994024634361267,0.0041855,1.218032613895372,0.07680509674374703,0.40250855188141393,0.0760181618051734,0.403363740022805,0.0041855,0.0,0.000559,5.25e-05,0.9999958276748657,0.0,5e-07,0.0007675,6.95e-05,1.0000180006027222,0.008933012373745441,2000000
39299,0.000159531831741333,1.0006023645401,0.003864,1.1817222392556197,0.07435224480679026,0.39851767388825543,0.0760181618051734,0.403363740022805,0.003864,0.0,0.0005905,5.6e-05,0.9999923706054688,0.0,5e-07,0.0007675,6.95e-05,1.0000180006027222,0.008814577013254166,2000000
39399,0.00031165778636932373,1.000338077545166,0.003466,1.1325462474404997,0.07692307692307687,0.40250855188141393,0.0760181618051734,0.403363740022805,0.003466,0.0,0.000672,5.85e-05,0.9999868869781494,0.0,5e-07,0.0007675,6.95e-05,1.0000180006027222,0.008842728100717068,2000000
39499,0.0002973228693008423,1.0016828775405884,0.0038965,1.1147375554658228,0.07586206896551721,0.3959521094640821,0.0760181618051734,0.403363740022805,0.0038965,0.0,0.000618,5.95e-05,0.9999985694885254,0.0,5e-07,0.0007675,6.95e-05,1.0000180006027222,0.008814466185867786,2000000
39599,-0.0002469569444656372,0.9996472597122192,0.0036565,1.1749198980622555,0.0778110445775117,0.40279361459521096,0.0760181618051734,0.403363740022805,0.0036565,0.0,0.000583,5.95e-05,0.9999990463256836,0.0,5e-07,0.0007675,6.95e-05,1.0000180006027222,0.009177162311971188,2000000
39699,0.00014904141426086426,1.0001169443130493,0.003336,1.0264881570869953,0.07692307692307684,0.3882554161915621,0.0760181618051734,0.403363740022805,0.003336,0.0,0.000701,5.85e-05,0.9999990463256836,0.0,5e-07,0.0007675,6.95e-05,1.0000180006027222,0.008934350684285164,2000000
39799,0.00023098289966583252,0.9999069571495056,0.003141,1.0684692651075343,0.07605415374297939,0.39139110604332955,0.0760181618051734,0.403363740022805,0.003141,0.0,0.000664,6.05e-05,0.999997615814209,0.0,5e-07,0.0007675,6.95e-05,1.0000180006027222,0.00859286542981863,2000000
39899,0.0002770274877548218,1.001632571220398,0.003305,1.155098532781694,0.07692307692307689,0.3973774230330673,0.0760181618051734,0.403363740022805,0.003305,0.0,0.0006005,6.3e-05,0.9999985694885254,0.0,5e-07,0.0007675,6.95e-05,1.0000180006027222,0.008877403102815151,2000000
39999,0.00015084445476531982,1.0005592107772827,0.003582,1.1269588776006432,0.0751186215142033,0.39082098061573545,0.0760181618051734,0.403363740022805,0.003582,0.0,0.000621,5.7e-05,0.9999914169311523,0.0,5e-07,0.0007675,6.95e-05,1.0000180006027222,0.008898059837520123,2000000
40099,-1.461803913116455e-05,1.0006871223449707,0.0036325,1.2352075919972445,0.07472881881222647,0.39139110604332955,0.0760181618051734,0.403363740022805,0.0036325,0.0,0.0005045,4.8e-05,0.9999907612800598,0.0,5e-07,0.0007675,6.95e-05,1.0000180006027222,0.009096374735236168,2000000
40199,0.0001232922077178955,1.0002155303955078,0.0034065,1.2125719835221684,0.07613871635610765,0.3896807297605473,0.0760181618051734,0.403363740022805,0.0034065,0.0,0.0005395,5.7e-05,0.9999983310699463,0.0,5e-07,0.0007675,6.95e-05,1.0000180006027222,0.008835387416183949,2000000
40299,-0.0002794414758682251,1.0005593299865723,0.0034935,1.1309664516822135,0.07610693400167076,0.3928164196123147,0.0760181618051734,0.403363740022805,0.0034935,0.0,0.000559,5.3e-05,0.9999980926513672,0.0,5e-07,0.0007675,6.95e-05,1.0000180006027222,0.008920646272599697,2000000
40399,-2.3543834686279297e-06,1.0012677907943726,0.0040395,1.0384688730646892,0.07692307692307689,0.3916761687571266,0.0760181618051734,0.403363740022805,0.004039,0.0,0.000705,6.2e-05,0.9999814629554749,0.0,5e-07,0.0007675,6.95e-05,1.0000180006027222,0.008795700967311859,2000000
40499,5.780160427093506e-05,0.9999629259109497,0.003222,1.0780295494239167,0.07627118644067793,0.3945267958950969,0.0760181618051734,0.403363740022805,0.003222,0.0,0.0007635,7.6e-05,0.9999991655349731,0.0,5e-07,0.0007675,6.95e-05,1.0000180006027222,0.008769976906478405,2000000
40599,-0.00026886165142059326,0.9997078776359558,0.0036795,1.0537971566487239,0.07692307692307689,0.3902508551881414,0.0760181618051734,0.403363740022805,0.003679,0.0,0.000706,6.7e-05,0.9999932050704956,0.0,5e-07,0.0007675,6.95e-05,1.0000180006027222,0.008718415163457394,2000000
40699,-0.00030972063541412354,1.0001331567764282,0.0032495,1.0893662769917742,0.07616630408508579,0.3928164196123147,0.0760181618051734,0.403363740022805,0.003249,0.0,0.000686,6.15e-05,0.9999964833259583,0.0,5e-07,0.0007675,6.95e-05,1.0000180006027222,0.00875889603048563,2000000
40799,0.00044871866703033447,1.0006542205810547,0.0030665,1.065942864446176,0.07947019867549673,0.4096351197263398,0.0760181618051734,0.403363740022805,0.003066,0.0,0.000772,6.85e-05,0.9999922513961792,0.0,5e-07,0.0007675,6.95e-05,1.0000180006027222,0.008819809183478355,2000000
40899,0.0004199594259262085,1.0004746913909912,0.003281,1.1255659862042378,0.07638676936150858,0.4013683010262258,0.0760181618051734,0.403363740022805,0.003281,0.0,0.000843,8.6e-05,0.9999964237213135,0.0,5e-07,0.0007675,6.95e-05,1.0000180006027222,0.009043143130838871,2000000
40999,5.614757537841797e-05,0.9996863007545471,0.003188,1.0979863109438308,0.07692307692307696,0.40421892816419613,0.0760181618051734,0.403363740022805,0.003188,0.0,0.0008555,8.45e-05,0.999990701675415,0.0,5e-07,0.0007675,6.95e-05,1.0000180006027222,0.008811471052467823,2000000
41099,-0.00011684000492095947,0.9996499419212341,0.003207,1.06077679986182,0.07575757575757584,0.39680729760547323,0.0760181618051734,0.403363740022805,0.003207,0.0,0.000739,6.95e-05,0.9999963045120239,0.0,5e-07,0.0007675,6.95e-05,1.0000180006027222,0.008694829419255257,2000000
41199,-0.0001910179853439331,0.9988048672676086,0.0035675,1.1259814221648936,0.07547169811320764,0.3962371721778791,0.0760181618051734,0.403363740022805,0.0035675,0.0,0.00066,6.1e-05,0.9999924898147583,0.0,5e-07,0.0007675,6.95e-05,1.0000180006027222,0.009012050926685333,2000000
41299,-0.00025212764739990234,0.9992702603340149,0.003672,1.1303313566498665,0.07692307692307684,0.40678449258836946,0.0760181618051734,0.403363740022805,0.003672,0.0,0.0006165,6.4e-05,0.9999984502792358,0.0,5e-07,0.0007675,6.95e-05,1.0000180006027222,0.008513134904205799,2000000
41399,3.306567668914795e-05,1.000632405281067,0.003444,1.103033669376914,0.07630353215163674,0.40108323831242876,0.0760181618051734,0.403363740022805,0.003444,0.0,0.000635,6.75e-05,0.9999861717224121,0.0,5e-07,0.0007675,6.95e-05,1.0000180006027222,0.008951283991336823,2000000
41499,-0.00024534761905670166,0.9997950792312622,0.003562,1.0679718158126865,0.07692307692307689,0.39851767388825543,0.0760181618051734,0.403363740022805,0.003562,0.0,0.000599,6.4e-05,0.9999960064888,0.0,5e-07,0.0007675,6.95e-05,1.0000180006027222,0.008768276311457157,2000000
41599,5.6862831115722656e-05,1.0016528367996216,0.003397,1.0826275809694137,0.07633587786259541,0.40222348916761685,0.0760181618051734,0.403363740022805,0.003397,0.0,0.0007225,7.1e-05,0.9999982714653015,0.0,5e-07,0.0007675,6.95e-05,1.0000180006027222,0.008965500630438328,2000000
41699,0.0006079375743865967,1.0016359090805054,0.003555,1.0686560150537208,0.07692307692307689,0.3979475484606613,0.0760181618051734,0.403363740022805,0.0035545,0.0,0.000744,7e-05,0.9999974966049194,0.0,5e-07,0.0007675,6.95e-05,1.0000180006027222,0.008552869781851768,2000000
41799,-0.00038342177867889404,0.9999330043792725,0.00353,1.0826241892032005,0.07692307692307689,0.39481185860889395,0.0760181618051734,0.403363740022805,0.0035295,0.0,0.0007815,7.05e-05,0.9999978542327881,0.0,5e-07,0.0007675,6.95e-05,1.0000180006027222,0.00900027621537447,2000000
41899,-0.0001341402530670166,1.0013959407806396,0.003704,1.0929538507448355,0.07646018657187707,0.3916761687571266,0.0760181618051734,0.403363740022805,0.003704,0.0,0.0007135,6.85e-05,0.9999992847442627,0.0,5e-07,0.0007675,6.95e-05,1.0000180006027222,0.008729902096092701,2000000
41999,7.416307926177979e-05,1.0001901388168335,0.0031545,1.0813743083099212,0.07662062785811395,0.40022805017103763,0.0760181618051734,0.403363740022805,0.003154,0.0,0.0007405,7.35e-05,0.9999936819076538,0.0,5e-07,0.0007675,6.95e-05,1.0000180006027222,0.008670116774737835,2000000
42099,1.6048550605773926e-05,0.9997241497039795,0.003588,1.1519011891123268,0.07645185462720122,0.40022805017103763,0.0760181618051734,0.403363740022805,0.0035875,0.0,0.0005205,4.85e-05,0.9999961853027344,0.0,5e-07,0.0007675,6.95e-05,1.0000180006027222,0.008754883892834187,2000000
42199,0.00037297606468200684,1.0000805854797363,0.0038045000000000023,1.1175378861751235,0.07812500000000003,0.40279361459521096,0.0760181618051734,0.403363740022805,0.002894,0.0,0.0006805,6.55e-05,0.9999991655349731,0.0,5e-07,0.0007675,6.95e-05,1.0000180006027222,0.008676423691213131,2000000
42299,-0.0004130452871322632,1.000416874885559,0.0038535,1.061291488831689,0.07692307692307684,0.39880273660205245,0.0760181618051734,0.403363740022805,0.0038535,0.0,0.0006735,5.65e-05,0.9999953508377075,0.0,5e-07,0.0007675,6.95e-05,1.0000180006027222,0.009084781631827354,2000000
42399,9.119510650634766e-05,1.0018645524978638,0.0035275,1.0320540709524677,0.07639021320416493,0.395096921322691,0.0760181618051734,0.403363740022805,0.003527,0.0,0.000711,6.95e-05,0.9999899864196777,0.0,5e-07,0.0007675,6.95e-05,1.0000180006027222,0.008822462521493435,2000000
42499,-0.0004155188798904419,0.9985907077789307,0.003322,1.0869505154059722,0.07547169811320759,0.3982326111744584,0.0760181618051734,0.403363740022805,0.003322,0.0,0.0006745,6.65e-05,0.999995231628418,0.0,5e-07,0.0007675,6.95e-05,1.0000180006027222,0.008673758246004581,2000000
42599,-0.0007878392934799194,0.9998488426208496,0.004011,1.074850356927576,0.07605415374297939,0.4013683010262258,0.0760181618051734,0.403363740022805,0.004011,0.0,0.0007965,8.6e-05,0.9999918937683105,0.0,5e-07,0.0007675,6.95e-05,1.0000180006027222,0.008919958956539631,2000000
42699,0.0006896853446960449,1.0025033950805664,0.003513,1.0770514757561562,0.07692307692307684,0.39680729760547323,0.0760181618051734,0.403363740022805,0.003513,0.0,0.000767,7.4e-05,0.9999971389770508,0.0,5e-07,0.0007675,6.95e-05,1.0000180006027222,0.008923284709453583,2000000
42799,-0.000246390700340271,1.0007692575454712,0.0036405,1.0772477591318141,0.07692307692307684,0.4070695553021665,0.0760181618051734,0.403363740022805,0.00364,0.0,0.0006795,6.05e-05,0.999992847442627,0.0,5e-07,0.0007675,6.95e-05,1.0000180006027222,0.00864128116518259,2000000
42899,0.00032053887844085693,1.002234935760498,0.004014,1.0991597082609996,0.07526881720430116,0.39680729760547323,0.0760181618051734,0.403363740022805,0.0040135,0.0,0.000752,7.55e-05,0.9999957084655762,0.0,5e-07,0.0007675,6.95e-05,1.0000180006027222,0.008714682422578335,2000000
42999,-2.82973051071167e-05,0.9999126195907593,0.0035745,1.0638070986501393,0.07646282916627056,0.3902508551881414,0.0760181618051734,0.403363740022805,0.0035745,0.0,0.000785,8.4e-05,0.9999896883964539,0.0,5e-07,0.0007675,6.95e-05,1.0000180006027222,0.00882117822766304,2000000
43099,7.115304470062256e-05,1.0002182722091675,0.0037305,1.0613951233870582,0.07381393624907337,0.3839794754846066,0.0760181618051734,0.403363740022805,0.0037305,0.0,0.00082,9.35e-05,0.999994158744812,0.0,5e-07,0.0007675,6.95e-05,1.0000180006027222,0.009099634364247322,2000000
43199,-9.512901306152344e-05,1.000497579574585,0.004005,1.0825874922883396,0.07364413572001072,0.3939566704675028,0.0760181618051734,0.403363740022805,0.004005,0.0,0.0007855,7.6e-05,0.9999975562095642,0.0,5e-07,0.0007675,6.95e-05,1.0000180006027222,0.008910613134503365,2000000
43299,-0.00012406706809997559,0.9989829063415527,0.004375,1.0549906328733467,0.07641973215799291,0.3916761687571266,0.0760181618051734,0.403363740022805,0.0043745,0.0,0.000729,7.7e-05,0.9999910593032837,0.0,5e-07,0.0007675,6.95e-05,1.0000180006027222,0.008797484450042248,2000000
43399,-8.273124694824219e-05,0.999392569065094,0.003688,1.0643684443929398,0.07571662571662569,0.3939566704675028,0.0760181618051734,0.403363740022805,0.003688,0.0,0.000741,7.9e-05,0.9999761581420898,0.0,5e-07,0.0007675,6.95e-05,1.0000180006027222,0.00883888266980648,2000000
43499,0.0003406405448913574,1.001315951347351,0.003854,1.1050491004776382,0.07350591993986083,0.387115165336374,0.0760181618051734,0.403363740022805,0.0038535,0.0,0.000745,7.85e-05,0.999986469745636,0.0,5e-07,0.0007675,6.95e-05,1.0000180006027222,0.0091243926435709,2000000
43599,0.000602230429649353,1.0014742612838745,0.003464,1.0962743917019906,0.07512092465175578,0.3942417331812999,0.0760181618051734,0.403363740022805,0.003464,0.0,0.000783,7.65e-05,0.999996542930603,0.0,5e-07,0.0007675,6.95e-05,1.0000180006027222,0.00890647154301405,2000000
43699,-3.434717655181885e-05,1.0000914335250854,0.004002,1.0773900543467057,0.07573779571168604,0.3922462941847206,0.0760181618051734,0.403363740022805,0.004002,0.0,0.000747,7.3e-05,0.9999986886978149,0.0,5e-07,0.0007675,6.95e-05,1.0000180006027222,0.008688108064234257,2000000
43799,0.00013779103755950928,1.0009965896606445,0.003546,1.0768865600717643,0.07531380753138077,0.3902508551881414,0.0760181618051734,0.403363740022805,0.003546,0.0,0.0007925,8.1e-05,0.9999904632568359,0.0,5e-07,0.0007675,6.95e-05,1.0000180006027222,0.008924976922571659,2000000
43899,-0.000393599271774292,0.9991219639778137,0.003758,1.0928375286189993,0.07601816180517337,0.39709236031927025,0.0760181618051734,0.403363740022805,0.003758,0.0,0.000795,8e-05,0.9999958276748657,0.0,5e-07,0.0007675,6.95e-05,1.0000180006027222,0.0088516129180789,2000000
43999,0.0002018362283706665,1.0011773109436035,0.003261,1.1220907003572,0.07352941176470587,0.3902508551881414,0.0760181618051734,0.403363740022805,0.003261,0.0,0.000758,7.85e-05,0.9999966621398926,0.0,5e-07,0.0007675,6.95e-05,1.0000180006027222,0.009277105331420898,2000000
44099,-3.516674041748047e-05,1.0013591051101685,0.0039325,1.117274570331551,0.07411330822347775,0.38597491448118587,0.0760181618051734,0.403363740022805,0.0039325,0.0,0.000696,7.2e-05,0.9999915361404419,0.0,5e-07,0.0007675,6.95e-05,1.0000180006027222,0.008837934583425522,2000000
44199,9.268522262573242e-05,1.0008723735809326,0.0039,1.102023347896909,0.07556847545219636,0.3976624857468643,0.0760181618051734,0.403363740022805,0.0039,0.0,0.000658,6.65e-05,0.9999804496765137,0.0,5e-07,0.0007675,6.95e-05,1.0000180006027222,0.008778860792517662,2000000
44299,8.9302659034729e-05,1.0010756254196167,0.0041565,1.0873856680233231,0.07685016405395553,0.39709236031927025,0.0760181618051734,0.403363740022805,0.0041565,0.0,0.0007725,7.6e-05,0.9999793767929077,0.0,5e-07,0.0007675,6.95e-05,1.0000180006027222,0.008955045603215694,2000000
44399,-5.187094211578369e-05,0.9993647933006287,0.0037595,1.088142705001075,0.07547169811320759,0.4007981755986317,0.0760181618051734,0.403363740022805,0.0037595,0.0,0.000676,6.35e-05,0.9999947547912598,0.0,5e-07,0.0007675,6.95e-05,1.0000180006027222,0.00872152578085661,2000000
44499,0.000718340277671814,1.0021740198135376,0.003511,1.101982589859539,0.07487424937401663,0.3942417331812999,0.0760181618051734,0.403363740022805,0.003511,0.0,0.0008425,8.8e-05,0.9999982118606567,0.0,5e-07,0.0007675,6.95e-05,1.0000180006027222,0.008791996166110039,2000000
44599,0.0005393028259277344,1.002313256263733,0.003482,1.1455148669636654,0.0778926513286207,0.39709236031927025,0.0760181618051734,0.403363740022805,0.003482,0.0,0.000771,7.35e-05,0.9999717473983765,0.0,5e-07,0.0007675,6.95e-05,1.0000180006027222,0.008744427934288979,2000000
44699,0.0001668184995651245,1.0019831657409668,0.003729,1.1177463695853913,0.07826086956521741,0.3959521094640821,0.0760181618051734,0.403363740022805,0.003729,0.0,0.000783,7.3e-05,0.9999971985816956,0.0,5e-07,0.0007675,6.95e-05,1.0000180006027222,0.008853751234710217,2000000
44799,-0.0002956986427307129,0.9997155070304871,0.0039975,1.1346741907519398,0.078125,0.4070695553021665,0.0760181618051734,0.403363740022805,0.0039975,0.0,0.0007985,8.1e-05,0.9999985694885254,0.0,5e-07,0.0007675,6.95e-05,1.0000180006027222,0.008707174099981785,2000000
44899,-4.2185187339782715e-05,1.0005642175674438,0.00392,1.086133137746939,0.07643776023370921,0.4050741163055872,0.0760181618051734,0.403363740022805,0.00392,0.0,0.000748,6.85e-05,0.9999986886978149,0.0,5e-07,0.0007675,6.95e-05,1.0000180006027222,0.009146410971879959,2000000
44999,-2.4840235710144043e-05,0.9996322393417358,0.00358,1.1139350531977423,0.07692307692307689,0.39709236031927025,0.0760181618051734,0.403363740022805,0.00358,0.0,0.0006465,5.85e-05,0.9999946355819702,0.0,5e-07,0.0007675,6.95e-05,1.0000180006027222,0.008835788816213608,2000000
45099,0.0005710572004318237,1.000927209854126,0.0035715,1.1305169121237355,0.07487424937401672,0.39310148232611175,0.0760181618051734,0.403363740022805,0.0035715,0.0,0.00075,6.95e-05,0.9999964237213135,0.0,5e-07,0.0007675,6.95e-05,1.0000180006027222,0.008823011070489883,2000000
45199,9.919703006744385e-05,1.0014245510101318,0.0040595,1.0917942428214307,0.07536257606490868,0.395096921322691,0.0760181618051734,0.403363740022805,0.0040595,0.0,0.0007075,6.05e-05,0.9999807476997375,0.0,5e-07,0.0007675,6.95e-05,1.0000180006027222,0.00891948863863945,2000000
45299,0.00033260881900787354,1.0015186071395874,0.0039215,1.0741299989627673,0.07403780093844561,0.39082098061573545,0.0760181618051734,0.403363740022805,0.0039215,0.0,0.0006945,5.8e-05,0.9999862909317017,0.0,5e-07,0.0007675,6.95e-05,1.0000180006027222,0.008741356432437897,2000000
45399,0.00013509392738342285,1.0007935762405396,0.0039515,1.0743885336366308,0.07527066703367274,0.3885404789053592,0.0760181618051734,0.403363740022805,0.0039515,0.0,0.0007385,6.75e-05,0.9999887943267822,0.0,5e-07,0.0007675,6.95e-05,1.0000180006027222,0.008693299256265163,2000000
45499,-0.00019688904285430908,1.00040602684021,0.0041755,1.0604243642576832,0.07812499999999999,0.39310148232611175,0.0760181618051734,0.403363740022805,0.0041755,0.0,0.0007825,7.75e-05,0.9999999403953552,0.0,5e-07,0.0007675,6.95e-05,1.0000180006027222,0.009060380980372429,2000000
45599,-0.000578954815864563,1.0003362894058228,0.004582500000000001,1.1541874957414886,0.07796813115962048,0.3936716077537058,0.0760181618051734,0.403363740022805,0.0045825,0.0,0.0007865,8e-05,0.9999917149543762,0.0,5e-07,0.0007675,6.95e-05,1.0000180006027222,0.009008006192743778,2000000
45699,0.00026735663414001465,1.0013072490692139,0.0038975,1.0587243891814513,0.0752478678912144,0.38939566704675027,0.0760181618051734,0.403363740022805,0.0038975,0.0,0.0007355,6.7e-05,0.9999988079071045,0.0,5e-07,0.0007675,6.95e-05,1.0000180006027222,0.00904574990272522,2000000
45799,-0.00013002753257751465,1.001080870628357,0.0045385,1.0914441503803456,0.07552654673102237,0.3945267958950969,0.0760181618051734,0.403363740022805,0.0045385,0.0,0.000661,5.45e-05,0.9999918937683105,0.0,5e-07,0.0007675,6.95e-05,1.0000180006027222,0.008972943760454655,2000000
45899,0.00028724968433380127,1.0007821321487427,0.00401,1.0401874267749158,0.07317073170731703,0.39253135689851765,0.0760181618051734,0.403363740022805,0.0040095,0.0,0.0007945,8.05e-05,0.999995231628418,0.0,5e-07,0.0007675,6.95e-05,1.0000180006027222,0.008949009701609612,2000000
45999,-0.00016859173774719238,0.9998590350151062,0.003996,1.0956081179921509,0.07626317702653576,0.3942417331812999,0.0760181618051734,0.403363740022805,0.003996,0.0,0.000789,7.2e-05,0.9999953508377075,0.0,5e-07,0.0007675,6.95e-05,1.0000180006027222,0.008930838666856289,2000000
46099,0.00023408234119415283,1.000495433807373,0.003835,1.051784806152513,0.07352941176470587,0.3899657924743444,0.0760181618051734,0.403363740022805,0.0038345,0.0,0.0008185,8.35e-05,0.9999977350234985,0.0,5e-07,0.0007675,6.95e-05,1.0000180006027222,0.008867846801877022,2000000
46199,-0.00012734532356262207,1.0016125440597534,0.0043755,1.1033453340134023,0.07357452183327316,0.3805587229190422,0.0760181618051734,0.403363740022805,0.0043755,0.0,0.000746,7.4e-05,0.9999942779541016,0.0,5e-07,0.0007675,6.95e-05,1.0000180006027222,0.009009042754769325,2000000
46299,-5.204975605010986e-05,1.0002740621566772,0.0042745000000000005,1.143015545175111,0.07620670523896333,0.40051311288483465,0.0760181618051734,0.403363740022805,0.0042745,0.0,0.0006275,5.55e-05,0.9999825954437256,0.0,5e-07,0.0007675,6.95e-05,1.0000180006027222,0.008910891599953175,2000000
46399,-0.00046697258949279785,1.0006707906723022,0.004297,1.1417799506594069,0.07526881720430109,0.39680729760547323,0.0760181618051734,0.403363740022805,0.0042965,0.0,0.0006255,5.55e-05,0.9999794960021973,0.0,5e-07,0.0007675,6.95e-05,1.0000180006027222,0.008541639894247055,2000000
46499,-0.0006496459245681763,0.9993609189987183,0.004827,1.1525421445700343,0.07654671717171717,0.3973774230330673,0.0760181618051734,0.403363740022805,0.004827,0.0,0.000631,5.6e-05,0.9999884366989136,0.0,5e-07,0.0007675,6.95e-05,1.0000180006027222,0.008878298103809357,2000000
46599,-0.0005858093500137329,0.9982989430427551,0.004359,1.1167471247556122,0.07678102137935926,0.3982326111744584,0.0760181618051734,0.403363740022805,0.004359,0.0,0.0006915,5.75e-05,0.999997615814209,0.0,5e-07,0.0007675,6.95e-05,1.0000180006027222,0.009026673622429371,2000000
46699,-0.00013284385204315186,1.0004748106002808,0.004301,1.1027177212761683,0.07738095238095233,0.3976624857468643,0.0760181618051734,0.403363740022805,0.004301,0.0,0.00068,5.65e-05,0.9999886751174927,0.0,5e-07,0.0007675,6.95e-05,1.0000180006027222,0.009015349671244621,2000000
46799,-0.0003250688314437866,1.0003037452697754,0.0043065,1.1311565267863435,0.07692307692307696,0.40108323831242876,0.0760181618051734,0.403363740022805,0.0043065,0.0,0.0006365,5.65e-05,0.9999996423721313,0.0,5e-07,0.0007675,6.95e-05,1.0000180006027222,0.008686342276632786,2000000
46899,-0.00025528669357299805,1.0010011196136475,0.0046985,1.1265188705698874,0.07795186464911236,0.3973774230330673,0.0760181618051734,0.403363740022805,0.0046985,0.0,0.0006585,6.3e-05,0.999985933303833,0.0,5e-07,0.0007675,6.95e-05,1.0000180006027222,0.008847689256072044,2000000
46999,-4.236400127410889e-05,1.0011500120162964,0.004527,1.1024659340044332,0.07547169811320759,0.4007981755986317,0.0760181618051734,0.403363740022805,0.004527,0.0,0.0006965,6.55e-05,0.9999983310699463,0.0,5e-07,0.0007675,6.95e-05,1.0000180006027222,0.008874286897480488,2000000
47099,-4.528462886810303e-05,1.0001237392425537,0.0042945,1.1251548020727493,0.07575474276180477,0.39709236031927025,0.0760181618051734,0.403363740022805,0.0042945,0.0,0.0006945,6.75e-05,0.9999954700469971,0.0,5e-07,0.0007675,6.95e-05,1.0000180006027222,0.008828364312648773,2000000
47199,-0.0001645982265472412,0.9998791217803955,0.0043385,1.111467021615658,0.07692307692307704,0.40450399087799316,0.0760181618051734,0.403363740022805,0.004338,0.0,0.0006485,6.7e-05,0.9999996423721313,0.0,5e-07,0.0007675,6.95e-05,1.0000180006027222,0.008671566843986511,2000000
47299,-0.0002659410238265991,1.0013242959976196,0.004265,1.1315173470028639,0.07594936708860756,0.3990877993158495,0.0760181618051734,0.403363740022805,0.004265,0.0,0.0006955,6.6e-05,0.9999980926513672,0.0,5e-07,0.0007675,6.95e-05,1.0000180006027222,0.008960980921983719,2000000
47399,-0.0004719644784927368,0.9988431930541992,0.0043055,1.0856627097964413,0.076923076923077,0.40364880273660203,0.0760181618051734,0.403363740022805,0.0043055,0.0,0.0008325,7.6e-05,0.9999986886978149,0.0,5e-07,0.0007675,6.95e-05,1.0000180006027222,0.008526742458343506,2000000
47499,-0.0002962052822113037,0.9994544386863708,0.0043735,1.0324152289461264,0.07665283439217556,0.3962371721778791,0.0760181618051734,0.403363740022805,0.0043735,0.0,0.000831,8.65e-05,0.9999978542327881,0.0,5e-07,0.0007675,6.95e-05,1.0000180006027222,0.008947726339101791,2000000
47599,0.0001414865255355835,1.0006721019744873,0.004046,1.0905844259130832,0.07692307692307684,0.4007981755986317,0.0760181618051734,0.403363740022805,0.004046,0.0,0.0008155,8.05e-05,0.9999964237213135,0.0,5e-07,0.0007675,6.95e-05,1.0000180006027222,0.008779238909482956,2000000
47699,-0.00041872262954711914,1.0007011890411377,0.00458,1.1191952244193326,0.07499999999999997,0.38939566704675027,0.0760181618051734,0.403363740022805,0.00458,0.0,0.0007865,8.35e-05,0.9999996423721313,0.0,5e-07,0.0007675,6.95e-05,1.0000180006027222,0.008816488087177277,2000000
47799,-0.00015632808208465576,0.9996283054351807,0.004194,1.0571567821355088,0.07296493213474829,0.3896807297605473,0.0760181618051734,0.403363740022805,0.0041935,0.0,0.0008255,9.1e-05,0.999997615814209,0.0,5e-07,0.0007675,6.95e-05,1.0000180006027222,0.008947830647230148,2000000
47899,0.00034467875957489014,1.0005558729171753,0.0038765,1.0347002995859085,0.07507225433526016,0.38568985176738885,0.0760181618051734,0.403363740022805,0.0038765,0.0,0.0008515,9.05e-05,0.999991238117218,0.0,5e-07,0.0007675,6.95e-05,1.0000180006027222,0.008593320846557617,2000000
47999,-2.0712614059448242e-06,1.0005167722702026,0.0040695,1.0495881553841284,0.0769230769230769,0.40364880273660203,0.0760181618051734,0.403363740022805,0.0040695,0.0,0.0008955,9.15e-05,0.999991774559021,0.0,5e-07,0.0007675,6.95e-05,1.0000180006027222,0.00883740559220314,2000000
48099,-0.00024421513080596924,1.0005544424057007,0.0041645,1.082590432097089,0.07547169811320759,0.3916761687571266,0.0760181618051734,0.403363740022805,0.004164,0.0,0.0008425,9.1e-05,0.9999979734420776,0.0,5e-07,0.0007675,6.95e-05,1.0000180006027222,0.008877802640199661,2000000
48199,-0.00036135315895080566,0.9986228942871094,0.0038065,1.0263079937604862,0.07407407407407401,0.3933865450399088,0.0760181618051734,0.403363740022805,0.0038065,0.0,0.000679,7.05e-05,0.9999987483024597,0.0,5e-07,0.0007675,6.95e-05,1.0000180006027222,0.008808637969195843,2000000
48299,1.9058585166931152e-05,0.9997085332870483,0.0039395,1.043087861564908,0.07555097510702391,0.38740022805017105,0.0760181618051734,0.403363740022805,0.0039395,0.0,0.000669,6.3e-05,0.9999982118606567,0.0,5e-07,0.0007675,6.95e-05,1.0000180006027222,0.008889831602573395,2000000
48399,0.0002412945032119751,1.0001212358474731,0.004074,1.0426497648870192,0.07530396258921981,0.3982326111744584,0.0760181618051734,0.403363740022805,0.004074,0.0,0.0007445,7.25e-05,0.9999972581863403,0.0,5e-07,0.0007675,6.95e-05,1.0000180006027222,0.008757248520851135,2000000
48499,0.0005881637334823608,1.0015363693237305,0.003929,1.0662487773170564,0.07462686567164178,0.38939566704675027,0.0760181618051734,0.403363740022805,0.003929,0.0,0.0006445,6.05e-05,0.9999865293502808,0.0,5e-07,0.0007675,6.95e-05,1.0000180006027222,0.008822673931717873,2000000
48599,-5.3510069847106934e-05,0.9988160729408264,0.00391,1.067531909004374,0.07584572642588659,0.39851767388825543,0.0760181618051734,0.403363740022805,0.00391,0.0,0.000647,6.25e-05,0.9999568462371826,0.0,5e-07,0.0007675,6.95e-05,1.0000180006027222,0.009051728993654251,2000000
48699,-0.00011865794658660889,1.0011584758758545,0.004194000000000001,1.0357779456331324,0.07692307692307698,0.40250855188141393,0.0760181618051734,0.403363740022805,0.004194,0.0,0.0008385,7.9e-05,0.9999988079071045,0.0,5e-07,0.0007675,6.95e-05,1.0000180006027222,0.008993648923933506,2000000
48799,0.000284731388092041,0.999366283416748,0.0036895,0.9998103360747251,0.07692307692307689,0.3905359179019384,0.0760181618051734,0.403363740022805,0.0036895,0.0,0.0007845,8.3e-05,0.9999975562095642,0.0,5e-07,0.0007675,6.95e-05,1.0000180006027222,0.008955373428761959,2000000
48899,0.0003910362720489502,1.000950574874878,0.00371,1.0338009702649462,0.07462686567164178,0.37884834663626,0.0760181618051734,0.403363740022805,0.00371,0.0,0.000893,8.9e-05,0.9999758005142212,0.0,5e-07,0.0007675,6.95e-05,1.0000180006027222,0.008679987862706184,2000000
48999,0.0010443776845932007,1.0037548542022705,0.004132,1.0580347058819846,0.07445738259343301,0.39110604332953247,0.0760181618051734,0.403363740022805,0.004132,0.0,0.000863,8.65e-05,0.9999901056289673,0.0,5e-07,0.0007675,6.95e-05,1.0000180006027222,0.0090307192876935,2000000
49099,0.00012893974781036377,1.0012555122375488,0.0040615,1.0881192305104712,0.07630353215163668,0.39680729760547323,0.0760181618051734,0.403363740022805,0.004061,0.0,0.000865,7.8e-05,0.9999979734420776,0.0,5e-07,0.0007675,6.95e-05,1.0000180006027222,0.008666991256177425,2000000
49199,-0.0003660619258880615,0.9992503523826599,0.004043,1.010043616205295,0.07408621736490596,0.3896807297605473,0.0760181618051734,0.403363740022805,0.004043,0.0,0.0008365,8.6e-05,0.9999939203262329,0.0,5e-07,0.0007675,6.95e-05,1.0000180006027222,0.008827243000268936,2000000
49299,5.848705768585205e-05,1.000580072402954,0.004050000000000001,1.0008305722503639,0.07685105157015268,0.39481185860889395,0.0760181618051734,0.403363740022805,0.00405,0.0,0.000908,9.2e-05,0.9999778270721436,0.0,5e-07,0.0007675,6.95e-05,1.0000180006027222,0.009079862385988235,2000000
49399,0.000231817364692688,1.0003938674926758,0.003656,0.9899939121212359,0.07692307692307687,0.39538198403648805,0.0760181618051734,0.403363740022805,0.003656,0.0,0.000813,8.4e-05,0.999991774559021,0.0,5e-07,0.0007675,6.95e-05,1.0000180006027222,0.008682026527822018,2000000
49499,-0.00027886033058166504,1.0000814199447632,0.0046830000000000005,1.0238567698063241,0.07687299679487175,0.3919612314709236,0.0760181618051734,0.403363740022805,0.0046825,0.0,0.0008215,8.5e-05,0.9999949932098389,0.0,5e-07,0.0007675,6.95e-05,1.0000180006027222,0.009039283730089664,2000000
49599,0.00022567808628082275,1.0016825199127197,0.0038545,1.0485388258947073,0.07740936782183161,0.3933865450399088,0.0760181618051734,0.403363740022805,0.003854,0.0,0.000855,8.35e-05,0.9999958276748657,0.0,5e-07,0.0007675,6.95e-05,1.0000180006027222,0.008908480405807495,2000000
49699,-0.00037401914596557617,0.999858021736145,0.003801,1.0865875680178565,0.07483333333333332,0.3896807297605473,0.0760181618051734,0.403363740022805,0.003801,0.0,0.000815,8.25e-05,0.9999896287918091,0.0,5e-07,0.0007675,6.95e-05,1.0000180006027222,0.008957866579294205,2000000
49799,0.00020927190780639648,1.0010038614273071,0.003843,1.0083897292474897,0.07606629194908246,0.38683010262257694,0.0760181618051734,0.403363740022805,0.003843,0.0,0.000814,7.65e-05,0.9999842643737793,0.0,5e-07,0.0007675,6.95e-05,1.0000180006027222,0.008910419419407845,2000000
49899,-1.1533498764038086e-05,1.0006040334701538,0.0036805,0.9923933149473761,0.07640233362844201,0.39310148232611175,0.0760181618051734,0.403363740022805,0.0036805,0.0,0.000792,6.9e-05,0.9999983310699463,0.0,5e-07,0.0007675,6.95e-05,1.0000180006027222,0.008855401538312435,2000000
49999,8.064508438110352e-05,0.9998234510421753,0.0034435,0.996565750330668,0.0755056332292657,0.3902508551881414,0.0760181618051734,0.403363740022805,0.0034435,0.0,0.000721,7.45e-05,0.9999977350234985,0.0,5e-07,0.0007675,6.95e-05,1.0000180006027222,0.00858293566852808,2000000
50099,-0.0002504587173461914,0.999937891960144,0.0047235,1.0246070014761541,0.0761904761904761,0.3993728620296465,0.0760181618051734,0.403363740022805,0.0047235,0.0,0.0007905,8.15e-05,0.9999979734420776,0.0,5e-07,0.0007675,6.95e-05,1.0000180006027222,0.008714315481483936,2000000
50199,-0.0006813704967498779,0.9976517558097839,0.003216,0.9909889236479953,0.07547169811320756,0.39310148232611175,0.0760181618051734,0.403363740022805,0.003216,0.0,0.000797,8.95e-05,0.999998927116394,0.0,5e-07,0.0007675,6.95e-05,1.0000180006027222,0.00850041676312685,2000000
50299,-0.0003326684236526489,1.0003770589828491,0.0037825,1.0297177467287193,0.07531253617316822,0.3945267958950969,0.0760181618051734,0.403363740022805,0.0037825,0.0,0.0008315,7.45e-05,0.9999845027923584,0.0,5e-07,0.0007675,6.95e-05,1.0000180006027222,0.008838249370455742,2000000
50399,-0.00024102628231048584,0.9994857907295227,0.0038955,1.036183410509903,0.07692307692307684,0.39880273660205245,0.0760181618051734,0.403363740022805,0.0038955,0.0,0.0007615,7.65e-05,0.9999873638153076,0.0,5e-07,0.0007675,6.95e-05,1.0000180006027222,0.008843866176903248,2000000
50499,0.00031922757625579834,1.000611662864685,0.0033625,1.036753749690713,0.07692307692307689,0.38568985176738885,0.0760181618051734,0.403363740022805,0.0033625,0.0,0.0007535,7.5e-05,0.9999979734420776,0.0,5e-07,0.0007675,6.95e-05,1.0000180006027222,0.008760396391153336,2000000
50599,-0.00014562904834747314,1.0011836290359497,0.0040175,1.0025887168318495,0.07692307692307683,0.3888255416191562,0.0760181618051734,0.403363740022805,0.0040175,0.0,0.000749,6.35e-05,0.9999918937683105,0.0,5e-07,0.0007675,6.95e-05,1.0000180006027222,0.008837873116135597,2000000
50699,0.00020094215869903564,1.000428557395935,0.0036185,1.0307738551584775,0.07692307692307687,0.4039338654503991,0.0760181618051734,0.403363740022805,0.0036185,0.0,0.0007395,6.95e-05,0.9999790191650391,0.0,5e-07,0.0007675,6.95e-05,1.0000180006027222,0.008847711607813835,2000000
50799,-0.00012315809726715088,1.0003480911254883,0.0041285,1.0558123110060722,0.07713557161070983,0.4007981755986317,0.0760181618051734,0.403363740022805,0.0041285,0.0,0.0007075,7.5e-05,0.9999847412109375,0.0,5e-07,0.0007675,6.95e-05,1.0000180006027222,0.008868257515132427,2000000
50899,-0.0005446523427963257,0.9995470643043518,0.004535,1.1203946788960537,0.07692307692307689,0.39310148232611175,0.0760181618051734,0.403363740022805,0.004535,0.0,0.000689,6.5e-05,0.9999977350234985,0.0,5e-07,0.0007675,6.95e-05,1.0000180006027222,0.008900084532797337,2000000
50999,0.00023794174194335938,1.0008424520492554,0.003603,1.0531116311557425,0.07403703703703701,0.39139110604332955,0.0760181618051734,0.403363740022805,0.003603,0.0,0.0006815,6.75e-05,0.999996542930603,0.0,5e-07,0.0007675,6.95e-05,1.0000180006027222,0.008819310925900936,2000000
51099,0.00025770068168640137,1.000646710395813,0.0036545,1.0884549311450058,0.0734878697241609,0.3942417331812999,0.0760181618051734,0.403363740022805,0.0036545,0.0,0.0006235,5.5e-05,0.9999796748161316,0.0,5e-07,0.0007675,6.95e-05,1.0000180006027222,0.009088773280382156,2000000
51199,0.00015410780906677246,1.0008007287979126,0.0035135,1.0649706391108595,0.07499999999999996,0.39310148232611175,0.0760181618051734,0.403363740022805,0.003513,0.0,0.0007425,7.65e-05,0.9999845027923584,0.0,5e-07,0.0007675,6.95e-05,1.0000180006027222,0.0089470986276865,2000000
51299,7.897615432739258e-05,1.0006107091903687,0.0033825,1.030993771082206,0.0745621368557455,0.3976624857468643,0.0760181618051734,0.403363740022805,0.0033825,0.0,0.000769,8e-05,0.9999936819076538,0.0,5e-07,0.0007675,6.95e-05,1.0000180006027222,0.008817879483103752,2000000
51399,-0.00025959312915802,1.0009242296218872,0.0038945,1.0545503073010636,0.07496397694524498,0.38540478905359177,0.0760181618051734,0.403363740022805,0.003894,0.0,0.0007635,8.35e-05,0.9999926090240479,0.0,5e-07,0.0007675,6.95e-05,1.0000180006027222,0.008809887804090977,2000000
51499,0.0006125122308731079,1.0024453401565552,0.0035275,1.0195220731136279,0.07491496598639452,0.38740022805017105,0.0760181618051734,0.403363740022805,0.003527,0.0,0.0008435,8.85e-05,0.9999951124191284,0.0,5e-07,0.0007675,6.95e-05,1.0000180006027222,0.008700655773282051,2000000
51599,0.00016982853412628174,1.000819444656372,0.0039985,1.0677482007470267,0.07769505508325375,0.40051311288483465,0.0760181618051734,0.403363740022805,0.003998,0.0,0.000872,8.55e-05,0.9999914169311523,0.0,5e-07,0.0007675,6.95e-05,1.0000180006027222,0.008702453225851059,2000000
51699,0.00043958425521850586,0.9999669194221497,0.003682,1.0549761467420937,0.07514450867052018,0.3962371721778791,0.0760181618051734,0.403363740022805,0.0036815,0.0,0.000735,7.55e-05,0.9999963045120239,0.0,5e-07,0.0007675,6.95e-05,1.0000180006027222,0.008929159492254257,2000000
51799,-6.029009819030762e-05,0.9992104768753052,0.003966000000000001,1.0461188215104062,0.07594936708860774,0.3962371721778791,0.0760181618051734,0.403363740022805,0.0039655,0.0,0.000668,6.65e-05,0.9999984502792358,0.0,5e-07,0.0007675,6.95e-05,1.0000180006027222,0.008837820030748844,2000000
51899,1.8969178199768066e-05,1.0013736486434937,0.003968,1.0360312517147552,0.0742908750334493,0.39253135689851765,0.0760181618051734,0.403363740022805,0.003968,0.0,0.000718,6.7e-05,0.9999953508377075,0.0,5e-07,0.0007675,6.95e-05,1.0000180006027222,0.008958568796515465,2000000
51999,7.453560829162598e-05,1.000915288925171,0.0039645,1.010888123728013,0.07634954844006575,0.4013683010262258,0.0760181618051734,0.403363740022805,0.0039645,0.0,0.0008075,8.1e-05,0.9999887943267822,0.0,5e-07,0.0007675,6.95e-05,1.0000180006027222,0.009026210755109787,2000000
52099,-0.0003401339054107666,0.9988782405853271,0.0037755,0.982210212221844,0.07552654673102245,0.3996579247434436,0.0760181618051734,0.403363740022805,0.0037755,0.0,0.000742,7e-05,0.9999971389770508,0.0,5e-07,0.0007675,6.95e-05,1.0000180006027222,0.00877149123698473,2000000
52199,0.000243455171585083,0.9999114871025085,0.003364,1.0113757289646574,0.07434124397037249,0.39110604332953247,0.0760181618051734,0.403363740022805,0.003364,0.0,0.000752,7.5e-05,0.9999842643737793,0.0,5e-07,0.0007675,6.95e-05,1.0000180006027222,0.008727203123271465,2000000
52299,0.00010797381401062012,1.00067937374115,0.0036185,0.9800750857568311,0.0749149659863945,0.3928164196123147,0.0760181618051734,0.403363740022805,0.0036185,0.0,0.00081,8.4e-05,0.9999880790710449,0.0,5e-07,0.0007675,6.95e-05,1.0000180006027222,0.008929087780416012,2000000
52399,-5.3822994232177734e-05,1.0005238056182861,0.003394,0.979301180160512,0.07637626262626268,0.39253135689851765,0.0760181618051734,0.403363740022805,0.003394,0.0,0.000738,6.9e-05,0.9999980926513672,0.0,5e-07,0.0007675,6.95e-05,1.0000180006027222,0.008759698830544949,2000000
52499,-0.0002066195011138916,1.0003663301467896,0.003901,0.9793483668636812,0.07547169811320759,0.3976624857468643,0.0760181618051734,0.403363740022805,0.003901,0.0,0.000755,7.3e-05,0.9999915361404419,0.0,5e-07,0.0007675,6.95e-05,1.0000180006027222,0.009054295718669891,2000000
52599,0.0003057718276977539,1.0019783973693848,0.0030855,1.0114918552242373,0.07497323340471089,0.38426453819840367,0.0760181618051734,0.403363740022805,0.0030855,0.0,0.000696,6.55e-05,0.9999916553497314,0.0,5e-07,0.0007675,6.95e-05,1.0000180006027222,0.00889249425381422,2000000
52699,-0.00033496320247650146,0.9998509883880615,0.003611,1.0153069020032193,0.07540111583258605,0.38911060433295325,0.0760181618051734,0.403363740022805,0.003611,0.0,0.0006865,6.5e-05,0.9999993443489075,0.0,5e-07,0.0007675,6.95e-05,1.0000180006027222,0.00882307905703783,2000000
52799,6.911158561706543e-05,1.0007182359695435,0.003187,1.0146766881006377,0.07571662571662573,0.39680729760547323,0.0760181618051734,0.403363740022805,0.003187,0.0,0.0006665,6.4e-05,0.999995231628418,0.0,5e-07,0.0007675,6.95e-05,1.0000180006027222,0.008844134397804737,2000000
52899,-0.00026328861713409424,1.0010422468185425,0.0042675,1.0202488943257781,0.07613871635610772,0.3976624857468643,0.0760181618051734,0.403363740022805,0.004267,0.0,0.000736,6.5e-05,0.9999872446060181,0.0,5e-07,0.0007675,6.95e-05,1.0000180006027222,0.008582734502851963,2000000
52999,-0.00010116398334503174,1.0010921955108643,0.0036365,1.001852946799614,0.07654836876746053,0.39253135689851765,0.0760181618051734,0.403363740022805,0.0036365,0.0,0.000783,7.65e-05,0.9999918937683105,0.0,5e-07,0.0007675,6.95e-05,1.0000180006027222,0.009266724810004234,2000000
53099,-0.00039987266063690186,1.0007283687591553,0.0037125,0.9898735173686259,0.07692307692307696,0.39709236031927025,0.0760181618051734,0.403363740022805,0.0037125,0.0,0.000707,7.05e-05,0.9999937415122986,0.0,5e-07,0.0007675,6.95e-05,1.0000180006027222,0.008717028424143791,2000000
53199,-0.0003357529640197754,1.0011266469955444,0.0039055,1.011914131555332,0.07692307692307683,0.40051311288483465,0.0760181618051734,0.403363740022805,0.0039055,0.0,0.000728,6.9e-05,0.9999943971633911,0.0,5e-07,0.0007675,6.95e-05,1.0000180006027222,0.009072288870811462,2000000
53299,-7.735192775726318e-05,1.000674843788147,0.003422,0.9731131877351575,0.0763623833757422,0.39538198403648805,0.0760181618051734,0.403363740022805,0.003422,0.0,0.00072,6.6e-05,0.9999954700469971,0.0,5e-07,0.0007675,6.95e-05,1.0000180006027222,0.008651579730212688,2000000
53399,0.0005129575729370117,1.0020672082901,0.0033715,0.9863496902189991,0.07246376811594203,0.3922462941847206,0.0760181618051734,0.403363740022805,0.003371,0.0,0.000758,7.4e-05,0.999994695186615,0.0,5e-07,0.0007675,6.95e-05,1.0000180006027222,0.00872108805924654,2000000
53499,7.125735282897949e-05,1.0007365942001343,0.0033275,1.028443963402579,0.07571662571662575,0.38568985176738885,0.0760181618051734,0.403363740022805,0.0033275,0.0,0.000746,7.25e-05,0.999997615814209,0.0,5e-07,0.0007675,6.95e-05,1.0000180006027222,0.008928891271352768,2000000
53599,-0.0002263784408569336,1.0004651546478271,0.003698,1.0259216091649697,0.07692307692307689,0.3990877993158495,0.0760181618051734,0.403363740022805,0.003698,0.0,0.0007245,7.05e-05,0.9999830722808838,0.0,5e-07,0.0007675,6.95e-05,1.0000180006027222,0.008719808422029018,2000000
53699,0.00026898086071014404,1.0023802518844604,0.0036295,1.03464997700668,0.07496397694524498,0.3899657924743444,0.0760181618051734,0.403363740022805,0.003629,0.0,0.0006385,6.1e-05,0.9999918937683105,0.0,5e-07,0.0007675,6.95e-05,1.0000180006027222,0.008819338865578175,2000000
53799,-0.00046207010746002197,1.0008342266082764,0.00411,1.0489720231181512,0.07499999999999997,0.38911060433295325,0.0760181618051734,0.403363740022805,0.00411,0.0,0.0007665,7.05e-05,0.9999932050704956,0.0,5e-07,0.0007675,6.95e-05,1.0000180006027222,0.008983842097222805,2000000
53899,-0.000410616397857666,1.0002930164337158,0.0041205,1.091111495932858,0.0758634397850887,0.3962371721778791,0.0760181618051734,0.403363740022805,0.0041205,0.0,0.0006265,4.65e-05,0.9999964237213135,0.0,5e-07,0.0007675,6.95e-05,1.0000180006027222,0.008849671110510826,2000000
53999,-0.0001888871192932129,1.0000907182693481,0.0035635,0.9602396245070235,0.07586877767342005,0.3990877993158495,0.0760181618051734,0.403363740022805,0.0035635,0.0,0.000764,7.25e-05,0.9999988079071045,0.0,5e-07,0.0007675,6.95e-05,1.0000180006027222,0.008882260881364346,2000000
54099,-0.00047244131565093994,1.0001130104064941,0.004118,1.0049573845698319,0.07594936708860756,0.4053591790193843,0.0760181618051734,0.403363740022805,0.004118,0.0,0.0008175,8.25e-05,0.999997615814209,0.0,5e-07,0.0007675,6.95e-05,1.0000180006027222,0.008665019646286964,2000000
54199,-0.0005997121334075928,0.9987947940826416,0.003897,1.0693386726569343,0.07641196013289042,0.4039338654503991,0.0760181618051734,0.403363740022805,0.003897,0.0,0.000619,5.4e-05,0.9999934434890747,0.0,5e-07,0.0007675,6.95e-05,1.0000180006027222,0.008854779414832592,2000000
54299,0.0006123930215835571,1.0020774602890015,0.0033985,0.9818570193266106,0.07449365793780698,0.39538198403648805,0.0760181618051734,0.403363740022805,0.0033985,0.0,0.0007245,5.9e-05,0.9999985694885254,0.0,5e-07,0.0007675,6.95e-05,1.0000180006027222,0.008721744641661644,2000000
54399,-1.1324882507324219e-05,0.9991474747657776,0.003294,1.049910989122296,0.07461502013740814,0.3979475484606613,0.0760181618051734,0.403363740022805,0.0032935,0.0,0.0007375,6e-05,0.9999664425849915,0.0,5e-07,0.0007675,6.95e-05,1.0000180006027222,0.009085076861083508,2000000
54499,-6.854534149169922e-06,0.999830961227417,0.003546,1.0365133354703098,0.07692307692307689,0.3993728620296465,0.0760181618051734,0.403363740022805,0.003546,0.0,0.0008025,6.35e-05,0.999995231628418,0.0,5e-07,0.0007675,6.95e-05,1.0000180006027222,0.008871065452694893,2000000
54599,0.00042213499546051025,1.0011930465698242,0.0032805,1.0423891820103446,0.07594936708860756,0.3936716077537058,0.0760181618051734,0.403363740022805,0.0032805,0.0,0.0007655,6.85e-05,0.9999970197677612,0.0,5e-07,0.0007675,6.95e-05,1.0000180006027222,0.008849075064063072,2000000
54699,-6.90072774887085e-05,1.0005162954330444,0.0035755,1.0366816245843167,0.07416574990832422,0.3933865450399088,0.0760181618051734,0.403363740022805,0.003575,0.0,0.0008195,6.95e-05,0.9999990463256836,0.0,5e-07,0.0007675,6.95e-05,1.0000180006027222,0.008792069740593433,2000000
54799,0.0004968047142028809,1.0013384819030762,0.0034744999999999984,1.0593714147888331,0.07422299416958698,0.3942417331812999,0.0760181618051734,0.403363740022805,0.00318,0.0,0.0007725,6.7e-05,0.999994158744812,0.0,5e-07,0.0007675,6.95e-05,1.0000180006027222,0.008698920719325542,2000000
54899,0.0002339482307434082,1.0010026693344116,0.003359,1.048222962350474,0.07621506341901446,0.3973774230330673,0.0760181618051734,0.403363740022805,0.003359,0.0,0.00076,6.75e-05,0.9999953508377075,0.0,5e-07,0.0007675,6.95e-05,1.0000180006027222,0.00870225578546524,2000000
54999,-0.000461384654045105,1.0005099773406982,0.00398,1.0254298649829354,0.07692307692307689,0.40364880273660203,0.0760181618051734,0.403363740022805,0.00398,0.0,0.000735,6.85e-05,0.9999929666519165,0.0,5e-07,0.0007675,6.95e-05,1.0000180006027222,0.008720619603991508,2000000
55099,-0.0003330409526824951,0.9988831877708435,0.0035765,1.0151082421909925,0.07478071605582362,0.3939566704675028,0.0760181618051734,0.403363740022805,0.0035765,0.0,0.000769,7.05e-05,0.9999964237213135,0.0,5e-07,0.0007675,6.95e-05,1.0000180006027222,0.008774204179644585,2000000
55199,0.00014609098434448242,0.9997921586036682,0.003772,0.990164992497188,0.07569422620592903,0.3979475484606613,0.0760181618051734,0.403363740022805,0.003772,0.0,0.000787,6.75e-05,0.9999890923500061,0.0,5e-07,0.0007675,6.95e-05,1.0000180006027222,0.008553807623684406,2000000
55299,0.0002892017364501953,1.0004106760025024,0.0036125,1.0284555099786306,0.07488738738738741,0.39851767388825543,0.0760181618051734,0.403363740022805,0.0036125,0.0,0.000718,7.05e-05,0.9999709129333496,0.0,5e-07,0.0007675,6.95e-05,1.0000180006027222,0.00866277702152729,2000000
55399,-0.00010339915752410889,0.9999938607215881,0.0037365,0.9915063551931131,0.0749779541446208,0.39538198403648805,0.0760181618051734,0.403363740022805,0.0037365,0.0,0.00076,6.45e-05,0.999984860420227,0.0,5e-07,0.0007675,6.95e-05,1.0000180006027222,0.008919579908251762,2000000
55499,0.00047565996646881104,1.000726580619812,0.00354,1.03969428465902,0.07619047619047617,0.3996579247434436,0.0760181618051734,0.403363740022805,0.00354,0.0,0.000711,6.85e-05,0.9999878406524658,0.0,5e-07,0.0007675,6.95e-05,1.0000180006027222,0.008975316770374775,2000000
55599,-0.00018098950386047363,1.0001745223999023,0.0041025,0.9692317181682994,0.07692307692307689,0.403078677309008,0.0760181618051734,0.403363740022805,0.0041025,0.0,0.000789,7.55e-05,0.9999977350234985,0.0,5e-07,0.0007675,6.95e-05,1.0000180006027222,0.009009239263832569,2000000
55699,-0.00012946128845214844,0.9989413619041443,0.0032665,0.9791499205750803,0.07513440860215054,0.3996579247434436,0.0760181618051734,0.403363740022805,0.003266,0.0,0.0007825,7.6e-05,0.9999991059303284,0.0,5e-07,0.0007675,6.95e-05,1.0000180006027222,0.008569321595132351,2000000
55799,-0.00042600929737091064,0.9997209310531616,0.003787,0.9885780903979783,0.07730028144620049,0.40678449258836946,0.0760181618051734,0.403363740022805,0.0037865,0.0,0.0007875,7.7e-05,0.9999998807907104,0.0,5e-07,0.0007675,6.95e-05,1.0000180006027222,0.00923819188028574,2000000
55899,-0.0004526972770690918,0.9984499216079712,0.003393,1.002704188052662,0.07692307692307689,0.403363740022805,0.0760181618051734,0.403363740022805,0.003393,0.0,0.0007385,6.35e-05,0.9999986886978149,0.0,5e-07,0.0007675,6.95e-05,1.0000180006027222,0.008869766257703304,2000000
55999,-0.00037075579166412354,0.9996950030326843,0.0036715,1.0187314985143907,0.07606191144059307,0.4016533637400228,0.0760181618051734,0.403363740022805,0.0036715,0.0,0.0007175,6.3e-05,0.9999992847442627,0.0,5e-07,0.0007675,6.95e-05,1.0000180006027222,0.008570482954382896,2000000
56099,-0.0007500499486923218,0.9997967481613159,0.003812,1.0210924218563187,0.07815715020576137,0.40250855188141393,0.0760181618051734,0.403363740022805,0.003812,0.0,0.000752,6.6e-05,0.9999949932098389,0.0,5e-07,0.0007675,6.95e-05,1.0000180006027222,0.009110433049499989,2000000
56199,-0.0003050565719604492,0.999938428401947,0.0034,0.9673747395440725,0.07575757575757584,0.40222348916761685,0.0760181618051734,0.403363740022805,0.0034,0.0,0.0008075,7.75e-05,0.9999927878379822,0.0,5e-07,0.0007675,6.95e-05,1.0000180006027222,0.008763468824326992,2000000
56299,0.00012627243995666504,1.0001851320266724,0.0034255,0.9517343785111685,0.07779599041734964,0.4050741163055872,0.0760181618051734,0.403363740022805,0.0034255,0.0,0.0007465,7.05e-05,0.999976634979248,0.0,5e-07,0.0007675,6.95e-05,1.0000180006027222,0.008852984756231308,2000000
56399,-0.0003635138273239136,0.9993395209312439,0.0039295,1.029790309498371,0.07964601769911507,0.4107753705815279,0.0760181618051734,0.403363740022805,0.0039295,0.0,0.0008105,7.75e-05,0.9999978542327881,0.0,5e-07,0.0007675,6.95e-05,1.0000180006027222,0.008749430067837238,2000000
56499,7.677078247070312e-05,1.0005794763565063,0.0035665,0.9562612934231484,0.0769230769230769,0.41020524515393386,0.0760181618051734,0.403363740022805,0.003566,0.0,0.000765,7e-05,0.9999955892562866,0.0,5e-07,0.0007675,6.95e-05,1.0000180006027222,0.008869233541190624,2000000
56599,-0.0005541592836380005,0.9987245798110962,0.0035775,1.0029217634705387,0.07493760399334441,0.38939566704675027,0.0760181618051734,0.403363740022805,0.0035775,0.0,0.0007065,6.55e-05,0.9999985694885254,0.0,5e-07,0.0007675,6.95e-05,1.0000180006027222,0.008859023451805115,2000000
56699,0.00021007657051086426,1.0009773969650269,0.0037705,0.9781497390356115,0.07634298548623254,0.39652223489167615,0.0760181618051734,0.403363740022805,0.0037705,0.0,0.0008985,8.5e-05,0.999998152256012,0.0,5e-07,0.0007675,6.95e-05,1.0000180006027222,0.008740002289414406,2000000
56799,-0.0004632622003555298,0.9991861581802368,0.0042255,0.9495635981317988,0.07680019660850326,0.40222348916761685,0.0760181618051734,0.403363740022805,0.0042255,0.0,0.0007825,7.15e-05,0.9999974966049194,0.0,5e-07,0.0007675,6.95e-05,1.0000180006027222,0.0086511904373765,2000000
56899,0.0002455860376358032,1.00163733959198,0.003505,0.9752131598414367,0.07757717053422977,0.3990877993158495,0.0760181618051734,0.403363740022805,0.003505,0.0,0.000752,7.05e-05,0.9999934434890747,0.0,5e-07,0.0007675,6.95e-05,1.0000180006027222,0.009059850126504898,2000000
56999,-0.0004183948040008545,0.9993816614151001,0.003976,0.9553960677611282,0.07438731447853811,0.3942417331812999,0.0760181618051734,0.403363740022805,0.003976,0.0,0.000724,6.7e-05,0.9999864101409912,0.0,5e-07,0.0007675,6.95e-05,1.0000180006027222,0.008777010254561901,2000000
57099,0.0004327148199081421,1.0018646717071533,0.0034125,0.9402190014616781,0.07736875800256075,0.40279361459521096,0.0760181618051734,0.403363740022805,0.0034125,0.0,0.000776,6.7e-05,0.9999995231628418,0.0,5e-07,0.0007675,6.95e-05,1.0000180006027222,0.008823061361908913,2000000
57199,-6.665289402008057e-05,1.0008094310760498,0.003087,0.9401243975718088,0.07619047619047611,0.39709236031927025,0.0760181618051734,0.403363740022805,0.003087,0.0,0.000854,9.4e-05,0.9999972581863403,0.0,5e-07,0.0007675,6.95e-05,1.0000180006027222,0.008909443393349648,2000000
57299,-6.502866744995117e-05,1.0007025003433228,0.003455,0.9646599701516506,0.0761904761904762,0.3982326111744584,0.0760181618051734,0.403363740022805,0.003455,0.0,0.000806,7.45e-05,0.9999936819076538,0.0,5e-07,0.0007675,6.95e-05,1.0000180006027222,0.008812732994556427,2000000
57399,-0.00032085180282592773,0.9993373155593872,0.0034065,0.9322010338329775,0.07641196013289042,0.40108323831242876,0.0760181618051734,0.403363740022805,0.0034065,0.0,0.0007315,6.6e-05,0.9999823570251465,0.0,5e-07,0.0007675,6.95e-05,1.0000180006027222,0.009282735176384449,2000000
57499,-0.00017602741718292236,1.0001980066299438,0.003697,0.9881983615024108,0.07664143062263415,0.3979475484606613,0.0760181618051734,0.403363740022805,0.0036965,0.0,0.0008055,7.05e-05,0.9999982714653015,0.0,5e-07,0.0007675,6.95e-05,1.0000180006027222,0.0087425010278821,2000000
57599,-0.00020025670528411865,0.999794065952301,0.003531,0.9865701679166552,0.07692307692307694,0.3962371721778791,0.0760181618051734,0.403363740022805,0.003531,0.0,0.000779,6.9e-05,0.999996542930603,0.0,5e-07,0.0007675,6.95e-05,1.0000180006027222,0.00884186290204525,2000000
57699,-0.0005757510662078857,0.9989873766899109,0.0035985,1.0211712744897865,0.07692307692307684,0.4013683010262258,0.0760181618051734,0.403363740022805,0.0035985,5e-07,0.0006135,5.9e-05,1.0,0.0,5e-07,0.0007675,6.95e-05,1.0000180006027222,0.008866309188306332,2000000
57799,0.0004835277795791626,1.0008653402328491,0.0031455,1.0091884446836223,0.07456271650344264,0.3936716077537058,0.0760181618051734,0.403363740022805,0.0031455,0.0,0.000746,6.95e-05,0.9999899864196777,0.0,5e-07,0.0007675,6.95e-05,1.0000180006027222,0.008789604529738426,2000000
57899,-0.00011299550533294678,0.9993305206298828,0.0032025,1.038631290892621,0.07790576257912937,0.4090649942987457,0.0760181618051734,0.403363740022805,0.0032025,0.0,0.0006255,6.1e-05,0.9999879598617554,0.0,5e-07,0.0007675,6.95e-05,1.0000180006027222,0.008954227901995182,2000000
57999,0.00014206767082214355,1.0004911422729492,0.003702,1.0115122019252025,0.07692307692307689,0.4053591790193843,0.0760181618051734,0.403363740022805,0.003702,0.0,0.000762,8.1e-05,0.9999698400497437,0.0,5e-07,0.0007675,6.95e-05,1.0000180006027222,0.008948449045419693,2000000
58099,-0.0004967749118804932,0.9994685649871826,0.0036235,1.0612701818450925,0.07697694462400348,0.403078677309008,0.0760181618051734,0.403363740022805,0.0036225,0.0,0.000569,6.15e-05,0.9999901056289673,0.0,5e-07,0.0007675,6.95e-05,1.0000180006027222,0.009222337044775486,2000000
58199,0.00021219253540039062,1.0018655061721802,0.003701,0.9923523626493387,0.07605517416730226,0.39652223489167615,0.0760181618051734,0.403363740022805,0.003701,0.0,0.000737,7.55e-05,0.9999817609786987,0.0,5e-07,0.0007675,6.95e-05,1.0000180006027222,0.008869404904544353,2000000
58299,-0.00017246603965759277,1.0010855197906494,0.003442,1.0305316384916539,0.07407407407407401,0.38597491448118587,0.0760181618051734,0.403363740022805,0.0034415,0.0,0.0006675,7.4e-05,0.9999793171882629,0.0,5e-07,0.0007675,6.95e-05,1.0000180006027222,0.0088207321241498,2000000
58399,-0.00025890767574310303,0.9997362494468689,0.0035559999999999997,0.9994499065856449,0.07594936708860756,0.39880273660205245,0.0760181618051734,0.403363740022805,0.003555,0.0,0.000665,7.35e-05,0.9999978542327881,0.0,5e-07,0.0007675,6.95e-05,1.0000180006027222,0.008959436789155006,2000000
58499,-1.0773539543151855e-05,0.9994807243347168,0.003162999999999999,1.0473230548196615,0.07343846176392996,0.3899657924743444,0.0760181618051734,0.403363740022805,0.002856,0.0,0.0006065,6.35e-05,0.9999885559082031,0.0,5e-07,0.0007675,6.95e-05,1.0000180006027222,0.009013178758323193,2000000
58599,0.0009815692901611328,1.0034030675888062,0.003188,1.0864925459712762,0.07575757575757584,0.3979475484606613,0.0760181618051734,0.403363740022805,0.003188,5e-07,0.0007635,8.55e-05,1.0,0.0,5e-07,0.0007675,6.95e-05,1.0000180006027222,0.009039192460477352,2000000
58699,0.00034183263778686523,1.0004754066467285,0.0032735,1.1114737446379848,0.0759863794507365,0.3982326111744584,0.0760181618051734,0.403363740022805,0.003273,0.0,0.000623,6.45e-05,0.9999949932098389,0.0,5e-07,0.0007675,6.95e-05,1.0000180006027222,0.008441478945314884,2000000
58799,0.0001430511474609375,1.000117301940918,0.0033715,1.0544989732684336,0.07630353215163664,0.40279361459521096,0.0760181618051734,0.403363740022805,0.0033715,0.0,0.0005895,6.05e-05,0.9999976754188538,0.0,5e-07,0.0007675,6.95e-05,1.0000180006027222,0.008883711881935596,2000000
58899,-9.065866470336914e-05,0.9998897910118103,0.0029915,1.0258255716549933,0.07692307692307701,0.3982326111744584,0.0760181618051734,0.403363740022805,0.0029915,0.0,0.000643,6.15e-05,0.9999968409538269,0.0,5e-07,0.0007675,6.95e-05,1.0000180006027222,0.008937261998653412,2000000
58999,0.0002449601888656616,0.9999532699584961,0.0035315,1.0224950908518131,0.07542429126765904,0.395096921322691,0.0760181618051734,0.403363740022805,0.002714,0.0,0.0007105,7.55e-05,0.9999837875366211,0.0,5e-07,0.0007675,6.95e-05,1.0000180006027222,0.008897366002202034,2000000
59099,-0.00016804039478302002,0.9996423721313477,0.0031605,1.0102353818352339,0.07515767574756077,0.3905359179019384,0.0760181618051734,0.403363740022805,0.00316,0.0,0.000717,7.35e-05,0.9999973177909851,0.0,5e-07,0.0007675,6.95e-05,1.0000180006027222,0.008758646436035633,2000000
59199,7.633864879608154e-05,1.000596523284912,0.003192,1.0181497607859018,0.0783461210571185,0.40364880273660203,0.0760181618051734,0.403363740022805,0.0031915,0.0,0.000785,7.6e-05,0.9999961853027344,0.0,5e-07,0.0007675,6.95e-05,1.0000180006027222,0.008979692123830318,2000000
59299,-0.00012171268463134766,1.0005879402160645,0.0033335,1.0017537988033272,0.07627448666509323,0.4007981755986317,0.0760181618051734,0.403363740022805,0.0033335,0.0,0.0008825,8.45e-05,0.999984860420227,0.0,5e-07,0.0007675,6.95e-05,1.0000180006027222,0.009098666720092297,2000000
59399,-8.641183376312256e-05,1.001188039779663,0.0031565,1.0082204738096112,0.07685595381930453,0.40279361459521096,0.0760181618051734,0.403363740022805,0.0031565,0.0,0.000773,8.8e-05,0.9999980926513672,0.0,5e-07,0.0007675,6.95e-05,1.0000180006027222,0.008959867991507053,2000000
59499,-1.0102987289428711e-05,0.9999349117279053,0.0035325,1.000315152588945,0.07569930069930073,0.3919612314709236,0.0760181618051734,0.403363740022805,0.0035325,0.0,0.0006815,7e-05,0.9999938011169434,0.0,5e-07,0.0007675,6.95e-05,1.0000180006027222,0.008983288891613483,2000000
59599,-0.0006313621997833252,0.9996538162231445,0.0036725,1.000504410144677,0.07843137254901965,0.4050741163055872,0.0760181618051734,0.403363740022805,0.0036725,0.0,0.0008095,8.05e-05,0.9999940395355225,0.0,5e-07,0.0007675,6.95e-05,1.0000180006027222,0.008989998139441013,2000000
59699,5.511939525604248e-05,1.0011461973190308,0.0035395,1.0476010506064979,0.07443997621636073,0.4007981755986317,0.0760181618051734,0.403363740022805,0.003539,0.0,0.000679,6.75e-05,0.9999921321868896,0.0,5e-07,0.0007675,6.95e-05,1.0000180006027222,0.008720004931092262,2000000
59799,-9.913742542266846e-05,0.9998840093612671,0.003608,1.0813822969868354,0.07624784853700509,0.3945267958950969,0.0760181618051734,0.403363740022805,0.003608,0.0,0.000619,6.55e-05,0.9999997615814209,0.0,5e-07,0.0007675,6.95e-05,1.0000180006027222,0.00879515241831541,2000000
59899,0.0003747791051864624,1.0015075206756592,0.0033715,1.0430250409266646,0.07760431143642482,0.4039338654503991,0.0760181618051734,0.403363740022805,0.0033715,0.0,0.0006455,6.05e-05,0.9999964237213135,0.0,5e-07,0.0007675,6.95e-05,1.0000180006027222,0.008401141501963139,2000000
59999,0.00028555095195770264,1.0006006956100464,0.0034775,1.020655486130946,0.078125,0.4096351197263398,0.0760181618051734,0.403363740022805,0.0034775,0.0,0.0007245,7.45e-05,0.999991774559021,0.0,5e-07,0.0007675,6.95e-05,1.0000180006027222,0.008755141869187355,2000000
60099,-2.358853816986084e-05,1.0006181001663208,0.0033705,0.9965554162858284,0.07547169811320756,0.39851767388825543,0.0760181618051734,0.403363740022805,0.0033705,0.0,0.000709,6.75e-05,0.9999748468399048,0.0,5e-07,0.0007675,6.95e-05,1.0000180006027222,0.008852270431816578,2000000
60199,7.793307304382324e-05,1.000963568687439,0.0033305,0.9970139787095323,0.07782386853848482,0.4016533637400228,0.0760181618051734,0.403363740022805,0.0033305,0.0,0.000712,6.95e-05,0.9999990463256836,0.0,5e-07,0.0007675,6.95e-05,1.0000180006027222,0.008928833529353142,2000000
60299,-3.376603126525879e-05,0.998892605304718,0.0033325,1.0413925756947515,0.07625895490939738,0.3993728620296465,0.0760181618051734,0.403363740022805,0.003332,0.0,0.0007175,7.7e-05,0.9999996423721313,0.0,5e-07,0.0007675,6.95e-05,1.0000180006027222,0.009089312516152859,2000000
60399,-0.0001583397388458252,1.0000097751617432,0.0030595,1.0587365408357978,0.07843137254901965,0.40621436716077536,0.0760181618051734,0.403363740022805,0.0030595,0.0,0.0007195,7.25e-05,0.9999921321868896,0.0,5e-07,0.0007675,6.95e-05,1.0000180006027222,0.008586407639086246,2000000
60499,-6.406009197235107e-05,1.0010451078414917,0.003404,1.1089262222808243,0.07651667224266756,0.3990877993158495,0.0760181618051734,0.403363740022805,0.0034035,0.0,0.0006035,6.45e-05,0.9999921321868896,0.0,5e-07,0.0007675,6.95e-05,1.0000180006027222,0.009007302112877369,2000000
60599,9.694695472717285e-05,1.0008903741836548,0.003133,1.064679433028499,0.07533638346750061,0.3939566704675028,0.0760181618051734,0.403363740022805,0.003133,0.0,0.000701,6.9e-05,0.9999961853027344,0.0,5e-07,0.0007675,6.95e-05,1.0000180006027222,0.009078240022063255,2000000
60699,0.0003269612789154053,1.0027008056640625,0.003942,1.0873260819417554,0.07827818627450983,0.4056442417331813,0.0760181618051734,0.403363740022805,0.003942,0.0,0.0007815,8e-05,0.9999953508377075,0.0,5e-07,0.0007675,6.95e-05,1.0000180006027222,0.008902188390493393,2000000
60799,0.00020676851272583008,0.9997081160545349,0.003683,1.0915960761055066,0.07692307692307687,0.3956670467502851,0.0760181618051734,0.403363740022805,0.003682,0.0,0.0007785,7.65e-05,0.9999556541442871,0.0,5e-07,0.0007675,6.95e-05,1.0000180006027222,0.008632920682430267,2000000
60899,-0.0003727078437805176,0.9986833333969116,0.0036105,1.0633040115665686,0.07476635514018697,0.3916761687571266,0.0760181618051734,0.403363740022805,0.0036095,0.0,0.0007995,7.8e-05,0.9999960660934448,0.0,5e-07,0.0007675,6.95e-05,1.0000180006027222,0.008910924196243286,2000000
60999,2.002716064453125e-05,1.0007895231246948,0.003367,1.06647795806778,0.07558712558712562,0.3962371721778791,0.0760181618051734,0.403363740022805,0.0033665,0.0,0.0007275,7.6e-05,0.9999927282333374,0.0,5e-07,0.0007675,6.95e-05,1.0000180006027222,0.00890600960701704,2000000
61099,-0.00020657479763031006,1.0006388425827026,0.004216500000000001,1.084630687469755,0.07500000000000012,0.3976624857468643,0.0760181618051734,0.403363740022805,0.004216,0.0,0.0007175,7.85e-05,0.9999950528144836,0.0,5e-07,0.0007675,6.95e-05,1.0000180006027222,0.008705226704478264,2000000
61199,-6.249547004699707e-05,1.00117826461792,0.003837,1.0189172634598578,0.07467333320941993,0.3879703534777651,0.0760181618051734,0.403363740022805,0.0038365,0.0,0.000751,7.95e-05,0.9999959468841553,0.0,5e-07,0.0007675,6.95e-05,1.0000180006027222,0.008933911100029945,2000000
61299,4.5880675315856934e-05,0.9996852874755859,0.0034205,1.056329522490782,0.0741991991991992,0.39110604332953247,0.0760181618051734,0.403363740022805,0.00342,0.0,0.00074,7.3e-05,0.9999969005584717,0.0,5e-07,0.0007675,6.95e-05,1.0000180006027222,0.008785761892795563,2000000
61399,-0.0003254413604736328,0.9991888999938965,0.0035665,1.0866028861114971,0.07560582372483877,0.3973774230330673,0.0760181618051734,0.403363740022805,0.003566,0.0,0.000656,7.25e-05,0.999998927116394,0.0,5e-07,0.0007675,6.95e-05,1.0000180006027222,0.008729398250579834,2000000
61499,0.0001256018877029419,1.000996470451355,0.0034950000000000003,1.1130779831493203,0.07468334768917949,0.38683010262257694,0.0760181618051734,0.403363740022805,0.0034945,0.0,0.000706,6.25e-05,0.999995231628418,0.0,5e-07,0.0007675,6.95e-05,1.0000180006027222,0.008965950459241867,2000000
61599,0.00040681660175323486,1.0002039670944214,0.003084,1.0976916764817253,0.07448433919022157,0.39110604332953247,0.0760181618051734,0.403363740022805,0.0029445,0.0,0.0007285,6.2e-05,0.9999961853027344,0.0,5e-07,0.0007675,6.95e-05,1.0000180006027222,0.008907902985811234,2000000
61699,0.0002503395080566406,1.0012831687927246,0.003603,1.081023658641702,0.07513440860215057,0.39253135689851765,0.0760181618051734,0.403363740022805,0.003603,0.0,0.000771,8.3e-05,0.9999985694885254,0.0,5e-07,0.0007675,6.95e-05,1.0000180006027222,0.008958725258708,2000000
61799,-0.0005382299423217773,1.00043523311615,0.003955,1.1162388410969464,0.07682787509520177,0.3959521094640821,0.0760181618051734,0.403363740022805,0.003955,0.0,0.0008315,9.2e-05,0.9999962449073792,0.0,5e-07,0.0007675,6.95e-05,1.0000180006027222,0.008718901313841343,2000000
61899,-0.0004358142614364624,0.9996620416641235,0.003147,1.0801006556008004,0.07692307692307684,0.3996579247434436,0.0760181618051734,0.403363740022805,0.003147,0.0,0.000786,8.15e-05,0.9999903440475464,0.0,5e-07,0.0007675,6.95e-05,1.0000180006027222,0.008873463608324528,2000000
61999,0.00027461349964141846,1.0015426874160767,0.003916,1.099536830586177,0.07624763381869151,0.40421892816419613,0.0760181618051734,0.403363740022805,0.0039155,0.0,0.000794,7.65e-05,0.9999892711639404,0.0,5e-07,0.0007675,6.95e-05,1.0000180006027222,0.00877290591597557,2000000
62099,-4.127621650695801e-06,1.000954031944275,0.0034645,1.1139590547238096,0.0781686452513966,0.4150513112884835,0.0760181618051734,0.403363740022805,0.0034645,0.0,0.0007885,7.35e-05,0.9999935626983643,0.0,5e-07,0.0007675,6.95e-05,1.0000180006027222,0.008850925602018833,2000000
62199,-1.7136335372924805e-05,1.0003855228424072,0.0035765,1.0427670226342731,0.0784947990286688,0.40421892816419613,0.0760181618051734,0.403363740022805,0.0035765,0.0,0.0007415,6.5e-05,0.9999963045120239,0.0,5e-07,0.0007675,6.95e-05,1.0000180006027222,0.008761048316955566,2000000
62299,0.0003475993871688843,1.0010955333709717,0.0033785,1.0564051231253002,0.07594936708860774,0.3982326111744584,0.0760181618051734,0.403363740022805,0.003378,0.0,0.0006905,6.45e-05,0.9999958872795105,0.0,5e-07,0.0007675,6.95e-05,1.0000180006027222,0.008947394788265228,2000000
62399,-0.00027742981910705566,1.000591516494751,0.0032825,1.0828306030151733,0.0757575757575758,0.3933865450399088,0.0760181618051734,0.403363740022805,0.0032825,0.0,0.00066,6.25e-05,0.9999934434890747,0.0,5e-07,0.0007675,6.95e-05,1.0000180006027222,0.009283582679927349,2000000
62499,8.271634578704834e-05,1.0001267194747925,0.003212,1.0415919506735583,0.07319422905211706,0.39082098061573545,0.0760181618051734,0.403363740022805,0.0032115,0.0,0.000664,5.9e-05,0.9999910593032837,0.0,5e-07,0.0007675,6.95e-05,1.0000180006027222,0.008968806825578213,2000000
62599,-0.0005805492401123047,0.9988823533058167,0.0036915,1.0410684830438006,0.07614857507248254,0.40022805017103763,0.0760181618051734,0.403363740022805,0.0036915,0.0,0.0007055,6.05e-05,0.9999971389770508,0.0,5e-07,0.0007675,6.95e-05,1.0000180006027222,0.008853589184582233,2000000
62699,-0.00037308037281036377,0.9997465014457703,0.0037715,0.9845308387685392,0.07627769502885871,0.40763968072976053,0.0760181618051734,0.403363740022805,0.0037715,0.0,0.000775,7.55e-05,0.9999979734420776,0.0,5e-07,0.0007675,6.95e-05,1.0000180006027222,0.008951662108302116,2000000
62799,0.0002806633710861206,1.0010849237442017,0.0036435,0.9714524627934482,0.07692307692307684,0.403363740022805,0.0760181618051734,0.403363740022805,0.0036435,0.0,0.0008065,9.15e-05,0.9999998807907104,0.0,5e-07,0.0007675,6.95e-05,1.0000180006027222,0.008767086081206799,2000000
62899,0.00043776631355285645,1.0027003288269043,0.004194,1.0307276690752127,0.07999999999999997,0.40592930444697833,0.0760181618051734,0.403363740022805,0.004194,0.0,0.000738,7.45e-05,0.9999980926513672,0.0,5e-07,0.0007675,6.95e-05,1.0000180006027222,0.008794146589934826,2000000
62999,0.0003584623336791992,1.0019690990447998,0.003934,1.0215380934195635,0.07865168539325852,0.40621436716077536,0.0760181618051734,0.403363740022805,0.003934,0.0,0.0007335,6.9e-05,0.9999861717224121,0.0,5e-07,0.0007675,6.95e-05,1.0000180006027222,0.009152999147772789,2000000
63099,0.0003146529197692871,1.0023536682128906,0.003895,1.0319505698155342,0.07875364038399313,0.411345496009122,0.0760181618051734,0.403363740022805,0.003895,0.0,0.000751,7.45e-05,0.9999935626983643,0.0,5e-07,0.0007675,6.95e-05,1.0000180006027222,0.008652809076011181,2000000
63199,0.0005045980215072632,1.0002152919769287,0.0035995,1.0960062763551008,0.07976334049953683,0.40279361459521096,0.0760181618051734,0.403363740022805,0.0035995,0.0,0.000708,5.8e-05,0.999994158744812,0.0,5e-07,0.0007675,6.95e-05,1.0000180006027222,0.008793528191745281,2000000
63299,0.0007604062557220459,1.0022614002227783,0.003213,1.0842431615253714,0.08048412234560688,0.4144811858608894,0.0760181618051734,0.403363740022805,0.003213,5e-07,0.0007605,7.45e-05,1.0,0.0,5e-07,0.0007675,6.95e-05,1.0000180006027222,0.008951201103627682,2000000
63399,-0.00018480420112609863,1.000085473060608,0.003939,1.0663664969610103,0.07692307692307683,0.4050741163055872,0.0760181618051734,0.403363740022805,0.003939,0.0,0.000776,8.2e-05,0.9999985694885254,0.0,5e-07,0.0007675,6.95e-05,1.0000180006027222,0.008642097003757954,2000000
63499,-5.1841139793395996e-05,0.9995744824409485,0.0036385,1.0752781050392048,0.0771275313404051,0.40820980615735464,0.0760181618051734,0.403363740022805,0.0036385,0.0,0.0008175,7.75e-05,0.9999939203262329,0.0,5e-07,0.0007675,6.95e-05,1.0000180006027222,0.008769279345870018,2000000
63599,0.0001636296510696411,1.000715732574463,0.0040625,1.061287867667599,0.07753836451545096,0.4064994298745724,0.0760181618051734,0.403363740022805,0.0040625,0.0,0.00079,7.85e-05,0.999998927116394,0.0,5e-07,0.0007675,6.95e-05,1.0000180006027222,0.008851914666593075,2000000
63699,0.0002091825008392334,1.0004398822784424,0.0035755,1.0571794064565103,0.07692307692307689,0.403078677309008,0.0760181618051734,0.403363740022805,0.0035755,0.0,0.0008065,7.85e-05,0.9999879002571106,0.0,5e-07,0.0007675,6.95e-05,1.0000180006027222,0.008678589947521687,2000000
63799,0.00034496188163757324,1.000711441040039,0.0035285,1.0919686612391908,0.07600561687907711,0.3982326111744584,0.0760181618051734,0.403363740022805,0.0035285,0.0,0.0006695,6.9e-05,0.9999808073043823,0.0,5e-07,0.0007675,6.95e-05,1.0000180006027222,0.00909039843827486,2000000
63899,0.00025141239166259766,1.0013997554779053,0.003596,1.0927295281478149,0.0782659488013003,0.39680729760547323,0.0760181618051734,0.403363740022805,0.003596,0.0,0.000822,8.6e-05,0.9999823570251465,0.0,5e-07,0.0007675,6.95e-05,1.0000180006027222,0.008849882520735264,2000000
63999,0.00040087103843688965,1.0008658170700073,0.0039465,1.0516612455301015,0.07626143026716858,0.40022805017103763,0.0760181618051734,0.403363740022805,0.0039465,0.0,0.000804,9e-05,0.9999979734420776,0.0,5e-07,0.0007675,6.95e-05,1.0000180006027222,0.008840512484312057,2000000
64099,-0.00035455822944641113,0.9995161890983582,0.004188,1.0942953284466532,0.07650060024009604,0.40051311288483465,0.0760181618051734,0.403363740022805,0.004188,0.0,0.000758,7.4e-05,0.9999819397926331,0.0,5e-07,0.0007675,6.95e-05,1.0000180006027222,0.009067458100616932,2000000
64199,-0.0001811683177947998,1.000474214553833,0.004353,1.069941166871376,0.07934259633976351,0.3993728620296465,0.0760181618051734,0.403363740022805,0.004353,0.0,0.0006685,6.7e-05,0.9999996423721313,0.0,5e-07,0.0007675,6.95e-05,1.0000180006027222,0.008869188837707043,2000000
64299,-0.0005856752395629883,0.9994377493858337,0.004328,1.060063487830277,0.07865168539325845,0.4050741163055872,0.0760181618051734,0.403363740022805,0.004328,0.0,0.0007595,6.8e-05,0.9999829530715942,0.0,5e-07,0.0007675,6.95e-05,1.0000180006027222,0.00881707388907671,2000000
64399,-0.00018768012523651123,1.0005111694335938,0.004118,1.0935182802117958,0.07721297222385651,0.4039338654503991,0.0760181618051734,0.403363740022805,0.004118,0.0,0.000766,7.4e-05,0.999993085861206,0.0,5e-07,0.0007675,6.95e-05,1.0000180006027222,0.009327813982963562,2000000
64499,-0.0003214329481124878,0.9997215270996094,0.004168,1.0776970763065972,0.07657948236765967,0.4056442417331813,0.0760181618051734,0.403363740022805,0.004168,0.0,0.000784,7.05e-05,0.9999963045120239,0.0,5e-07,0.0007675,6.95e-05,1.0000180006027222,0.008927950635552406,2000000
64599,0.0006461739540100098,1.0021305084228516,0.0041935,1.1115896168397463,0.07584572642588659,0.39538198403648805,0.0760181618051734,0.403363740022805,0.004193,0.0,0.000861,9.2e-05,0.9999901056289673,0.0,5e-07,0.0007675,6.95e-05,1.0000180006027222,0.008994564414024353,2000000
64699,-0.00020763278007507324,1.0000008344650269,0.0043785,1.0579496321028934,0.07792207792207788,0.40250855188141393,0.0760181618051734,0.403363740022805,0.0043785,5e-07,0.0006925,6.85e-05,1.0,0.0,5e-07,0.0007675,6.95e-05,1.0000180006027222,0.008704808540642262,2000000
64799,0.0005967617034912109,1.00258207321167,0.003998,1.1398958418068885,0.07729191932803316,0.3945267958950969,0.0760181618051734,0.403363740022805,0.0039975,0.0,0.0008025,7.45e-05,0.9999974966049194,0.0,5e-07,0.0007675,6.95e-05,1.0000180006027222,0.00862755998969078,2000000
64899,0.0003381073474884033,0.9994893670082092,0.0036885,1.144506449277872,0.07806959219858155,0.40450399087799316,0.0760181618051734,0.403363740022805,0.0036885,0.0,0.000683,6.9e-05,0.999998927116394,0.0,5e-07,0.0007675,6.95e-05,1.0000180006027222,0.008782416582107544,2000000
64999,0.0004614889621734619,1.0012538433074951,0.004016,1.1125724967759343,0.07635215372989305,0.3999429874572406,0.0760181618051734,0.403363740022805,0.004016,0.0,0.0006855,6.9e-05,0.9999919533729553,0.0,5e-07,0.0007675,6.95e-05,1.0000180006027222,0.008764919824898243,2000000
65099,-0.000134199857711792,1.0003278255462646,0.004223,1.0617047025421698,0.07828706128863278,0.3993728620296465,0.0760181618051734,0.403363740022805,0.0042225,0.0,0.000783,8.15e-05,0.999998927116394,0.0,5e-07,0.0007675,6.95e-05,1.0000180006027222,0.009080443531274796,2000000
65199,-0.0005701333284378052,0.9979091286659241,0.004152,1.1492795640887838,0.07692307692307687,0.3962371721778791,0.0760181618051734,0.403363740022805,0.004152,0.0,0.0007365,6.8e-05,0.9999995231628418,0.0,5e-07,0.0007675,6.95e-05,1.0000180006027222,0.009329941123723984,2000000
65299,0.00018639862537384033,1.0015721321105957,0.0039045,1.125597893367973,0.07575757575757584,0.3959521094640821,0.0760181618051734,0.403363740022805,0.003904,0.0,0.000838,8.3e-05,0.9999963045120239,0.0,5e-07,0.0007675,6.95e-05,1.0000180006027222,0.008926513604819775,2000000
65399,-2.5466084480285645e-05,1.002105712890625,0.004627,1.1891058303757347,0.078125,0.411345496009122,0.0760181618051734,0.403363740022805,0.004627,0.0,0.0007145,7.45e-05,0.9999997615814209,0.0,5e-07,0.0007675,6.95e-05,1.0000180006027222,0.00897215399891138,2000000
65499,-3.972649574279785e-05,1.0002490282058716,0.0045065,1.167372845526287,0.07729451386909489,0.40193842645381983,0.0760181618051734,0.403363740022805,0.0045065,0.0,0.000693,6.75e-05,0.9999966621398926,0.0,5e-07,0.0007675,6.95e-05,1.0000180006027222,0.00877189077436924,2000000
65599,0.0001246035099029541,1.0018115043640137,0.004377,1.188048844569229,0.07515267040841542,0.3933865450399088,0.0760181618051734,0.403363740022805,0.004377,0.0,0.000681,6.4e-05,0.9999853372573853,0.0,5e-07,0.0007675,6.95e-05,1.0000180006027222,0.00890360027551651,2000000
65699,0.0001361072063446045,1.0011003017425537,0.004421,1.1460685033839038,0.07509398496240607,0.3922462941847206,0.0760181618051734,0.403363740022805,0.0044205,0.0,0.000717,7.3e-05,0.9999825358390808,0.0,5e-07,0.0007675,6.95e-05,1.0000180006027222,0.008982621133327484,2000000
65799,-0.0005769878625869751,1.0000104904174805,0.0047145,1.2042247053007176,0.0760062391025775,0.3976624857468643,0.0760181618051734,0.403363740022805,0.0047135,0.0,0.000647,7e-05,0.9999860525131226,0.0,5e-07,0.0007675,6.95e-05,1.0000180006027222,0.008766436018049717,2000000
65899,-0.0005070865154266357,1.0004466772079468,0.0050915,1.2083286032399112,0.07648454384434977,0.395096921322691,0.0760181618051734,0.403363740022805,0.0050915,0.0,0.0006645,6.45e-05,0.9999973773956299,0.0,5e-07,0.0007675,6.95e-05,1.0000180006027222,0.008974332362413406,2000000
65999,-0.0003608912229537964,0.9988890290260315,0.004435,1.1686057772142733,0.07579347982191591,0.39652223489167615,0.0760181618051734,0.403363740022805,0.004435,0.0,0.0006985,7.4e-05,0.9999797344207764,0.0,5e-07,0.0007675,6.95e-05,1.0000180006027222,0.00882196705788374,2000000
66099,7.50124454498291e-05,1.0013532638549805,0.004691,1.1726872121788943,0.07692307692307689,0.39709236031927025,0.0760181618051734,0.403363740022805,0.0046905,0.0,0.0007245,7.2e-05,0.9999891519546509,0.0,5e-07,0.0007675,6.95e-05,1.0000180006027222,0.009111889638006687,2000000
66199,0.00013300776481628418,1.001298427581787,0.0042115,1.1353300666644957,0.07797838000150137,0.4090649942987457,0.0760181618051734,0.403363740022805,0.0042115,0.0,0.000764,7.8e-05,0.9999822378158569,0.0,5e-07,0.0007675,6.95e-05,1.0000180006027222,0.00868344958871603,2000000
66299,0.0002816915512084961,1.0010418891906738,0.0042,1.1573373919191416,0.07547169811320759,0.3999429874572406,0.0760181618051734,0.403363740022805,0.0042,0.0,0.000708,7.1e-05,0.9999995827674866,0.0,5e-07,0.0007675,6.95e-05,1.0000180006027222,0.008514097891747952,2000000
66399,-7.086992263793945e-05,0.9998883605003357,0.004127,1.13733118278225,0.07427107959022855,0.38911060433295325,0.0760181618051734,0.403363740022805,0.004127,0.0,0.000748,8.5e-05,0.9999969005584717,0.0,5e-07,0.0007675,6.95e-05,1.0000180006027222,0.008814672939479351,2000000
66499,-0.00014375150203704834,1.000158429145813,0.0041495,1.1691718380839888,0.07568795520131925,0.387115165336374,0.0760181618051734,0.403363740022805,0.0041495,0.0,0.000698,6.6e-05,0.999998927116394,0.0,5e-07,0.0007675,6.95e-05,1.0000180006027222,0.008835557848215103,2000000
66599,0.00013744831085205078,1.0006486177444458,0.0037095,1.1849442401222505,0.07436275542447869,0.38540478905359177,0.0760181618051734,0.403363740022805,0.0037095,0.0,0.0006925,7.1e-05,0.9999876022338867,0.0,5e-07,0.0007675,6.95e-05,1.0000180006027222,0.009003344923257828,2000000
66699,0.00012347102165222168,1.0019186735153198,0.003887,1.2522142859548566,0.07488317757009341,0.3982326111744584,0.0760181618051734,0.403363740022805,0.003887,0.0,0.0006905,7.35e-05,0.9999983310699463,0.0,5e-07,0.0007675,6.95e-05,1.0000180006027222,0.00888662040233612,2000000
66799,0.00032107532024383545,1.0012401342391968,0.0037395,1.263082554798816,0.07659574468085115,0.3990877993158495,0.0760181618051734,0.403363740022805,0.0037395,0.0,0.0007295,7.3e-05,0.9999770522117615,0.0,5e-07,0.0007675,6.95e-05,1.0000180006027222,0.00903154443949461,2000000
66899,0.00025127828121185303,1.0012151002883911,0.003857,1.280183538948352,0.07692307692307697,0.4053591790193843,0.0760181618051734,0.403363740022805,0.003857,0.0,0.000676,7e-05,0.9999828338623047,0.0,5e-07,0.0007675,6.95e-05,1.0000180006027222,0.008862116374075413,2000000
66999,0.00040838122367858887,1.0025670528411865,0.003917,1.3527531122917624,0.07721526899609091,0.4039338654503991,0.0760181618051734,0.403363740022805,0.003917,0.0,0.000659,6.4e-05,0.9999982118606567,0.0,5e-07,0.0007675,6.95e-05,1.0000180006027222,0.009008267894387245,2000000
67099,0.0003727078437805176,1.0003308057785034,0.0036685,1.3443118815993393,0.07692307692307698,0.39680729760547323,0.0760181618051734,0.403363740022805,0.0036685,0.0,0.0006335,6.25e-05,0.9999982118606567,0.0,5e-07,0.0007675,6.95e-05,1.0000180006027222,0.008985121734440327,2000000
67199,-0.00019071996212005615,0.9999539256095886,0.004210500000000001,1.318556549661821,0.07547169811320756,0.39481185860889395,0.0760181618051734,0.403363740022805,0.00421,0.0,0.000621,5.9e-05,0.9999980330467224,0.0,5e-07,0.0007675,6.95e-05,1.0000180006027222,0.008677709847688675,2000000
67299,-9.894371032714844e-05,1.0014303922653198,0.0045055,1.250151343953128,0.07740015360983099,0.3956670467502851,0.0760181618051734,0.403363740022805,0.0045055,0.0,0.000705,7.2e-05,0.9999969005584717,0.0,5e-07,0.0007675,6.95e-05,1.0000180006027222,0.009196171537041664,2000000
67399,0.0003187209367752075,1.0022258758544922,0.003993,1.2921557121934208,0.08108108108108122,0.4107753705815279,0.0760181618051734,0.403363740022805,0.003993,0.0,0.000701,6.8e-05,0.9999804496765137,0.0,5e-07,0.0007675,6.95e-05,1.0000180006027222,0.008773664943873882,2000000
67499,0.00022779405117034912,1.0024733543395996,0.0041625,1.2673367186330748,0.07692307692307682,0.40108323831242876,0.0760181618051734,0.403363740022805,0.004162,0.0,0.0008235,8.4e-05,0.9999998211860657,0.0,5e-07,0.0007675,6.95e-05,1.0000180006027222,0.009106415323913097,2000000
67599,-0.00011113286018371582,1.0004150867462158,0.0041155,1.3192682646392693,0.07692307692307684,0.3993728620296465,0.0760181618051734,0.403363740022805,0.0041155,0.0,0.000683,7.65e-05,0.9999973773956299,0.0,5e-07,0.0007675,6.95e-05,1.0000180006027222,0.008834733627736568,2000000
67699,0.00010210275650024414,1.0008723735809326,0.0042245,1.3625226832527157,0.07613841591664121,0.39310148232611175,0.0760181618051734,0.403363740022805,0.0042245,0.0,0.000628,5.95e-05,0.9999897480010986,0.0,5e-07,0.0007675,6.95e-05,1.0000180006027222,0.00893822219222784,2000000
67799,-0.00025184452533721924,0.999948263168335,0.004253,1.3265716761082254,0.07586206896551721,0.39310148232611175,0.0760181618051734,0.403363740022805,0.004253,0.0,0.000669,6.75e-05,0.9999783039093018,0.0,5e-07,0.0007675,6.95e-05,1.0000180006027222,0.008444849401712418,2000000
67899,-0.00036707520484924316,1.0006210803985596,0.004338,1.3255286494403464,0.07692307692307682,0.40022805017103763,0.0760181618051734,0.403363740022805,0.004338,5e-07,0.000784,8.8e-05,1.0,0.0,5e-07,0.0007675,6.95e-05,1.0000180006027222,0.008862613700330257,2000000
67999,0.00012111663818359375,1.0009477138519287,0.0038015,1.3133932836026492,0.07692307692307684,0.4053591790193843,0.0760181618051734,0.403363740022805,0.003801,0.0,0.000791,8.9e-05,0.9999924898147583,0.0,5e-07,0.0007675,6.95e-05,1.0000180006027222,0.009150124154984951,2000000
68099,-5.358457565307617e-05,1.000846028327942,0.003921,1.361737460343573,0.07692307692307687,0.40849486887115166,0.0760181618051734,0.403363740022805,0.003921,0.0,0.0007295,7.65e-05,0.9999959468841553,0.0,5e-07,0.0007675,6.95e-05,1.0000180006027222,0.008750729262828827,2000000
68199,0.0003284662961959839,1.0008478164672852,0.0037565,1.3789386272097748,0.07768206925079692,0.4050741163055872,0.0760181618051734,0.403363740022805,0.0037565,0.0,0.0007275,7.65e-05,0.9999966621398926,0.0,5e-07,0.0007675,6.95e-05,1.0000180006027222,0.008610029704868793,2000000
68299,-0.0001571178436279297,0.9994973540306091,0.003742,1.331582706471221,0.07713498622589525,0.41191562143671606,0.0760181618051734,0.403363740022805,0.003742,0.0,0.0006885,7.15e-05,0.9999951124191284,0.0,5e-07,0.0007675,6.95e-05,1.0000180006027222,0.009264647960662842,2000000
68399,5.40316104888916e-05,1.000344157218933,0.003964,1.3416223615987883,0.07899258455416902,0.4167616875712657,0.0760181618051734,0.403363740022805,0.003964,0.0,0.0006735,6.9e-05,0.9999914169311523,0.0,5e-07,0.0007675,6.95e-05,1.0000180006027222,0.009115336462855339,2000000
68499,2.555549144744873e-05,1.0017307996749878,0.0039855,1.3374289078589605,0.07680019660850324,0.40935005701254273,0.0760181618051734,0.403363740022805,0.0039855,0.0,0.0006685,7.3e-05,0.9999963045120239,0.0,5e-07,0.0007675,6.95e-05,1.0000180006027222,0.008727519772946835,2000000
68599,0.00013075768947601318,1.0017584562301636,0.0044095,1.3288281321652664,0.07837231278053389,0.4064994298745724,0.0760181618051734,0.403363740022805,0.0044095,0.0,0.0007245,7.85e-05,0.9999876618385315,0.0,5e-07,0.0007675,6.95e-05,1.0000180006027222,0.008759105578064919,2000000
68699,-0.0002605915069580078,0.9989008903503418,0.003962,1.4110081486572026,0.07509398496240607,0.3962371721778791,0.0760181618051734,0.403363740022805,0.003961,0.0,0.0005955,6.1e-05,0.9999812841415405,0.0,5e-07,0.0007675,6.95e-05,1.0000180006027222,0.009038644842803478,2000000
68799,0.00015570223331451416,0.9994044899940491,0.003944,1.3465825470059243,0.07815893788010417,0.4073546180159635,0.0760181618051734,0.403363740022805,0.003944,0.0,0.0006615,7e-05,0.9999994039535522,0.0,5e-07,0.0007675,6.95e-05,1.0000180006027222,0.009005500935018063,2000000
68899,-0.00021976232528686523,1.0003758668899536,0.004398,1.4491057772840181,0.07788319464966176,0.40022805017103763,0.0760181618051734,0.403363740022805,0.0043975,0.0,0.0005985,6.55e-05,0.9999862313270569,0.0,5e-07,0.0007675,6.95e-05,1.0000180006027222,0.009068132378160954,2000000
68999,-1.8030405044555664e-06,1.00048828125,0.00418,1.3957765420507489,0.078125,0.40592930444697833,0.0760181618051734,0.403363740022805,0.00418,0.0,0.00071,7e-05,0.9999938011169434,0.0,5e-07,0.0007675,6.95e-05,1.0000180006027222,0.009003878571093082,2000000
69099,0.0003163069486618042,1.0007762908935547,0.0040420000000000005,1.3704835349940374,0.07442412519781957,0.3996579247434436,0.0760181618051734,0.403363740022805,0.00404,0.0,0.0008125,9.1e-05,0.9999995231628418,0.0,5e-07,0.0007675,6.95e-05,1.0000180006027222,0.008861683309078217,2000000
69199,-4.357099533081055e-05,1.0003154277801514,0.0042245,1.4147877602100014,0.07645185462720122,0.40022805017103763,0.0760181618051734,0.403363740022805,0.004224,0.0,0.000818,7.75e-05,0.9999959468841553,0.0,5e-07,0.0007675,6.95e-05,1.0000180006027222,0.009027344174683094,2000000
69299,-6.306171417236328e-05,1.0004770755767822,0.0045815,1.532313506672449,0.07545460819157382,0.3962371721778791,0.0760181618051734,0.403363740022805,0.0045815,0.0,0.0006305,8.05e-05,0.9999967217445374,0.0,5e-07,0.0007675,6.95e-05,1.0000180006027222,0.008831243962049484,2000000
69399,0.00041872262954711914,1.0021729469299316,0.0045345,1.5065460613376487,0.0781929347826087,0.3979475484606613,0.0760181618051734,0.403363740022805,0.0045345,0.0,0.000638,8.1e-05,0.9999960064888,0.0,5e-07,0.0007675,6.95e-05,1.0000180006027222,0.009091597981750965,2000000
69499,0.00014002621173858643,0.9994198679924011,0.0040965,1.4841425486529372,0.07794151842808975,0.4007981755986317,0.0760181618051734,0.403363740022805,0.0040965,0.0,0.0006875,7.35e-05,0.9999997615814209,0.0,5e-07,0.0007675,6.95e-05,1.0000180006027222,0.009079454466700554,2000000
69599,6.751716136932373e-05,1.000657081604004,0.0044564999999999995,1.4160169789410115,0.07616630408508579,0.4016533637400228,0.0760181618051734,0.403363740022805,0.0044555,0.0,0.0007485,7.05e-05,0.9999966621398926,0.0,5e-07,0.0007675,6.95e-05,1.0000180006027222,0.009285641834139824,2000000
69699,-0.0006458312273025513,0.9997120499610901,0.0053105,1.4940322286508676,0.07920540358544106,0.411345496009122,0.0760181618051734,0.403363740022805,0.0053105,0.0,0.000756,7e-05,0.9999950528144836,0.0,5e-07,0.0007675,6.95e-05,1.0000180006027222,0.00918898917734623,2000000
69799,0.00031891465187072754,1.001409888267517,0.004224,1.4077393514314627,0.07692307692307684,0.4056442417331813,0.0760181618051734,0.403363740022805,0.004224,0.0,0.000707,7.4e-05,0.9999961853027344,0.0,5e-07,0.0007675,6.95e-05,1.0000180006027222,0.008963833563029766,2000000
69899,8.626282215118408e-05,1.000752568244934,0.004601,1.434710269260236,0.07843137254901955,0.40678449258836946,0.0760181618051734,0.403363740022805,0.004601,0.0,0.0007255,8.05e-05,0.9999909400939941,0.0,5e-07,0.0007675,6.95e-05,1.0000180006027222,0.009144952520728111,2000000
69999,-0.00027489662170410156,1.0008560419082642,0.004876,1.4154722612713684,0.07806249999999998,0.40364880273660203,0.0760181618051734,0.403363740022805,0.004876,0.0,0.000684,7.2e-05,0.9999926090240479,0.0,5e-07,0.0007675,6.95e-05,1.0000180006027222,0.009269286878407001,2000000
70099,0.0006342232227325439,1.0018552541732788,0.004397,1.4297254601322469,0.07740015360983107,0.40051311288483465,0.0760181618051734,0.403363740022805,0.004397,0.0,0.0007135,7.2e-05,0.9999872446060181,0.0,5e-07,0.0007675,6.95e-05,1.0000180006027222,0.009043324738740921,2000000
70199,-0.0001211315393447876,1.0018662214279175,0.004575,1.46624886651794,0.07692307692307693,0.40763968072976053,0.0760181618051734,0.403363740022805,0.0045745,0.0,0.0008465,7.75e-05,0.9999966621398926,0.0,5e-07,0.0007675,6.95e-05,1.0000180006027222,0.008929498493671417,2000000
70299,-0.00013561546802520752,1.0017507076263428,0.0046185,1.33175502816117,0.07593435139721005,0.3973774230330673,0.0760181618051734,0.403363740022805,0.0046185,0.0,0.0007635,9.2e-05,0.9999991655349731,0.0,5e-07,0.0007675,6.95e-05,1.0000180006027222,0.008990176022052765,2000000
70399,0.0006133615970611572,1.0021305084228516,0.0044185,1.3215457566668458,0.07843137254901965,0.40592930444697833,0.0760181618051734,0.403363740022805,0.0044185,0.0,0.000821,9.05e-05,0.9999999403953552,0.0,5e-07,0.0007675,6.95e-05,1.0000180006027222,0.008995812386274338,2000000
70499,4.233419895172119e-05,1.0010743141174316,0.0040885,1.2949237043715547,0.07804555084745757,0.3973774230330673,0.0760181618051734,0.403363740022805,0.0040885,0.0,0.0008365,9.25e-05,0.9999845027923584,0.0,5e-07,0.0007675,6.95e-05,1.0000180006027222,0.009202811866998672,2000000
70599,1.7121434211730957e-05,0.9988134503364563,0.003898,1.2656772940501255,0.078125,0.4104903078677309,0.0760181618051734,0.403363740022805,0.003898,0.0,0.000786,6.7e-05,0.9999958276748657,0.0,5e-07,0.0007675,6.95e-05,1.0000180006027222,0.009028725326061249,2000000
70699,0.00029428303241729736,1.0027955770492554,0.0044485,1.2049700746402274,0.07770420940684067,0.40935005701254273,0.0760181618051734,0.403363740022805,0.0044485,0.0,0.0007795,7.65e-05,0.9999973773956299,0.0,5e-07,0.0007675,6.95e-05,1.0000180006027222,0.00913461484014988,2000000
70799,1.9818544387817383e-06,1.00046968460083,0.0041800000000000006,1.2306923713957467,0.0778326615251986,0.4039338654503991,0.0760181618051734,0.403363740022805,0.00418,0.0,0.00076,7.75e-05,0.9999790191650391,0.0,5e-07,0.0007675,6.95e-05,1.0000180006027222,0.008991933427751064,2000000
70899,0.0007933378219604492,1.002402424812317,0.003929,1.2699945328920346,0.076923076923077,0.4016533637400228,0.0760181618051734,0.403363740022805,0.0039285,0.0,0.000792,7.25e-05,0.9999978542327881,0.0,5e-07,0.0007675,6.95e-05,1.0000180006027222,0.009027055464684963,2000000
70999,0.00023649632930755615,1.0013667345046997,0.00417,1.1988295754052771,0.07843137254901965,0.4047890535917902,0.0760181618051734,0.403363740022805,0.00417,0.0,0.000794,7.55e-05,0.9999963641166687,0.0,5e-07,0.0007675,6.95e-05,1.0000180006027222,0.008906861767172813,2000000
71099,-8.732080459594727e-05,1.0011736154556274,0.004329,1.1869926444779773,0.07921395873203099,0.40678449258836946,0.0760181618051734,0.403363740022805,0.0043285,0.0,0.0008185,8.15e-05,0.9999918937683105,0.0,5e-07,0.0007675,6.95e-05,1.0000180006027222,0.009028741158545017,2000000
71199,0.0003659874200820923,1.0020960569381714,0.0044475,1.2310681978287135,0.07692307692307697,0.40108323831242876,0.0760181618051734,0.403363740022805,0.0044475,0.0,0.000807,8.4e-05,0.9999992251396179,0.0,5e-07,0.0007675,6.95e-05,1.0000180006027222,0.00907876342535019,2000000
71299,0.0002864748239517212,1.000795602798462,0.004133,1.1664108289353634,0.07646792662977267,0.40364880273660203,0.0760181618051734,0.403363740022805,0.004133,0.0,0.0008135,8.6e-05,0.9999973773956299,0.0,5e-07,0.0007675,6.95e-05,1.0000180006027222,0.009056161157786846,2000000
71399,-5.7756900787353516e-05,1.0004773139953613,0.0041725,1.2193079056016434,0.080295988258317,0.40992018244013684,0.0760181618051734,0.403363740022805,0.0041725,0.0,0.0008575,8.9e-05,0.9999983310699463,0.0,5e-07,0.0007675,6.95e-05,1.0000180006027222,0.009102867916226387,2000000
71499,0.0009860247373580933,1.0051475763320923,0.0040775,1.2533407102063254,0.07894736842105277,0.4016533637400228,0.0760181618051734,0.403363740022805,0.0040775,0.0,0.0009055,8.95e-05,0.9999974966049194,0.0,5e-07,0.0007675,6.95e-05,1.0000180006027222,0.009095482528209686,2000000
71599,-0.00014354288578033447,1.000496506690979,0.0042275,1.189229317624141,0.07575757575757584,0.3962371721778791,0.0760181618051734,0.403363740022805,0.0042275,0.0,0.000839,7.65e-05,0.9999971389770508,0.0,5e-07,0.0007675,6.95e-05,1.0000180006027222,0.008948031812906265,2000000
71699,0.00044858455657958984,1.0025224685668945,0.0044845,1.25918407307087,0.0784313725490196,0.4073546180159635,0.0760181618051734,0.403363740022805,0.004484,0.0,0.0008685,7.9e-05,0.9999979138374329,0.0,5e-07,0.0007675,6.95e-05,1.0000180006027222,0.008862701244652271,2000000
71799,0.000844612717628479,1.0027178525924683,0.0041165,1.2686657472171523,0.07811173599320886,0.403078677309008,0.0760181618051734,0.403363740022805,0.0039855,0.0,0.0008605,8.4e-05,0.9999982118606567,0.0,5e-07,0.0007675,6.95e-05,1.0000180006027222,0.009209477342665195,2000000
71899,0.00034299492835998535,1.0012770891189575,0.0044865,1.1858869337547604,0.0776819923371648,0.39538198403648805,0.0760181618051734,0.403363740022805,0.0044865,0.0,0.000767,8.2e-05,0.9999929666519165,0.0,5e-07,0.0007675,6.95e-05,1.0000180006027222,0.008996361866593361,2000000
71999,-1.2412667274475098e-05,1.0019235610961914,0.004542,1.2446678361656909,0.08095538549214368,0.403363740022805,0.0760181618051734,0.403363740022805,0.004542,0.0,0.00075,8.5e-05,0.9999955892562866,0.0,5e-07,0.0007675,6.95e-05,1.0000180006027222,0.008846965618431568,2000000
72099,0.0006872266530990601,1.0030560493469238,0.004267,1.254463322214543,0.07764857881136947,0.40763968072976053,0.0760181618051734,0.403363740022805,0.0042665,0.0,0.000737,8.6e-05,0.9999935626983643,0.0,5e-07,0.0007675,6.95e-05,1.0000180006027222,0.009351592510938644,2000000
72199,0.00032210350036621094,1.0023667812347412,0.0041155,1.1706815126930772,0.07746688433799664,0.40051311288483465,0.0760181618051734,0.403363740022805,0.0041155,0.0,0.0007385,7.95e-05,0.999993085861206,0.0,5e-07,0.0007675,6.95e-05,1.0000180006027222,0.009059987030923367,2000000
72299,0.0005207210779190063,1.0014264583587646,0.004019000000000002,1.2240633902522966,0.07911636792261109,0.4047890535917902,0.0760181618051734,0.403363740022805,0.003796,0.0,0.000723,7.85e-05,0.9999936819076538,0.0,5e-07,0.0007675,6.95e-05,1.0000180006027222,0.009097583591938019,2000000
72399,0.0003790557384490967,1.0024988651275635,0.0043635,1.2103627360163718,0.07598144030106055,0.3979475484606613,0.0760181618051734,0.403363740022805,0.0043635,0.0,0.0007245,7.7e-05,0.9999995231628418,0.0,5e-07,0.0007675,6.95e-05,1.0000180006027222,0.008900333195924759,2000000
72499,0.0007948577404022217,1.0017807483673096,0.004175999999999999,1.1679241105953277,0.07674982674982671,0.3928164196123147,0.0760181618051734,0.403363740022805,0.0040125,0.0,0.0007815,7.55e-05,0.9999946355819702,0.0,5e-07,0.0007675,6.95e-05,1.0000180006027222,0.009045522660017014,2000000
72599,0.00019903481006622314,1.0020616054534912,0.004449,1.174015611014132,0.07535340391553794,0.3928164196123147,0.0760181618051734,0.403363740022805,0.004449,0.0,0.0007405,7.55e-05,0.9999971985816956,0.0,5e-07,0.0007675,6.95e-05,1.0000180006027222,0.009026773273944855,2000000
72699,0.0006503462791442871,1.0035500526428223,0.0043345,1.1355028847045565,0.07547169811320759,0.3865450399087799,0.0760181618051734,0.403363740022805,0.0043345,0.0,0.0007765,7.85e-05,0.9999963045120239,0.0,5e-07,0.0007675,6.95e-05,1.0000180006027222,0.008840451017022133,2000000
72799,0.0006296783685684204,1.0022876262664795,0.0042445,1.1602083735246347,0.07692307692307697,0.39709236031927025,0.0760181618051734,0.403363740022805,0.0042445,0.0,0.0007675,7.7e-05,0.9999971389770508,0.0,5e-07,0.0007675,6.95e-05,1.0000180006027222,0.00898242462426424,2000000
72899,0.00018648803234100342,1.0003219842910767,0.004141000000000001,1.1986182876509512,0.07692307692307689,0.40051311288483465,0.0760181618051734,0.403363740022805,0.004141,0.0,0.0007675,7.25e-05,0.9999954700469971,0.0,5e-07,0.0007675,6.95e-05,1.0000180006027222,0.008844691328704357,2000000
72999,0.0008443742990493774,1.0018504858016968,0.0038855,1.259629001808485,0.07563170872280228,0.3905359179019384,0.0760181618051734,0.403363740022805,0.0038855,0.0,0.0007525,8e-05,0.999998927116394,0.0,5e-07,0.0007675,6.95e-05,1.0000180006027222,0.00898242462426424,2000000
73099,0.0008918642997741699,1.0027235746383667,0.004316,1.2198028927639026,0.07497597693786029,0.3882554161915621,0.0760181618051734,0.403363740022805,0.004316,0.0,0.0007465,8.1e-05,0.9999997615814209,0.0,5e-07,0.0007675,6.95e-05,1.0000180006027222,0.008965970948338509,2000000
73199,0.0011199712753295898,1.0035393238067627,0.005096999999999999,1.233846918131713,0.07616108171663723,0.3899657924743444,0.0760181618051734,0.403363740022805,0.0041055,0.0,0.000776,7.3e-05,0.9999983906745911,0.0,5e-07,0.0007675,6.95e-05,1.0000180006027222,0.009327645413577557,2000000
73299,0.00022952258586883545,1.0022971630096436,0.004547,1.2401605726349834,0.0757575757575758,0.39082098061573545,0.0760181618051734,0.403363740022805,0.004547,0.0,0.00075,7.55e-05,0.9999954104423523,0.0,5e-07,0.0007675,6.95e-05,1.0000180006027222,0.009051535278558731,2000000
73399,0.00033058226108551025,1.0017393827438354,0.004437,1.2639012216120382,0.0753281366424027,0.3959521094640821,0.0760181618051734,0.403363740022805,0.0044365,0.0,0.0007135,7.6e-05,0.9999995231628418,0.0,5e-07,0.0007675,6.95e-05,1.0000180006027222,0.009144252166152,2000000
73499,0.0005952268838882446,1.003252625465393,0.004494000000000001,1.2553668637738995,0.07643312101910824,0.3936716077537058,0.0760181618051734,0.403363740022805,0.004494,0.0,0.0007765,7.4e-05,0.9999997615814209,0.0,5e-07,0.0007675,6.95e-05,1.0000180006027222,0.00918487086892128,2000000
73599,0.0007262378931045532,1.0021523237228394,0.0044080000000000005,1.2933574527123495,0.07516623929766611,0.39880273660205245,0.0760181618051734,0.403363740022805,0.0044075,0.0,0.0007795,7.2e-05,0.9999943971633911,0.0,5e-07,0.0007675,6.95e-05,1.0000180006027222,0.008853569626808167,2000000
73699,-0.0001580268144607544,1.0002182722091675,0.004573,1.3369577111599675,0.07607397964345694,0.38911060433295325,0.0760181618051734,0.403363740022805,0.004573,0.0,0.000743,7.45e-05,0.999997615814209,0.0,5e-07,0.0007675,6.95e-05,1.0000180006027222,0.008892979472875595,2000000
73799,0.0006082504987716675,1.0027440786361694,0.0042725,1.3417947020636234,0.07414278842850278,0.3922462941847206,0.0760181618051734,0.403363740022805,0.0042725,0.0,0.0007365,7.2e-05,0.9999960064888,0.0,5e-07,0.0007675,6.95e-05,1.0000180006027222,0.009034229442477226,2000000
73899,-7.539987564086914e-05,1.0006762742996216,0.004469,1.33003404297665,0.0750000000000001,0.3936716077537058,0.0760181618051734,0.403363740022805,0.0044685,0.0,0.0007355,7.15e-05,0.9999942779541016,0.0,5e-07,0.0007675,6.95e-05,1.0000180006027222,0.009052365086972713,2000000
73999,0.0008080154657363892,1.00218665599823,0.004381,1.3198507956166399,0.07551283106526188,0.3882554161915621,0.0760181618051734,0.403363740022805,0.004381,0.0,0.000739,7.8e-05,0.9999985694885254,0.0,5e-07,0.0007675,6.95e-05,1.0000180006027222,0.008942368440330029,2000000
74099,0.00015807151794433594,1.0014305114746094,0.0043065,1.3098235865995673,0.07692307692307689,0.3976624857468643,0.0760181618051734,0.403363740022805,0.0043065,0.0,0.000767,8.15e-05,0.9999995231628418,0.0,5e-07,0.0007675,6.95e-05,1.0000180006027222,0.008871893398463726,2000000
74199,0.00027436017990112305,1.0008512735366821,0.0041835,1.3701906008529587,0.07671871168151717,0.4013683010262258,0.0760181618051734,0.403363740022805,0.0041835,0.0,0.0007265,7.4e-05,0.9999953508377075,0.0,5e-07,0.0007675,6.95e-05,1.0000180006027222,0.008938833139836788,2000000
74299,0.0005664825439453125,1.001938819885254,0.004135,1.4606255519423907,0.07697009591875122,0.3990877993158495,0.0760181618051734,0.403363740022805,0.004135,0.0,0.000732,8e-05,0.9999827146530151,0.0,5e-07,0.0007675,6.95e-05,1.0000180006027222,0.009025058709084988,2000000
74399,0.00026638805866241455,1.0014150142669678,0.00433,1.4294699516852838,0.07692307692307694,0.39709236031927025,0.0760181618051734,0.403363740022805,0.00433,0.0,0.000697,6.75e-05,0.9999939203262329,0.0,5e-07,0.0007675,6.95e-05,1.0000180006027222,0.009263547137379646,2000000
74499,5.2556395530700684e-05,0.999614953994751,0.003986,1.3747288803040556,0.07907764460656601,0.40935005701254273,0.0760181618051734,0.403363740022805,0.003986,0.0,0.0007055,7.05e-05,0.9999823570251465,0.0,5e-07,0.0007675,6.95e-05,1.0000180006027222,0.0095743453130126,2000000
74599,0.0003767162561416626,1.0013333559036255,0.0041785,1.3145787488397946,0.07872193059200928,0.40763968072976053,0.0760181618051734,0.403363740022805,0.0041785,0.0,0.000746,8.25e-05,0.9999988079071045,0.0,5e-07,0.0007675,6.95e-05,1.0000180006027222,0.009045610204339027,2000000
74699,0.00011238455772399902,1.0010093450546265,0.004467,1.3901897953985656,0.07638888888888887,0.4007981755986317,0.0760181618051734,0.403363740022805,0.0044665,0.0,0.0007035,6.6e-05,0.9999958276748657,0.0,5e-07,0.0007675,6.95e-05,1.0000180006027222,0.009233660064637661,2000000
74799,-0.0002219080924987793,1.0007776021957397,0.0046935,1.3918536252513192,0.07692307692307689,0.3959521094640821,0.0760181618051734,0.403363740022805,0.0046935,0.0,0.0007225,6.45e-05,0.9999959468841553,0.0,5e-07,0.0007675,6.95e-05,1.0000180006027222,0.00896057765930891,2000000
74899,0.00029762089252471924,1.0010894536972046,0.0044095,1.4067736464247786,0.07604822885469378,0.4039338654503991,0.0760181618051734,0.403363740022805,0.0044095,0.0,0.000693,7.15e-05,0.9999982714653015,0.0,5e-07,0.0007675,6.95e-05,1.0000180006027222,0.008928371593356133,2000000
74999,0.00025078654289245605,1.0013433694839478,0.00448,1.5240319033158618,0.07621183002348919,0.40250855188141393,0.0760181618051734,0.403363740022805,0.00448,0.0,0.0006605,6.8e-05,0.9999935626983643,0.0,5e-07,0.0007675,6.95e-05,1.0000180006027222,0.009073984809219837,2000000
75099,9.326636791229248e-05,1.0018242597579956,0.004449,1.4263260612493667,0.07843137254901965,0.4056442417331813,0.0760181618051734,0.403363740022805,0.0044485,0.0,0.000718,7e-05,0.9999911785125732,0.0,5e-07,0.0007675,6.95e-05,1.0000180006027222,0.009147753939032555,2000000
75199,-0.00016894936561584473,1.0010324716567993,0.004487,1.419868741031511,0.0753424657534247,0.3939566704675028,0.0760181618051734,0.403363740022805,0.004487,0.0,0.0007095,6.25e-05,0.9999936819076538,0.0,5e-07,0.0007675,6.95e-05,1.0000180006027222,0.00911088939756155,2000000
75299,0.00018523633480072021,1.0004810094833374,0.0043075,1.400267876567607,0.07499999999999996,0.3976624857468643,0.0760181618051734,0.403363740022805,0.0043075,0.0,0.0007035,6.95e-05,0.9999934434890747,0.0,5e-07,0.0007675,6.95e-05,1.0000180006027222,0.009023907594382763,2000000
75399,0.00020547211170196533,1.0007256269454956,0.0045235,1.4771452167545336,0.07500000000000012,0.40250855188141393,0.0760181618051734,0.403363740022805,0.0045235,0.0,0.0006815,6.4e-05,0.9999914169311523,0.0,5e-07,0.0007675,6.95e-05,1.0000180006027222,0.009573176503181458,2000000
75499,5.564093589782715e-05,0.9999445676803589,0.004249,1.5389288771387866,0.07692307692307689,0.39680729760547323,0.0760181618051734,0.403363740022805,0.0042485,0.0,0.000678,7.4e-05,0.9999990463256836,0.0,5e-07,0.0007675,6.95e-05,1.0000180006027222,0.009261718951165676,2000000
75599,-0.0006581097841262817,0.9990940690040588,0.004622,1.5108820178412292,0.07592534768092617,0.40108323831242876,0.0760181618051734,0.403363740022805,0.004622,0.0,0.000712,6.75e-05,0.9999954700469971,0.0,5e-07,0.0007675,6.95e-05,1.0000180006027222,0.008900049142539501,2000000
75699,-0.0006658285856246948,0.9993678331375122,0.005006,1.6073603858026542,0.0778270548240694,0.3942417331812999,0.0760181618051734,0.403363740022805,0.005006,0.0,0.000697,6.9e-05,0.9999929666519165,0.0,5e-07,0.0007675,6.95e-05,1.0000180006027222,0.009150201454758644,2000000
75799,0.00016979873180389404,1.0012089014053345,0.004706500000000001,1.5698658483654568,0.0766105658388776,0.3928164196123147,0.0760181618051734,0.403363740022805,0.004706,0.0,0.0006875,7.25e-05,0.999997615814209,0.0,5e-07,0.0007675,6.95e-05,1.0000180006027222,0.009456096217036247,2000000
75899,0.00016158819198608398,1.0009007453918457,0.004515,1.4686518088509375,0.07692307692307689,0.40051311288483465,0.0760181618051734,0.403363740022805,0.0045145,0.0,0.000746,7e-05,0.9999592304229736,0.0,5e-07,0.0007675,6.95e-05,1.0000180006027222,0.009127778001129627,2000000
75999,0.0003775358200073242,1.0004212856292725,0.0046595,1.4979038475619086,0.07589355479650833,0.40364880273660203,0.0760181618051734,0.403363740022805,0.0046595,0.0,0.000725,7.35e-05,0.9999942779541016,0.0,5e-07,0.0007675,6.95e-05,1.0000180006027222,0.009196448139846325,2000000
76099,0.0002850443124771118,1.0008583068847656,0.0048075,1.504350292457961,0.07559900274229028,0.3962371721778791,0.0760181618051734,0.403363740022805,0.0048075,0.0,0.000722,6.4e-05,0.9999948740005493,0.0,5e-07,0.0007675,6.95e-05,1.0000180006027222,0.009209315292537212,2000000
76199,4.744529724121094e-05,0.9984717965126038,0.0045735,1.544110838592488,0.075386854909468,0.3922462941847206,0.0760181618051734,0.403363740022805,0.0045735,0.0,0.0007,7.4e-05,0.9999997615814209,0.0,5e-07,0.0007675,6.95e-05,1.0000180006027222,0.009074809961020947,2000000
76299,0.0002812892198562622,1.0011073350906372,0.004476,1.492176596521827,0.07692307692307682,0.40250855188141393,0.0760181618051734,0.403363740022805,0.004476,0.0,0.0007505,7.4e-05,0.9999911785125732,0.0,5e-07,0.0007675,6.95e-05,1.0000180006027222,0.00913817249238491,2000000
76399,-0.0001735985279083252,0.9990496635437012,0.0044485,1.483872670802946,0.0782024738546478,0.40992018244013684,0.0760181618051734,0.403363740022805,0.0044485,0.0,0.0007095,7.95e-05,0.9999977350234985,0.0,5e-07,0.0007675,6.95e-05,1.0000180006027222,0.009084952063858509,2000000
76499,-0.0003934502601623535,0.9993053674697876,0.004550500000000001,1.4471453750265644,0.08128508142666574,0.4184720638540479,0.0760181618051734,0.403363740022805,0.0045505,0.0,0.0007205,8.15e-05,0.9999960064888,0.0,5e-07,0.0007675,6.95e-05,1.0000180006027222,0.009020239114761353,2000000
76599,0.0002437680959701538,1.001999855041504,0.0049395,1.5234788875129084,0.07803228684066651,0.40193842645381983,0.0760181618051734,0.403363740022805,0.0049395,0.0,0.0007115,6.9e-05,0.9999926090240479,0.0,5e-07,0.0007675,6.95e-05,1.0000180006027222,0.009095901623368263,2000000
76699,0.0006460994482040405,1.0005818605422974,0.0041435000000000005,1.638635338478571,0.07894736842105277,0.40421892816419613,0.0760181618051734,0.403363740022805,0.0041435,0.0,0.000795,6.85e-05,0.9999834299087524,0.0,5e-07,0.0007675,6.95e-05,1.0000180006027222,0.01063291635364294,2000000
76799,9.101629257202148e-05,1.0005788803100586,0.003973,1.52485981660608,0.0797638372519244,0.4090649942987457,0.0760181618051734,0.403363740022805,0.003973,0.0,0.000744,7.9e-05,0.9999978542327881,0.0,5e-07,0.0007675,6.95e-05,1.0000180006027222,0.009544447995722294,2000000
76899,5.5730342864990234e-05,0.9977467656135559,0.0045295000000000005,1.6041695070423119,0.0775079045702788,0.40051311288483465,0.0760181618051734,0.403363740022805,0.004529,0.0,0.000671,7.2e-05,0.9999885559082031,0.0,5e-07,0.0007675,6.95e-05,1.0000180006027222,0.009856527671217918,2000000
76999,-0.00020553171634674072,0.9980924129486084,0.0044115,1.5626414867465641,0.07498231966053745,0.3982326111744584,0.0760181618051734,0.403363740022805,0.0044115,0.0,0.000694,6.9e-05,0.9999954700469971,0.0,5e-07,0.0007675,6.95e-05,1.0000180006027222,0.010088636539876461,2000000
77099,0.0007348805665969849,1.0005335807800293,0.0045465,1.4172480190244252,0.0769230769230769,0.40279361459521096,0.0760181618051734,0.403363740022805,0.0045465,0.0,0.0007465,7.3e-05,0.9999899864196777,0.0,5e-07,0.0007675,6.95e-05,1.0000180006027222,0.010123790241777897,2000000
77199,1.5676021575927734e-05,0.9966226816177368,0.004796,1.4243751963295073,0.07446808510638306,0.3959521094640821,0.0760181618051734,0.403363740022805,0.004796,0.0,0.000738,8.15e-05,0.9999986886978149,0.0,5e-07,0.0007675,6.95e-05,1.0000180006027222,0.009709816426038742,2000000
77299,6.790459156036377e-05,0.9966208338737488,0.0050065,1.4733002958197634,0.076335968642673,0.3956670467502851,0.0760181618051734,0.403363740022805,0.0050065,0.0,0.000708,7e-05,0.9999996423721313,0.0,5e-07,0.0007675,6.95e-05,1.0000180006027222,0.00943329744040966,2000000
77399,-0.0008163154125213623,0.9950351715087891,0.0048365,1.4497694156824077,0.07547169811320756,0.3962371721778791,0.0760181618051734,0.403363740022805,0.0048365,0.0,0.0007275,6.8e-05,0.9999964237213135,0.0,5e-07,0.0007675,6.95e-05,1.0000180006027222,0.00972761120647192,2000000
77499,-0.0003136247396469116,0.994769275188446,0.0045595,1.5196076813092965,0.07507828810020889,0.3956670467502851,0.0760181618051734,0.403363740022805,0.0045595,0.0,0.000712,6.2e-05,0.9999662637710571,0.0,5e-07,0.0007675,6.95e-05,1.0000180006027222,0.00976379495114088,2000000
77599,-0.00030015408992767334,0.9959559440612793,0.004569,1.4416594120388795,0.0758534714230917,0.3996579247434436,0.0760181618051734,0.403363740022805,0.004569,0.0,0.0006975,6.65e-05,0.9999773502349854,0.0,5e-07,0.0007675,6.95e-05,1.0000180006027222,0.0092336256057024,2000000
77699,-6.759166717529297e-05,0.9981860518455505,0.004748,1.456595306226488,0.07500000000000004,0.39481185860889395,0.0760181618051734,0.403363740022805,0.004748,0.0,0.0006945,6.1e-05,0.9999903440475464,0.0,5e-07,0.0007675,6.95e-05,1.0000180006027222,0.009208348579704762,2000000
77799,0.0004446357488632202,0.9972020983695984,0.0039775,1.6384971647757909,0.07894736842105277,0.4130558722919042,0.0760181618051734,0.403363740022805,0.003977,0.0,0.000661,6.7e-05,0.999990701675415,0.0,5e-07,0.0007675,6.95e-05,1.0000180006027222,0.009232666343450546,2000000
77899,0.0005908012390136719,0.9970622062683105,0.004188,1.5536643488161221,0.07460401372486435,0.38939566704675027,0.0760181618051734,0.403363740022805,0.004188,0.0,0.0006455,5.75e-05,0.9999961853027344,0.0,5e-07,0.0007675,6.95e-05,1.0000180006027222,0.009052281267940998,2000000
77999,0.0007921010255813599,0.9984678626060486,0.0043425,1.5194529777161603,0.07692307692307689,0.40193842645381983,0.0760181618051734,0.403363740022805,0.0043425,0.0,0.000649,6.5e-05,0.9999970197677612,0.0,5e-07,0.0007675,6.95e-05,1.0000180006027222,0.009413779713213444,2000000
78099,-0.0002243518829345703,0.9969140291213989,0.0046745,1.4438261134466808,0.07547169811320757,0.39082098061573545,0.0760181618051734,0.403363740022805,0.0046745,0.0,0.000667,6.25e-05,0.9999958276748657,0.0,5e-07,0.0007675,6.95e-05,1.0000180006027222,0.009272796101868153,2000000
78199,-0.0002545863389968872,0.9976300001144409,0.0049095,1.3867695658475765,0.07606992163954192,0.3973774230330673,0.0760181618051734,0.403363740022805,0.0049095,0.0,0.0006805,6.8e-05,0.9999757409095764,0.0,5e-07,0.0007675,6.95e-05,1.0000180006027222,0.009199973195791245,2000000
78299,-0.00021180510520935059,0.9966703057289124,0.004887,1.428725041281112,0.07759717469509525,0.40193842645381983,0.0760181618051734,0.403363740022805,0.0048865,0.0,0.0006915,6.8e-05,0.999996542930603,0.0,5e-07,0.0007675,6.95e-05,1.0000180006027222,0.0092002609744668,2000000
78399,0.00036172568798065186,0.9981409907341003,0.0045375,1.4286601770433678,0.07499999999999996,0.39538198403648805,0.0760181618051734,0.403363740022805,0.0045375,0.0,0.0006915,6.95e-05,0.9999957084655762,0.0,5e-07,0.0007675,6.95e-05,1.0000180006027222,0.008981064893305302,2000000
78499,-9.141862392425537e-05,0.9978200793266296,0.004727,1.4046524876161735,0.07736450933964747,0.3993728620296465,0.0760181618051734,0.403363740022805,0.004726,0.0,0.000697,6.45e-05,0.9999947547912598,0.0,5e-07,0.0007675,6.95e-05,1.0000180006027222,0.009104815311729908,2000000
78599,0.0004920661449432373,0.9995290637016296,0.0045865,1.375769956313465,0.07692307692307682,0.40051311288483465,0.0760181618051734,0.403363740022805,0.004586,0.0,0.000705,7.25e-05,0.9999926090240479,0.0,5e-07,0.0007675,6.95e-05,1.0000180006027222,0.008866364136338234,2000000
78699,-5.190074443817139e-05,0.997317373752594,0.0048085,1.3976876155292017,0.07638888888888887,0.40108323831242876,0.0760181618051734,0.403363740022805,0.0048085,0.0,0.000676,7.25e-05,0.9999894499778748,0.0,5e-07,0.0007675,6.95e-05,1.0000180006027222,0.009356033988296986,2000000
78799,0.00013606250286102295,0.9968849420547485,0.0049675000000000006,1.4842368922122255,0.07692307692307689,0.403078677309008,0.0760181618051734,0.403363740022805,0.0049675,0.0,0.0006635,6.4e-05,0.9999984502792358,0.0,5e-07,0.0007675,6.95e-05,1.0000180006027222,0.009094695560634136,2000000
78899,0.0005636662244796753,0.998650848865509,0.004851,1.4306141589481205,0.07692307692307689,0.39880273660205245,0.0760181618051734,0.403363740022805,0.004851,0.0,0.0006875,6.35e-05,0.9999909400939941,0.0,5e-07,0.0007675,6.95e-05,1.0000180006027222,0.009321214631199837,2000000
78999,-0.00035668909549713135,0.9971283674240112,0.005226,1.3632538458979806,0.07499999999999996,0.40222348916761685,0.0760181618051734,0.403363740022805,0.005226,0.0,0.000671,6.3e-05,0.9999989867210388,0.0,5e-07,0.0007675,6.95e-05,1.0000180006027222,0.009389837272465229,2000000
79099,-0.00020554661750793457,0.9963820576667786,0.0052805,1.4717409584440218,0.07530011162166422,0.40051311288483465,0.0760181618051734,0.403363740022805,0.0052805,0.0,0.0006445,6.5e-05,0.9999971389770508,0.0,5e-07,0.0007675,6.95e-05,1.0000180006027222,0.009084426797926426,2000000
79199,8.955597877502441e-05,0.9977120161056519,0.0051385,1.364230373929047,0.07749594565738063,0.4007981755986317,0.0760181618051734,0.403363740022805,0.0051385,0.0,0.000669,5.9e-05,0.9999847412109375,0.0,5e-07,0.0007675,6.95e-05,1.0000180006027222,0.00957185123115778,2000000
79299,-0.00032278895378112793,0.9962554574012756,0.004963,1.3761476369169285,0.07547169811320759,0.39253135689851765,0.0760181618051734,0.403363740022805,0.0049625,0.0,0.000665,7.35e-05,0.9999947547912598,0.0,5e-07,0.0007675,6.95e-05,1.0000180006027222,0.00914575532078743,2000000
79399,0.00029005110263824463,0.998525857925415,0.004908,1.3537125882298926,0.07627118644067798,0.4064994298745724,0.0760181618051734,0.403363740022805,0.004908,0.0,0.000648,5.75e-05,0.9999957084655762,0.0,5e-07,0.0007675,6.95e-05,1.0000180006027222,0.009296705015003681,2000000
79499,0.0006019622087478638,0.9989974498748779,0.0050095,1.4422149172582708,0.07692307692307689,0.3999429874572406,0.0760181618051734,0.403363740022805,0.005009,0.0,0.000628,6.1e-05,0.9999871253967285,0.0,5e-07,0.0007675,6.95e-05,1.0000180006027222,0.009199383668601513,2000000
79599,0.0006188005208969116,0.9997000098228455,0.0050655,1.4604622578352788,0.07934851045498229,0.4087799315849487,0.0760181618051734,0.403363740022805,0.0050655,0.0,0.0006385,6.05e-05,0.9999858140945435,0.0,5e-07,0.0007675,6.95e-05,1.0000180006027222,0.009270256385207176,2000000
79699,-0.0003670006990432739,0.9973732233047485,0.0048855,1.4012202136227687,0.07904167942824855,0.4050741163055872,0.0760181618051734,0.403363740022805,0.0048855,0.0,0.0006235,6.1e-05,0.9999980926513672,0.0,5e-07,0.0007675,6.95e-05,1.0000180006027222,0.009208806790411472,2000000
79799,-0.00022935867309570312,0.9990441203117371,0.005193,1.33878652648941,0.07872193059200935,0.4070695553021665,0.0760181618051734,0.403363740022805,0.005193,0.0,0.0006515,6.2e-05,0.9999804496765137,0.0,5e-07,0.0007675,6.95e-05,1.0000180006027222,0.009331657551229,2000000
79899,0.00018493831157684326,0.9981576800346375,0.00491,1.3282879102037983,0.07882364055199076,0.40621436716077536,0.0760181618051734,0.403363740022805,0.00491,0.0,0.0006555,6.35e-05,0.9999976754188538,0.0,5e-07,0.0007675,6.95e-05,1.0000180006027222,0.00926191546022892,2000000
79999,-0.0010279417037963867,0.9963172674179077,0.0052255,1.4361736308028676,0.07575177946256749,0.39310148232611175,0.0760181618051734,0.403363740022805,0.0052255,0.0,0.000634,5.95e-05,0.9999900460243225,0.0,5e-07,0.0007675,6.95e-05,1.0000180006027222,0.009112128056585789,2000000
80099,0.00045914947986602783,0.9996793270111084,0.0042255,1.297810882045968,0.07594936708860764,0.3979475484606613,0.0760181618051734,0.403363740022805,0.004225,0.0,0.000679,6.5e-05,0.9999946355819702,0.0,5e-07,0.0007675,6.95e-05,1.0000180006027222,0.009139588102698326,2000000
80199,1.1518597602844238e-05,0.9976292848587036,0.004461,1.2692569586401083,0.07829492564422746,0.3973774230330673,0.0760181618051734,0.403363740022805,0.004461,0.0,0.000693,6.4e-05,0.99997878074646,0.0,5e-07,0.0007675,6.95e-05,1.0000180006027222,0.009202811866998672,2000000
80299,0.00010962784290313721,0.9966893196105957,0.004656,1.3059616813646076,0.07692307692307691,0.39680729760547323,0.0760181618051734,0.403363740022805,0.004656,0.0,0.00071,7.4e-05,0.9999687671661377,0.0,5e-07,0.0007675,6.95e-05,1.0000180006027222,0.008983860723674297,2000000
80399,0.00035415589809417725,0.9989221096038818,0.004589,1.282927114946754,0.07594936708860756,0.39652223489167615,0.0760181618051734,0.403363740022805,0.004589,0.0,0.000736,7.95e-05,0.9999939203262329,0.0,5e-07,0.0007675,6.95e-05,1.0000180006027222,0.008831111714243889,2000000
80499,0.00013680756092071533,0.9973948001861572,0.0045525,1.2952697185381887,0.07757247531060843,0.40193842645381983,0.0760181618051734,0.403363740022805,0.004552,0.0,0.000732,6.7e-05,0.9999873638153076,0.0,5e-07,0.0007675,6.95e-05,1.0000180006027222,0.009252750314772129,2000000
80599,3.325939178466797e-05,0.9963976144790649,0.004908,1.3546884952589306,0.07759251779673852,0.4016533637400228,0.0760181618051734,0.403363740022805,0.004908,0.0,0.000711,7.55e-05,0.999993085861206,0.0,5e-07,0.0007675,6.95e-05,1.0000180006027222,0.009071322157979012,2000000
80699,-0.0002600550651550293,0.9975934624671936,0.004442,1.3298986409919167,0.07493315508021384,0.3922462941847206,0.0760181618051734,0.403363740022805,0.004442,0.0,0.000731,7.05e-05,0.9999964237213135,0.0,5e-07,0.0007675,6.95e-05,1.0000180006027222,0.009043875150382519,2000000
80799,7.884204387664795e-05,0.9973239302635193,0.0038505,1.342751161079225,0.07613871635610764,0.3979475484606613,0.0760181618051734,0.403363740022805,0.00385,0.0,0.0007215,8.75e-05,0.9999862909317017,0.0,5e-07,0.0007675,6.95e-05,1.0000180006027222,0.009282401762902737,2000000
80899,-0.0005123764276504517,0.9960389137268066,0.004348,1.373248594603489,0.07499999999999993,0.3939566704675028,0.0760181618051734,0.403363740022805,0.004348,0.0,0.0007095,7.75e-05,0.9999921321868896,0.0,5e-07,0.0007675,6.95e-05,1.0000180006027222,0.009009284898638725,2000000
80999,-0.0006986409425735474,0.9962338209152222,0.00487,1.3548469866031065,0.07778257946797278,0.4047890535917902,0.0760181618051734,0.403363740022805,0.00487,0.0,0.000709,7.4e-05,0.9999964237213135,0.0,5e-07,0.0007675,6.95e-05,1.0000180006027222,0.00920924823731184,2000000
81099,-0.00020833313465118408,0.9981881976127625,0.005472,1.3293957410596289,0.07692307692307683,0.39481185860889395,0.0760181618051734,0.403363740022805,0.005472,0.0,0.000709,7.4e-05,0.999996542930603,0.0,5e-07,0.0007675,6.95e-05,1.0000180006027222,0.009062216617166996,2000000
81199,-7.12275505065918e-05,0.9975365400314331,0.005126,1.332282664266526,0.07454747538901235,0.39652223489167615,0.0760181618051734,0.403363740022805,0.005126,0.0,0.0006885,7.1e-05,0.9999964237213135,0.0,5e-07,0.0007675,6.95e-05,1.0000180006027222,0.009451370686292648,2000000
81299,0.0010143667459487915,1.0014455318450928,0.0048115,1.373186754124682,0.07692307692307684,0.3990877993158495,0.0760181618051734,0.403363740022805,0.0048115,0.0,0.0007145,7.25e-05,0.9999954700469971,0.0,5e-07,0.0007675,6.95e-05,1.0000180006027222,0.009070392698049545,2000000
81399,0.00039884448051452637,0.9997798800468445,0.0052005,1.3661920861715735,0.07799449621010965,0.4056442417331813,0.0760181618051734,0.403363740022805,0.0052005,0.0,0.0007105,6.95e-05,0.9999984502792358,0.0,5e-07,0.0007675,6.95e-05,1.0000180006027222,0.009193452075123787,2000000
81499,0.00020709633827209473,0.9994579553604126,0.0048445,1.3439765988766765,0.07843137254901965,0.3993728620296465,0.0760181618051734,0.403363740022805,0.0048445,0.0,0.0007175,7.35e-05,0.9999984502792358,0.0,5e-07,0.0007675,6.95e-05,1.0000180006027222,0.008918420411646366,2000000
81599,6.529688835144043e-05,0.9974509477615356,0.0047595,1.3993679603908642,0.07692307692307689,0.4016533637400228,0.0760181618051734,0.403363740022805,0.0047595,0.0,0.0006925,7.3e-05,0.9999889135360718,0.0,5e-07,0.0007675,6.95e-05,1.0000180006027222,0.009120285511016846,2000000
81699,0.00029568374156951904,1.000084400177002,0.0050755,1.63257730719103,0.07570304453014592,0.3928164196123147,0.0760181618051734,0.403363740022805,0.0050755,0.0,0.0006545,6.6e-05,0.9999990463256836,0.0,5e-07,0.0007675,6.95e-05,1.0000180006027222,0.009180985391139984,2000000
81799,0.00024622678756713867,0.9984285235404968,0.004501,1.8973360933678487,0.07761999818528259,0.40621436716077536,0.0760181618051734,0.403363740022805,0.004501,0.0,0.00059,5.8e-05,0.9999861717224121,0.0,5e-07,0.0007675,6.95e-05,1.0000180006027222,0.00918031856417656,2000000
81899,0.0002319812774658203,1.0002981424331665,0.005084,1.720438614708097,0.07575757575757584,0.39880273660205245,0.0760181618051734,0.403363740022805,0.005084,0.0,0.0005965,5.55e-05,0.9999926090240479,0.0,5e-07,0.0007675,6.95e-05,1.0000180006027222,0.009014839306473732,2000000
81999,0.00033989548683166504,0.9997612237930298,0.0049585,1.7270613323780628,0.07499999999999996,0.40421892816419613,0.0760181618051734,0.403363740022805,0.004958,0.0,0.000597,5.4e-05,0.9999947547912598,0.0,5e-07,0.0007675,6.95e-05,1.0000180006027222,0.009072654880583286,2000000
82099,0.00017346441745758057,0.9988158345222473,0.0054115,1.8132321942277,0.07584868375895465,0.39652223489167615,0.0760181618051734,0.403363740022805,0.0054115,0.0,0.000616,5.75e-05,0.9999926090240479,0.0,5e-07,0.0007675,6.95e-05,1.0000180006027222,0.008912617340683937,2000000
82199,-0.00014662742614746094,0.9979863166809082,0.005806,1.8570351375578686,0.07848270198131607,0.4070695553021665,0.0760181618051734,0.403363740022805,0.005806,0.0,0.000608,6.05e-05,0.9999985694885254,0.0,5e-07,0.0007675,6.95e-05,1.0000180006027222,0.009226255118846893,2000000
82299,0.0002202838659286499,0.9990106225013733,0.0053655,1.6533245611896332,0.07692307692307684,0.3956670467502851,0.0760181618051734,0.403363740022805,0.005365,0.0,0.000639,5.95e-05,0.9999979734420776,0.0,5e-07,0.0007675,6.95e-05,1.0000180006027222,0.009430616162717342,2000000
82399,-0.0005426853895187378,0.9976294040679932,0.0056715,1.5205790229776348,0.07867769454848099,0.4039338654503991,0.0760181618051734,0.403363740022805,0.0056715,5e-07,0.00066,6.05e-05,1.0,0.0,5e-07,0.0007675,6.95e-05,1.0000180006027222,0.008979660458862782,2000000
82499,4.410743713378906e-05,0.999413013458252,0.0058045,1.6849552745589784,0.07613871635610761,0.39709236031927025,0.0760181618051734,0.403363740022805,0.0058045,0.0,0.0006445,5.7e-05,0.9999591112136841,0.0,5e-07,0.0007675,6.95e-05,1.0000180006027222,0.009363127872347832,2000000
82599,-0.00055733323097229,0.9992229342460632,0.0057245,1.6303729985720643,0.07805332568807341,0.40763968072976053,0.0760181618051734,0.403363740022805,0.0057245,0.0,0.000659,6.2e-05,0.9999946355819702,0.0,5e-07,0.0007675,6.95e-05,1.0000180006027222,0.009178203530609608,2000000
82699,0.00024238228797912598,1.000968337059021,0.0055535,1.5224157786923282,0.07789546519054713,0.3990877993158495,0.0760181618051734,0.403363740022805,0.005553,0.0,0.000676,7.35e-05,0.999993622303009,0.0,5e-07,0.0007675,6.95e-05,1.0000180006027222,0.009044435806572437,2000000
82799,-0.0003553926944732666,0.9981555342674255,0.005667,1.7440437260962725,0.07517568430881118,0.3902508551881414,0.0760181618051734,0.403363740022805,0.005667,0.0,0.000614,6.45e-05,0.9999994039535522,0.0,5e-07,0.0007675,6.95e-05,1.0000180006027222,0.008920131251215935,2000000
82899,-0.0004179328680038452,0.9942277669906616,0.003993,2.0973309579311468,0.07832111736764283,0.4073546180159635,0.0760181618051734,0.403363740022805,0.003993,0.0,0.0005855,6.25e-05,0.9999864101409912,0.0,5e-07,0.0007675,6.95e-05,1.0000180006027222,0.00920655857771635,2000000
82999,0.00021477043628692627,1.0016480684280396,0.002845,1.3854832415455491,0.07779049071955256,0.39851767388825543,0.0760181618051734,0.403363740022805,0.002845,0.0,0.000747,7.05e-05,0.9999992847442627,0.0,5e-07,0.0007675,6.95e-05,1.0000180006027222,0.009904234670102596,2000000
83099,5.8338046073913574e-05,0.9999427795410156,0.0029535,1.4201504423700624,0.07816864525139663,0.4073546180159635,0.0760181618051734,0.403363740022805,0.0029535,0.0,0.0007165,6.85e-05,0.9999969005584717,0.0,5e-07,0.0007675,6.95e-05,1.0000180006027222,0.009728803299367428,2000000
83199,0.0001894533634185791,0.9994937777519226,0.003006,1.4451310944218314,0.0769230769230769,0.3945267958950969,0.0760181618051734,0.403363740022805,0.003006,0.0,0.000696,8.4e-05,0.9999945163726807,0.0,5e-07,0.0007675,6.95e-05,1.0000180006027222,0.009487751871347427,2000000
83299,-0.00044143199920654297,0.9976135492324829,0.004161,1.4864565885820102,0.07575757575757576,0.4007981755986317,0.0760181618051734,0.403363740022805,0.004161,0.0,0.000677,7.05e-05,0.9999854564666748,0.0,5e-07,0.0007675,6.95e-05,1.0000180006027222,0.00960761122405529,2000000
83399,-2.276897430419922e-05,0.9986729621887207,0.0036105,1.4228173033088016,0.07828706128863278,0.4056442417331813,0.0760181618051734,0.403363740022805,0.0036105,0.0,0.0006675,6.55e-05,0.999984860420227,0.0,5e-07,0.0007675,6.95e-05,1.0000180006027222,0.009289516136050224,2000000
83499,0.0001378953456878662,0.9976386427879333,0.00298,1.6881252589399767,0.07541700847689362,0.39880273660205245,0.0760181618051734,0.403363740022805,0.00298,0.0,0.0005425,4.75e-05,0.9999916553497314,0.0,5e-07,0.0007675,6.95e-05,1.0000180006027222,0.009195523336529732,2000000
83599,-0.00011098384857177734,0.9971159100532532,0.003433,1.653458196320769,0.07547169811320759,0.3916761687571266,0.0760181618051734,0.403363740022805,0.003432,5e-07,0.0005455,5.95e-05,1.0,0.0,5e-07,0.0007675,6.95e-05,1.0000180006027222,0.009255641140043736,2000000
83699,-0.0001335442066192627,0.9965991377830505,0.0029055,1.5063078413075475,0.07692307692307684,0.39851767388825543,0.0760181618051734,0.403363740022805,0.0029055,5e-07,0.0006085,6.05e-05,1.0,0.0,5e-07,0.0007675,6.95e-05,1.0000180006027222,0.008988483808934689,2000000
83799,-6.321072578430176e-05,0.9969340562820435,0.0029925,1.5668381937889748,0.07590571802706239,0.3919612314709236,0.0760181618051734,0.403363740022805,0.002992,0.0,0.000571,5.35e-05,0.9999820590019226,0.0,5e-07,0.0007675,6.95e-05,1.0000180006027222,0.009187533520162106,2000000
83899,-0.00054168701171875,0.9949975609779358,0.002902,1.5721117989775615,0.07632765699670177,0.3982326111744584,0.0760181618051734,0.403363740022805,0.0029015,0.0,0.000564,5.2e-05,0.9999850988388062,0.0,5e-07,0.0007675,6.95e-05,1.0000180006027222,0.008857905864715576,2000000
83999,-0.00031162798404693604,0.9972571730613708,0.003073,1.4990803694654675,0.07469661040591438,0.3973774230330673,0.0760181618051734,0.403363740022805,0.003073,5e-07,0.0005825,6.05e-05,1.0,0.0,5e-07,0.0007675,6.95e-05,1.0000180006027222,0.009013381786644459,2000000
84099,-0.00023028254508972168,0.9970926642417908,0.003406,1.4621399993980284,0.07815715020576137,0.3956670467502851,0.0760181618051734,0.403363740022805,0.0034055,0.0,0.0005845,5.2e-05,0.9999843835830688,0.0,5e-07,0.0007675,6.95e-05,1.0000180006027222,0.009128504432737827,2000000
84199,-0.00019344687461853027,0.9980351328849792,0.0031355,1.4674892770912649,0.07692307692307689,0.3939566704675028,0.0760181618051734,0.403363740022805,0.0031355,0.0,0.000582,5.7e-05,0.9999604225158691,0.0,5e-07,0.0007675,6.95e-05,1.0000180006027222,0.008874360471963882,2000000
84299,0.00020569562911987305,0.9970433115959167,0.002547,1.419374525800539,0.07619787695736321,0.39851767388825543,0.0760181618051734,0.403363740022805,0.002547,0.0,0.0006195,5.6e-05,0.9999895095825195,0.0,5e-07,0.0007675,6.95e-05,1.0000180006027222,0.008753052912652493,2000000
84399,-0.0003650188446044922,0.9995707869529724,0.0034584999999999998,1.3719933702107587,0.07623083131557712,0.39538198403648805,0.0760181618051734,0.403363740022805,0.003458,0.0,0.000651,6.2e-05,0.9999947547912598,0.0,5e-07,0.0007675,6.95e-05,1.0000180006027222,0.008824910037219524,2000000
84499,-0.0005768388509750366,0.9966391921043396,0.0030795,1.4294196810945903,0.07425742574257425,0.395096921322691,0.0760181618051734,0.403363740022805,0.0030795,0.0,0.000587,6.2e-05,0.9999986290931702,0.0,5e-07,0.0007675,6.95e-05,1.0000180006027222,0.008985660038888454,2000000
84599,5.233287811279297e-05,0.9987219572067261,0.003061,1.3600916985117668,0.07580013619339468,0.3916761687571266,0.0760181618051734,0.403363740022805,0.003061,0.0,0.000663,6.2e-05,0.9999998807907104,0.0,5e-07,0.0007675,6.95e-05,1.0000180006027222,0.008914120495319366,2000000
84699,-0.0003693997859954834,0.9968776702880859,0.0028245,1.4064045019812157,0.07735618115055079,0.3976624857468643,0.0760181618051734,0.403363740022805,0.0028245,0.0,0.000622,6.45e-05,0.9999830722808838,0.0,5e-07,0.0007675,6.95e-05,1.0000180006027222,0.00875464454293251,2000000
84799,0.00032110512256622314,0.9999262690544128,0.0033135,1.3295487502444028,0.07692307692307682,0.39851767388825543,0.0760181618051734,0.403363740022805,0.0033135,0.0,0.0006425,6.1e-05,0.999995231628418,0.0,5e-07,0.0007675,6.95e-05,1.0000180006027222,0.008772256784141064,2000000
84899,0.00043435394763946533,0.9993128180503845,0.002618,1.4178736754276902,0.07754375700843447,0.3999429874572406,0.0760181618051734,0.403363740022805,0.002618,0.0,0.0006425,6.3e-05,0.9999808073043823,0.0,5e-07,0.0007675,6.95e-05,1.0000180006027222,0.008847128599882126,2000000
84999,-0.0003444254398345947,0.9991500973701477,0.0034275,1.5812001249478236,0.07692307692307684,0.3933865450399088,0.0760181618051734,0.403363740022805,0.003427,0.0,0.000542,5.45e-05,0.999999463558197,0.0,5e-07,0.0007675,6.95e-05,1.0000180006027222,0.008935405872762203,2000000
85099,-0.00029906630516052246,0.9974632859230042,0.002942,1.5279587129598895,0.0769230769230769,0.39538198403648805,0.0760181618051734,0.403363740022805,0.002942,0.0,0.000551,5.6e-05,0.9999958276748657,0.0,5e-07,0.0007675,6.95e-05,1.0000180006027222,0.008973738178610802,2000000
85199,0.00012099742889404297,0.9996246099472046,0.0028675,1.4840186197067893,0.07464256007031084,0.3936716077537058,0.0760181618051734,0.403363740022805,0.0028675,0.0,0.0005885,5.8e-05,0.9999929666519165,0.0,5e-07,0.0007675,6.95e-05,1.0000180006027222,0.008709808811545372,2000000
85299,-0.00020013749599456787,0.9982253313064575,0.0027545,1.6578505668442218,0.07692307692307689,0.4053591790193843,0.0760181618051734,0.403363740022805,0.002754,0.0,0.000521,5.4e-05,0.9999994039535522,0.0,5e-07,0.0007675,6.95e-05,1.0000180006027222,0.008953772485256195,2000000
85399,-3.916025161743164e-05,0.9996016025543213,0.00287,1.7664030602715783,0.07564743688886597,0.40022805017103763,0.0760181618051734,0.403363740022805,0.00287,0.0,0.0004745,5.15e-05,0.9999915361404419,0.0,5e-07,0.0007675,6.95e-05,1.0000180006027222,0.008802288211882114,2000000
85499,0.0004812777042388916,0.9996770024299622,0.002771,1.7722027862718712,0.0769230769230769,0.40364880273660203,0.0760181618051734,0.403363740022805,0.002771,0.0,0.00046,5.2e-05,0.9999985694885254,0.0,5e-07,0.0007675,6.95e-05,1.0000180006027222,0.008627081289887428,2000000
85599,0.0004929900169372559,0.999728262424469,0.002712,1.8257624114960782,0.07692307692307689,0.40193842645381983,0.0760181618051734,0.403363740022805,0.002712,0.0,0.000459,4.7e-05,0.9999878406524658,0.0,5e-07,0.0007675,6.95e-05,1.0000180006027222,0.009066403843462467,2000000
85699,-0.00032679736614227295,0.997336745262146,0.002875,1.77068729680511,0.07871978209056854,0.4070695553021665,0.0760181618051734,0.403363740022805,0.002875,0.0,0.00046,5.35e-05,0.9999977350234985,0.0,5e-07,0.0007675,6.95e-05,1.0000180006027222,0.00882755871862173,2000000
85799,-9.864568710327148e-06,0.9981260895729065,0.0030835,1.7057408306574458,0.076296062887658,0.40763968072976053,0.0760181618051734,0.403363740022805,0.0030835,0.0,0.000482,5.15e-05,0.9999924898147583,0.0,5e-07,0.0007675,6.95e-05,1.0000180006027222,0.009022282436490059,2000000
85899,-0.00028939545154571533,0.9983009696006775,0.0027725,1.7300011013373944,0.07654375182908982,0.3996579247434436,0.0760181618051734,0.403363740022805,0.0027725,0.0,0.0004895,5.25e-05,0.9999988079071045,0.0,5e-07,0.0007675,6.95e-05,1.0000180006027222,0.008795633912086487,2000000
85999,0.0003506392240524292,1.0000091791152954,0.0027655,1.8028734279859984,0.07723794702201471,0.4050741163055872,0.0760181618051734,0.403363740022805,0.0027655,0.0,0.000434,5.65e-05,0.9999970197677612,0.0,5e-07,0.0007675,6.95e-05,1.0000180006027222,0.008580217137932777,2000000
86099,1.3008713722229004e-05,0.99862140417099,0.003346,1.7148317850700179,0.07627118644067793,0.40450399087799316,0.0760181618051734,0.403363740022805,0.003346,0.0,0.000487,5.45e-05,0.9999983310699463,0.0,5e-07,0.0007675,6.95e-05,1.0000180006027222,0.0086298156529665,2000000
86199,-5.46872615814209e-05,0.999569833278656,0.003698,1.6430277749406208,0.0763358778625955,0.40592930444697833,0.0760181618051734,0.403363740022805,0.003698,0.0,0.00048,5.5e-05,0.9999998807907104,0.0,5e-07,0.0007675,6.95e-05,1.0000180006027222,0.009214145131409168,2000000
86299,-0.0005833208560943604,0.9968938231468201,0.0030225,1.5634279335598475,0.07692307692307689,0.4007981755986317,0.0760181618051734,0.403363740022805,0.0030225,0.0,0.0004925,4.9e-05,0.9999881386756897,0.0,5e-07,0.0007675,6.95e-05,1.0000180006027222,0.008799671195447445,2000000
86399,0.00027970969676971436,0.9999192953109741,0.002417,1.4921197451842614,0.07505458515283837,0.3982326111744584,0.0760181618051734,0.403363740022805,0.0024165,0.0,0.000567,5.25e-05,0.9999896287918091,0.0,5e-07,0.0007675,6.95e-05,1.0000180006027222,0.008753790520131588,2000000
86499,0.00014188885688781738,0.9982208013534546,0.0027275,1.5033657700693188,0.07500000000000004,0.4013683010262258,0.0760181618051734,0.403363740022805,0.0027275,0.0,0.0005715,5.4e-05,0.9999972581863403,0.0,5e-07,0.0007675,6.95e-05,1.0000180006027222,0.008661031723022461,2000000
86599,0.0003099292516708374,0.998847484588623,0.002574,1.482969388518686,0.07625876037576412,0.3990877993158495,0.0760181618051734,0.403363740022805,0.002459,0.0,0.0005975,5.5e-05,0.9999943971633911,0.0,5e-07,0.0007675,6.95e-05,1.0000180006027222,0.008627038449048996,2000000
86699,0.00026744604110717773,0.999994695186615,0.002825,1.4114584944484319,0.07708144662338869,0.4056442417331813,0.0760181618051734,0.403363740022805,0.002825,0.0,0.0005955,5.45e-05,0.9999978542327881,0.0,5e-07,0.0007675,6.95e-05,1.0000180006027222,0.00897692609578371,2000000
86799,0.0004331320524215698,1.0005865097045898,0.0027365,1.4522374900616042,0.07550563322926576,0.3979475484606613,0.0760181618051734,0.403363740022805,0.002736,0.0,0.000582,5.35e-05,0.9999998807907104,0.0,5e-07,0.0007675,6.95e-05,1.0000180006027222,0.008753212168812752,2000000
86899,-0.00020253658294677734,0.9990529417991638,0.0035925,1.46809140002875,0.07692307692307683,0.39851767388825543,0.0760181618051734,0.403363740022805,0.003592,0.0,0.000539,5.55e-05,0.9999964237213135,0.0,5e-07,0.0007675,6.95e-05,1.0000180006027222,0.008921739645302296,2000000
86999,-0.0007063150405883789,0.9981693029403687,0.0036255,1.349754104765287,0.07543143938377306,0.39110604332953247,0.0760181618051734,0.403363740022805,0.0036255,0.0,0.000587,5.35e-05,0.9999842643737793,0.0,5e-07,0.0007675,6.95e-05,1.0000180006027222,0.00885686930269003,2000000
87099,-2.5346875190734863e-05,0.9981098175048828,0.0028715,1.535036581474674,0.07692307692307697,0.39880273660205245,0.0760181618051734,0.403363740022805,0.0028715,0.0,0.0005105,5.9e-05,0.9999986886978149,0.0,5e-07,0.0007675,6.95e-05,1.0000180006027222,0.008738396689295769,2000000
87199,-0.00033339858055114746,0.9975834488868713,0.0031885000000000004,1.4126477855793762,0.07500000000000007,0.3956670467502851,0.0760181618051734,0.403363740022805,0.003188,0.0,0.000573,5.05e-05,0.9999936819076538,0.0,5e-07,0.0007675,6.95e-05,1.0000180006027222,0.008917673490941525,2000000
87299,-4.157423973083496e-05,0.9991132616996765,0.0026695,1.4465615279812283,0.07644286020374366,0.39709236031927025,0.0760181618051734,0.403363740022805,0.002669,0.0,0.0005425,5.3e-05,0.9999966621398926,0.0,5e-07,0.0007675,6.95e-05,1.0000180006027222,0.008888356387615204,2000000
87399,9.006261825561523e-05,0.999085009098053,0.002584,1.4643856811141587,0.07692307692307689,0.403363740022805,0.0760181618051734,0.403363740022805,0.002584,0.0,0.0005205,5.45e-05,0.999976396560669,0.0,5e-07,0.0007675,6.95e-05,1.0000180006027222,0.008761713281273842,2000000
87499,6.814301013946533e-05,0.9989394545555115,0.0027255,1.4206690684431416,0.07613871635610758,0.3993728620296465,0.0760181618051734,0.403363740022805,0.0027255,0.0,0.0005495,5.35e-05,0.9999890327453613,0.0,5e-07,0.0007675,6.95e-05,1.0000180006027222,0.009034812450408936,2000000
87599,0.00023606419563293457,0.9996647834777832,0.0027995,1.668106813312906,0.07479814355648803,0.3928164196123147,0.0760181618051734,0.403363740022805,0.0027995,0.0,0.000423,5.2e-05,0.9999810457229614,0.0,5e-07,0.0007675,6.95e-05,1.0000180006027222,0.008685137145221233,2000000
87699,0.0001856386661529541,1.0010147094726562,0.003591,1.52342713154554,0.07528146742568001,0.3936716077537058,0.0760181618051734,0.403363740022805,0.003591,5e-07,0.0004825,6.05e-05,1.0,0.0,5e-07,0.0007675,6.95e-05,1.0000180006027222,0.008714000694453716,2000000
87799,-5.027651786804199e-05,0.9991099834442139,0.003229,1.568345658607533,0.07703720611732481,0.4090649942987457,0.0760181618051734,0.403363740022805,0.0032285,0.0,0.000464,5.85e-05,0.9999871253967285,0.0,5e-07,0.0007675,6.95e-05,1.0000180006027222,0.008963271975517273,2000000
87899,5.748867988586426e-05,0.9995434880256653,0.0034255,1.5370663455558584,0.07583845573169423,0.4013683010262258,0.0760181618051734,0.403363740022805,0.0034255,0.0,0.0004605,5.95e-05,0.9999411106109619,0.0,5e-07,0.0007675,6.95e-05,1.0000180006027222,0.00883245188742876,2000000
87999,0.00010417401790618896,1.0008565187454224,0.003428,1.4454734463039238,0.07525222842589877,0.4016533637400228,0.0760181618051734,0.403363740022805,0.0034275,0.0,0.000491,5.95e-05,0.9999969005584717,0.0,5e-07,0.0007675,6.95e-05,1.0000180006027222,0.008811907842755318,2000000
88099,-0.0002752244472503662,0.9994091391563416,0.0028605,1.6275144908784736,0.07499999999999996,0.395096921322691,0.0760181618051734,0.403363740022805,0.00286,0.0,0.0004375,4.75e-05,0.9999994039535522,0.0,5e-07,0.0007675,6.95e-05,1.0000180006027222,0.008957257494330406,2000000
88199,-0.0002397000789642334,0.9989930391311646,0.003236,1.5311142656002474,0.07518287380428665,0.3945267958950969,0.0760181618051734,0.403363740022805,0.0032355,0.0,0.000468,4.85e-05,0.9999951124191284,0.0,5e-07,0.0007675,6.95e-05,1.0000180006027222,0.0086712297052145,2000000
88299,-0.0002657473087310791,1.000419020652771,0.0033595,1.4042631377266677,0.07499999999999996,0.3919612314709236,0.0760181618051734,0.403363740022805,0.0033585,0.0,0.0005485,6.15e-05,0.9999939203262329,0.0,5e-07,0.0007675,6.95e-05,1.0000180006027222,0.009078603237867355,2000000
88399,-0.00018218159675598145,0.9976093173027039,0.002502,1.4205240235910805,0.07615752183226229,0.3882554161915621,0.0760181618051734,0.403363740022805,0.0025015,0.0,0.000525,6.2e-05,0.9999854564666748,0.0,5e-07,0.0007675,6.95e-05,1.0000180006027222,0.008616617880761623,2000000
88499,-0.00041854381561279297,0.9967455863952637,0.0027575,1.4201065015656043,0.07692307692307684,0.39709236031927025,0.0760181618051734,0.403363740022805,0.0027575,0.0,0.000535,6.2e-05,0.9999942779541016,0.0,5e-07,0.0007675,6.95e-05,1.0000180006027222,0.008733659982681274,2000000
88599,-0.0010676532983779907,0.9959017634391785,0.003182,1.5729377466771455,0.078125,0.403363740022805,0.0760181618051734,0.403363740022805,0.003182,0.0,0.000463,5.9e-05,0.9999997615814209,0.0,5e-07,0.0007675,6.95e-05,1.0000180006027222,0.008470239117741585,2000000
88699,-0.00012518465518951416,1.000386357307434,0.003411,1.473968254422667,0.07781104457751159,0.41020524515393386,0.0760181618051734,0.403363740022805,0.0034105,0.0,0.000491,6.4e-05,0.9999805688858032,0.0,5e-07,0.0007675,6.95e-05,1.0000180006027222,0.008968916721642017,2000000
88799,9.059906005859375e-06,0.9994576573371887,0.0035105,1.508425735788374,0.07734861509073537,0.403078677309008,0.0760181618051734,0.403363740022805,0.0035105,0.0,0.0004395,4.55e-05,0.9999884366989136,0.0,5e-07,0.0007675,6.95e-05,1.0000180006027222,0.008702111430466175,2000000
88899,0.0001719743013381958,0.9998596906661987,0.00316,1.2673453485180401,0.07692307692307687,0.3959521094640821,0.0760181618051734,0.403363740022805,0.0031595,0.0,0.000662,6.4e-05,0.9999958276748657,0.0,5e-07,0.0007675,6.95e-05,1.0000180006027222,0.008763063699007034,2000000
88999,-0.0005524307489395142,0.9973128437995911,0.003311,1.294597786463624,0.07692307692307683,0.3990877993158495,0.0760181618051734,0.403363740022805,0.003311,0.0,0.0006305,6.15e-05,0.9999904632568359,0.0,5e-07,0.0007675,6.95e-05,1.0000180006027222,0.008480045013129711,2000000
89099,-0.0001013725996017456,0.998870313167572,0.003227,1.2901409503781465,0.076370186122309,0.40450399087799316,0.0760181618051734,0.403363740022805,0.003227,0.0,0.000633,6.8e-05,0.9999969005584717,0.0,5e-07,0.0007675,6.95e-05,1.0000180006027222,0.00898221880197525,2000000
89199,0.00013950467109680176,0.9998517632484436,0.003578,1.2645583739092123,0.07692307692307689,0.40051311288483465,0.0760181618051734,0.403363740022805,0.003578,0.0,0.0006585,6.9e-05,0.9999967813491821,0.0,5e-07,0.0007675,6.95e-05,1.0000180006027222,0.00872976053506136,2000000
89299,-0.00015507638454437256,0.9992062449455261,0.003185,1.2684284725946908,0.07555097510702397,0.40450399087799316,0.0760181618051734,0.403363740022805,0.003185,0.0,0.0006905,6.95e-05,0.9999908208847046,0.0,5e-07,0.0007675,6.95e-05,1.0000180006027222,0.00895256083458662,2000000
89399,6.99460506439209e-05,1.0002292394638062,0.00319,1.228721065967622,0.07468456685643945,0.40193842645381983,0.0760181618051734,0.403363740022805,0.0031895,0.0,0.0007175,8.05e-05,0.9999710917472839,0.0,5e-07,0.0007675,6.95e-05,1.0000180006027222,0.008959643542766571,2000000
89499,-0.0003962963819503784,0.9976357221603394,0.0028055,1.2581040410047466,0.07586206896551724,0.40250855188141393,0.0760181618051734,0.403363740022805,0.0028055,0.0,0.000671,6.75e-05,0.9999880194664001,0.0,5e-07,0.0007675,6.95e-05,1.0000180006027222,0.008675026707351208,2000000
89599,-0.00018131732940673828,0.9979254007339478,0.0030045,1.3067522653244799,0.07407407407407413,0.38768529076396807,0.0760181618051734,0.403363740022805,0.0030045,0.0,0.0006395,5.2e-05,0.9999998807907104,0.0,5e-07,0.0007675,6.95e-05,1.0000180006027222,0.008862277492880821,2000000
89699,4.0590763092041016e-05,0.998371958732605,0.0026575,1.30476098234163,0.07617877617877619,0.3973774230330673,0.0760181618051734,0.403363740022805,0.0026575,0.0,0.0006125,6.3e-05,0.9999960064888,0.0,5e-07,0.0007675,6.95e-05,1.0000180006027222,0.008635666221380234,2000000
89799,0.0002549886703491211,0.9997422695159912,0.0027915,1.3753227558568315,0.07499999999999996,0.39253135689851765,0.0760181618051734,0.403363740022805,0.0027915,0.0,0.0005775,6.05e-05,0.9999942779541016,0.0,5e-07,0.0007675,6.95e-05,1.0000180006027222,0.008618365041911602,2000000
89899,4.914402961730957e-05,0.9992954730987549,0.003229,1.3679178942821846,0.07692307692307689,0.4016533637400228,0.0760181618051734,0.403363740022805,0.003229,0.0,0.0005665,5.35e-05,0.9999769926071167,0.0,5e-07,0.0007675,6.95e-05,1.0000180006027222,0.008597378619015217,2000000
89999,-0.00010412931442260742,0.9988765120506287,0.0025239999999999998,1.3739330536559728,0.07698117592377411,0.4013683010262258,0.0760181618051734,0.403363740022805,0.0025235,0.0,0.0005405,5.4e-05,0.9999802112579346,0.0,5e-07,0.0007675,6.95e-05,1.0000180006027222,0.008809982798993587,2000000
90099,0.00014123320579528809,0.999081552028656,0.002684000000000006,1.3169327376953925,0.07692307692307689,0.3962371721778791,0.0760181618051734,0.403363740022805,0.0022215,0.0,0.0005805,5.1e-05,0.9999597072601318,0.0,5e-07,0.0007675,6.95e-05,1.0000180006027222,0.008764242753386497,2000000
90199,-0.0001818537712097168,0.9998075366020203,0.003184,1.4222492095578392,0.0787031320739186,0.4039338654503991,0.0760181618051734,0.403363740022805,0.003184,0.0,0.000537,5.85e-05,0.9999982118606567,0.0,5e-07,0.0007675,6.95e-05,1.0000180006027222,0.008983227424323559,2000000
90299,-0.00034599006175994873,0.9976721405982971,0.0023455000000000004,1.5551661552450045,0.07758620689655174,0.39851767388825543,0.0760181618051734,0.403363740022805,0.002197,0.0,0.0004835,4.95e-05,0.9999949336051941,0.0,5e-07,0.0007675,6.95e-05,1.0000180006027222,0.008904834277927876,2000000
90399,0.00011914968490600586,0.9984343647956848,0.002403,1.5146143204603313,0.07580293957539472,0.3990877993158495,0.0760181618051734,0.403363740022805,0.0024025,0.0,0.0004745,5.4e-05,0.9999987483024597,0.0,5e-07,0.0007675,6.95e-05,1.0000180006027222,0.008797611109912395,2000000
90499,-0.00044399499893188477,0.9986819624900818,0.002907,1.571594199547941,0.0767373509574224,0.4056442417331813,0.0760181618051734,0.403363740022805,0.002907,0.0,0.000483,5.35e-05,0.999992847442627,0.0,5e-07,0.0007675,6.95e-05,1.0000180006027222,0.008575967513024807,2000000
90599,2.6464462280273438e-05,0.9995501637458801,0.0024775,1.6210869074993013,0.07576887232059644,0.40450399087799316,0.0760181618051734,0.403363740022805,0.002477,0.0,0.00045,5.25e-05,0.9999824166297913,0.0,5e-07,0.0007675,6.95e-05,1.0000180006027222,0.00866247434169054,2000000
90699,-0.00017867982387542725,0.9986574053764343,0.002408,1.5246165735147195,0.0756450212026772,0.403363740022805,0.0760181618051734,0.403363740022805,0.002408,0.0,0.000498,5.75e-05,0.9999823570251465,0.0,5e-07,0.0007675,6.95e-05,1.0000180006027222,0.008754071779549122,2000000
90799,-9.919703006744385e-05,0.9991872310638428,0.0022945000000000014,1.4932776609407687,0.07633442862358522,0.403363740022805,0.0760181618051734,0.403363740022805,0.002162,0.0,0.0005665,5.45e-05,0.9999948143959045,0.0,5e-07,0.0007675,6.95e-05,1.0000180006027222,0.008752063848078251,2000000
90899,0.000435754656791687,1.0000468492507935,0.0025045000000000015,1.6160473197490253,0.07746478873239433,0.40678449258836946,0.0760181618051734,0.403363740022805,0.002123,0.0,0.000521,5.9e-05,0.9999865293502808,0.0,5e-07,0.0007675,6.95e-05,1.0000180006027222,0.00878508947789669,2000000
90999,-9.566545486450195e-05,1.0008816719055176,0.003123,1.6820715137886042,0.07473949940917392,0.39481185860889395,0.0760181618051734,0.403363740022805,0.0031225,0.0,0.0005015,5.55e-05,0.9999969005584717,0.0,5e-07,0.0007675,6.95e-05,1.0000180006027222,0.008863083086907864,2000000
91099,-1.5124678611755371e-05,0.998768150806427,0.0027565,1.702970227599035,0.07692307692307698,0.40450399087799316,0.0760181618051734,0.403363740022805,0.0027565,0.0,0.000487,5.65e-05,0.9999910593032837,0.0,5e-07,0.0007675,6.95e-05,1.0000180006027222,0.008812718093395233,2000000
91199,-0.00022584199905395508,0.9990739822387695,0.003097,1.5221191263210376,0.08012903359215877,0.41590649942987457,0.0760181618051734,0.403363740022805,0.003096,0.0,0.0005995,6.35e-05,0.9999971389770508,0.0,5e-07,0.0007675,6.95e-05,1.0000180006027222,0.008649380877614021,2000000
91299,2.4333596229553223e-05,0.9999738931655884,0.0030935,1.2877278312738518,0.07692307692307689,0.403363740022805,0.0760181618051734,0.403363740022805,0.0030925,0.0,0.000748,6.85e-05,0.999997615814209,0.0,5e-07,0.0007675,6.95e-05,1.0000180006027222,0.008706931956112385,2000000
91399,0.00035662949085235596,0.99989253282547,0.0028325,1.2601747004591262,0.07812500000000003,0.40763968072976053,0.0760181618051734,0.403363740022805,0.002832,0.0,0.0007205,7e-05,0.999993085861206,0.0,5e-07,0.0007675,6.95e-05,1.0000180006027222,0.008738006465137005,2000000
91499,0.0005401521921157837,0.9995278120040894,0.00283,1.3248459095408331,0.07632583366813984,0.3999429874572406,0.0760181618051734,0.403363740022805,0.00283,0.0,0.000745,7.7e-05,0.9999840259552002,0.0,5e-07,0.0007675,6.95e-05,1.0000180006027222,0.00887176301330328,2000000
91599,0.00021038949489593506,0.9986253976821899,0.002952,1.3942662144362539,0.078125,0.4050741163055872,0.0760181618051734,0.403363740022805,0.002952,0.0,0.000674,6.75e-05,0.9999980926513672,0.0,5e-07,0.0007675,6.95e-05,1.0000180006027222,0.008899711072444916,2000000
91699,9.402632713317871e-06,0.9979803562164307,0.003391,1.6644124750787856,0.07692307692307689,0.40792474344355756,0.0760181618051734,0.403363740022805,0.003391,0.0,0.0005505,6.1e-05,0.9999871253967285,0.0,5e-07,0.0007675,6.95e-05,1.0000180006027222,0.008656870573759079,2000000
91799,0.00013615190982818604,0.9984034299850464,0.0035195,1.638267845444007,0.07830602093113395,0.41647662485746867,0.0760181618051734,0.403363740022805,0.0035195,0.0,0.0006115,6.75e-05,0.9999998211860657,0.0,5e-07,0.0007675,6.95e-05,1.0000180006027222,0.008768702857196331,2000000
91899,-0.0003346055746078491,0.9980040788650513,0.003564,1.6772282836348877,0.07692307692307689,0.40193842645381983,0.0760181618051734,0.403363740022805,0.003564,0.0,0.000575,6e-05,0.9999963045120239,0.0,5e-07,0.0007675,6.95e-05,1.0000180006027222,0.009217653423547745,2000000
91999,0.0003899037837982178,0.9992167949676514,0.0035325,1.720363839730408,0.07707157707157708,0.3990877993158495,0.0760181618051734,0.403363740022805,0.0035325,0.0,0.000627,6e-05,0.9999758005142212,0.0,5e-07,0.0007675,6.95e-05,1.0000180006027222,0.008914075791835785,2000000
92099,0.00014038383960723877,1.0000419616699219,0.00391,1.812588707295088,0.07692307692307689,0.3936716077537058,0.0760181618051734,0.403363740022805,0.00391,0.0,0.0005935,5.7e-05,0.9999829530715942,0.0,5e-07,0.0007675,6.95e-05,1.0000180006027222,0.00906046200543642,2000000
92199,-0.00021827220916748047,0.9992750883102417,0.004052,1.8097074557568655,0.07605517416730226,0.3922462941847206,0.0760181618051734,0.403363740022805,0.004052,0.0,0.0006045,6.05e-05,0.9999903440475464,0.0,5e-07,0.0007675,6.95e-05,1.0000180006027222,0.008966349996626377,2000000
92299,-0.00047904253005981445,0.9968210458755493,0.0043575,1.8631128210837669,0.07424825487739391,0.3888255416191562,0.0760181618051734,0.403363740022805,0.0043575,0.0,0.0005765,5.9e-05,0.9999831914901733,0.0,5e-07,0.0007675,6.95e-05,1.0000180006027222,0.009017967619001865,2000000
92399,-0.000684782862663269,0.997491717338562,0.004624,1.8180467970543377,0.074074074074074,0.3885404789053592,0.0760181618051734,0.403363740022805,0.004624,0.0,0.000593,6.2e-05,0.9999980926513672,0.0,5e-07,0.0007675,6.95e-05,1.0000180006027222,0.00897311232984066,2000000
92499,-0.0001693516969680786,0.9978325963020325,0.004194000000000001,1.7085296460949027,0.07468407292781012,0.387115165336374,0.0760181618051734,0.403363740022805,0.0041935,0.0,0.0006175,6.65e-05,0.9999914169311523,0.0,5e-07,0.0007675,6.95e-05,1.0000180006027222,0.009141153655946255,2000000
92599,-3.650784492492676e-05,0.9984797835350037,0.0037955,1.659707954081534,0.0721244139384686,0.3885404789053592,0.0760181618051734,0.403363740022805,0.0037955,0.0,0.000636,7.1e-05,0.9999939203262329,0.0,5e-07,0.0007675,6.95e-05,1.0000180006027222,0.00900126900523901,2000000
92699,0.0005210936069488525,1.0001286268234253,0.003407,1.7714007442494113,0.07442412519781957,0.39253135689851765,0.0760181618051734,0.403363740022805,0.003407,0.0,0.0006405,7.15e-05,0.9999783039093018,0.0,5e-07,0.0007675,6.95e-05,1.0000180006027222,0.008985232561826706,2000000
92799,-0.0003750920295715332,0.9977739453315735,0.003771,1.7346305555279922,0.07491935483870962,0.38768529076396807,0.0760181618051734,0.403363740022805,0.003771,0.0,0.0006215,7.45e-05,0.9999984502792358,0.0,5e-07,0.0007675,6.95e-05,1.0000180006027222,0.00887058675289154,2000000
92899,-0.000517040491104126,0.998346209526062,0.004151,1.7865450159207625,0.07530810339186385,0.4047890535917902,0.0760181618051734,0.403363740022805,0.0041505,0.0,0.000652,6.6e-05,0.9999886751174927,0.0,5e-07,0.0007675,6.95e-05,1.0000180006027222,0.008844130672514439,2000000
92999,-4.6834349632263184e-05,0.9964656829833984,0.0034645,1.7511930529256188,0.07547169811320759,0.40108323831242876,0.0760181618051734,0.403363740022805,0.003464,0.0,0.000651,7.6e-05,0.9999997615814209,0.0,5e-07,0.0007675,6.95e-05,1.0000180006027222,0.008951211348176003,2000000
93099,0.00021745264530181885,0.9994227290153503,0.003914,1.6967524661214468,0.07676999617298122,0.39652223489167615,0.0760181618051734,0.403363740022805,0.0039135,0.0,0.0006405,7.25e-05,0.9999980926513672,0.0,5e-07,0.0007675,6.95e-05,1.0000180006027222,0.009171309880912304,2000000
93199,-0.00017625093460083008,0.9968258738517761,0.0036555,1.722983339900413,0.07401928555774709,0.3896807297605473,0.0760181618051734,0.403363740022805,0.0036555,0.0,0.0006315,6.25e-05,0.9999967813491821,0.0,5e-07,0.0007675,6.95e-05,1.0000180006027222,0.008849190548062325,2000000
93299,-0.0006656050682067871,0.9979426264762878,0.0043495,1.7604721643951047,0.07434080713616488,0.39139110604332955,0.0760181618051734,0.403363740022805,0.0043495,0.0,0.0006745,6.2e-05,0.9999884366989136,0.0,5e-07,0.0007675,6.95e-05,1.0000180006027222,0.009335346519947052,2000000
93399,0.0004390925168991089,0.9990651607513428,0.003779,1.838978303704241,0.07268120393120395,0.38369441277080957,0.0760181618051734,0.403363740022805,0.003779,0.0,0.0006295,7.25e-05,0.999977707862854,0.0,5e-07,0.0007675,6.95e-05,1.0000180006027222,0.00899267103523016,2000000
93499,0.0001919865608215332,0.9990769624710083,0.003629,1.8270940201989339,0.07332780861342379,0.38740022805017105,0.0760181618051734,0.403363740022805,0.003629,0.0,0.000634,5.95e-05,0.9999872446060181,0.0,5e-07,0.0007675,6.95e-05,1.0000180006027222,0.008922597393393517,2000000
93599,-0.00017474591732025146,0.9991903901100159,0.0040375,1.7001933924100112,0.0769230769230769,0.3976624857468643,0.0760181618051734,0.403363740022805,0.004037,0.0,0.0006715,7.15e-05,0.9999983310699463,0.0,5e-07,0.0007675,6.95e-05,1.0000180006027222,0.00924799032509327,2000000
93699,0.00016398727893829346,0.996979832649231,0.003588,1.8429001544282309,0.07692307692307696,0.40250855188141393,0.0760181618051734,0.403363740022805,0.0035875,0.0,0.0006185,5.45e-05,0.9999886751174927,0.0,5e-07,0.0007675,6.95e-05,1.0000180006027222,0.009182102046906948,2000000
93799,0.0005201399326324463,0.9993483424186707,0.0034005,1.9088563912403078,0.0763309402249587,0.39709236031927025,0.0760181618051734,0.403363740022805,0.0034005,0.0,0.0006055,6.3e-05,0.9999927878379822,0.0,5e-07,0.0007675,6.95e-05,1.0000180006027222,0.008928556926548481,2000000
93899,-0.0002209693193435669,0.9974899888038635,0.003687,1.7739177260946224,0.07621840525066331,0.4013683010262258,0.0760181618051734,0.403363740022805,0.003687,0.0,0.000622,6.45e-05,0.9999861717224121,0.0,5e-07,0.0007675,6.95e-05,1.0000180006027222,0.009269636124372482,2000000
93999,0.00029772520065307617,1.000852346420288,0.004339,1.6462588700994747,0.0754342617550165,0.38939566704675027,0.0760181618051734,0.403363740022805,0.004339,0.0,0.000661,6.05e-05,0.9999961853027344,0.0,5e-07,0.0007675,6.95e-05,1.0000180006027222,0.00945359468460083,2000000
94099,0.0005800873041152954,0.9973499774932861,0.0040155,1.9631869114191354,0.07457630546454713,0.3942417331812999,0.0760181618051734,0.403363740022805,0.0040155,0.0,0.0006095,5.3e-05,0.9999990463256836,0.0,5e-07,0.0007675,6.95e-05,1.0000180006027222,0.00902384240180254,2000000
94199,0.0001605302095413208,0.9974953532218933,0.004219,1.8260015283034043,0.07488317757009347,0.3899657924743444,0.0760181618051734,0.403363740022805,0.004219,0.0,0.0006135,6.7e-05,0.9999899864196777,0.0,5e-07,0.0007675,6.95e-05,1.0000180006027222,0.009241053834557533,2000000
94299,-2.4840235710144043e-05,0.9977247714996338,0.0039585,1.8430909778545796,0.07645609874909234,0.3999429874572406,0.0760181618051734,0.403363740022805,0.0039585,0.0,0.0005995,6.25e-05,0.9999803304672241,0.0,5e-07,0.0007675,6.95e-05,1.0000180006027222,0.009103270247578621,2000000
94399,0.00012192130088806152,0.9999065399169922,0.00403,1.7996549886422462,0.07671290458175704,0.39652223489167615,0.0760181618051734,0.403363740022805,0.00403,0.0,0.000624,7.45e-05,0.9999984502792358,0.0,5e-07,0.0007675,6.95e-05,1.0000180006027222,0.009197656996548176,2000000
94499,-6.45667314529419e-05,0.9987172484397888,0.004111,1.8000890211350347,0.07585347142309165,0.3993728620296465,0.0760181618051734,0.403363740022805,0.004111,0.0,0.0006,6.25e-05,0.9999814629554749,0.0,5e-07,0.0007675,6.95e-05,1.0000180006027222,0.008985700085759163,2000000
94599,0.0003751814365386963,0.9991697669029236,0.0039515,1.8578859955285099,0.0749999999999999,0.3945267958950969,0.0760181618051734,0.403363740022805,0.0039515,0.0,0.0005955,5.9e-05,0.9999959468841553,0.0,5e-07,0.0007675,6.95e-05,1.0000180006027222,0.009122052229940891,2000000
94699,0.0002425163984298706,1.0005462169647217,0.0042555,1.9204557276096819,0.07547169811320759,0.39709236031927025,0.0760181618051734,0.403363740022805,0.004255,0.0,0.0006095,6.75e-05,0.9999970197677612,0.0,5e-07,0.0007675,6.95e-05,1.0000180006027222,0.009230238385498524,2000000
94799,5.336105823516846e-05,0.9986708164215088,0.004338,1.822663910551326,0.07692307692307687,0.4053591790193843,0.0760181618051734,0.403363740022805,0.004338,0.0,0.0006,6e-05,0.9999995231628418,0.0,5e-07,0.0007675,6.95e-05,1.0000180006027222,0.00899249967187643,2000000
94899,0.00022245943546295166,0.9985505938529968,0.004377,1.834748481308405,0.07692307692307693,0.40849486887115166,0.0760181618051734,0.403363740022805,0.004377,0.0,0.000617,6.3e-05,0.9999947547912598,0.0,5e-07,0.0007675,6.95e-05,1.0000180006027222,0.009084583260118961,2000000
94999,0.0004733055830001831,0.9972729682922363,0.0036845,2.01926766984385,0.07418563141454713,0.395096921322691,0.0760181618051734,0.403363740022805,0.0036845,0.0,0.000579,4.85e-05,0.9999871253967285,0.0,5e-07,0.0007675,6.95e-05,1.0000180006027222,0.009162722155451775,2000000
95099,0.0002377927303314209,0.99751216173172,0.003929,1.923303683667984,0.07692307692307689,0.40222348916761685,0.0760181618051734,0.403363740022805,0.003929,0.0,0.000582,5.6e-05,0.9999938011169434,0.0,5e-07,0.0007675,6.95e-05,1.0000180006027222,0.009377646259963512,2000000
95199,4.3019652366638184e-05,0.9981937408447266,0.003922,2.0768041349974085,0.07592111211573234,0.3990877993158495,0.0760181618051734,0.403363740022805,0.003922,0.0,0.000562,5.7e-05,0.9999881982803345,0.0,5e-07,0.0007675,6.95e-05,1.0000180006027222,0.009008795954287052,2000000
95299,0.00016686320304870605,1.0022929906845093,0.0039675,2.0051055959901647,0.07547169811320759,0.39709236031927025,0.0760181618051734,0.403363740022805,0.0039675,0.0,0.000594,6.4e-05,0.9999980926513672,0.0,5e-07,0.0007675,6.95e-05,1.0000180006027222,0.008741148747503757,2000000
95399,0.0005285590887069702,1.0001486539840698,0.002935,1.898961376071623,0.07578492506290349,0.3916761687571266,0.0760181618051734,0.403363740022805,0.002935,0.0,0.0006095,6.35e-05,0.9999966025352478,0.0,5e-07,0.0007675,6.95e-05,1.0000180006027222,0.009043589234352112,2000000
95499,-7.614493370056152e-05,0.9971809983253479,0.0026345,1.7584944068259765,0.07894736842105277,0.40935005701254273,0.0760181618051734,0.403363740022805,0.002634,0.0,0.000662,6.25e-05,0.999988317489624,0.0,5e-07,0.0007675,6.95e-05,1.0000180006027222,0.009459863416850567,2000000
95599,-0.00045013427734375,0.997208297252655,0.0030545,1.6960494259768442,0.08163265306122454,0.42303306727480045,0.0760181618051734,0.403363740022805,0.0030545,0.0,0.000676,6.7e-05,0.9999926090240479,0.0,5e-07,0.0007675,6.95e-05,1.0000180006027222,0.009629175998270512,2000000
95699,0.0002507716417312622,0.9975743889808655,0.0024215,1.8722413133998825,0.0791049846241865,0.4184720638540479,0.0760181618051734,0.403363740022805,0.002122,0.0,0.0007025,6.95e-05,0.9999949932098389,0.0,5e-07,0.0007675,6.95e-05,1.0000180006027222,0.009617415256798267,2000000
95799,-0.0001999586820602417,0.9945272207260132,0.002418499999999997,1.8919836783028023,0.07944996695485623,0.4087799315849487,0.0760181618051734,0.403363740022805,0.002263,0.0,0.0007135,6.8e-05,0.9999905824661255,0.0,5e-07,0.0007675,6.95e-05,1.0000180006027222,0.00933726318180561,2000000
95899,-0.00013594329357147217,0.9993030428886414,0.0022835,1.7778080554000415,0.07896815498461804,0.39880273660205245,0.0760181618051734,0.403363740022805,0.0022825,0.0,0.0007835,7.3e-05,0.9999884366989136,0.0,5e-07,0.0007675,6.95e-05,1.0000180006027222,0.009268143214285374,2000000
95999,9.752810001373291e-05,0.9964836239814758,0.0030515000000000004,1.9807499536677153,0.078125,0.40820980615735464,0.0760181618051734,0.403363740022805,0.0023475,0.0,0.0007,6.75e-05,0.9999982714653015,0.0,5e-07,0.0007675,6.95e-05,1.0000180006027222,0.009481166489422321,2000000
96099,-0.0007937699556350708,0.9985365867614746,0.0042125,2.232112350125245,0.07838410444342646,0.4130558722919042,0.0760181618051734,0.403363740022805,0.004212,0.0,0.0006875,7.05e-05,0.9999903440475464,0.0,5e-07,0.0007675,6.95e-05,1.0000180006027222,0.009239730425179005,2000000
96199,-1.798570156097412e-05,0.9999712109565735,0.003121,1.8569160631618564,0.07692307692307687,0.40279361459521096,0.0760181618051734,0.403363740022805,0.0031205,5e-07,0.000627,5.95e-05,1.0,0.0,5e-07,0.0007675,6.95e-05,1.0000180006027222,0.00897996872663498,2000000
96299,0.00019401311874389648,0.9978660941123962,0.003316,1.9631344807826014,0.07692307692307689,0.40450399087799316,0.0760181618051734,0.403363740022805,0.003316,0.0,0.0005835,5.65e-05,0.9999961853027344,0.0,5e-07,0.0007675,6.95e-05,1.0000180006027222,0.008840507827699184,2000000
96399,0.0001665055751800537,0.9984303712844849,0.003199,1.737742033205412,0.07592111211573246,0.3919612314709236,0.0760181618051734,0.403363740022805,0.003199,0.0,0.0006155,6.4e-05,0.9999963045120239,0.0,5e-07,0.0007675,6.95e-05,1.0000180006027222,0.009021126665174961,2000000
96499,-5.684792995452881e-05,0.9972301125526428,0.003088,1.6043322660790014,0.07446347978262866,0.39652223489167615,0.0760181618051734,0.403363740022805,0.003087,0.0,0.0006215,7.5e-05,0.999998152256012,0.0,5e-07,0.0007675,6.95e-05,1.0000180006027222,0.009221377782523632,2000000
96599,0.00043483078479766846,0.9973737001419067,0.0031030000000000085,1.6715551357615799,0.07692307692307689,0.4053591790193843,0.0760181618051734,0.403363740022805,0.0029425,0.0,0.000631,6.1e-05,0.9999873638153076,0.0,5e-07,0.0007675,6.95e-05,1.0000180006027222,0.009276081807911396,2000000
96699,9.18656587600708e-05,0.9991354942321777,0.0032505,1.677457608288698,0.0743243243243243,0.40022805017103763,0.0760181618051734,0.403363740022805,0.0032505,0.0,0.000657,6.3e-05,0.9999862313270569,0.0,5e-07,0.0007675,6.95e-05,1.0000180006027222,0.009258566424250603,2000000
96799,0.0007960200309753418,1.0002727508544922,0.0042875,1.8185365183665931,0.07960789210789215,0.411060433295325,0.0760181618051734,0.403363740022805,0.0042875,0.0,0.0006845,6.2e-05,0.9999912977218628,0.0,5e-07,0.0007675,6.95e-05,1.0000180006027222,0.009466294199228287,2000000
96899,-0.00018928945064544678,0.9991012811660767,0.004191,1.7714827093680143,0.07692307692307687,0.3990877993158495,0.0760181618051734,0.403363740022805,0.004191,0.0,0.000648,5.85e-05,0.9999912977218628,0.0,5e-07,0.0007675,6.95e-05,1.0000180006027222,0.009311794303357601,2000000
96999,0.00027860701084136963,0.9993745684623718,0.004045,1.7483360844094644,0.07708311353997427,0.3933865450399088,0.0760181618051734,0.403363740022805,0.004045,0.0,0.000652,5.65e-05,0.9999997615814209,0.0,5e-07,0.0007675,6.95e-05,1.0000180006027222,0.00938146747648716,2000000
97099,8.450448513031006e-05,0.9983488321304321,0.0042855,1.6740086228157554,0.07596983309967974,0.39880273660205245,0.0760181618051734,0.403363740022805,0.0042855,0.0,0.000648,6.1e-05,0.9999926686286926,0.0,5e-07,0.0007675,6.95e-05,1.0000180006027222,0.009123741649091244,2000000
97199,0.0007350891828536987,1.00046968460083,0.004134,1.6656210322835916,0.07722009143176845,0.411060433295325,0.0760181618051734,0.403363740022805,0.004134,0.0,0.0006675,6.95e-05,0.9999982118606567,0.0,5e-07,0.0007675,6.95e-05,1.0000180006027222,0.009409477934241295,2000000
97299,-6.124377250671387e-05,0.9973468780517578,0.0044635,1.7704463117379072,0.07692307692307689,0.3999429874572406,0.0760181618051734,0.403363740022805,0.0044635,0.0,0.000641,7.15e-05,0.999991774559021,0.0,5e-07,0.0007675,6.95e-05,1.0000180006027222,0.00932744238525629,2000000
97399,-0.00010025501251220703,0.998720645904541,0.0053045,1.854502388001885,0.07692307692307684,0.40022805017103763,0.0760181618051734,0.403363740022805,0.0053045,0.0,0.0006225,6.5e-05,0.9999967813491821,0.0,5e-07,0.0007675,6.95e-05,1.0000180006027222,0.009061412885785103,2000000
97499,0.0007092952728271484,0.9987823963165283,0.0032075,1.700210718252835,0.07575757575757584,0.3945267958950969,0.0760181618051734,0.403363740022805,0.0032075,0.0,0.000633,6.65e-05,0.999997615814209,0.0,5e-07,0.0007675,6.95e-05,1.0000180006027222,0.009154640138149261,2000000
97599,0.0001112818717956543,0.996597170829773,0.0031375,1.6366568898881626,0.07469661040591438,0.39310148232611175,0.0760181618051734,0.403363740022805,0.0031375,0.0,0.0006485,7e-05,0.9999761581420898,0.0,5e-07,0.0007675,6.95e-05,1.0000180006027222,0.009289083071053028,2000000
97699,-5.297362804412842e-05,0.997252345085144,0.003483,1.5421810373851437,0.07692307692307684,0.4053591790193843,0.0760181618051734,0.403363740022805,0.003483,0.0,0.0007035,7.8e-05,0.999998927116394,0.0,5e-07,0.0007675,6.95e-05,1.0000180006027222,0.009301654994487762,2000000
97799,0.0001246929168701172,1.0032285451889038,0.011446,4.025554564662364,0.08241358399029713,0.4284492588369441,0.0760181618051734,0.403363740022805,0.011446,0.0,0.0007375,7e-05,0.9999954700469971,0.0,5e-07,0.0007675,6.95e-05,1.0000180006027222,0.011241858825087547,2000000
97899,0.00013977289199829102,1.0022109746932983,0.010873500000000001,3.0358337374796958,0.079136690647482,0.4130558722919042,0.0760181618051734,0.403363740022805,0.0108735,0.0,0.0007035,6.2e-05,0.9999954700469971,0.0,5e-07,0.0007675,6.95e-05,1.0000180006027222,0.010412298142910004,2000000
97999,0.0013436675071716309,1.0052253007888794,0.008097,2.191302160188426,0.07792207792207788,0.41020524515393386,0.0760181618051734,0.403363740022805,0.008097,0.0,0.000676,6.4e-05,0.9999938011169434,0.0,5e-07,0.0007675,6.95e-05,1.0000180006027222,0.010051650926470757,2000000
98099,-0.00014993548393249512,1.0008420944213867,0.0082845,2.1142674587699903,0.08072662104920164,0.4153363740022805,0.0760181618051734,0.403363740022805,0.0082845,0.0,0.000654,6e-05,0.9999959468841553,0.0,5e-07,0.0007675,6.95e-05,1.0000180006027222,0.009890720248222351,2000000
98199,0.0003914833068847656,1.001978874206543,0.0078405,1.9260685738699315,0.07594936708860761,0.40279361459521096,0.0760181618051734,0.403363740022805,0.0078405,0.0,0.0006445,6.3e-05,0.9999918937683105,0.0,5e-07,0.0007675,6.95e-05,1.0000180006027222,0.010037070140242577,2000000
98299,0.0004397481679916382,1.0028599500656128,0.0073055,1.8704463104269466,0.08108108108108122,0.41790193842645385,0.0760181618051734,0.403363740022805,0.007305,0.0,0.0006535,6.4e-05,0.999993622303009,0.0,5e-07,0.0007675,6.95e-05,1.0000180006027222,0.009567542001605034,2000000
98399,0.000295102596282959,1.0021381378173828,0.007378,1.8992026144831273,0.07886762360446566,0.4144811858608894,0.0760181618051734,0.403363740022805,0.007378,0.0,0.000634,5.8e-05,0.9999990463256836,0.0,5e-07,0.0007675,6.95e-05,1.0000180006027222,0.009418696165084839,2000000
98499,0.00037935376167297363,1.0022202730178833,0.006294,1.9301965976327444,0.07590038013873102,0.4007981755986317,0.0760181618051734,0.403363740022805,0.006294,0.0,0.0006005,5.95e-05,0.999993085861206,0.0,5e-07,0.0007675,6.95e-05,1.0000180006027222,0.009232857264578342,2000000
98599,5.333125591278076e-05,1.0003972053527832,0.005239,1.832094124987667,0.07887585812356977,0.4122006841505131,0.0760181618051734,0.403363740022805,0.005239,0.0,0.000596,5.65e-05,0.9999943971633911,0.0,5e-07,0.0007675,6.95e-05,1.0000180006027222,0.009376120753586292,2000000
98699,6.632506847381592e-05,0.9992679953575134,0.005969,1.8441149010652136,0.07540708193331609,0.4007981755986317,0.0760181618051734,0.403363740022805,0.005969,0.0,0.0005815,5.8e-05,0.9999971389770508,0.0,5e-07,0.0007675,6.95e-05,1.0000180006027222,0.00917075015604496,2000000
98799,-0.0004863142967224121,0.9971659779548645,0.005103,2.0164715566416938,0.07750309384266932,0.40935005701254273,0.0760181618051734,0.403363740022805,0.005103,0.0,0.000544,6.4e-05,0.9999978542327881,0.0,5e-07,0.0007675,6.95e-05,1.0000180006027222,0.009429662488400936,2000000
98899,0.0003121793270111084,1.000778079032898,0.0049715,2.0555759661488655,0.07750637345915598,0.41248574686431017,0.0760181618051734,0.403363740022805,0.004971,0.0,0.000562,6.1e-05,0.9999639987945557,0.0,5e-07,0.0007675,6.95e-05,1.0000180006027222,0.009660089388489723,2000000
98999,0.000233575701713562,1.0005618333816528,0.005002,2.146254956916413,0.07894736842105265,0.4107753705815279,0.0760181618051734,0.403363740022805,0.005002,0.0,0.000557,5.75e-05,0.9999914169311523,0.0,5e-07,0.0007675,6.95e-05,1.0000180006027222,0.00966112781316042,2000000
99099,1.9848346710205078e-05,0.9997120499610901,0.005246,2.056267180059317,0.07936507936507936,0.4090649942987457,0.0760181618051734,0.403363740022805,0.005246,0.0,0.000534,5.1e-05,0.9999985098838806,0.0,5e-07,0.0007675,6.95e-05,1.0000180006027222,0.009225383400917053,2000000
99199,-6.181001663208008e-05,0.9970057010650635,0.0066645,2.172505620675917,0.07532285081320582,0.3976624857468643,0.0760181618051734,0.403363740022805,0.0066645,0.0,0.0005695,5.6e-05,0.9999994039535522,0.0,5e-07,0.0007675,6.95e-05,1.0000180006027222,0.009482220746576786,2000000
99299,8.536875247955322e-05,1.0001447200775146,0.007196,2.031285246304275,0.07742139551790188,0.4064994298745724,0.0760181618051734,0.403363740022805,0.007196,0.0,0.0006165,6.5e-05,0.9999926686286926,0.0,5e-07,0.0007675,6.95e-05,1.0000180006027222,0.00957934558391571,2000000
99399,-0.0009339004755020142,0.9931698441505432,0.00407550000000001,2.389404852439911,0.08182681797631922,0.4150513112884835,0.0760181618051734,0.403363740022805,0.0025275,0.0,0.0005465,5.2e-05,0.9999947547912598,0.0,5e-07,0.0007675,6.95e-05,1.0000180006027222,0.010249425657093525,2000000
99499,0.0006725341081619263,1.0004101991653442,0.002292,1.7451734544522512,0.0778831946496617,0.4047890535917902,0.0760181618051734,0.403363740022805,0.002292,0.0,0.0007855,8.1e-05,0.9999997615814209,0.0,5e-07,0.0007675,6.95e-05,1.0000180006027222,0.010603141970932484,2000000
99599,0.00027239322662353516,0.995246171951294,0.0031785000000000008,2.0313348154490902,0.07843137254901965,0.4073546180159635,0.0760181618051734,0.403363740022805,0.001552,0.0,0.000699,6.95e-05,0.9999833106994629,0.0,5e-07,0.0007675,6.95e-05,1.0000180006027222,0.009412521496415138,2000000
99699,7.413327693939209e-05,0.995909571647644,0.0022780000000000022,2.1593190285567023,0.07999999999999993,0.4147662485746864,0.0760181618051734,0.403363740022805,0.0020715,0.0,0.0006165,6.5e-05,0.9999858140945435,0.0,5e-07,0.0007675,6.95e-05,1.0000180006027222,0.009356389753520489,2000000
99799,-0.0003771930932998657,0.9931589961051941,0.0029035,2.467013502917374,0.07551922437146528,0.3979475484606613,0.0760181618051734,0.403363740022805,0.002903,0.0,0.000563,6.05e-05,0.9999934434890747,0.0,5e-07,0.0007675,6.95e-05,1.0000180006027222,0.009692558087408543,2000000
99899,0.0006030499935150146,0.9969695210456848,0.0025905000000000025,2.513168799614466,0.07863963826489226,0.4056442417331813,0.0760181618051734,0.403363740022805,0.002374,0.0,0.000583,5.75e-05,0.9999983310699463,0.0,5e-07,0.0007675,6.95e-05,1.0000180006027222,0.010379640385508537,2000000
99999,0.0004888772964477539,1.0028072595596313,0.0024465,2.009924353220873,0.07611454425071729,0.3976624857468643,0.0760181618051734,0.403363740022805,0.002446,5e-07,0.000716,6.75e-05,1.0,0.0,5e-07,0.0007675,6.95e-05,1.0000180006027222,0.009704087860882282,2000000
